,Completeness,Contamination,Completeness_Model_Used,Translation_Table_Used,Additional_Notes,n_genes_called,n_genes_mapped,n_contigs,taxonomic_level,proportion_genes_retained_in_major_clades,genes_retained_index,clade_separation_score,contamination_portion,n_effective_surplus_clades,mean_hit_identity,reference_representation_score,pass.GUNC,tRNA,16S,5S,23S
100,78.83,0.6,Neural Network (Specific Model),11,None,3571,3435,3,family,0.96,0.92,0.04,0.08,0.18,0.95,0.88,True,21,5,6,5
108,99.91,0.25,Neural Network (Specific Model),11,None,3458,3398,5,genus,0.96,0.94,0.08,0.02,0.05,0.96,0.91,True,22,4,5,4
112,96.02,1.83,Neural Network (Specific Model),11,None,3034,2974,4,genus,0.83,0.81,0.07,0.07,0.15,0.96,0.77,True,22,5,0,5
132,6.17,0.0,Neural Network (Specific Model),11,None,223,211,1,kingdom,1.0,0.95,0.0,0.0,0.0,0.95,0.9,True,2,0,0,0
135,97.37,8.01,Neural Network (Specific Model),11,None,3631,3396,25,kingdom,1.0,0.94,0.0,0.0,0.0,0.93,0.87,True,23,5,5,5
137,98.6,0.28,Neural Network (Specific Model),11,None,3361,3218,5,family,0.95,0.91,0.05,0.02,0.05,0.95,0.86,True,23,5,5,5
141,84.02,0.84,Neural Network (Specific Model),11,None,3540,3408,4,genus,0.94,0.91,0.02,0.1,0.23,0.97,0.88,True,22,5,5,5
151,97.33,0.05,Gradient Boost (General Model),11,None,3073,2858,3,family,0.89,0.83,0.01,0.41,1.19,0.76,0.63,True,23,7,7,7
167,100.0,1.71,Neural Network (Specific Model),11,None,2878,2629,19,family,0.92,0.84,0.18,0.03,0.06,0.95,0.8,True,23,6,6,6
200,44.2,2.89,Gradient Boost (General Model),11,None,5927,5630,10,family,0.95,0.9,0.01,0.11,0.23,0.93,0.84,True,23,4,0,4
214,99.96,1.41,Neural Network (Specific Model),11,None,4113,3932,4,family,0.94,0.9,0.04,0.08,0.18,0.95,0.85,True,22,7,7,7
229,9.15,0.0,Neural Network (Specific Model),11,None,229,222,1,kingdom,1.0,0.97,0.0,0.0,0.0,0.82,0.79,True,1,0,0,0
23,87.88,4.43,Neural Network (Specific Model),11,None,5469,5023,4,genus,0.94,0.86,0.49,0.03,0.05,0.93,0.8,False,24,7,8,7
231,99.18,5.29,Gradient Boost (General Model),11,None,3802,3675,2,class,0.98,0.95,0.02,0.06,0.12,0.95,0.9,True,22,2,2,2
241,38.7,2.22,Gradient Boost (General Model),11,None,3122,2822,1,kingdom,1.0,0.9,0.0,0.0,0.0,0.91,0.82,True,22,4,0,4
255,4.23,0.0,Neural Network (Specific Model),11,None,417,371,11,kingdom,1.0,0.89,0.0,0.0,0.0,0.89,0.79,True,2,0,0,0
27,99.65,0.31,Neural Network (Specific Model),11,None,3532,3386,2,kingdom,1.0,0.96,0.0,0.0,0.0,0.81,0.78,True,22,7,7,7
273,68.55,1.29,Neural Network (Specific Model),11,None,3796,3698,36,genus,0.93,0.9,0.01,0.2,0.48,0.97,0.88,True,21,4,5,4
282,34.53,0.98,Gradient Boost (General Model),4,None,4986,4500,13,genus,0.88,0.79,0.05,0.06,0.12,0.92,0.73,True,23,5,5,5
283,3.61,0.02,Neural Network (Specific Model),4,None,373,282,2,order,0.9,0.68,0.01,0.13,0.31,0.74,0.5,True,0,0,0,0
327,7.13,0.11,Neural Network (Specific Model),11,None,259,252,1,kingdom,1.0,0.97,0.0,0.0,0.0,0.85,0.83,True,0,0,0,0
381,100.0,34.81,Neural Network (Specific Model),11,None,11938,11289,2,genus,0.85,0.8,0.02,0.06,0.13,0.94,0.76,True,23,12,0,12
4,82.57,4.41,Neural Network (Specific Model),11,None,4984,4653,23,family,0.94,0.88,0.13,0.03,0.07,0.94,0.83,True,23,5,5,5
452,36.77,2.25,Neural Network (Specific Model),4,None,3431,2890,29,kingdom,1.0,0.84,0.0,0.0,0.0,0.85,0.72,True,14,0,0,0
474,81.11,5.03,Gradient Boost (General Model),11,None,4935,4616,2,kingdom,1.0,0.94,0.0,0.0,0.0,0.89,0.83,True,22,4,0,4
493,100.0,46.16,Neural Network (Specific Model),11,None,7656,7160,70,kingdom,1.0,0.94,0.0,0.0,0.0,0.92,0.86,True,22,8,9,8
554,100.0,90.06,Neural Network (Specific Model),11,None,4100,3864,2,kingdom,1.0,0.94,0.0,0.0,0.0,0.93,0.88,True,23,9,0,9
555,42.4,4.23,Gradient Boost (General Model),11,None,5073,4787,20,kingdom,1.0,0.94,0.0,0.0,0.0,0.94,0.88,True,22,6,6,6
587,15.53,0.11,Neural Network (Specific Model),11,None,476,261,1,kingdom,0.99,0.54,0.0,0.0,0.0,0.44,0.24,True,19,0,0,0
608,7.29,0.0,Neural Network (Specific Model),11,None,228,217,1,kingdom,1.0,0.95,0.0,0.0,0.0,0.92,0.87,True,0,0,0,0
610,98.12,1.35,Gradient Boost (General Model),11,None,3399,3247,2,order,0.95,0.9,0.01,0.03,0.06,0.74,0.66,True,23,6,6,6
628,6.3,0.0,Neural Network (Specific Model),4,None,615,370,9,phylum,0.99,0.6,0.05,0.02,0.04,0.63,0.38,True,7,1,0,1
646,99.73,6.18,Neural Network (Specific Model),11,None,5699,5495,4,family,0.89,0.86,0.01,0.18,0.48,0.86,0.74,True,23,5,0,5
652,7.31,0.1,Neural Network (Specific Model),11,None,535,525,1,kingdom,1.0,0.98,0.0,0.0,0.0,0.95,0.93,True,2,0,0,0
733,32.0,2.54,Neural Network (Specific Model),11,None,4707,4418,29,kingdom,1.0,0.94,0.0,0.0,0.0,0.91,0.86,True,24,2,1,2
747,22.51,6.61,Neural Network (Specific Model),11,None,2637,2468,10,kingdom,1.0,0.94,0.0,0.0,0.0,0.92,0.86,True,21,5,2,5
75,99.67,1.39,Neural Network (Specific Model),11,None,2800,2738,2,kingdom,1.0,0.98,0.0,0.0,0.0,0.95,0.93,True,22,6,0,6
778,10.1,0.09,Neural Network (Specific Model),11,None,691,575,14,genus,0.75,0.62,0.53,0.3,0.92,0.85,0.53,False,3,3,3,4
827,81.92,6.48,Neural Network (Specific Model),11,None,2235,2150,16,genus,0.91,0.88,0.01,0.52,1.65,0.86,0.76,True,18,3,3,3
857,5.23,0.0,Neural Network (Specific Model),11,None,518,460,1,kingdom,1.0,0.89,0.0,0.0,0.0,0.9,0.8,True,4,0,0,0
86,13.05,0.08,Neural Network (Specific Model),11,None,610,527,12,kingdom,1.0,0.86,0.0,0.0,0.0,0.89,0.77,True,1,0,0,0
874,85.69,6.81,Gradient Boost (General Model),11,None,4239,3981,1,kingdom,1.0,0.94,0.0,0.0,0.0,0.91,0.86,True,23,5,1,5
894,30.6,2.5,Neural Network (Specific Model),11,None,1828,1754,1,kingdom,1.0,0.96,0.0,0.0,0.0,0.96,0.92,True,15,3,3,3
96,6.19,0.04,Neural Network (Specific Model),11,None,395,390,1,kingdom,1.0,0.99,0.0,0.0,0.0,0.97,0.96,True,0,0,0,0
979,21.33,1.32,Neural Network (Specific Model),4,None,2602,2250,36,genus,0.94,0.81,0.73,0.14,0.32,0.89,0.72,False,5,0,0,0
981,90.51,7.72,Neural Network (Specific Model),11,None,4013,3910,12,genus,0.84,0.82,0.29,0.22,0.56,0.95,0.78,True,19,6,6,6
982,93.98,107.0,Neural Network (Specific Model),11,None,8747,8444,41,family,0.95,0.92,0.07,0.25,0.65,0.8,0.74,True,23,16,13,16
988,82.48,0.0,Neural Network (Specific Model),11,None,2523,2441,5,kingdom,1.0,0.97,0.0,0.0,0.0,0.93,0.9,True,22,6,6,6
990,18.09,0.03,Neural Network (Specific Model),11,None,979,932,1,kingdom,1.0,0.95,0.0,0.0,0.0,0.9,0.86,True,5,0,0,0
991,12.93,4.02,Neural Network (Specific Model),11,None,1670,1559,14,kingdom,1.0,0.93,0.0,0.0,0.0,0.92,0.86,True,6,0,0,0
992,100.0,86.36,Neural Network (Specific Model),11,None,19539,18462,36,kingdom,1.0,0.94,0.0,0.0,0.0,0.92,0.87,True,23,12,12,12
995,99.99,0.06,Neural Network (Specific Model),11,None,2554,2459,2,kingdom,1.0,0.96,0.0,0.0,0.0,0.93,0.89,True,22,7,7,7
