,Completeness,Contamination,Completeness_Model_Used,Translation_Table_Used,Additional_Notes,n_genes_called,n_genes_mapped,n_contigs,taxonomic_level,proportion_genes_retained_in_major_clades,genes_retained_index,clade_separation_score,contamination_portion,n_effective_surplus_clades,mean_hit_identity,reference_representation_score,pass.GUNC,tRNA,16S,5S,23S
bin.0,93.75,1.84,Gradient Boost (General Model),11,None,2128,1980,11,class,0.93,0.87,0.01,0.27,0.7,0.56,0.49,True,19,3,3,3
bin.1,100.0,6.71,Gradient Boost (General Model),11,None,2149,2048,1,kingdom,1.0,0.95,0.0,0.0,0.0,0.65,0.61,True,22,2,2,2
bin.10,99.3,3.32,Gradient Boost (General Model),11,None,1837,1789,7,class,0.95,0.92,0.1,0.05,0.1,0.95,0.87,True,22,2,0,2
bin.100,58.34,6.75,Gradient Boost (General Model),11,None,1899,1714,40,order,0.8,0.72,0.13,0.64,2.46,0.59,0.43,True,23,1,1,1
bin.101,67.9,12.88,Gradient Boost (General Model),11,None,721,699,3,class,0.91,0.88,0.08,0.03,0.07,0.61,0.54,True,18,1,1,1
bin.102,59.14,19.75,Gradient Boost (General Model),11,None,2033,1828,26,genus,0.58,0.52,0.19,0.06,0.13,0.6,0.31,True,14,0,0,0
bin.103,63.66,1.33,Gradient Boost (General Model),11,None,2882,2513,69,class,0.53,0.47,0.04,0.75,5.87,0.5,0.23,True,15,1,0,1
bin.104,48.67,0.17,Neural Network (Specific Model),11,None,824,792,9,family,0.87,0.83,0.03,0.31,0.84,0.7,0.58,True,16,2,2,2
bin.105,46.76,0.71,Gradient Boost (General Model),11,None,1609,1460,24,phylum,0.91,0.83,0.06,0.03,0.05,0.63,0.52,True,16,1,1,1
bin.106,35.86,1.96,Neural Network (Specific Model),11,None,681,626,11,family,0.83,0.76,0.03,0.47,1.89,0.59,0.45,True,14,1,1,1
bin.107,51.99,1.43,Gradient Boost (General Model),11,None,1629,1532,7,genus,0.49,0.46,0.08,0.41,1.58,0.63,0.29,True,19,2,2,2
bin.108,56.27,0.2,Gradient Boost (General Model),11,None,1883,1614,41,order,0.54,0.46,0.04,0.45,1.93,0.51,0.23,True,15,1,0,1
bin.109,45.19,1.69,Neural Network (Specific Model),11,None,1131,1053,22,family,0.8,0.74,0.09,0.38,1.33,0.63,0.47,True,14,1,1,1
bin.11,96.75,4.95,Gradient Boost (General Model),11,None,2544,2428,19,class,0.92,0.88,0.08,0.05,0.1,0.66,0.58,True,22,2,2,2
bin.110,71.22,0.19,Gradient Boost (General Model),11,None,422,378,6,phylum,0.76,0.68,0.04,0.76,5.04,0.56,0.38,True,16,1,0,1
bin.111,55.02,1.59,Gradient Boost (General Model),11,None,1188,1145,24,class,0.95,0.92,0.08,0.05,0.11,0.64,0.59,True,17,1,1,1
bin.112,35.91,1.67,Neural Network (Specific Model),11,None,1781,1402,59,class,0.63,0.49,0.17,0.78,7.97,0.47,0.23,True,12,0,0,0
bin.113,71.45,1.62,Gradient Boost (General Model),11,None,3305,2589,50,phylum,0.79,0.62,0.01,0.49,2.01,0.48,0.3,True,22,1,0,1
bin.114,45.9,5.17,Gradient Boost (General Model),11,None,1872,1729,47,genus,0.59,0.55,0.57,0.41,1.5,0.73,0.4,False,13,1,1,1
bin.115,69.96,2.8,Gradient Boost (General Model),11,None,444,378,7,kingdom,1.0,0.85,0.0,0.03,0.06,0.53,0.45,True,15,0,0,1
bin.116,52.89,1.3,Gradient Boost (General Model),11,None,1274,1000,23,class,0.52,0.41,0.09,0.26,0.75,0.48,0.2,True,11,0,0,0
bin.117,21.47,1.21,Neural Network (Specific Model),11,None,511,466,7,family,0.84,0.77,0.14,0.15,0.37,0.61,0.47,True,15,1,0,1
bin.118,64.36,1.81,Neural Network (Specific Model),11,None,1273,1198,4,family,0.85,0.8,0.05,0.26,0.71,0.64,0.52,True,17,2,2,2
bin.119,45.11,1.66,Gradient Boost (General Model),11,None,1278,1152,25,family,0.84,0.76,0.03,0.75,4.54,0.57,0.43,True,11,0,0,0
bin.12,96.22,2.42,Gradient Boost (General Model),11,None,1989,1768,10,class,0.91,0.81,0.02,0.67,3.83,0.53,0.43,True,22,2,2,2
bin.120,44.56,6.06,Gradient Boost (General Model),11,None,688,653,20,genus,0.6,0.57,0.48,0.08,0.18,0.62,0.36,False,6,0,0,0
bin.121,26.38,0.02,Neural Network (Specific Model),11,None,705,680,1,kingdom,1.0,0.96,0.0,0.0,0.0,0.62,0.6,True,11,2,2,3
bin.122,74.82,11.42,Gradient Boost (General Model),11,None,2558,2400,25,order,0.89,0.83,0.03,0.22,0.6,0.6,0.5,True,20,1,1,1
bin.123,8.36,0.04,Neural Network (Specific Model),11,None,268,259,1,kingdom,1.0,0.97,0.0,0.0,0.0,0.64,0.62,True,1,0,0,0
bin.124,56.81,5.33,Neural Network (Specific Model),11,None,1569,1520,39,order,0.95,0.92,0.17,0.03,0.07,0.8,0.74,True,15,1,1,2
bin.125,46.65,0.11,Gradient Boost (General Model),11,None,899,826,23,family,0.86,0.79,0.06,0.29,0.86,0.68,0.54,True,11,1,0,1
bin.126,14.29,0.01,Neural Network (Specific Model),11,None,411,390,10,genus,0.68,0.65,0.39,0.09,0.19,0.67,0.43,True,8,0,1,1
bin.127,12.65,0.03,Neural Network (Specific Model),11,None,347,323,1,kingdom,0.99,0.92,0.0,0.0,0.0,0.62,0.57,True,13,2,2,1
bin.128,17.59,2.5,Neural Network (Specific Model),11,None,654,580,17,class,0.91,0.8,0.05,0.36,1.11,0.59,0.47,True,5,0,0,0
bin.129,14.97,0.0,Neural Network (Specific Model),11,None,242,215,1,kingdom,1.0,0.88,0.0,0.0,0.0,0.54,0.48,True,12,1,1,1
bin.13,98.5,0.04,Gradient Boost (General Model),11,None,2135,2066,2,kingdom,1.0,0.97,0.0,0.0,0.0,0.64,0.62,True,22,3,3,3
bin.130,20.04,7.18,Neural Network (Specific Model),11,None,905,861,10,order,0.88,0.83,0.03,0.21,0.53,0.65,0.55,True,6,0,0,0
bin.131,6.98,0.02,Neural Network (Specific Model),11,None,211,201,1,kingdom,0.99,0.94,0.0,0.0,0.0,0.62,0.59,True,7,0,0,0
bin.132,10.24,0.0,Neural Network (Specific Model),11,None,408,349,1,kingdom,1.0,0.86,0.0,0.0,0.0,0.54,0.47,True,6,0,0,0
bin.133,52.5,0.84,Neural Network (Specific Model),11,None,1279,1180,21,phylum,0.92,0.85,0.15,0.04,0.08,0.57,0.49,True,17,0,0,0
bin.134,39.2,0.86,Gradient Boost (General Model),11,None,377,326,2,kingdom,1.0,0.86,0.0,0.03,0.06,0.51,0.44,True,18,2,0,1
bin.135,65.9,2.26,Gradient Boost (General Model),11,None,823,706,8,kingdom,0.98,0.84,0.0,0.0,0.0,0.51,0.43,True,19,1,0,1
bin.136,10.19,0.0,Neural Network (Specific Model),11,None,287,265,1,kingdom,0.99,0.91,0.0,0.0,0.0,0.6,0.55,True,8,1,1,1
bin.137,27.62,0.07,Neural Network (Specific Model),11,None,847,763,25,phylum,0.83,0.75,0.13,0.11,0.26,0.52,0.39,True,10,0,0,0
bin.138,41.19,0.58,Neural Network (Specific Model),11,None,1645,1291,35,order,0.63,0.5,0.09,0.26,0.7,0.5,0.25,True,15,3,0,3
bin.139,4.9,2.12,Neural Network (Specific Model),11,None,256,247,2,genus,0.74,0.72,0.01,0.33,1.11,0.76,0.55,True,6,3,3,3
bin.14,97.9,0.63,Gradient Boost (General Model),11,None,3321,3118,3,family,0.74,0.69,0.01,0.14,0.35,0.65,0.45,True,22,1,2,1
bin.140,23.81,9.46,Neural Network (Specific Model),11,None,619,559,3,phylum,0.92,0.83,0.01,0.08,0.18,0.71,0.58,True,3,0,0,0
bin.141,33.53,0.03,Neural Network (Specific Model),11,None,717,662,15,family,0.71,0.65,0.06,0.78,6.01,0.56,0.37,True,10,1,1,1
bin.142,27.14,0.4,Neural Network (Specific Model),11,None,842,811,2,genus,0.57,0.55,0.04,0.44,1.85,0.68,0.37,True,11,0,0,0
bin.143,19.77,1.72,Neural Network (Specific Model),11,None,485,465,6,order,0.84,0.8,0.08,0.07,0.16,0.69,0.55,True,11,0,0,0
bin.144,42.25,1.61,Neural Network (Specific Model),11,None,1537,1522,17,order,0.97,0.96,0.12,0.08,0.17,0.93,0.89,True,17,1,1,1
bin.145,25.0,0.38,Neural Network (Specific Model),11,None,1671,1371,57,class,0.69,0.57,0.13,0.24,0.68,0.54,0.3,True,9,1,1,1
bin.146,22.07,1.05,Neural Network (Specific Model),11,None,938,816,18,family,0.75,0.65,0.14,0.2,0.54,0.62,0.4,True,10,0,0,0
bin.147,49.95,1.12,Neural Network (Specific Model),11,None,1070,1010,10,genus,0.74,0.7,0.31,0.03,0.06,0.67,0.47,True,11,0,0,0
bin.148,98.53,0.64,Neural Network (Specific Model),11,None,2347,2198,1,kingdom,1.0,0.94,0.0,0.06,0.12,0.78,0.73,True,19,2,2,2
bin.149,32.06,0.27,Neural Network (Specific Model),11,None,546,519,1,kingdom,1.0,0.95,0.0,0.0,0.0,0.58,0.55,True,12,1,1,1
bin.15,97.37,2.1,Gradient Boost (General Model),11,None,2598,2459,6,genus,0.68,0.65,0.03,0.12,0.28,0.67,0.43,True,23,5,4,4
bin.150,24.84,0.01,Neural Network (Specific Model),11,None,638,619,1,kingdom,1.0,0.97,0.0,0.0,0.0,0.69,0.67,True,11,1,1,1
bin.151,46.41,0.73,Neural Network (Specific Model),11,None,1051,986,22,phylum,0.9,0.84,0.24,0.14,0.33,0.57,0.48,True,11,0,0,0
bin.152,95.93,0.07,Gradient Boost (General Model),11,None,1636,1554,1,kingdom,1.0,0.95,0.0,0.06,0.13,0.86,0.82,True,21,1,1,1
bin.153,31.32,0.06,Neural Network (Specific Model),11,None,564,493,14,genus,0.68,0.59,0.05,0.66,3.45,0.53,0.31,True,19,1,0,1
bin.154,7.24,0.13,Neural Network (Specific Model),11,None,202,184,1,kingdom,1.0,0.91,0.0,0.0,0.0,0.71,0.65,True,2,0,0,0
bin.155,44.6,1.18,Gradient Boost (General Model),11,None,1658,1546,40,class,0.85,0.79,0.08,0.07,0.15,0.64,0.51,True,13,1,1,1
bin.156,34.62,1.52,Neural Network (Specific Model),11,None,250,217,7,phylum,0.78,0.68,0.02,0.72,3.89,0.54,0.37,True,11,0,0,1
bin.157,12.4,0.05,Neural Network (Specific Model),11,None,253,206,5,genus,0.67,0.54,0.03,0.75,4.67,0.53,0.28,True,0,0,0,0
bin.158,30.02,0.04,Neural Network (Specific Model),11,None,805,771,17,family,0.78,0.75,0.04,0.42,1.68,0.61,0.46,True,15,3,3,3
bin.159,35.18,1.68,Neural Network (Specific Model),11,None,1352,1163,41,phylum,0.82,0.71,0.07,0.13,0.31,0.51,0.36,True,7,2,2,2
bin.16,95.69,0.7,Gradient Boost (General Model),11,None,2236,2138,18,genus,0.44,0.42,0.05,0.65,3.53,0.6,0.25,True,23,4,4,4
bin.160,38.77,0.3,Neural Network (Specific Model),11,None,1032,944,24,class,0.94,0.86,0.05,0.26,0.73,0.61,0.53,True,11,0,0,0
bin.161,37.97,1.58,Neural Network (Specific Model),11,None,1070,997,7,phylum,0.95,0.89,0.09,0.08,0.17,0.56,0.5,True,4,1,2,1
bin.162,52.36,10.39,Gradient Boost (General Model),11,None,1720,1632,25,phylum,0.95,0.9,0.04,0.04,0.08,0.59,0.53,True,20,2,3,2
bin.163,18.14,0.06,Neural Network (Specific Model),11,None,413,363,6,phylum,0.96,0.85,0.01,0.02,0.05,0.54,0.45,True,8,0,0,0
bin.164,24.19,0.8,Neural Network (Specific Model),11,None,744,692,18,genus,0.67,0.62,0.15,0.47,2.01,0.63,0.39,True,11,0,0,0
bin.165,20.22,0.07,Neural Network (Specific Model),11,None,460,443,9,family,0.9,0.87,0.21,0.14,0.33,0.73,0.63,True,14,0,0,0
bin.166,32.83,0.05,Neural Network (Specific Model),11,None,1452,1196,32,phylum,0.81,0.66,0.03,0.68,5.18,0.46,0.31,True,9,0,0,0
bin.167,16.36,0.03,Neural Network (Specific Model),11,None,376,356,7,family,0.92,0.88,0.15,0.13,0.3,0.67,0.58,True,6,0,0,0
bin.168,19.79,0.41,Neural Network (Specific Model),11,None,413,379,15,phylum,0.82,0.76,0.22,0.45,1.77,0.57,0.43,True,9,0,0,0
bin.169,12.74,0.17,Neural Network (Specific Model),11,None,458,429,13,order,0.91,0.85,0.18,0.23,0.62,0.62,0.53,True,3,0,0,0
bin.17,96.2,4.58,Gradient Boost (General Model),11,None,4488,3936,21,family,0.68,0.6,0.03,0.59,2.05,0.58,0.35,True,22,2,1,1
bin.170,15.16,0.02,Neural Network (Specific Model),11,None,773,650,24,phylum,0.81,0.68,0.07,0.7,4.37,0.53,0.36,True,4,0,0,0
bin.171,35.74,0.23,Neural Network (Specific Model),11,None,1591,1211,37,phylum,0.79,0.6,0.03,0.44,1.65,0.49,0.29,True,13,0,0,0
bin.172,12.77,0.01,Neural Network (Specific Model),11,None,209,198,3,order,0.79,0.75,0.08,0.11,0.25,0.6,0.44,True,12,0,0,0
bin.173,16.54,0.0,Neural Network (Specific Model),11,None,491,438,13,phylum,0.93,0.83,0.18,0.14,0.33,0.61,0.5,True,5,0,0,0
bin.174,17.73,0.48,Neural Network (Specific Model),11,None,517,493,7,genus,0.62,0.59,0.15,0.47,2.24,0.67,0.4,True,1,0,0,0
bin.175,10.62,0.07,Neural Network (Specific Model),11,None,193,181,1,kingdom,1.0,0.94,0.0,0.0,0.0,0.62,0.58,True,3,1,1,1
bin.176,10.57,0.02,Neural Network (Specific Model),11,None,196,181,4,class,0.93,0.86,0.05,0.66,3.46,0.5,0.43,True,1,0,0,0
bin.177,20.84,0.03,Neural Network (Specific Model),11,None,282,268,5,family,0.88,0.84,0.12,0.26,0.62,0.65,0.54,True,5,1,1,1
bin.178,12.28,0.0,Neural Network (Specific Model),11,None,266,249,1,kingdom,0.99,0.93,0.0,0.0,0.0,0.66,0.62,True,6,0,0,0
bin.179,17.81,0.0,Neural Network (Specific Model),11,None,401,382,1,kingdom,1.0,0.95,0.0,0.0,0.0,0.63,0.6,True,5,0,0,0
bin.18,98.55,0.33,Gradient Boost (General Model),11,None,1917,1835,2,class,0.92,0.89,0.04,0.4,1.32,0.61,0.54,True,22,2,2,2
bin.180,13.62,0.18,Neural Network (Specific Model),11,None,297,267,1,kingdom,1.0,0.9,0.0,0.0,0.0,0.59,0.53,True,4,0,0,0
bin.181,14.14,0.02,Neural Network (Specific Model),11,None,623,602,17,genus,0.94,0.9,0.17,0.06,0.13,0.97,0.88,True,9,0,0,0
bin.182,24.53,0.47,Neural Network (Specific Model),11,None,969,904,10,class,0.89,0.83,0.83,0.31,0.75,0.82,0.68,False,15,0,0,0
bin.183,62.75,2.64,Neural Network (Specific Model),11,None,691,515,9,kingdom,1.0,0.75,0.04,0.24,0.58,0.47,0.35,True,16,1,0,1
bin.184,23.62,0.04,Neural Network (Specific Model),11,None,701,648,21,genus,0.67,0.62,0.09,0.7,4.42,0.57,0.36,True,4,0,0,0
bin.185,22.82,0.0,Neural Network (Specific Model),11,None,223,181,1,kingdom,0.99,0.81,0.0,0.0,0.0,0.53,0.43,True,11,1,0,1
bin.186,11.21,1.56,Neural Network (Specific Model),11,None,411,380,15,order,0.6,0.55,0.11,0.67,4.43,0.52,0.29,True,11,1,0,0
bin.187,10.94,0.0,Neural Network (Specific Model),11,None,549,475,12,phylum,0.84,0.73,0.05,0.47,1.81,0.5,0.37,True,6,0,0,0
bin.188,29.43,0.73,Neural Network (Specific Model),11,None,832,800,6,genus,0.74,0.72,0.05,0.23,0.65,0.68,0.49,True,11,0,0,0
bin.189,15.11,2.21,Neural Network (Specific Model),11,None,371,351,13,genus,0.6,0.56,0.35,0.06,0.13,0.6,0.34,True,4,0,0,0
bin.19,97.01,0.33,Neural Network (Specific Model),11,None,1702,1573,1,kingdom,0.99,0.92,0.0,0.0,0.0,0.55,0.51,True,22,2,2,2
bin.190,16.38,0.29,Neural Network (Specific Model),11,None,808,718,30,phylum,0.83,0.73,0.42,0.29,0.9,0.58,0.43,True,3,0,0,0
bin.191,24.18,0.13,Neural Network (Specific Model),11,None,849,729,18,order,0.47,0.4,0.04,0.74,5.43,0.52,0.21,True,6,0,0,0
bin.192,30.48,1.36,Neural Network (Specific Model),11,None,1658,1468,59,phylum,0.87,0.77,0.26,0.35,1.19,0.57,0.44,True,10,1,1,1
bin.193,10.9,0.0,Neural Network (Specific Model),11,None,214,203,1,kingdom,1.0,0.94,0.0,0.0,0.0,0.54,0.51,True,7,0,0,0
bin.194,11.35,0.0,Neural Network (Specific Model),11,None,221,205,1,kingdom,1.0,0.92,0.0,0.0,0.0,0.54,0.5,True,7,0,0,0
bin.195,14.94,0.24,Neural Network (Specific Model),11,None,330,321,2,genus,0.94,0.91,0.01,0.07,0.14,0.75,0.69,True,9,0,0,0
bin.196,14.77,0.01,Neural Network (Specific Model),11,None,336,306,8,genus,0.6,0.55,0.16,0.19,0.51,0.61,0.33,True,10,0,0,0
bin.197,17.56,0.34,Neural Network (Specific Model),11,None,500,474,11,genus,0.55,0.52,0.21,0.44,1.84,0.66,0.34,True,14,0,0,0
bin.198,22.31,1.36,Neural Network (Specific Model),11,None,669,624,13,phylum,0.94,0.88,0.11,0.16,0.38,0.63,0.55,True,8,0,0,0
bin.199,41.72,0.89,Neural Network (Specific Model),11,None,2160,1738,51,class,0.59,0.47,0.06,0.74,7.23,0.47,0.22,True,7,0,0,0
bin.2,95.02,0.17,Neural Network (Specific Model),11,None,1634,1583,5,class,0.97,0.94,0.08,0.02,0.05,0.77,0.72,True,22,2,2,2
bin.20,100.0,3.25,Gradient Boost (General Model),11,None,3380,3300,12,order,0.92,0.9,0.03,0.02,0.05,0.97,0.87,True,23,1,1,1
bin.200,29.01,0.37,Neural Network (Specific Model),11,None,1128,998,17,family,0.8,0.7,0.07,0.69,4.2,0.6,0.42,True,8,0,0,0
bin.201,15.45,0.06,Neural Network (Specific Model),11,None,327,311,13,family,0.84,0.8,0.15,0.37,1.3,0.6,0.48,True,4,0,0,0
bin.202,11.27,0.27,Neural Network (Specific Model),11,None,195,189,2,class,0.95,0.92,0.05,0.03,0.07,0.72,0.66,True,9,3,2,3
bin.203,16.19,0.0,Neural Network (Specific Model),11,None,203,202,1,kingdom,0.99,0.98,0.0,0.0,0.0,0.62,0.61,True,1,0,0,0
bin.204,10.51,0.0,Neural Network (Specific Model),11,None,255,247,10,genus,0.8,0.78,0.6,0.34,0.94,0.72,0.56,False,3,0,0,0
bin.205,16.29,0.0,Neural Network (Specific Model),11,None,285,271,1,kingdom,1.0,0.95,0.0,0.0,0.0,0.66,0.63,True,5,2,2,2
bin.206,20.21,0.2,Neural Network (Specific Model),11,None,548,508,15,phylum,0.94,0.87,0.12,0.08,0.18,0.58,0.5,True,2,0,0,0
bin.207,11.11,1.9,Neural Network (Specific Model),11,None,275,266,4,phylum,0.95,0.92,0.04,0.02,0.05,0.57,0.52,True,9,0,0,0
bin.208,27.74,4.01,Neural Network (Specific Model),11,None,1047,999,21,genus,0.81,0.77,0.18,0.02,0.05,0.78,0.6,True,9,0,0,0
bin.209,7.55,0.0,Neural Network (Specific Model),11,None,170,161,1,kingdom,1.0,0.95,0.0,0.0,0.0,0.65,0.62,True,4,1,0,1
bin.21,96.77,0.26,Gradient Boost (General Model),11,None,2929,2772,1,kingdom,1.0,0.94,0.0,0.0,0.0,0.57,0.54,True,22,1,1,1
bin.210,8.96,0.05,Neural Network (Specific Model),11,None,219,206,4,kingdom,1.0,0.94,0.0,0.0,0.0,0.67,0.63,True,2,0,0,0
bin.211,13.25,0.01,Neural Network (Specific Model),11,None,375,336,9,order,0.8,0.72,0.02,0.44,1.65,0.58,0.41,True,8,0,0,0
bin.212,11.97,0.0,Neural Network (Specific Model),11,None,401,341,9,family,0.69,0.58,0.04,0.73,5.65,0.53,0.31,True,3,0,0,0
bin.213,16.56,0.0,Neural Network (Specific Model),11,None,339,293,2,kingdom,1.0,0.86,0.0,0.0,0.0,0.49,0.42,True,13,1,1,1
bin.214,11.55,0.75,Neural Network (Specific Model),11,None,320,278,9,genus,0.61,0.53,0.03,0.8,5.99,0.49,0.26,True,10,0,0,0
bin.215,9.89,0.73,Neural Network (Specific Model),11,None,335,328,10,family,0.88,0.86,0.22,0.02,0.05,0.78,0.67,True,6,0,0,0
bin.216,10.79,0.45,Neural Network (Specific Model),11,None,395,373,7,kingdom,1.0,0.94,0.14,0.03,0.07,0.67,0.63,True,10,1,0,0
bin.217,15.33,0.01,Neural Network (Specific Model),11,None,457,423,6,phylum,0.87,0.8,0.05,0.08,0.18,0.55,0.44,True,4,1,1,1
bin.218,10.78,3.07,Neural Network (Specific Model),11,None,435,405,5,kingdom,1.0,0.93,0.08,0.02,0.05,0.65,0.6,True,4,0,0,0
bin.219,14.38,0.14,Neural Network (Specific Model),11,None,467,422,11,family,0.8,0.72,0.21,0.33,1.11,0.61,0.44,True,11,1,0,1
bin.22,93.8,3.39,Gradient Boost (General Model),11,None,2005,1919,1,kingdom,1.0,0.96,0.0,0.03,0.05,0.59,0.57,True,23,2,2,2
bin.220,18.87,0.79,Neural Network (Specific Model),11,None,800,778,18,class,0.93,0.9,0.13,0.03,0.07,0.72,0.65,True,7,0,0,0
bin.221,10.07,0.0,Neural Network (Specific Model),11,None,191,155,7,kingdom,0.99,0.81,0.0,0.0,0.0,0.51,0.41,True,0,0,0,0
bin.222,7.81,0.13,Neural Network (Specific Model),11,None,231,210,1,kingdom,1.0,0.9,0.0,0.0,0.0,0.69,0.62,True,14,1,1,1
bin.223,7.07,0.0,Neural Network (Specific Model),11,None,193,167,2,genus,0.64,0.55,0.08,0.12,0.28,0.59,0.32,True,6,1,1,1
bin.224,10.15,0.1,Neural Network (Specific Model),11,None,225,214,1,kingdom,1.0,0.95,0.0,0.0,0.0,0.57,0.54,True,12,1,1,1
bin.225,9.98,0.04,Neural Network (Specific Model),11,None,226,217,1,kingdom,1.0,0.96,0.0,0.0,0.0,0.6,0.58,True,2,0,0,0
bin.226,9.77,0.0,Neural Network (Specific Model),11,None,216,211,3,genus,0.81,0.79,0.03,0.14,0.34,0.66,0.52,True,6,1,0,1
bin.227,10.42,0.01,Neural Network (Specific Model),11,None,279,245,4,order,0.78,0.69,0.02,0.58,2.92,0.57,0.39,True,5,0,0,0
bin.228,18.27,0.35,Neural Network (Specific Model),11,None,569,479,12,kingdom,1.0,0.84,0.08,0.03,0.06,0.48,0.41,True,4,0,0,0
bin.229,38.93,2.44,Neural Network (Specific Model),11,None,788,754,18,kingdom,0.99,0.95,0.0,0.0,0.0,0.84,0.8,True,12,0,0,0
bin.23,92.15,4.8,Neural Network (Specific Model),11,None,3098,2962,13,genus,0.69,0.66,0.06,0.14,0.35,0.78,0.51,True,23,1,1,1
bin.230,18.68,1.04,Neural Network (Specific Model),11,None,926,786,29,family,0.56,0.48,0.09,0.82,5.84,0.52,0.25,True,5,0,0,0
bin.231,12.06,0.0,Neural Network (Specific Model),11,None,215,205,1,kingdom,1.0,0.95,0.0,0.0,0.0,0.68,0.64,True,4,0,0,0
bin.232,13.29,0.01,Neural Network (Specific Model),11,None,226,214,1,kingdom,0.99,0.94,0.0,0.0,0.0,0.58,0.54,True,0,0,0,0
bin.233,11.56,0.0,Neural Network (Specific Model),11,None,307,291,9,class,0.91,0.86,0.17,0.09,0.2,0.62,0.53,True,1,1,0,0
bin.234,15.81,0.05,Neural Network (Specific Model),11,None,514,451,17,class,0.67,0.58,0.11,0.8,6.37,0.52,0.3,True,7,0,0,0
bin.235,13.69,0.02,Neural Network (Specific Model),11,None,523,496,4,class,0.95,0.9,0.07,0.1,0.21,0.67,0.61,True,5,1,1,1
bin.236,6.49,0.0,Neural Network (Specific Model),11,None,182,177,4,order,0.96,0.93,0.02,0.18,0.46,0.65,0.61,True,1,0,0,0
bin.237,9.39,0.0,Neural Network (Specific Model),11,None,265,218,6,kingdom,0.99,0.82,0.0,0.0,0.0,0.52,0.42,True,6,0,0,0
bin.238,7.27,0.02,Neural Network (Specific Model),11,None,255,227,9,order,0.91,0.81,0.12,0.15,0.38,0.64,0.52,True,2,0,0,0
bin.239,10.64,0.02,Neural Network (Specific Model),11,None,243,235,1,kingdom,0.99,0.96,0.0,0.0,0.0,0.64,0.61,True,7,0,0,0
bin.24,97.78,1.02,Gradient Boost (General Model),11,None,2108,1954,3,class,0.86,0.8,0.01,0.08,0.18,0.56,0.44,True,22,2,2,2
bin.240,12.37,0.01,Neural Network (Specific Model),11,None,270,259,2,genus,0.44,0.42,0.02,0.6,3.01,0.58,0.24,True,4,1,1,1
bin.241,12.14,0.38,Neural Network (Specific Model),11,None,403,369,4,class,0.89,0.82,0.04,0.05,0.1,0.69,0.56,True,5,0,0,0
bin.242,68.17,14.62,Gradient Boost (General Model),11,None,3297,3076,58,genus,0.65,0.61,0.2,0.11,0.26,0.72,0.44,True,18,6,6,6
bin.243,11.74,0.04,Neural Network (Specific Model),11,None,527,495,2,order,0.91,0.86,0.01,0.24,0.68,0.64,0.55,True,3,0,0,0
bin.244,7.43,0.08,Neural Network (Specific Model),11,None,220,210,6,genus,0.71,0.68,0.14,0.59,3.57,0.61,0.41,True,5,0,0,0
bin.245,7.5,0.05,Neural Network (Specific Model),11,None,228,208,1,kingdom,0.98,0.89,0.0,0.0,0.0,0.66,0.59,True,4,0,0,0
bin.246,7.19,0.0,Neural Network (Specific Model),11,None,247,210,5,kingdom,1.0,0.85,0.06,0.02,0.05,0.52,0.44,True,2,1,1,1
bin.247,9.9,0.09,Neural Network (Specific Model),11,None,198,195,1,kingdom,0.99,0.97,0.0,0.0,0.0,0.64,0.62,True,7,0,0,0
bin.248,8.4,0.0,Neural Network (Specific Model),11,None,245,220,1,kingdom,1.0,0.9,0.0,0.03,0.07,0.55,0.5,True,3,1,1,1
bin.249,10.03,0.0,Neural Network (Specific Model),11,None,231,209,1,kingdom,1.0,0.9,0.0,0.0,0.0,0.67,0.61,True,1,0,0,0
bin.25,96.94,1.17,Gradient Boost (General Model),11,None,1690,1584,4,kingdom,1.0,0.94,0.0,0.04,0.08,0.49,0.46,True,22,1,1,1
bin.250,9.48,1.36,Neural Network (Specific Model),11,None,277,268,4,kingdom,1.0,0.96,0.0,0.0,0.0,0.7,0.67,True,2,0,0,0
bin.251,11.86,0.0,Neural Network (Specific Model),11,None,311,259,10,phylum,0.83,0.69,0.04,0.15,0.38,0.5,0.35,True,5,0,0,0
bin.252,12.13,0.02,Neural Network (Specific Model),11,None,505,409,14,order,0.5,0.4,0.05,0.71,5.11,0.5,0.2,True,7,0,0,0
bin.253,15.6,0.18,Neural Network (Specific Model),11,None,625,437,19,phylum,0.92,0.64,0.18,0.52,1.81,0.49,0.32,True,7,0,0,0
bin.254,18.04,0.33,Neural Network (Specific Model),11,None,717,676,9,genus,0.6,0.57,0.11,0.4,1.53,0.7,0.4,True,1,0,0,0
bin.255,79.38,1.71,Gradient Boost (General Model),4,None,692,506,9,kingdom,1.0,0.73,0.12,0.02,0.04,0.5,0.36,True,20,1,0,2
bin.256,6.58,0.0,Neural Network (Specific Model),11,None,225,211,7,order,0.95,0.89,0.06,0.4,0.93,0.85,0.76,True,1,0,0,0
bin.257,6.98,0.07,Neural Network (Specific Model),11,None,197,163,7,genus,0.64,0.53,0.16,0.78,6.85,0.57,0.3,True,2,0,0,0
bin.258,7.7,0.01,Neural Network (Specific Model),11,None,225,216,7,genus,0.71,0.68,0.16,0.25,0.71,0.75,0.51,True,8,1,0,0
bin.259,9.29,0.09,Neural Network (Specific Model),11,None,189,178,1,kingdom,1.0,0.94,0.0,0.03,0.06,0.64,0.6,True,2,0,0,0
bin.26,99.75,1.28,Gradient Boost (General Model),11,None,2793,2622,4,kingdom,0.99,0.93,0.0,0.0,0.0,0.59,0.55,True,23,1,1,1
bin.260,9.28,0.1,Neural Network (Specific Model),11,None,198,186,1,kingdom,1.0,0.94,0.0,0.03,0.06,0.62,0.59,True,2,0,0,0
bin.261,10.86,0.0,Neural Network (Specific Model),11,None,199,190,1,kingdom,0.98,0.94,0.0,0.0,0.0,0.55,0.51,True,4,0,0,0
bin.262,8.56,0.01,Neural Network (Specific Model),11,None,180,174,1,kingdom,1.0,0.97,0.0,0.0,0.0,0.65,0.63,True,7,1,0,1
bin.263,10.9,0.0,Neural Network (Specific Model),11,None,229,198,1,kingdom,1.0,0.86,0.0,0.03,0.06,0.53,0.46,True,4,0,0,0
bin.264,7.76,0.17,Neural Network (Specific Model),11,None,245,228,10,family,0.84,0.78,0.15,0.16,0.39,0.74,0.58,True,3,0,0,0
bin.265,10.23,1.38,Neural Network (Specific Model),11,None,317,252,9,kingdom,1.0,0.79,0.0,0.0,0.0,0.45,0.36,True,7,0,0,0
bin.266,8.6,0.01,Neural Network (Specific Model),11,None,376,344,4,phylum,0.93,0.85,0.06,0.04,0.09,0.59,0.5,True,3,0,0,0
bin.267,16.31,0.99,Neural Network (Specific Model),11,None,951,750,33,genus,0.55,0.43,0.11,0.58,2.31,0.56,0.24,True,7,0,0,0
bin.268,6.43,0.0,Neural Network (Specific Model),11,None,202,184,1,kingdom,1.0,0.91,0.0,0.0,0.0,0.65,0.59,True,4,0,0,0
bin.269,8.22,1.42,Neural Network (Specific Model),11,None,231,228,5,phylum,0.97,0.96,0.1,0.02,0.05,0.66,0.63,True,6,0,0,0
bin.27,93.62,2.6,Neural Network (Specific Model),11,None,2942,2835,12,class,0.93,0.9,0.02,0.21,0.52,0.69,0.63,True,22,2,2,2
bin.270,7.32,0.01,Neural Network (Specific Model),11,None,193,183,1,kingdom,1.0,0.95,0.0,0.0,0.0,0.64,0.61,True,4,0,0,0
bin.271,6.59,0.0,Neural Network (Specific Model),11,None,199,176,1,kingdom,1.0,0.88,0.0,0.0,0.0,0.56,0.5,True,0,0,0,0
bin.272,6.52,0.04,Neural Network (Specific Model),11,None,242,220,5,genus,0.68,0.62,0.09,0.25,0.72,0.72,0.44,True,2,1,0,0
bin.273,8.73,0.0,Neural Network (Specific Model),11,None,245,239,11,family,0.93,0.91,0.18,0.24,0.7,0.85,0.77,True,2,0,0,0
bin.274,16.07,0.0,Neural Network (Specific Model),11,None,251,232,1,kingdom,1.0,0.92,0.0,0.0,0.0,0.6,0.55,True,3,1,1,1
bin.275,7.47,0.06,Neural Network (Specific Model),11,None,297,263,14,genus,0.67,0.59,0.4,0.13,0.31,0.85,0.5,True,7,0,0,0
bin.276,10.6,0.0,Neural Network (Specific Model),11,None,317,289,8,phylum,0.84,0.76,0.03,0.66,3.09,0.52,0.4,True,4,0,0,0
bin.277,13.72,0.05,Neural Network (Specific Model),11,None,331,247,11,phylum,0.83,0.62,0.04,0.6,3.83,0.47,0.29,True,6,0,0,0
bin.278,18.78,0.02,Neural Network (Specific Model),11,None,443,421,12,class,0.99,0.94,0.14,0.02,0.05,0.63,0.6,True,3,0,0,0
bin.279,8.23,2.01,Neural Network (Specific Model),11,None,403,355,5,kingdom,1.0,0.88,0.05,0.03,0.06,0.56,0.49,True,7,0,0,0
bin.28,96.11,10.25,Gradient Boost (General Model),11,None,3346,3150,30,family,0.81,0.76,0.05,0.16,0.41,0.72,0.55,True,22,3,2,3
bin.280,15.68,0.09,Neural Network (Specific Model),11,None,450,430,3,genus,0.49,0.46,0.16,0.68,3.83,0.65,0.3,True,2,0,0,0
bin.281,14.77,1.04,Neural Network (Specific Model),11,None,676,608,19,order,0.86,0.77,0.13,0.08,0.19,0.64,0.49,True,7,0,0,0
bin.282,8.37,0.02,Neural Network (Specific Model),11,None,232,220,7,order,0.88,0.84,0.16,0.06,0.12,0.62,0.52,True,1,0,0,0
bin.283,5.62,0.0,Neural Network (Specific Model),11,None,179,167,1,kingdom,1.0,0.93,0.0,0.04,0.07,0.56,0.52,True,3,0,0,0
bin.284,6.79,0.75,Neural Network (Specific Model),11,None,180,162,3,kingdom,1.0,0.9,0.0,0.0,0.0,0.6,0.54,True,1,0,0,0
bin.285,6.12,0.0,Neural Network (Specific Model),11,None,176,169,1,kingdom,0.99,0.95,0.0,0.0,0.0,0.61,0.58,True,1,0,0,0
bin.286,6.08,0.0,Neural Network (Specific Model),11,None,173,164,1,kingdom,1.0,0.95,0.0,0.0,0.0,0.61,0.57,True,1,0,0,0
bin.287,6.62,0.0,Neural Network (Specific Model),11,None,213,199,1,kingdom,1.0,0.93,0.0,0.0,0.0,0.57,0.54,True,3,1,1,1
bin.288,8.59,0.01,Neural Network (Specific Model),11,None,223,203,9,genus,0.45,0.41,0.01,0.67,5.2,0.6,0.25,True,10,0,0,0
bin.289,8.19,0.0,Neural Network (Specific Model),11,None,199,186,1,kingdom,0.99,0.93,0.0,0.0,0.0,0.6,0.56,True,2,0,0,0
bin.29,94.43,1.28,Gradient Boost (General Model),11,None,2040,1793,15,class,0.81,0.71,0.03,0.09,0.21,0.55,0.39,True,20,3,3,3
bin.290,6.91,0.0,Neural Network (Specific Model),11,None,238,220,1,kingdom,1.0,0.92,0.0,0.0,0.0,0.63,0.58,True,4,0,0,0
bin.291,8.16,0.26,Neural Network (Specific Model),11,None,248,123,4,kingdom,0.98,0.49,0.0,0.0,0.0,0.47,0.23,True,0,0,0,0
bin.292,6.9,0.0,Neural Network (Specific Model),11,None,236,224,1,kingdom,1.0,0.94,0.0,0.0,0.0,0.64,0.6,True,4,0,0,0
bin.293,8.08,0.0,Neural Network (Specific Model),11,None,261,196,9,phylum,0.87,0.66,0.04,0.54,2.79,0.47,0.31,True,5,0,0,0
bin.294,7.09,0.34,Neural Network (Specific Model),11,None,270,264,1,kingdom,1.0,0.98,0.0,0.0,0.0,0.89,0.87,True,2,0,0,0
bin.295,8.71,0.0,Neural Network (Specific Model),11,None,256,236,5,order,0.83,0.77,0.01,0.07,0.14,0.78,0.59,True,0,0,0,0
bin.296,12.41,0.28,Neural Network (Specific Model),11,None,364,349,11,genus,0.79,0.76,0.39,0.03,0.07,0.79,0.6,True,10,0,0,0
bin.297,8.05,0.04,Neural Network (Specific Model),11,None,259,238,8,phylum,0.92,0.84,0.22,0.09,0.2,0.55,0.46,True,8,2,2,2
bin.298,10.48,0.0,Neural Network (Specific Model),11,None,294,247,2,class,0.91,0.77,0.03,0.63,3.65,0.56,0.43,True,4,0,0,0
bin.299,8.61,1.48,Neural Network (Specific Model),11,None,255,228,6,genus,0.74,0.66,0.18,0.19,0.48,0.9,0.6,True,2,0,0,0
bin.3,99.24,0.04,Gradient Boost (General Model),11,None,2572,2385,2,kingdom,1.0,0.92,0.0,0.0,0.0,0.57,0.53,True,23,2,2,2
bin.30,94.52,1.11,Gradient Boost (General Model),11,None,2314,2057,2,phylum,0.87,0.77,0.01,0.35,1.0,0.5,0.39,True,22,3,3,3
bin.300,8.39,4.53,Neural Network (Specific Model),11,None,291,281,4,kingdom,0.99,0.96,0.0,0.0,0.0,0.93,0.89,True,2,2,0,2
bin.301,13.64,0.12,Neural Network (Specific Model),11,None,314,305,1,kingdom,1.0,0.97,0.0,0.0,0.0,0.73,0.7,True,0,0,0,0
bin.302,9.33,0.0,Neural Network (Specific Model),11,None,169,160,1,kingdom,0.99,0.94,0.0,0.0,0.0,0.54,0.51,True,1,0,0,0
bin.303,8.17,0.0,Neural Network (Specific Model),11,None,205,193,1,kingdom,1.0,0.94,0.0,0.0,0.0,0.66,0.62,True,1,0,0,0
bin.304,5.04,0.4,Neural Network (Specific Model),11,None,218,200,3,kingdom,1.0,0.92,0.0,0.0,0.0,0.63,0.58,True,1,0,0,0
bin.305,6.83,2.86,Neural Network (Specific Model),11,None,227,207,3,kingdom,1.0,0.91,0.0,0.06,0.13,0.54,0.49,True,3,1,3,3
bin.306,5.12,0.0,Neural Network (Specific Model),11,None,224,206,7,family,0.74,0.68,0.04,0.36,1.28,0.67,0.45,True,3,1,1,1
bin.307,7.25,0.0,Neural Network (Specific Model),11,None,223,204,1,kingdom,0.99,0.91,0.0,0.0,0.0,0.6,0.55,True,2,0,0,0
bin.308,8.45,0.01,Neural Network (Specific Model),11,None,252,216,1,kingdom,0.99,0.85,0.0,0.0,0.0,0.63,0.54,True,1,0,0,0
bin.309,6.21,0.72,Neural Network (Specific Model),11,None,265,256,6,genus,0.82,0.79,0.24,0.74,6.22,0.93,0.74,True,0,0,0,0
bin.31,93.22,10.64,Gradient Boost (General Model),11,None,1776,1661,12,genus,0.69,0.64,0.04,0.47,2.07,0.56,0.36,True,23,1,1,1
bin.310,8.54,1.47,Neural Network (Specific Model),11,None,247,230,5,class,0.96,0.89,0.25,0.13,0.3,0.85,0.76,True,2,0,0,0
bin.311,6.64,0.04,Neural Network (Specific Model),11,None,279,262,1,kingdom,1.0,0.94,0.0,0.0,0.0,0.66,0.62,True,1,0,0,0
bin.312,7.01,1.24,Neural Network (Specific Model),11,None,301,270,2,kingdom,0.99,0.88,0.0,0.0,0.0,0.52,0.46,True,1,0,0,0
bin.313,9.54,1.62,Neural Network (Specific Model),11,None,301,280,5,class,0.92,0.86,0.1,0.33,0.96,0.6,0.51,True,0,0,0,0
bin.314,7.94,0.17,Neural Network (Specific Model),11,None,350,323,9,genus,0.67,0.62,0.12,0.79,7.5,0.89,0.55,True,0,0,0,0
bin.315,8.02,0.01,Neural Network (Specific Model),11,None,350,328,6,genus,0.68,0.64,0.15,0.39,1.47,0.71,0.45,True,5,1,1,1
bin.316,12.37,0.01,Neural Network (Specific Model),11,None,341,329,1,kingdom,0.99,0.96,0.0,0.0,0.0,0.57,0.55,True,4,0,0,0
bin.317,7.59,0.67,Neural Network (Specific Model),11,None,631,606,13,genus,0.73,0.7,0.69,0.18,0.45,0.86,0.6,False,0,0,0,0
bin.318,11.42,1.8,Neural Network (Specific Model),11,None,736,681,13,class,0.78,0.72,0.12,0.24,0.71,0.56,0.4,True,0,0,0,0
bin.319,5.2,0.06,Neural Network (Specific Model),11,None,169,161,1,kingdom,1.0,0.95,0.0,0.02,0.05,0.67,0.64,True,3,1,1,1
bin.32,82.6,5.81,Neural Network (Specific Model),11,None,2665,2584,27,genus,0.84,0.82,0.08,0.03,0.05,0.88,0.72,True,24,2,2,2
bin.320,3.8,0.62,Neural Network (Specific Model),11,None,190,165,2,kingdom,1.0,0.87,0.0,0.0,0.0,0.54,0.47,True,2,0,0,0
bin.321,8.5,0.0,Neural Network (Specific Model),11,None,180,167,1,kingdom,0.99,0.92,0.0,0.0,0.0,0.57,0.53,True,6,0,0,0
bin.322,6.67,0.08,Neural Network (Specific Model),11,None,196,185,1,kingdom,0.99,0.93,0.0,0.0,0.0,0.67,0.62,True,3,1,1,1
bin.323,6.02,0.76,Neural Network (Specific Model),11,None,218,183,3,kingdom,0.98,0.83,0.0,0.0,0.0,0.5,0.42,True,0,0,0,0
bin.324,5.79,0.03,Neural Network (Specific Model),11,None,225,196,5,genus,0.68,0.6,0.06,0.63,4.74,0.66,0.4,True,0,0,0,0
bin.325,7.31,0.19,Neural Network (Specific Model),11,None,210,189,4,genus,0.65,0.58,0.06,0.74,5.82,0.59,0.34,True,0,0,0,0
bin.326,4.35,0.01,Neural Network (Specific Model),11,None,261,236,5,family,0.89,0.81,0.06,0.33,1.01,0.78,0.63,True,8,0,0,0
bin.327,5.31,0.15,Neural Network (Specific Model),11,None,177,152,7,genus,0.49,0.42,0.12,0.36,1.32,0.55,0.23,True,1,0,0,0
bin.328,8.15,0.0,Neural Network (Specific Model),11,None,208,163,1,kingdom,1.0,0.78,0.0,0.04,0.09,0.56,0.44,True,0,0,0,0
bin.329,8.33,0.15,Neural Network (Specific Model),11,None,281,273,2,class,0.96,0.93,0.08,0.1,0.23,0.77,0.71,True,0,0,0,0
bin.33,97.74,1.45,Gradient Boost (General Model),11,None,2489,2282,8,class,0.86,0.79,0.01,0.17,0.41,0.58,0.46,True,24,4,4,4
bin.330,7.36,0.04,Neural Network (Specific Model),11,None,249,228,1,kingdom,1.0,0.92,0.0,0.0,0.0,0.56,0.51,True,1,0,0,0
bin.331,9.44,1.04,Neural Network (Specific Model),11,None,263,224,6,kingdom,1.0,0.85,0.0,0.03,0.06,0.49,0.41,True,0,0,0,0
bin.332,5.47,0.0,Neural Network (Specific Model),11,None,260,244,5,order,0.96,0.9,0.1,0.21,0.59,0.86,0.78,True,2,0,0,0
bin.333,7.99,0.0,Neural Network (Specific Model),11,None,332,296,11,genus,0.66,0.58,0.21,0.64,2.68,0.65,0.38,True,3,0,0,0
bin.334,8.45,3.19,Neural Network (Specific Model),11,None,290,280,5,genus,0.79,0.76,0.03,0.75,5.17,0.63,0.47,True,1,1,1,1
bin.335,8.38,0.0,Neural Network (Specific Model),11,None,397,321,13,order,0.73,0.59,0.17,0.65,2.51,0.53,0.31,True,5,1,1,1
bin.336,8.92,2.72,Neural Network (Specific Model),11,None,453,354,6,order,0.74,0.58,0.04,0.54,1.95,0.54,0.31,True,2,0,0,0
bin.337,8.55,2.02,Neural Network (Specific Model),11,None,496,387,19,phylum,0.95,0.74,0.03,0.3,0.85,0.49,0.37,True,3,0,0,0
bin.338,11.48,0.77,Neural Network (Specific Model),11,None,483,453,13,class,0.91,0.86,0.14,0.12,0.29,0.62,0.53,True,1,0,0,0
bin.339,11.84,0.52,Neural Network (Specific Model),11,None,417,369,4,class,0.74,0.65,0.01,0.2,0.54,0.53,0.35,True,5,0,0,0
bin.34,98.45,1.14,Gradient Boost (General Model),11,None,2554,2425,6,order,0.81,0.77,0.01,0.5,1.44,0.66,0.51,True,23,1,1,1
bin.340,15.8,1.17,Neural Network (Specific Model),11,None,940,757,21,family,0.58,0.47,0.12,0.72,5.66,0.55,0.26,True,5,1,0,1
bin.341,69.08,11.73,Gradient Boost (General Model),11,None,1530,1363,32,order,0.9,0.8,0.01,0.56,2.18,0.56,0.44,True,17,3,3,3
bin.342,12.95,0.0,Neural Network (Specific Model),11,None,332,284,9,phylum,0.94,0.8,0.14,0.03,0.06,0.53,0.43,True,1,0,0,0
bin.343,53.87,11.76,Gradient Boost (General Model),11,None,1542,1317,36,kingdom,1.0,0.85,0.09,0.02,0.05,0.54,0.46,True,14,1,1,1
bin.344,31.28,1.53,Neural Network (Specific Model),11,None,1094,982,30,class,0.79,0.71,0.5,0.15,0.36,0.64,0.45,False,11,0,0,0
bin.345,42.12,19.64,Neural Network (Specific Model),11,None,1369,1283,18,class,0.94,0.88,0.06,0.08,0.18,0.66,0.58,True,8,0,0,0
bin.346,63.13,21.78,Gradient Boost (General Model),11,None,2564,2353,46,phylum,0.88,0.8,0.14,0.03,0.06,0.68,0.54,True,17,0,0,0
bin.347,63.86,22.36,Gradient Boost (General Model),11,None,3194,2997,69,phylum,0.91,0.86,0.16,0.27,0.75,0.59,0.51,True,20,4,4,4
bin.348,28.99,9.32,Neural Network (Specific Model),11,None,458,433,7,family,0.94,0.89,0.13,0.22,0.54,0.64,0.57,True,7,0,0,0
bin.349,12.45,3.75,Neural Network (Specific Model),11,None,384,374,4,phylum,0.97,0.94,0.19,0.03,0.06,0.69,0.65,True,10,2,2,2
bin.35,89.07,1.14,Neural Network (Specific Model),11,None,1750,1713,1,kingdom,0.99,0.97,0.0,0.0,0.0,0.7,0.68,True,23,3,2,4
bin.350,78.09,22.57,Gradient Boost (General Model),11,None,4013,3846,84,genus,0.67,0.64,0.46,0.43,1.63,0.73,0.47,False,22,4,3,4
bin.351,23.11,7.43,Neural Network (Specific Model),11,None,483,480,8,kingdom,0.99,0.99,0.0,0.0,0.0,0.63,0.62,True,2,0,0,0
bin.352,18.68,3.03,Neural Network (Specific Model),11,None,578,525,17,class,0.86,0.78,0.56,0.14,0.34,0.69,0.54,False,5,2,1,2
bin.353,16.28,0.48,Neural Network (Specific Model),11,None,430,378,15,phylum,0.96,0.85,0.14,0.23,0.57,0.54,0.46,True,12,1,1,1
bin.354,20.76,1.29,Neural Network (Specific Model),11,None,449,435,9,genus,0.77,0.75,0.08,0.03,0.06,0.65,0.49,True,10,1,1,0
bin.355,22.89,5.09,Neural Network (Specific Model),11,None,611,542,12,genus,0.56,0.5,0.08,0.77,5.07,0.49,0.24,True,3,0,0,0
bin.356,20.41,3.24,Neural Network (Specific Model),11,None,543,525,18,kingdom,1.0,0.97,0.51,0.03,0.06,0.81,0.78,False,4,0,0,0
bin.357,11.51,2.94,Neural Network (Specific Model),11,None,589,495,26,family,0.52,0.43,0.09,0.1,0.22,0.5,0.22,True,3,0,0,0
bin.358,11.78,0.68,Neural Network (Specific Model),11,None,450,379,18,genus,0.57,0.48,0.62,0.09,0.2,0.75,0.36,False,7,0,0,0
bin.359,97.6,43.98,Gradient Boost (General Model),11,None,4004,3835,74,genus,0.45,0.43,0.08,0.66,3.72,0.59,0.25,True,21,2,2,2
bin.36,88.43,4.99,Gradient Boost (General Model),11,None,2103,1791,21,class,0.68,0.58,0.02,0.2,0.54,0.55,0.32,True,20,1,0,1
bin.360,20.68,0.24,Neural Network (Specific Model),11,None,747,698,24,order,0.88,0.82,0.12,0.22,0.61,0.64,0.52,True,3,0,0,0
bin.361,74.17,21.87,Gradient Boost (General Model),11,None,2868,2549,49,phylum,0.82,0.73,0.07,0.08,0.17,0.55,0.4,True,20,3,4,4
bin.362,51.03,11.31,Gradient Boost (General Model),11,None,2337,2108,71,genus,0.59,0.53,0.26,0.22,0.61,0.7,0.37,True,14,5,4,4
bin.363,53.3,25.42,Gradient Boost (General Model),11,None,1072,1020,23,genus,0.72,0.69,0.13,0.04,0.08,0.66,0.46,True,14,0,0,0
bin.364,61.59,15.81,Gradient Boost (General Model),11,None,549,445,8,kingdom,1.0,0.81,0.05,0.02,0.05,0.51,0.42,True,21,0,0,1
bin.365,20.72,12.42,Neural Network (Specific Model),11,None,528,510,12,family,0.85,0.82,0.32,0.03,0.06,0.68,0.56,True,13,0,0,0
bin.366,54.63,24.5,Gradient Boost (General Model),11,None,2234,2104,52,genus,0.73,0.68,0.21,0.38,1.42,0.69,0.47,True,17,1,0,1
bin.367,19.01,11.52,Neural Network (Specific Model),11,None,431,415,6,phylum,0.93,0.89,0.04,0.16,0.4,0.57,0.51,True,5,0,0,0
bin.368,12.44,2.52,Neural Network (Specific Model),11,None,433,418,4,order,0.83,0.8,0.05,0.45,1.51,0.57,0.46,True,6,0,0,0
bin.369,50.5,22.27,Neural Network (Specific Model),11,None,3243,2666,68,phylum,0.94,0.78,0.22,0.39,1.3,0.51,0.4,True,17,0,0,0
bin.37,95.03,1.61,Gradient Boost (General Model),11,None,3690,3189,1,kingdom,0.99,0.86,0.0,0.0,0.0,0.57,0.49,True,23,1,0,1
bin.370,8.63,6.22,Neural Network (Specific Model),11,None,213,198,11,genus,0.82,0.76,0.07,0.12,0.29,0.63,0.48,True,2,2,2,2
bin.371,9.33,0.7,Neural Network (Specific Model),11,None,317,294,5,genus,0.84,0.78,0.03,0.67,2.34,0.66,0.52,True,3,0,0,0
bin.372,9.71,1.55,Neural Network (Specific Model),11,None,177,173,6,kingdom,1.0,0.98,0.0,0.0,0.0,0.94,0.92,True,0,0,0,0
bin.373,10.22,3.33,Neural Network (Specific Model),11,None,214,204,3,family,0.84,0.8,0.08,0.09,0.19,0.63,0.5,True,0,0,0,0
bin.374,7.66,1.23,Neural Network (Specific Model),11,None,232,224,2,kingdom,1.0,0.96,0.0,0.0,0.0,0.64,0.62,True,3,1,2,1
bin.375,10.12,0.83,Neural Network (Specific Model),11,None,276,229,5,order,0.9,0.75,0.03,0.52,2.58,0.53,0.4,True,1,0,0,0
bin.376,6.97,1.65,Neural Network (Specific Model),11,None,311,290,5,family,0.66,0.61,0.05,0.71,4.89,0.54,0.33,True,2,0,0,0
bin.377,11.3,4.23,Neural Network (Specific Model),11,None,364,321,3,kingdom,0.98,0.87,0.0,0.0,0.0,0.52,0.45,True,2,1,1,1
bin.378,84.69,56.07,Gradient Boost (General Model),11,None,4096,3787,63,genus,0.7,0.65,0.22,0.03,0.06,0.67,0.44,True,21,5,5,5
bin.379,19.96,0.73,Neural Network (Specific Model),11,None,940,861,29,genus,0.52,0.48,0.25,0.11,0.26,0.62,0.3,True,9,2,2,2
bin.38,96.27,4.05,Gradient Boost (General Model),11,None,2522,2389,27,class,0.9,0.86,0.05,0.05,0.09,0.62,0.53,True,23,4,5,5
bin.380,79.87,23.42,Gradient Boost (General Model),11,None,545,468,13,kingdom,0.99,0.85,0.0,0.0,0.0,0.51,0.43,True,15,3,0,3
bin.381,58.99,18.6,Gradient Boost (General Model),11,None,1425,1335,39,family,0.75,0.71,0.17,0.14,0.34,0.65,0.46,True,17,2,2,2
bin.382,49.85,19.44,Gradient Boost (General Model),11,None,757,644,8,class,0.75,0.64,0.1,0.07,0.16,0.56,0.35,True,15,0,0,0
bin.383,70.95,30.14,Gradient Boost (General Model),11,None,889,755,20,class,0.73,0.62,0.17,0.05,0.1,0.55,0.34,True,16,0,0,0
bin.384,12.49,6.45,Neural Network (Specific Model),11,None,315,311,5,kingdom,1.0,0.99,0.0,0.0,0.0,0.97,0.96,True,4,1,0,0
bin.385,9.34,7.91,Neural Network (Specific Model),11,None,288,266,3,class,0.91,0.84,0.01,0.12,0.27,0.55,0.46,True,2,0,0,0
bin.386,7.54,9.86,Neural Network (Specific Model),11,None,334,324,4,kingdom,1.0,0.97,0.0,0.0,0.0,0.54,0.52,True,0,0,0,0
bin.387,16.29,4.09,Neural Network (Specific Model),11,None,661,636,27,class,0.95,0.92,0.13,0.09,0.19,0.84,0.77,True,6,0,0,0
bin.388,17.57,10.11,Neural Network (Specific Model),11,None,647,617,10,class,0.94,0.89,0.07,0.06,0.12,0.89,0.79,True,7,0,0,0
bin.389,13.6,10.16,Neural Network (Specific Model),11,None,605,594,12,genus,0.92,0.91,0.3,0.03,0.07,0.97,0.88,True,7,1,0,1
bin.39,91.93,1.45,Gradient Boost (General Model),11,None,2010,1875,10,order,0.89,0.83,0.07,0.03,0.07,0.6,0.5,True,22,2,2,2
bin.390,30.03,15.03,Neural Network (Specific Model),11,None,1336,1291,45,family,0.87,0.84,0.38,0.03,0.05,0.94,0.78,True,9,0,0,0
bin.391,9.48,2.51,Neural Network (Specific Model),11,None,211,205,5,family,0.84,0.82,0.03,0.48,1.13,0.66,0.54,True,2,0,0,0
bin.392,5.37,3.73,Neural Network (Specific Model),11,None,239,195,5,order,0.83,0.68,0.15,0.48,1.33,0.63,0.43,True,1,0,0,0
bin.393,16.4,4.9,Neural Network (Specific Model),11,None,930,832,36,order,0.87,0.78,0.15,0.23,0.65,0.62,0.48,True,10,0,1,0
bin.394,8.17,1.06,Neural Network (Specific Model),11,None,229,217,6,genus,0.52,0.49,0.17,0.48,2.2,0.62,0.31,True,1,0,0,0
bin.395,14.01,6.18,Neural Network (Specific Model),11,None,325,316,8,class,0.95,0.92,0.05,0.07,0.14,0.61,0.56,True,10,0,0,0
bin.396,11.0,1.68,Neural Network (Specific Model),11,None,250,223,4,phylum,0.92,0.82,0.03,0.02,0.05,0.6,0.49,True,4,0,0,0
bin.397,6.8,1.13,Neural Network (Specific Model),11,None,228,215,11,family,0.78,0.74,0.13,0.27,0.83,0.65,0.48,True,5,0,0,0
bin.398,30.79,14.87,Neural Network (Specific Model),11,None,2045,1993,36,phylum,0.95,0.93,0.18,0.1,0.21,0.86,0.8,True,0,0,0,0
bin.399,86.57,35.23,Gradient Boost (General Model),11,Low confidence prediction - substantial (29%) disagreement between completeness prediction models,996,876,17,phylum,0.79,0.69,0.02,0.71,4.51,0.51,0.35,True,18,1,0,2
bin.4,100.0,0.35,Gradient Boost (General Model),11,None,1669,1555,1,kingdom,1.0,0.93,0.0,0.0,0.0,0.61,0.56,True,22,2,2,2
bin.40,100.0,1.52,Gradient Boost (General Model),11,None,2277,2041,12,class,0.69,0.62,0.01,0.6,3.8,0.51,0.31,True,23,2,2,2
bin.400,23.7,25.2,Neural Network (Specific Model),11,None,2025,1830,38,class,0.81,0.73,0.06,0.16,0.38,0.56,0.41,True,11,3,4,4
bin.401,24.05,5.9,Neural Network (Specific Model),11,None,748,721,11,family,0.89,0.86,0.04,0.34,0.89,0.68,0.58,True,13,2,4,2
bin.402,53.75,18.34,Neural Network (Specific Model),11,None,1912,1777,43,phylum,0.96,0.89,0.18,0.18,0.43,0.64,0.58,True,16,4,5,4
bin.403,29.73,4.06,Neural Network (Specific Model),11,None,1128,1047,39,class,0.88,0.82,0.23,0.23,0.61,0.64,0.52,True,12,2,4,2
bin.404,53.6,28.1,Gradient Boost (General Model),11,None,1556,1470,54,genus,0.67,0.63,0.46,0.07,0.15,0.64,0.4,False,20,3,3,3
bin.405,72.57,58.88,Gradient Boost (General Model),11,None,8391,6161,240,family,0.73,0.53,0.17,0.64,3.95,0.56,0.3,True,21,5,2,3
bin.406,57.69,26.92,Gradient Boost (General Model),11,None,2026,1727,63,genus,0.59,0.5,0.1,0.82,6.4,0.5,0.25,True,12,4,4,4
bin.407,8.37,0.37,Neural Network (Specific Model),11,None,255,230,8,phylum,0.94,0.85,0.24,0.29,0.85,0.58,0.49,True,5,0,0,0
bin.408,8.37,7.28,Neural Network (Specific Model),11,None,352,334,3,family,0.87,0.82,0.02,0.2,0.54,0.9,0.74,True,1,0,0,0
bin.409,34.39,31.29,Neural Network (Specific Model),11,None,3968,3786,134,order,0.91,0.86,0.17,0.03,0.07,0.95,0.82,True,11,3,4,4
bin.41,93.36,3.12,Neural Network (Specific Model),11,None,2335,2283,37,kingdom,1.0,0.98,0.0,0.0,0.0,0.96,0.94,True,22,2,2,2
bin.410,18.38,9.06,Neural Network (Specific Model),11,None,1048,937,41,genus,0.53,0.47,0.22,0.38,1.43,0.7,0.33,True,10,3,2,3
bin.411,18.7,20.96,Neural Network (Specific Model),11,None,766,722,14,family,0.74,0.7,0.01,0.72,4.59,0.54,0.38,True,2,0,0,0
bin.412,26.21,5.0,Neural Network (Specific Model),11,None,264,232,4,kingdom,1.0,0.88,0.0,0.03,0.07,0.53,0.46,True,7,0,0,0
bin.413,45.87,26.57,Gradient Boost (General Model),11,None,666,594,27,phylum,0.82,0.74,0.33,0.66,3.88,0.68,0.5,True,17,0,0,0
bin.414,27.62,11.09,Neural Network (Specific Model),11,None,433,393,7,genus,0.65,0.59,0.01,0.5,2.0,0.49,0.29,True,10,0,0,0
bin.415,6.63,9.5,Neural Network (Specific Model),11,None,389,370,4,kingdom,1.0,0.95,0.0,0.0,0.0,0.54,0.52,True,9,0,0,0
bin.416,8.95,11.09,Neural Network (Specific Model),11,None,356,325,6,order,0.96,0.87,0.03,0.15,0.37,0.66,0.58,True,2,0,0,0
bin.417,23.33,9.91,Neural Network (Specific Model),11,None,862,811,37,phylum,0.92,0.86,0.13,0.09,0.21,0.64,0.56,True,2,0,0,0
bin.418,19.29,12.48,Neural Network (Specific Model),11,None,1557,1461,52,genus,0.83,0.78,0.16,0.28,0.86,0.93,0.73,True,11,1,2,1
bin.419,5.21,0.74,Neural Network (Specific Model),11,None,198,176,6,order,0.79,0.7,0.07,0.68,3.29,0.6,0.42,True,0,0,0,0
bin.42,90.24,1.83,Gradient Boost (General Model),11,None,1600,1379,7,order,0.86,0.74,0.04,0.69,4.07,0.52,0.39,True,21,2,2,2
bin.420,6.16,0.86,Neural Network (Specific Model),11,None,235,223,2,kingdom,0.99,0.94,0.0,0.0,0.0,0.53,0.49,True,0,0,0,0
bin.421,9.84,1.92,Neural Network (Specific Model),11,None,288,267,5,genus,0.47,0.43,0.12,0.26,0.77,0.59,0.26,True,0,0,0,0
bin.422,86.4,79.8,Gradient Boost (General Model),11,None,6301,5691,145,kingdom,1.0,0.9,0.04,0.03,0.05,0.55,0.49,True,20,3,3,4
bin.423,74.97,61.26,Gradient Boost (General Model),11,None,6379,5746,177,family,0.61,0.55,0.07,0.71,4.85,0.58,0.32,True,20,1,1,1
bin.424,77.87,54.62,Gradient Boost (General Model),11,None,4607,4128,125,genus,0.66,0.59,0.25,0.04,0.08,0.69,0.4,True,20,8,6,7
bin.425,41.15,17.42,Gradient Boost (General Model),11,None,1873,1620,64,phylum,0.91,0.79,0.13,0.05,0.1,0.61,0.48,True,14,1,1,1
bin.426,95.2,86.19,Gradient Boost (General Model),11,None,18968,16347,577,order,0.75,0.65,0.19,0.51,1.89,0.57,0.37,True,23,19,19,19
bin.427,42.51,20.1,Gradient Boost (General Model),11,None,3862,3398,153,family,0.58,0.51,0.14,0.69,4.23,0.6,0.31,True,15,7,6,7
bin.428,71.94,37.3,Gradient Boost (General Model),11,None,8533,7579,267,phylum,0.85,0.75,0.58,0.09,0.19,0.68,0.51,False,21,6,7,8
bin.429,62.22,33.77,Gradient Boost (General Model),11,None,2895,2763,56,phylum,0.92,0.88,0.18,0.03,0.06,0.57,0.5,True,15,2,1,1
bin.43,100.0,12.58,Gradient Boost (General Model),11,None,1384,1264,19,phylum,0.96,0.87,0.03,0.18,0.42,0.55,0.48,True,22,2,0,2
bin.430,38.1,15.03,Neural Network (Specific Model),11,None,1479,1395,39,genus,0.45,0.42,0.05,0.54,2.79,0.57,0.24,True,10,4,4,4
bin.431,35.69,17.28,Neural Network (Specific Model),11,None,1788,1649,47,genus,0.48,0.44,0.16,0.68,5.22,0.61,0.27,True,18,2,2,2
bin.432,96.44,75.69,Gradient Boost (General Model),11,None,8297,7994,213,order,0.97,0.93,0.09,0.08,0.17,0.92,0.86,True,21,9,7,8
bin.433,48.25,28.31,Gradient Boost (General Model),11,None,2429,2310,73,family,0.89,0.84,0.11,0.18,0.48,0.91,0.76,True,16,3,1,3
bin.434,68.49,41.03,Gradient Boost (General Model),11,None,6946,6393,290,phylum,0.96,0.89,0.71,0.06,0.14,0.8,0.71,False,21,2,3,3
bin.435,94.19,70.05,Gradient Boost (General Model),11,None,22228,19325,777,phylum,0.85,0.74,0.79,0.34,0.96,0.65,0.48,False,23,12,10,9
bin.436,91.15,53.96,Gradient Boost (General Model),11,None,15370,13230,585,phylum,0.87,0.75,0.77,0.32,0.98,0.67,0.5,False,24,3,3,5
bin.437,82.0,55.72,Gradient Boost (General Model),11,Low confidence prediction - substantial (27%) disagreement between completeness prediction models,2817,2343,91,genus,0.65,0.54,0.22,0.59,2.79,0.54,0.29,True,16,1,1,1
bin.438,13.14,0.32,Neural Network (Specific Model),11,None,386,307,36,genus,0.6,0.48,0.22,0.68,3.85,0.52,0.25,True,5,0,0,0
bin.439,89.22,36.44,Gradient Boost (General Model),11,None,12358,9874,525,phylum,0.86,0.69,0.73,0.36,1.16,0.63,0.44,False,23,11,10,11
bin.44,98.35,5.13,Gradient Boost (General Model),11,None,4022,3484,16,class,0.59,0.51,0.03,0.7,5.19,0.49,0.25,True,23,2,2,2
bin.440,5.49,0.11,Neural Network (Specific Model),11,None,335,110,6,kingdom,1.0,0.33,0.0,0.04,0.08,0.46,0.15,True,0,0,0,0
bin.45,93.19,1.04,Gradient Boost (General Model),11,None,2151,1898,10,class,0.92,0.81,0.01,0.61,2.2,0.57,0.46,True,21,2,1,2
bin.46,98.02,1.02,Gradient Boost (General Model),11,None,3263,2725,1,kingdom,1.0,0.84,0.0,0.03,0.06,0.45,0.38,True,23,1,1,1
bin.47,89.52,2.79,Neural Network (Specific Model),11,None,2211,2127,17,order,0.91,0.88,0.07,0.23,0.59,0.67,0.59,True,23,2,2,2
bin.48,96.96,2.89,Gradient Boost (General Model),11,None,2646,2348,2,kingdom,0.99,0.88,0.0,0.0,0.0,0.53,0.47,True,23,2,1,2
bin.49,98.89,0.38,Gradient Boost (General Model),11,None,1203,1106,1,kingdom,1.0,0.92,0.0,0.04,0.08,0.49,0.45,True,21,1,1,1
bin.5,97.13,0.81,Gradient Boost (General Model),11,None,2125,1994,1,kingdom,1.0,0.94,0.0,0.0,0.0,0.57,0.53,True,23,1,0,1
bin.50,91.89,0.0,Gradient Boost (General Model),11,None,1392,1274,7,class,0.82,0.75,0.02,0.11,0.24,0.55,0.41,True,21,2,2,2
bin.51,96.41,10.26,Gradient Boost (General Model),11,None,2752,2585,33,phylum,0.84,0.79,0.03,0.09,0.2,0.54,0.42,True,23,4,4,4
bin.52,90.55,9.81,Neural Network (Specific Model),11,None,2136,2103,14,phylum,0.97,0.96,0.08,0.04,0.08,0.78,0.75,True,19,5,5,5
bin.53,83.54,6.33,Neural Network (Specific Model),11,None,2209,2175,38,kingdom,1.0,0.98,0.0,0.0,0.0,0.98,0.96,True,20,1,2,1
bin.54,96.91,5.74,Gradient Boost (General Model),11,None,2268,2113,17,phylum,0.93,0.87,0.04,0.03,0.07,0.58,0.5,True,22,2,2,4
bin.55,100.0,11.95,Gradient Boost (General Model),11,None,2492,2280,16,order,0.88,0.8,0.01,0.43,1.65,0.55,0.44,True,23,6,6,6
bin.56,96.5,2.04,Gradient Boost (General Model),11,None,1573,1515,8,order,0.89,0.86,0.04,0.23,0.6,0.63,0.54,True,22,2,2,2
bin.57,97.14,13.41,Gradient Boost (General Model),11,None,3462,3347,19,order,0.89,0.86,0.04,0.08,0.17,0.77,0.66,True,18,1,1,1
bin.58,87.77,9.34,Gradient Boost (General Model),11,None,2351,2127,37,phylum,0.77,0.69,0.05,0.47,2.2,0.51,0.35,True,18,2,2,2
bin.59,95.04,0.55,Gradient Boost (General Model),11,None,2071,1899,6,phylum,0.9,0.83,0.11,0.03,0.06,0.58,0.48,True,22,2,2,2
bin.6,95.87,0.53,Gradient Boost (General Model),11,None,2631,2537,4,kingdom,1.0,0.96,0.0,0.0,0.0,0.57,0.55,True,22,1,1,1
bin.60,86.48,3.17,Gradient Boost (General Model),11,None,2944,2683,8,class,0.89,0.81,0.01,0.36,1.08,0.59,0.48,True,21,1,1,1
bin.61,95.58,11.27,Gradient Boost (General Model),11,None,1747,1709,3,phylum,0.95,0.93,0.02,0.11,0.26,0.71,0.66,True,19,3,2,3
bin.62,87.77,1.61,Gradient Boost (General Model),11,None,3420,2900,9,class,0.71,0.6,0.02,0.41,1.53,0.5,0.3,True,22,4,4,4
bin.63,88.63,2.95,Gradient Boost (General Model),11,None,3363,3152,43,family,0.65,0.61,0.07,0.44,1.84,0.58,0.36,True,22,1,1,1
bin.64,96.88,0.08,Gradient Boost (General Model),11,None,1147,1111,1,kingdom,1.0,0.97,0.0,0.0,0.0,0.59,0.57,True,21,1,1,1
bin.65,89.46,9.54,Gradient Boost (General Model),11,None,3269,2882,28,genus,0.46,0.41,0.03,0.69,3.52,0.56,0.23,True,22,4,5,5
bin.66,74.06,2.09,Neural Network (Specific Model),11,None,1415,1394,7,phylum,0.99,0.97,0.11,0.04,0.08,0.96,0.94,True,18,1,0,1
bin.67,77.2,4.29,Neural Network (Specific Model),11,None,1960,1847,21,class,0.94,0.88,0.04,0.13,0.32,0.59,0.52,True,19,2,2,2
bin.68,90.69,7.09,Gradient Boost (General Model),11,None,3507,3275,38,order,0.84,0.79,0.04,0.16,0.38,0.59,0.47,True,21,4,4,4
bin.69,94.68,0.12,Gradient Boost (General Model),11,None,746,655,5,kingdom,0.99,0.87,0.0,0.0,0.0,0.54,0.47,True,21,1,1,1
bin.7,100.0,0.55,Gradient Boost (General Model),11,None,2291,2196,1,kingdom,1.0,0.96,0.0,0.0,0.0,0.64,0.61,True,22,2,2,2
bin.70,87.78,2.45,Gradient Boost (General Model),11,None,2392,2240,22,family,0.88,0.82,0.09,0.13,0.31,0.65,0.54,True,24,3,3,4
bin.71,88.76,2.05,Gradient Boost (General Model),11,None,1162,1037,8,family,0.73,0.65,0.07,0.36,1.26,0.54,0.35,True,14,2,1,1
bin.72,81.01,0.19,Neural Network (Specific Model),11,None,2590,2351,33,family,0.75,0.68,0.06,0.53,2.07,0.6,0.41,True,24,1,1,1
bin.73,82.47,0.34,Gradient Boost (General Model),11,None,1539,1469,6,class,0.93,0.88,0.02,0.03,0.06,0.66,0.58,True,18,0,0,0
bin.74,76.38,1.65,Gradient Boost (General Model),11,None,1339,1267,7,family,0.84,0.8,0.01,0.45,1.91,0.63,0.5,True,24,2,2,2
bin.75,75.5,1.06,Gradient Boost (General Model),11,None,1511,1413,23,phylum,0.93,0.87,0.14,0.16,0.38,0.63,0.55,True,20,2,2,2
bin.76,85.02,5.48,Gradient Boost (General Model),11,None,2626,2477,48,order,0.88,0.83,0.09,0.22,0.59,0.64,0.53,True,20,3,4,4
bin.77,78.94,0.02,Gradient Boost (General Model),11,None,3701,3087,51,phylum,0.8,0.67,0.01,0.54,2.5,0.5,0.33,True,23,1,0,1
bin.78,56.39,0.08,Neural Network (Specific Model),11,None,1035,983,5,kingdom,1.0,0.95,0.0,0.0,0.0,0.63,0.59,True,17,2,1,1
bin.79,66.16,2.31,Gradient Boost (General Model),11,None,1340,1193,22,genus,0.56,0.49,0.05,0.78,6.61,0.53,0.26,True,21,2,2,2
bin.8,97.85,0.59,Gradient Boost (General Model),11,None,3409,3178,1,kingdom,1.0,0.93,0.0,0.0,0.0,0.63,0.58,True,22,1,1,1
bin.80,61.23,0.35,Neural Network (Specific Model),11,None,1799,1688,22,class,0.96,0.9,0.18,0.02,0.05,0.74,0.66,True,14,0,0,0
bin.81,82.32,6.96,Gradient Boost (General Model),11,None,2391,2319,39,family,0.93,0.9,0.18,0.04,0.09,0.78,0.7,True,21,4,4,5
bin.82,76.96,0.04,Gradient Boost (General Model),11,None,1480,1417,16,class,0.92,0.88,0.03,0.06,0.14,0.6,0.53,True,19,1,3,2
bin.83,77.17,6.79,Gradient Boost (General Model),11,None,2386,2171,41,genus,0.53,0.48,0.26,0.09,0.2,0.6,0.29,True,20,2,2,2
bin.84,68.55,2.47,Gradient Boost (General Model),11,None,1313,1204,5,kingdom,0.98,0.9,0.0,0.0,0.0,0.55,0.49,True,18,1,1,1
bin.85,85.36,0.08,Gradient Boost (General Model),11,None,1413,1363,21,order,0.92,0.89,0.22,0.08,0.18,0.67,0.6,True,18,1,2,1
bin.86,97.58,0.47,Gradient Boost (General Model),11,None,671,601,1,kingdom,0.99,0.89,0.0,0.0,0.0,0.61,0.54,True,21,1,1,1
bin.87,75.0,2.9,Gradient Boost (General Model),11,None,4430,3781,78,phylum,0.83,0.71,0.02,0.75,5.59,0.47,0.34,True,18,0,0,0
bin.88,65.35,0.46,Gradient Boost (General Model),11,None,4544,3501,66,phylum,0.73,0.56,0.03,0.68,4.7,0.49,0.28,True,20,0,0,0
bin.89,68.8,0.53,Gradient Boost (General Model),11,None,1453,1331,17,family,0.75,0.68,0.04,0.51,2.37,0.55,0.38,True,22,2,2,2
bin.9,97.65,0.24,Neural Network (Specific Model),11,None,1599,1541,1,kingdom,1.0,0.96,0.0,0.0,0.0,0.68,0.65,True,23,2,2,2
bin.90,57.73,2.62,Gradient Boost (General Model),11,None,2043,1908,10,phylum,0.88,0.82,0.06,0.03,0.07,0.67,0.55,True,20,1,0,0
bin.91,35.83,0.0,Neural Network (Specific Model),11,None,1223,1152,23,class,0.97,0.91,0.05,0.02,0.05,0.64,0.58,True,6,1,0,1
bin.92,97.99,0.03,Gradient Boost (General Model),11,None,745,663,1,kingdom,0.98,0.87,0.0,0.0,0.0,0.51,0.44,True,20,1,0,1
bin.93,68.32,18.53,Gradient Boost (General Model),11,None,2306,2193,26,genus,0.59,0.56,0.11,0.07,0.16,0.62,0.34,True,21,2,2,2
bin.94,54.69,1.04,Gradient Boost (General Model),11,None,626,604,9,phylum,0.98,0.94,0.07,0.14,0.31,0.66,0.62,True,14,1,1,1
bin.95,51.19,0.34,Neural Network (Specific Model),11,None,1158,1030,20,phylum,0.94,0.83,0.01,0.15,0.37,0.56,0.46,True,15,0,0,0
bin.96,62.32,1.56,Gradient Boost (General Model),11,None,1520,1499,25,family,0.95,0.94,0.07,0.04,0.07,0.94,0.88,True,18,1,1,1
bin.97,64.18,0.18,Neural Network (Specific Model),11,None,1477,1369,26,phylum,0.98,0.91,0.1,0.03,0.07,0.61,0.55,True,18,2,1,1
bin.98,52.26,1.21,Gradient Boost (General Model),11,None,900,850,22,kingdom,1.0,0.94,0.04,0.04,0.07,0.54,0.51,True,14,0,1,1
bin.99,45.88,2.15,Neural Network (Specific Model),11,None,1317,1270,16,order,0.88,0.85,0.14,0.05,0.11,0.88,0.75,True,16,2,2,2
