,Completeness,Contamination,Completeness_Model_Used,Translation_Table_Used,Additional_Notes,n_genes_called,n_genes_mapped,n_contigs,taxonomic_level,proportion_genes_retained_in_major_clades,genes_retained_index,clade_separation_score,contamination_portion,n_effective_surplus_clades,mean_hit_identity,reference_representation_score,pass.GUNC,tRNA,16S,5S,23S
Metabat2.1,93.84,0.21,Gradient Boost (General Model),11,None,661,578,1,kingdom,0.98,0.86,0.0,0.0,0.0,0.52,0.45,True,20,1,0,2
Metabat2.10,62.08,24.05,Gradient Boost (General Model),11,None,6139,5318,265,genus,0.62,0.54,0.33,0.12,0.27,0.72,0.39,True,22,2,1,0
Metabat2.100,10.93,0.81,Neural Network (Specific Model),11,None,496,401,26,genus,0.5,0.4,0.21,0.56,2.77,0.57,0.23,True,2,0,0,0
Metabat2.101,56.48,5.51,Gradient Boost (General Model),11,None,2736,2187,100,order,0.73,0.59,0.17,0.07,0.15,0.58,0.34,True,19,1,2,2
Metabat2.102,18.36,2.48,Neural Network (Specific Model),11,None,1250,1153,83,order,0.87,0.81,0.95,0.11,0.25,0.92,0.74,False,15,1,1,1
Metabat2.103,29.25,0.17,Neural Network (Specific Model),11,None,629,543,36,phylum,0.91,0.79,0.04,0.14,0.32,0.55,0.44,True,10,1,0,1
Metabat2.104,24.82,0.11,Neural Network (Specific Model),11,None,1140,984,64,class,0.86,0.74,0.22,0.1,0.21,0.62,0.46,True,15,0,0,0
Metabat2.105,36.74,5.1,Neural Network (Specific Model),11,None,1788,1518,87,class,0.89,0.76,0.33,0.11,0.24,0.6,0.45,True,12,1,0,0
Metabat2.106,5.52,0.0,Neural Network (Specific Model),11,None,303,245,4,order,0.69,0.55,0.17,0.38,1.23,0.62,0.34,True,5,0,0,0
Metabat2.107,15.88,0.1,Neural Network (Specific Model),11,None,218,209,2,kingdom,1.0,0.96,0.0,0.0,0.0,0.76,0.73,True,9,0,0,0
Metabat2.108,5.25,0.04,Neural Network (Specific Model),11,None,487,313,39,kingdom,1.0,0.64,0.22,0.03,0.07,0.52,0.34,True,3,0,0,0
Metabat2.109,6.8,0.02,Neural Network (Specific Model),11,None,322,278,12,phylum,0.94,0.81,0.4,0.37,1.03,0.63,0.51,True,0,0,0,0
Metabat2.11,8.34,0.07,Neural Network (Specific Model),11,None,459,386,18,genus,0.56,0.47,0.43,0.79,7.88,0.71,0.33,True,8,1,1,1
Metabat2.110,4.99,0.01,Neural Network (Specific Model),11,None,259,209,15,order,0.67,0.54,0.4,0.73,5.77,0.78,0.42,True,4,1,0,1
Metabat2.111,10.34,0.58,Neural Network (Specific Model),11,None,666,589,41,class,0.86,0.76,0.21,0.06,0.13,0.64,0.49,True,5,0,0,0
Metabat2.112,50.87,7.76,Gradient Boost (General Model),11,None,2253,2024,91,genus,0.57,0.51,0.58,0.04,0.09,0.63,0.33,False,20,2,1,2
Metabat2.113,9.43,0.0,Neural Network (Specific Model),11,None,406,362,13,order,0.85,0.76,0.13,0.29,0.88,0.58,0.44,True,12,1,1,1
Metabat2.114,47.09,0.41,Gradient Boost (General Model),11,None,1133,983,38,phylum,0.74,0.64,0.04,0.74,5.91,0.51,0.33,True,16,1,0,1
Metabat2.115,24.67,6.05,Neural Network (Specific Model),11,None,1417,1267,58,family,0.75,0.67,0.33,0.14,0.34,0.66,0.44,True,14,0,0,0
Metabat2.116,6.61,0.05,Neural Network (Specific Model),11,None,330,215,20,phylum,0.78,0.51,0.1,0.39,1.38,0.5,0.25,True,2,0,0,0
Metabat2.117,98.88,3.17,Gradient Boost (General Model),11,None,2789,2663,3,family,0.76,0.73,0.02,0.49,1.39,0.66,0.48,True,23,1,1,1
Metabat2.118,60.1,4.65,Neural Network (Specific Model),11,None,3067,2831,109,phylum,0.96,0.89,0.24,0.05,0.11,0.7,0.62,True,21,1,1,1
Metabat2.119,42.3,6.05,Gradient Boost (General Model),11,None,2022,1663,101,genus,0.49,0.4,0.2,0.39,1.42,0.58,0.23,True,16,2,1,2
Metabat2.12,43.68,1.39,Gradient Boost (General Model),11,None,1968,1735,124,phylum,0.95,0.83,0.39,0.05,0.11,0.6,0.5,True,14,2,0,0
Metabat2.120,8.36,0.11,Neural Network (Specific Model),11,None,451,358,20,order,0.79,0.63,0.29,0.36,1.3,0.6,0.38,True,1,0,0,0
Metabat2.121,55.98,4.89,Gradient Boost (General Model),11,None,654,535,15,phylum,0.66,0.54,0.01,0.69,5.96,0.53,0.29,True,17,1,0,1
Metabat2.122,53.66,2.95,Gradient Boost (General Model),11,None,2191,2010,108,genus,0.64,0.58,0.16,0.28,0.82,0.63,0.37,True,21,1,1,1
Metabat2.123,25.91,0.66,Neural Network (Specific Model),11,None,1254,1148,80,class,0.91,0.84,0.2,0.35,1.08,0.63,0.53,True,15,1,1,2
Metabat2.124,80.9,33.68,Gradient Boost (General Model),11,None,12779,10686,708,phylum,0.9,0.75,0.62,0.13,0.31,0.67,0.5,False,24,3,4,3
Metabat2.125,29.81,6.55,Neural Network (Specific Model),11,None,828,655,61,phylum,0.93,0.74,0.25,0.37,1.14,0.54,0.4,True,6,0,0,0
Metabat2.126,10.44,0.0,Neural Network (Specific Model),11,None,795,702,74,phylum,0.98,0.87,0.51,0.02,0.05,0.9,0.78,False,6,0,0,0
Metabat2.127,74.66,1.95,Gradient Boost (General Model),11,None,1349,1269,5,genus,0.64,0.6,0.05,0.08,0.18,0.66,0.39,True,16,2,2,2
Metabat2.128,63.67,1.22,Gradient Boost (General Model),11,None,1861,1671,64,phylum,0.91,0.81,0.25,0.07,0.14,0.58,0.47,True,17,4,5,4
Metabat2.129,8.64,0.29,Neural Network (Specific Model),11,None,505,401,20,phylum,0.93,0.74,0.42,0.18,0.47,0.73,0.54,True,1,0,0,0
Metabat2.13,78.12,2.2,Gradient Boost (General Model),11,None,1314,1163,4,class,0.86,0.76,0.06,0.04,0.08,0.6,0.46,True,19,2,2,2
Metabat2.130,60.74,4.19,Neural Network (Specific Model),11,None,1516,1432,103,kingdom,1.0,0.94,0.36,0.06,0.12,0.95,0.9,True,14,1,1,0
Metabat2.131,34.5,4.43,Neural Network (Specific Model),11,None,1033,890,101,genus,0.66,0.57,0.34,0.69,3.94,0.56,0.32,True,4,0,0,0
Metabat2.132,67.58,5.44,Gradient Boost (General Model),11,None,1875,1622,39,phylum,0.92,0.8,0.25,0.09,0.19,0.56,0.44,True,14,0,1,1
Metabat2.133,20.62,4.06,Neural Network (Specific Model),11,None,1765,1210,85,phylum,0.78,0.53,0.09,0.64,4.22,0.52,0.28,True,10,1,0,1
Metabat2.134,91.67,1.46,Gradient Boost (General Model),11,None,3748,3225,7,phylum,0.85,0.73,0.01,0.29,0.88,0.58,0.42,True,23,1,0,1
Metabat2.135,93.43,4.16,Gradient Boost (General Model),11,None,1870,1679,12,class,0.8,0.72,0.02,0.11,0.26,0.57,0.41,True,17,2,2,2
Metabat2.136,34.81,1.85,Neural Network (Specific Model),11,None,1705,1436,83,phylum,0.91,0.77,0.16,0.19,0.51,0.61,0.46,True,17,1,0,0
Metabat2.137,24.68,0.76,Neural Network (Specific Model),11,None,1904,1148,102,phylum,0.82,0.49,0.11,0.58,2.79,0.51,0.25,True,8,0,0,0
Metabat2.138,7.01,0.04,Neural Network (Specific Model),11,None,290,258,12,class,0.76,0.68,0.14,0.13,0.3,0.56,0.38,True,3,0,0,0
Metabat2.139,22.6,1.08,Neural Network (Specific Model),11,None,808,695,36,phylum,0.76,0.65,0.11,0.34,1.18,0.54,0.35,True,13,0,0,0
Metabat2.14,14.27,0.01,Neural Network (Specific Model),11,None,369,336,8,order,0.85,0.78,0.05,0.62,3.63,0.51,0.39,True,5,0,0,0
Metabat2.140,79.31,3.71,Gradient Boost (General Model),11,None,2233,1991,16,phylum,0.85,0.76,0.04,0.07,0.15,0.56,0.42,True,22,2,4,4
Metabat2.141,11.67,0.29,Neural Network (Specific Model),11,None,666,585,37,phylum,0.95,0.83,0.2,0.02,0.04,0.61,0.5,True,2,0,0,0
Metabat2.142,19.04,1.97,Neural Network (Specific Model),11,None,1344,1202,51,genus,0.69,0.61,0.22,0.1,0.22,0.68,0.42,True,9,0,0,0
Metabat2.143,34.02,1.43,Neural Network (Specific Model),11,None,1854,1580,82,phylum,0.84,0.72,0.15,0.14,0.32,0.56,0.41,True,10,1,1,1
Metabat2.144,9.94,0.13,Neural Network (Specific Model),4,None,747,481,52,kingdom,1.0,0.64,0.08,0.03,0.06,0.52,0.33,True,4,1,0,0
Metabat2.145,100.0,13.24,Gradient Boost (General Model),11,None,2051,1918,5,class,0.93,0.87,0.01,0.17,0.42,0.62,0.54,True,22,2,2,2
Metabat2.146,35.34,0.35,Neural Network (Specific Model),11,None,3439,2887,219,phylum,0.85,0.71,0.2,0.25,0.7,0.6,0.43,True,12,1,1,1
Metabat2.147,51.79,0.96,Gradient Boost (General Model),11,None,1049,886,58,phylum,0.95,0.8,0.24,0.17,0.42,0.54,0.43,True,8,0,0,0
Metabat2.148,97.99,2.91,Gradient Boost (General Model),11,None,2893,2703,6,phylum,0.88,0.82,0.04,0.1,0.22,0.59,0.48,True,23,1,1,1
Metabat2.149,6.8,0.09,Neural Network (Specific Model),11,None,290,273,21,genus,0.9,0.85,0.34,0.05,0.11,0.87,0.74,True,0,0,0,0
Metabat2.15,35.45,2.46,Neural Network (Specific Model),11,None,1664,1340,73,order,0.8,0.64,0.26,0.04,0.09,0.59,0.38,True,17,1,1,1
Metabat2.150,15.94,0.33,Neural Network (Specific Model),11,None,1159,888,52,genus,0.6,0.46,0.19,0.07,0.16,0.62,0.28,True,7,1,1,1
Metabat2.151,63.44,6.39,Gradient Boost (General Model),11,None,3198,2908,133,phylum,0.95,0.86,0.38,0.05,0.1,0.71,0.61,True,14,0,2,1
Metabat2.152,51.03,1.09,Neural Network (Specific Model),11,None,1308,1212,3,kingdom,0.98,0.91,0.0,0.0,0.0,0.57,0.52,True,19,1,1,1
Metabat2.153,97.72,0.15,Gradient Boost (General Model),11,None,3319,3011,14,phylum,0.94,0.85,0.19,0.04,0.08,0.63,0.54,True,22,2,2,2
Metabat2.154,83.12,8.68,Gradient Boost (General Model),11,None,3935,3390,84,phylum,0.86,0.74,0.12,0.23,0.64,0.57,0.42,True,20,2,1,1
Metabat2.155,30.49,3.02,Neural Network (Specific Model),11,None,1840,1694,91,phylum,0.94,0.87,0.35,0.02,0.05,0.78,0.68,True,18,0,0,0
Metabat2.156,23.22,0.01,Neural Network (Specific Model),11,None,451,395,3,kingdom,0.99,0.87,0.0,0.0,0.0,0.52,0.46,True,4,1,0,0
Metabat2.157,62.11,5.84,Gradient Boost (General Model),11,None,4163,3219,220,kingdom,1.0,0.77,0.24,0.02,0.04,0.53,0.41,True,21,2,0,1
Metabat2.158,74.72,5.02,Gradient Boost (General Model),11,None,2891,2633,53,order,0.85,0.78,0.14,0.26,0.74,0.65,0.5,True,19,4,5,5
Metabat2.159,11.56,0.04,Neural Network (Specific Model),11,None,508,389,26,phylum,0.85,0.65,0.43,0.31,0.93,0.61,0.39,True,4,0,1,1
Metabat2.16,9.22,0.0,Neural Network (Specific Model),11,None,457,389,8,family,0.66,0.56,0.14,0.85,9.02,0.61,0.34,True,5,0,0,0
Metabat2.160,42.37,6.18,Neural Network (Specific Model),11,None,628,521,50,phylum,0.92,0.77,0.35,0.2,0.52,0.54,0.42,True,14,0,0,0
Metabat2.161,10.35,0.28,Neural Network (Specific Model),11,None,453,363,7,genus,0.52,0.42,0.07,0.29,0.9,0.63,0.26,True,3,0,0,0
Metabat2.162,58.46,2.66,Neural Network (Specific Model),11,None,1649,1581,53,family,0.86,0.83,0.73,0.03,0.07,0.78,0.65,False,22,2,2,2
Metabat2.163,97.07,6.13,Gradient Boost (General Model),11,None,3671,3421,14,phylum,0.95,0.88,0.14,0.08,0.18,0.63,0.56,True,22,1,2,1
Metabat2.164,9.54,0.03,Neural Network (Specific Model),11,None,286,267,2,class,0.89,0.83,0.02,0.34,0.95,0.58,0.49,True,8,2,2,2
Metabat2.165,13.69,0.11,Neural Network (Specific Model),11,None,302,256,9,genus,0.53,0.45,0.16,0.76,4.95,0.59,0.27,True,6,0,0,0
Metabat2.166,3.63,0.01,Neural Network (Specific Model),4,None,344,235,31,phylum,0.87,0.6,0.06,0.6,3.2,0.49,0.29,True,2,0,0,0
Metabat2.167,9.67,0.02,Neural Network (Specific Model),11,None,297,249,6,genus,0.65,0.55,0.15,0.8,6.35,0.54,0.3,True,14,0,0,0
Metabat2.168,21.52,0.78,Neural Network (Specific Model),11,None,1011,857,55,kingdom,1.0,0.85,0.18,0.03,0.07,0.54,0.46,True,10,0,0,0
Metabat2.169,11.71,0.12,Neural Network (Specific Model),11,None,472,391,16,genus,0.5,0.41,0.68,0.49,1.94,0.8,0.33,False,4,0,0,0
Metabat2.17,93.75,2.31,Neural Network (Specific Model),11,None,2640,2548,37,family,0.9,0.87,0.15,0.03,0.06,0.99,0.86,True,22,2,2,2
Metabat2.170,12.74,1.3,Neural Network (Specific Model),11,None,807,709,32,class,0.71,0.63,0.14,0.25,0.71,0.57,0.36,True,2,1,1,1
Metabat2.171,84.1,5.74,Gradient Boost (General Model),11,None,1772,1528,52,order,0.86,0.75,0.12,0.65,3.96,0.55,0.41,True,20,2,2,2
Metabat2.172,43.1,5.56,Gradient Boost (General Model),11,None,4073,3027,206,phylum,0.83,0.62,0.11,0.23,0.64,0.53,0.33,True,16,1,3,1
Metabat2.173,77.27,32.85,Gradient Boost (General Model),11,None,6922,5741,330,kingdom,1.0,0.83,0.24,0.03,0.06,0.57,0.47,True,21,0,0,0
Metabat2.174,70.05,6.22,Gradient Boost (General Model),11,None,2391,2178,69,family,0.75,0.68,0.08,0.6,3.35,0.6,0.41,True,18,2,1,2
Metabat2.175,32.46,1.22,Neural Network (Specific Model),11,None,1017,875,19,phylum,0.9,0.77,0.12,0.44,1.53,0.52,0.4,True,10,2,2,2
Metabat2.176,63.79,3.04,Gradient Boost (General Model),11,None,2620,2161,51,order,0.83,0.68,0.14,0.28,0.78,0.6,0.41,True,22,2,2,2
Metabat2.177,7.32,0.0,Neural Network (Specific Model),11,None,356,295,18,family,0.75,0.62,0.1,0.71,6.12,0.55,0.34,True,6,0,0,0
Metabat2.178,6.08,0.0,Neural Network (Specific Model),11,None,332,276,21,kingdom,1.0,0.83,0.09,0.04,0.08,0.56,0.47,True,3,0,0,0
Metabat2.179,4.96,0.13,Neural Network (Specific Model),11,None,226,206,8,genus,0.68,0.62,0.18,0.66,4.65,0.64,0.4,True,2,0,0,0
Metabat2.18,25.07,0.07,Neural Network (Specific Model),11,None,483,461,3,kingdom,1.0,0.95,0.0,0.0,0.0,0.58,0.56,True,1,0,0,0
Metabat2.180,8.89,0.02,Neural Network (Specific Model),11,None,563,455,38,class,0.91,0.73,0.34,0.02,0.05,0.65,0.48,True,4,0,0,0
Metabat2.181,97.13,0.9,Gradient Boost (General Model),11,None,2171,2035,2,kingdom,1.0,0.94,0.0,0.0,0.0,0.57,0.53,True,23,1,0,1
Metabat2.182,42.99,0.18,Gradient Boost (General Model),11,None,1188,1029,54,phylum,0.93,0.81,0.14,0.05,0.1,0.58,0.47,True,11,0,0,0
Metabat2.183,17.09,5.49,Neural Network (Specific Model),11,None,612,577,21,genus,0.66,0.63,0.28,0.31,0.96,0.73,0.45,True,5,0,0,0
Metabat2.184,13.02,0.07,Neural Network (Specific Model),11,None,844,617,58,order,0.59,0.43,0.15,0.48,1.95,0.56,0.24,True,3,0,0,0
Metabat2.185,9.26,0.17,Neural Network (Specific Model),11,None,251,235,3,phylum,0.92,0.86,0.03,0.05,0.1,0.56,0.48,True,7,0,0,0
Metabat2.186,86.35,0.53,Neural Network (Specific Model),11,None,2112,2023,17,kingdom,1.0,0.96,0.11,0.03,0.06,0.82,0.78,True,20,1,1,1
Metabat2.187,93.9,0.96,Gradient Boost (General Model),11,None,2174,2059,1,kingdom,1.0,0.94,0.0,0.0,0.0,0.65,0.62,True,22,1,1,1
Metabat2.188,99.72,0.02,Gradient Boost (General Model),11,None,1239,1115,5,phylum,0.96,0.86,0.02,0.19,0.45,0.55,0.47,True,22,2,0,2
Metabat2.189,18.52,1.01,Neural Network (Specific Model),11,None,1067,821,31,phylum,0.94,0.73,0.45,0.21,0.57,0.65,0.47,False,3,0,0,0
Metabat2.19,11.13,0.0,Neural Network (Specific Model),11,None,631,536,17,phylum,0.94,0.8,0.25,0.07,0.14,0.61,0.49,True,1,0,1,0
Metabat2.190,11.54,0.14,Neural Network (Specific Model),11,None,287,264,2,order,0.8,0.74,0.05,0.09,0.22,0.59,0.43,True,4,1,1,1
Metabat2.191,9.57,0.0,Neural Network (Specific Model),11,None,442,339,14,class,0.86,0.66,0.11,0.41,1.51,0.56,0.37,True,1,0,0,0
Metabat2.192,68.83,0.22,Gradient Boost (General Model),11,None,1318,1261,6,class,0.95,0.91,0.12,0.06,0.12,0.64,0.58,True,19,3,3,3
Metabat2.193,47.6,0.54,Neural Network (Specific Model),11,None,1158,1101,6,class,0.88,0.84,0.13,0.03,0.05,0.9,0.75,True,17,1,1,1
Metabat2.194,32.08,1.55,Neural Network (Specific Model),11,None,869,794,13,phylum,0.96,0.88,0.15,0.2,0.51,0.63,0.55,True,13,1,1,1
Metabat2.195,6.19,0.07,Neural Network (Specific Model),11,None,283,245,2,family,0.8,0.69,0.05,0.62,4.07,0.68,0.47,True,3,1,2,1
Metabat2.196,10.38,0.51,Neural Network (Specific Model),11,None,305,281,10,kingdom,1.0,0.92,0.18,0.15,0.35,0.69,0.63,True,3,0,0,0
Metabat2.197,14.44,0.02,Neural Network (Specific Model),11,None,298,290,2,kingdom,1.0,0.97,0.0,0.0,0.0,0.64,0.63,True,7,0,0,0
Metabat2.198,36.59,0.24,Neural Network (Specific Model),11,None,883,849,3,genus,0.77,0.74,0.03,0.22,0.61,0.63,0.47,True,12,0,0,0
Metabat2.199,8.68,0.0,Neural Network (Specific Model),11,None,368,296,15,genus,0.54,0.43,0.63,0.7,4.48,0.8,0.35,False,7,0,1,1
Metabat2.2,6.3,0.0,Neural Network (Specific Model),11,None,235,179,1,kingdom,1.0,0.76,0.0,0.03,0.07,0.56,0.42,True,2,0,0,0
Metabat2.20,97.78,1.56,Gradient Boost (General Model),11,None,2704,2492,2,kingdom,0.99,0.92,0.0,0.0,0.0,0.58,0.53,True,23,2,2,2
Metabat2.200,22.63,0.74,Neural Network (Specific Model),11,None,665,625,28,class,0.96,0.9,0.23,0.02,0.05,0.76,0.68,True,9,0,0,0
Metabat2.201,92.9,1.84,Gradient Boost (General Model),11,None,2348,1951,15,family,0.55,0.46,0.06,0.05,0.12,0.55,0.25,True,22,1,0,1
Metabat2.202,17.07,0.25,Neural Network (Specific Model),11,None,962,768,11,phylum,0.89,0.71,0.16,0.55,2.16,0.57,0.41,True,11,1,0,0
Metabat2.203,18.21,0.05,Neural Network (Specific Model),11,None,595,548,6,phylum,0.97,0.89,0.12,0.03,0.07,0.89,0.8,True,7,0,0,0
Metabat2.204,85.19,0.48,Neural Network (Specific Model),11,None,1839,1732,5,family,0.85,0.8,0.01,0.51,2.25,0.63,0.5,True,22,2,2,2
Metabat2.205,9.92,0.0,Neural Network (Specific Model),11,None,301,276,7,phylum,0.92,0.84,0.16,0.04,0.09,0.58,0.49,True,6,1,1,1
Metabat2.206,13.02,0.13,Neural Network (Specific Model),11,None,279,257,5,order,0.89,0.82,0.06,0.08,0.17,0.59,0.49,True,7,1,1,1
Metabat2.207,29.61,0.08,Neural Network (Specific Model),11,None,496,446,2,kingdom,1.0,0.9,0.0,0.0,0.0,0.52,0.46,True,17,2,2,2
Metabat2.208,96.88,0.12,Gradient Boost (General Model),11,None,1162,1120,1,kingdom,1.0,0.96,0.0,0.0,0.0,0.59,0.57,True,21,1,1,1
Metabat2.209,7.09,0.02,Neural Network (Specific Model),11,None,219,187,5,phylum,0.96,0.82,0.01,0.06,0.13,0.57,0.46,True,6,0,0,0
Metabat2.21,94.24,1.29,Gradient Boost (General Model),11,None,677,610,3,phylum,0.87,0.78,0.12,0.04,0.07,0.63,0.5,True,21,1,1,1
Metabat2.210,87.77,0.59,Neural Network (Specific Model),11,None,1973,1915,13,genus,0.95,0.92,0.33,0.03,0.07,0.97,0.89,True,22,3,0,3
Metabat2.22,64.65,1.69,Gradient Boost (General Model),11,None,2209,2109,9,phylum,0.94,0.9,0.13,0.07,0.16,0.73,0.66,True,15,1,1,1
Metabat2.23,8.03,0.01,Neural Network (Specific Model),11,None,292,253,3,family,0.71,0.62,0.03,0.76,5.61,0.58,0.36,True,1,1,0,0
Metabat2.24,13.72,0.6,Neural Network (Specific Model),11,None,881,649,44,phylum,0.93,0.68,0.52,0.28,0.77,0.61,0.42,False,4,0,0,0
Metabat2.25,54.22,0.04,Gradient Boost (General Model),11,None,1558,1503,2,genus,0.81,0.79,0.2,0.05,0.1,0.8,0.63,True,15,0,0,0
Metabat2.26,7.51,0.01,Neural Network (Specific Model),11,None,374,314,17,genus,0.58,0.48,0.48,0.52,2.15,0.85,0.41,False,4,0,0,0
Metabat2.27,69.86,2.8,Neural Network (Specific Model),11,None,1419,1296,15,phylum,0.93,0.85,0.07,0.25,0.67,0.56,0.48,True,20,1,1,1
Metabat2.28,61.72,0.14,Gradient Boost (General Model),11,None,1802,1682,11,genus,0.44,0.41,0.06,0.68,3.79,0.61,0.25,True,16,2,2,2
Metabat2.29,55.61,5.89,Gradient Boost (General Model),11,None,1716,1417,125,phylum,0.92,0.76,0.2,0.21,0.52,0.53,0.4,True,12,0,0,0
Metabat2.3,43.61,0.18,Neural Network (Specific Model),11,None,959,895,1,kingdom,0.98,0.92,0.0,0.0,0.0,0.55,0.51,True,10,0,0,0
Metabat2.30,67.91,5.93,Gradient Boost (General Model),11,None,2297,1917,117,phylum,0.95,0.79,0.32,0.07,0.16,0.58,0.46,True,17,0,0,1
Metabat2.31,12.92,0.82,Neural Network (Specific Model),11,None,414,337,28,genus,0.55,0.45,0.27,0.63,4.11,0.58,0.26,True,8,0,0,0
Metabat2.32,11.21,0.07,Neural Network (Specific Model),11,None,437,398,10,genus,0.7,0.63,0.41,0.72,4.46,0.74,0.47,True,2,1,1,1
Metabat2.33,5.75,0.0,Neural Network (Specific Model),11,None,334,244,13,order,0.69,0.5,0.44,0.55,2.91,0.59,0.29,True,2,0,0,0
Metabat2.34,29.45,0.07,Neural Network (Specific Model),11,None,598,533,3,genus,0.62,0.55,0.03,0.81,6.24,0.5,0.27,True,18,0,0,0
Metabat2.35,75.87,3.79,Gradient Boost (General Model),11,None,1982,1863,16,family,0.81,0.76,0.05,0.4,1.55,0.67,0.51,True,18,3,3,3
Metabat2.36,11.02,0.09,Neural Network (Specific Model),11,None,600,541,32,genus,0.55,0.49,0.78,0.09,0.21,0.78,0.39,False,7,0,0,0
Metabat2.37,99.29,0.42,Neural Network (Specific Model),11,None,1751,1674,2,class,0.93,0.89,0.01,0.05,0.11,0.69,0.61,True,23,2,2,2
Metabat2.38,15.6,0.41,Neural Network (Specific Model),11,None,463,409,12,family,0.67,0.59,0.3,0.22,0.61,0.67,0.4,True,2,0,0,0
Metabat2.39,8.11,0.67,Neural Network (Specific Model),11,None,246,224,7,kingdom,1.0,0.91,0.13,0.15,0.35,0.81,0.73,True,3,0,0,0
Metabat2.4,95.9,0.92,Neural Network (Specific Model),11,None,2396,2245,1,kingdom,1.0,0.94,0.0,0.06,0.12,0.78,0.73,True,19,2,2,2
Metabat2.40,19.77,0.07,Neural Network (Specific Model),11,None,699,599,27,phylum,0.89,0.76,0.14,0.34,0.98,0.5,0.38,True,10,1,1,1
Metabat2.41,25.57,0.05,Neural Network (Specific Model),11,None,349,290,9,class,0.78,0.65,0.07,0.13,0.31,0.56,0.36,True,11,1,0,1
Metabat2.42,5.18,0.03,Neural Network (Specific Model),11,None,378,239,12,family,0.73,0.46,0.07,0.82,10.42,0.51,0.23,True,1,0,0,0
Metabat2.43,45.5,0.01,Gradient Boost (General Model),11,None,476,399,5,class,0.88,0.74,0.02,0.55,2.46,0.49,0.36,True,8,0,0,0
Metabat2.44,9.67,0.0,Neural Network (Specific Model),11,None,232,207,12,phylum,0.92,0.82,0.2,0.41,1.1,0.51,0.42,True,3,0,0,0
Metabat2.45,35.75,1.17,Neural Network (Specific Model),11,None,1848,1677,109,order,0.85,0.77,0.44,0.03,0.06,0.75,0.57,True,17,2,2,2
Metabat2.46,90.26,1.83,Gradient Boost (General Model),11,None,2066,1915,10,class,0.93,0.86,0.06,0.03,0.06,0.66,0.56,True,21,1,1,1
Metabat2.47,87.96,0.04,Neural Network (Specific Model),11,None,1790,1702,8,class,0.96,0.92,0.03,0.03,0.07,0.92,0.84,True,22,2,2,2
Metabat2.48,76.21,7.4,Gradient Boost (General Model),11,None,3220,2849,92,class,0.83,0.73,0.4,0.05,0.1,0.69,0.5,True,19,0,0,0
Metabat2.49,91.91,27.12,Gradient Boost (General Model),11,None,4035,3429,38,order,0.77,0.65,0.11,0.38,1.22,0.58,0.38,True,23,4,4,4
Metabat2.5,10.22,0.13,Neural Network (Specific Model),11,None,337,319,2,family,0.83,0.79,0.05,0.53,1.44,0.69,0.54,True,0,0,0,0
Metabat2.50,8.39,0.24,Neural Network (Specific Model),11,None,349,284,24,phylum,0.9,0.74,0.18,0.04,0.08,0.58,0.43,True,0,0,0,0
Metabat2.51,25.32,0.0,Neural Network (Specific Model),11,None,488,426,5,phylum,0.97,0.85,0.02,0.31,0.91,0.52,0.44,True,18,1,1,1
Metabat2.52,7.95,0.0,Neural Network (Specific Model),11,None,617,518,44,phylum,0.86,0.72,0.23,0.07,0.15,0.58,0.42,True,4,0,0,0
Metabat2.53,36.71,3.56,Neural Network (Specific Model),11,None,1026,969,11,order,0.79,0.75,0.22,0.08,0.17,0.74,0.55,True,19,3,2,4
Metabat2.54,7.19,0.07,Neural Network (Specific Model),11,None,364,319,14,phylum,0.91,0.8,0.03,0.08,0.17,0.58,0.46,True,8,1,1,1
Metabat2.55,8.85,0.02,Neural Network (Specific Model),11,None,296,263,15,family,0.67,0.59,0.13,0.82,7.72,0.56,0.33,True,0,0,0,0
Metabat2.56,64.95,5.79,Gradient Boost (General Model),11,None,2036,1874,35,family,0.78,0.72,0.2,0.12,0.29,0.65,0.47,True,21,1,1,1
Metabat2.57,9.06,0.0,Neural Network (Specific Model),11,None,545,394,38,order,0.62,0.45,0.11,0.63,3.24,0.54,0.24,True,4,0,0,0
Metabat2.58,9.53,0.41,Neural Network (Specific Model),11,None,321,286,1,kingdom,0.99,0.88,0.0,0.0,0.0,0.61,0.54,True,3,0,0,0
Metabat2.59,56.6,4.72,Gradient Boost (General Model),11,None,1945,1668,112,phylum,0.82,0.7,0.15,0.51,2.57,0.53,0.37,True,12,0,0,0
Metabat2.6,8.28,0.11,Neural Network (Specific Model),11,None,271,183,1,kingdom,1.0,0.68,0.0,0.0,0.0,0.54,0.37,True,1,0,0,0
Metabat2.60,7.76,0.17,Neural Network (Specific Model),11,None,359,122,1,kingdom,1.0,0.34,0.0,0.04,0.09,0.42,0.14,True,17,0,0,0
Metabat2.61,31.71,0.01,Neural Network (Specific Model),11,None,829,744,27,class,0.92,0.82,0.04,0.28,0.76,0.55,0.46,True,14,0,0,0
Metabat2.62,38.54,1.06,Neural Network (Specific Model),11,None,1860,1401,102,phylum,0.79,0.59,0.19,0.09,0.21,0.58,0.35,True,15,1,0,0
Metabat2.63,4.92,0.02,Neural Network (Specific Model),11,None,329,273,16,phylum,0.9,0.75,0.27,0.09,0.21,0.66,0.5,True,0,0,0,0
Metabat2.64,59.11,18.4,Gradient Boost (General Model),11,None,6314,4910,320,order,0.7,0.55,0.23,0.35,1.06,0.62,0.34,True,15,0,0,0
Metabat2.65,19.2,1.85,Neural Network (Specific Model),11,None,1241,1102,56,family,0.75,0.67,0.08,0.51,2.52,0.62,0.42,True,9,0,0,0
Metabat2.66,45.64,0.53,Neural Network (Specific Model),11,None,664,487,26,family,0.57,0.42,0.06,0.39,1.24,0.49,0.21,True,16,1,0,1
Metabat2.67,6.87,0.24,Neural Network (Specific Model),11,None,276,200,8,class,0.88,0.64,0.47,0.52,2.02,0.64,0.41,False,4,0,0,0
Metabat2.68,5.13,0.14,Neural Network (Specific Model),11,None,293,240,12,kingdom,1.0,0.82,0.14,0.03,0.06,0.55,0.45,True,1,0,0,0
Metabat2.69,6.88,0.0,Neural Network (Specific Model),11,None,320,276,15,genus,0.72,0.62,0.05,0.62,2.56,0.59,0.37,True,2,0,0,0
Metabat2.7,17.57,0.01,Neural Network (Specific Model),11,None,315,300,2,phylum,0.99,0.94,0.04,0.03,0.06,0.61,0.57,True,13,0,0,0
Metabat2.70,45.44,1.29,Gradient Boost (General Model),11,None,4483,3022,159,kingdom,1.0,0.67,0.07,0.04,0.07,0.49,0.33,True,17,0,2,2
Metabat2.71,7.87,0.01,Neural Network (Specific Model),11,None,211,198,1,kingdom,1.0,0.94,0.0,0.02,0.04,0.63,0.59,True,1,1,0,1
Metabat2.72,70.26,6.45,Gradient Boost (General Model),11,None,2207,1952,81,phylum,0.89,0.79,0.05,0.03,0.06,0.55,0.43,True,21,2,2,1
Metabat2.73,6.41,0.0,Neural Network (Specific Model),11,None,399,359,32,phylum,0.91,0.82,0.69,0.04,0.08,0.68,0.56,False,0,0,0,0
Metabat2.74,73.44,0.63,Gradient Boost (General Model),11,None,1822,1704,23,phylum,0.95,0.89,0.11,0.03,0.06,0.64,0.57,True,18,2,2,2
Metabat2.75,6.11,0.02,Neural Network (Specific Model),4,None,486,414,39,family,0.92,0.78,0.58,0.03,0.07,0.88,0.69,False,4,0,0,0
Metabat2.76,9.13,0.1,Neural Network (Specific Model),11,None,429,360,7,genus,0.52,0.44,0.2,0.46,1.75,0.61,0.27,True,3,0,0,0
Metabat2.77,81.31,5.1,Gradient Boost (General Model),11,None,3120,2980,104,phylum,0.96,0.92,0.43,0.04,0.08,0.95,0.87,True,19,0,0,0
Metabat2.78,9.94,0.04,Neural Network (Specific Model),11,None,468,416,23,class,0.82,0.73,0.62,0.22,0.54,0.65,0.47,False,7,0,0,0
Metabat2.79,64.44,0.72,Gradient Boost (General Model),11,None,2172,1961,112,order,0.76,0.68,0.22,0.08,0.17,0.61,0.42,True,16,3,2,2
Metabat2.8,94.53,2.78,Gradient Boost (General Model),11,None,1589,1397,3,order,0.86,0.76,0.05,0.14,0.34,0.53,0.4,True,22,2,2,2
Metabat2.80,12.53,1.24,Neural Network (Specific Model),11,None,726,618,26,genus,0.63,0.54,0.21,0.1,0.24,0.61,0.33,True,10,0,0,0
Metabat2.81,9.26,0.01,Neural Network (Specific Model),11,None,574,497,30,family,0.72,0.63,0.14,0.23,0.64,0.63,0.39,True,4,0,1,1
Metabat2.82,52.89,1.11,Gradient Boost (General Model),11,None,655,560,26,phylum,0.82,0.7,0.03,0.78,6.86,0.53,0.37,True,11,0,0,0
Metabat2.83,15.68,0.04,Neural Network (Specific Model),11,None,379,369,2,kingdom,1.0,0.97,0.0,0.0,0.0,0.55,0.53,True,14,1,1,1
Metabat2.84,49.33,2.06,Neural Network (Specific Model),11,None,1241,1140,25,class,0.91,0.84,0.08,0.07,0.14,0.65,0.54,True,14,1,1,1
Metabat2.85,8.94,0.12,Neural Network (Specific Model),11,None,540,462,24,family,0.63,0.54,0.53,0.44,1.89,0.76,0.41,False,2,0,0,0
Metabat2.86,62.21,10.59,Gradient Boost (General Model),11,None,2166,1788,176,phylum,0.95,0.79,0.26,0.26,0.71,0.55,0.43,True,21,2,0,2
Metabat2.87,71.03,4.65,Gradient Boost (General Model),11,None,2929,2432,133,phylum,0.93,0.77,0.2,0.04,0.09,0.55,0.42,True,16,1,2,1
Metabat2.88,12.38,0.16,Neural Network (Specific Model),11,None,422,359,15,phylum,0.94,0.8,0.5,0.4,1.06,0.67,0.53,False,6,1,1,1
Metabat2.89,21.64,1.48,Neural Network (Specific Model),11,None,1327,1165,71,phylum,0.9,0.79,0.57,0.06,0.12,0.65,0.52,False,17,0,0,0
Metabat2.9,75.49,2.81,Gradient Boost (General Model),11,None,1937,1801,8,class,0.87,0.81,0.02,0.13,0.29,0.58,0.47,True,17,1,1,1
Metabat2.90,38.75,5.18,Neural Network (Specific Model),11,None,2083,1753,126,phylum,0.95,0.8,0.37,0.06,0.13,0.62,0.5,True,9,0,0,0
Metabat2.91,55.27,9.4,Gradient Boost (General Model),11,None,4404,3951,220,phylum,0.93,0.83,0.56,0.04,0.08,0.72,0.6,False,24,2,1,1
Metabat2.92,96.36,1.69,Gradient Boost (General Model),11,None,2052,1966,16,class,0.93,0.89,0.1,0.05,0.1,0.95,0.84,True,22,2,0,2
Metabat2.93,47.92,8.6,Gradient Boost (General Model),11,None,3946,3450,204,phylum,0.93,0.81,0.2,0.06,0.13,0.6,0.48,True,15,1,1,1
Metabat2.94,8.82,0.0,Neural Network (Specific Model),11,None,233,209,6,kingdom,1.0,0.9,0.0,0.0,0.0,0.54,0.48,True,8,0,0,0
Metabat2.95,91.89,0.1,Gradient Boost (General Model),11,None,2494,2339,25,family,0.84,0.78,0.06,0.34,1.17,0.62,0.49,True,22,4,4,4
Metabat2.96,4.13,0.0,Neural Network (Specific Model),11,None,192,173,17,genus,0.54,0.48,0.61,0.68,4.23,0.67,0.32,False,2,0,0,0
Metabat2.97,6.69,0.0,Neural Network (Specific Model),11,None,548,396,39,class,0.7,0.51,0.06,0.58,3.39,0.53,0.27,True,10,2,0,1
Metabat2.98,14.25,0.0,Neural Network (Specific Model),11,None,561,519,27,genus,0.72,0.67,0.17,0.12,0.29,0.68,0.45,True,6,0,0,0
Metabat2.99,49.2,0.0,Gradient Boost (General Model),11,None,300,260,2,phylum,0.95,0.82,0.04,0.13,0.29,0.52,0.43,True,2,1,1,1
