,Completeness,Contamination,Completeness_Model_Used,Translation_Table_Used,Additional_Notes,n_genes_called,n_genes_mapped,n_contigs,taxonomic_level,proportion_genes_retained_in_major_clades,genes_retained_index,clade_separation_score,contamination_portion,n_effective_surplus_clades,mean_hit_identity,reference_representation_score,pass.GUNC,tRNA,16S,5S,23S
10027,92.61,0.85,Gradient Boost (General Model),11,None,2413,2169,19,class,0.65,0.58,0.04,0.53,2.85,0.52,0.3,True,20,1,2,2
10034,98.0,0.1,Neural Network (Specific Model),11,None,2110,1995,2,kingdom,1.0,0.94,0.0,0.0,0.0,0.59,0.56,True,22,2,2,2
10097,97.18,2.52,Gradient Boost (General Model),11,None,1850,1658,14,class,0.91,0.82,0.03,0.68,3.99,0.52,0.43,True,22,2,2,2
10369,16.34,0.75,Neural Network (Specific Model),11,None,924,888,22,family,0.85,0.82,0.13,0.03,0.06,0.81,0.66,True,8,1,1,1
10447,10.24,0.11,Neural Network (Specific Model),11,None,370,142,1,kingdom,1.0,0.38,0.0,0.03,0.06,0.41,0.16,True,18,0,0,0
10474,98.58,2.8,Neural Network (Specific Model),11,None,3088,2972,15,family,0.84,0.81,0.02,0.55,2.59,0.71,0.57,True,22,2,2,2
1060,16.05,0.24,Neural Network (Specific Model),11,None,855,645,30,order,0.62,0.47,0.18,0.2,0.52,0.5,0.24,True,8,0,0,0
10757,78.81,87.16,Gradient Boost (General Model),11,None,9216,8132,205,genus,0.53,0.47,0.19,0.06,0.12,0.62,0.29,True,23,4,5,4
10804,84.59,3.27,Neural Network (Specific Model),11,None,2277,2194,11,order,0.91,0.88,0.05,0.24,0.62,0.66,0.58,True,22,1,1,1
1082,94.24,0.73,Gradient Boost (General Model),11,None,1954,1724,10,phylum,0.93,0.82,0.03,0.18,0.45,0.51,0.42,True,22,2,2,2
10952,99.66,96.97,Gradient Boost (General Model),11,None,11326,10524,183,genus,0.67,0.63,0.12,0.14,0.34,0.71,0.44,True,24,9,8,7
1097,47.65,3.32,Gradient Boost (General Model),11,None,1698,1482,41,class,0.9,0.78,0.08,0.04,0.07,0.58,0.45,True,18,1,1,1
10988,36.4,2.53,Neural Network (Specific Model),11,None,1901,1792,50,genus,0.72,0.68,0.14,0.16,0.41,0.75,0.51,True,7,1,1,1
11032,36.74,1.07,Neural Network (Specific Model),11,None,1702,1411,55,phylum,0.85,0.7,0.09,0.07,0.15,0.54,0.38,True,18,1,1,1
11911,8.2,0.77,Neural Network (Specific Model),11,None,477,358,17,phylum,0.86,0.65,0.08,0.66,4.43,0.52,0.34,True,3,0,0,0
12005,21.2,0.55,Neural Network (Specific Model),11,None,882,783,27,class,0.89,0.79,0.06,0.06,0.14,0.59,0.46,True,7,0,1,0
12010,88.77,2.31,Gradient Boost (General Model),11,None,2753,2417,34,phylum,0.81,0.71,0.04,0.16,0.39,0.51,0.36,True,23,2,1,1
12029,97.35,6.06,Gradient Boost (General Model),11,None,2359,2250,17,genus,0.43,0.41,0.03,0.61,3.22,0.59,0.24,True,24,4,3,3
12134,8.19,0.06,Neural Network (Specific Model),11,None,425,323,17,order,0.62,0.47,0.18,0.4,1.61,0.57,0.27,True,1,0,0,0
12170,14.4,0.28,Neural Network (Specific Model),11,None,413,397,1,kingdom,0.98,0.94,0.0,0.0,0.0,0.55,0.52,True,3,0,0,0
12198,7.69,0.05,Neural Network (Specific Model),11,None,276,234,1,kingdom,0.99,0.84,0.0,0.0,0.0,0.48,0.4,True,1,0,0,0
1220,31.33,0.21,Neural Network (Specific Model),11,None,910,801,30,family,0.84,0.74,0.11,0.3,0.94,0.59,0.44,True,14,1,1,1
12279,32.95,3.36,Neural Network (Specific Model),11,None,866,735,23,genus,0.59,0.5,0.07,0.21,0.54,0.56,0.28,True,10,0,0,0
12318,94.12,3.53,Gradient Boost (General Model),11,None,2178,1967,13,phylum,0.9,0.82,0.1,0.02,0.05,0.58,0.47,True,23,1,0,0
12440,11.26,0.01,Neural Network (Specific Model),11,None,458,417,12,genus,0.61,0.56,0.28,0.18,0.45,0.66,0.37,True,5,0,0,0
12446,97.66,1.35,Gradient Boost (General Model),11,None,3272,2730,1,kingdom,1.0,0.83,0.0,0.03,0.06,0.45,0.38,True,23,1,1,1
12629,92.21,1.11,Gradient Boost (General Model),11,None,2536,2391,42,class,0.91,0.85,0.13,0.06,0.13,0.62,0.53,True,23,1,1,1
12698,68.59,3.69,Gradient Boost (General Model),11,None,2072,1908,36,family,0.63,0.58,0.06,0.66,4.1,0.58,0.34,True,17,2,1,2
12779,23.78,2.42,Neural Network (Specific Model),11,None,2015,1585,92,phylum,0.82,0.65,0.11,0.5,2.13,0.54,0.35,True,13,2,0,0
12791,98.55,0.67,Neural Network (Specific Model),11,None,2244,2082,4,phylum,0.9,0.84,0.02,0.12,0.28,0.57,0.48,True,22,1,1,1
12985,72.16,22.89,Neural Network (Specific Model),11,None,3506,3286,145,kingdom,0.99,0.92,0.0,0.0,0.0,0.88,0.81,True,19,0,0,0
13149,27.84,0.02,Neural Network (Specific Model),11,None,636,592,15,class,0.94,0.87,0.11,0.12,0.27,0.63,0.55,True,15,2,2,2
13457,96.29,1.38,Neural Network (Specific Model),11,None,2392,2239,1,kingdom,1.0,0.94,0.0,0.06,0.13,0.77,0.73,True,19,2,2,2
13501,23.89,0.02,Neural Network (Specific Model),11,None,1025,908,28,phylum,0.91,0.81,0.12,0.12,0.28,0.59,0.47,True,7,0,0,0
13676,96.76,0.76,Gradient Boost (General Model),11,None,2182,1922,1,kingdom,1.0,0.88,0.0,0.0,0.0,0.56,0.5,True,21,2,1,2
13890,28.27,1.16,Neural Network (Specific Model),11,None,1324,1222,33,phylum,0.96,0.89,0.18,0.05,0.11,0.63,0.56,True,11,2,2,2
13935,72.59,0.17,Gradient Boost (General Model),11,None,1235,1117,9,genus,0.67,0.61,0.05,0.67,3.61,0.53,0.32,True,12,0,0,0
1394,96.38,1.05,Gradient Boost (General Model),11,None,3070,2903,17,class,0.93,0.88,0.03,0.15,0.38,0.72,0.63,True,22,2,2,2
14179,95.24,23.8,Gradient Boost (General Model),11,None,2330,2100,30,class,0.93,0.84,0.07,0.69,3.53,0.53,0.44,True,15,0,0,0
14214,11.56,0.09,Neural Network (Specific Model),11,None,258,250,2,phylum,0.93,0.9,0.05,0.13,0.3,0.61,0.55,True,6,0,0,0
14347,9.66,0.22,Neural Network (Specific Model),11,None,236,225,1,kingdom,1.0,0.95,0.0,0.0,0.0,0.66,0.63,True,5,1,1,1
1446,15.53,0.02,Neural Network (Specific Model),11,None,842,687,29,phylum,0.84,0.69,0.1,0.45,1.66,0.55,0.38,True,6,1,0,0
14468,9.98,0.67,Neural Network (Specific Model),11,None,446,295,14,kingdom,1.0,0.66,0.0,0.0,0.0,0.49,0.32,True,1,0,0,0
1480,94.54,0.25,Neural Network (Specific Model),11,None,1659,1609,5,class,0.97,0.94,0.03,0.02,0.05,0.77,0.72,True,23,2,2,2
14853,98.45,102.92,Gradient Boost (General Model),11,None,11843,10566,177,phylum,0.82,0.74,0.06,0.05,0.11,0.55,0.41,True,22,4,7,3
14902,31.68,2.86,Neural Network (Specific Model),11,None,1120,987,17,phylum,0.86,0.75,0.1,0.14,0.33,0.55,0.42,True,11,0,0,0
15073,95.94,8.78,Gradient Boost (General Model),11,None,2051,1931,25,genus,0.68,0.64,0.18,0.03,0.06,0.65,0.42,True,21,2,2,2
151,39.89,1.25,Gradient Boost (General Model),11,None,3007,2268,94,phylum,0.77,0.58,0.06,0.7,5.24,0.45,0.26,True,12,0,0,0
15182,94.63,86.45,Gradient Boost (General Model),11,None,4588,4283,40,order,0.89,0.83,0.09,0.24,0.65,0.65,0.54,True,22,2,4,2
15238,36.34,0.92,Neural Network (Specific Model),11,None,791,703,14,genus,0.62,0.55,0.05,0.79,6.26,0.49,0.27,True,6,0,0,0
1530,93.0,1.67,Gradient Boost (General Model),11,None,3323,2883,13,phylum,0.81,0.7,0.02,0.2,0.54,0.49,0.35,True,22,1,1,1
1544,62.53,2.99,Gradient Boost (General Model),11,None,4343,3598,65,phylum,0.8,0.66,0.02,0.75,6.23,0.49,0.33,True,21,3,0,3
15448,36.09,6.66,Neural Network (Specific Model),11,None,1125,1071,37,genus,0.88,0.84,0.16,0.1,0.23,0.89,0.75,True,13,1,1,1
1549,96.97,3.16,Neural Network (Specific Model),11,None,1909,1845,13,kingdom,1.0,0.97,0.14,0.03,0.05,0.96,0.92,True,20,0,2,0
1551,97.61,4.71,Gradient Boost (General Model),11,None,4184,3618,22,order,0.47,0.4,0.08,0.78,6.56,0.5,0.2,True,23,2,2,2
1556,62.58,2.97,Neural Network (Specific Model),11,None,1628,1522,41,phylum,0.97,0.91,0.12,0.14,0.33,0.67,0.61,True,18,1,1,1
15577,96.71,80.95,Gradient Boost (General Model),11,None,5091,4488,44,genus,0.58,0.51,0.17,0.06,0.13,0.61,0.31,True,22,3,5,4
15719,97.06,0.84,Gradient Boost (General Model),11,None,1193,1138,1,kingdom,1.0,0.95,0.0,0.0,0.0,0.59,0.57,True,21,1,1,1
1601,99.98,0.77,Neural Network (Specific Model),11,None,2567,2422,5,class,0.95,0.9,0.01,0.05,0.11,0.73,0.66,True,24,2,2,2
16013,25.28,0.72,Neural Network (Specific Model),11,None,893,799,1,kingdom,0.99,0.89,0.0,0.0,0.0,0.59,0.53,True,10,0,0,0
1602,54.4,2.76,Gradient Boost (General Model),11,None,1037,835,47,phylum,0.91,0.73,0.28,0.21,0.52,0.51,0.37,True,20,0,0,0
1616,44.03,0.99,Neural Network (Specific Model),11,None,4109,3225,150,order,0.59,0.46,0.13,0.1,0.23,0.54,0.25,True,15,0,1,1
16193,73.06,43.06,Gradient Boost (General Model),11,None,5206,4929,54,genus,0.71,0.67,0.09,0.2,0.52,0.69,0.46,True,21,5,4,4
16395,88.97,34.22,Neural Network (Specific Model),11,None,4383,4220,38,order,0.93,0.9,0.07,0.23,0.57,0.74,0.66,True,21,1,2,1
16417,52.14,2.92,Gradient Boost (General Model),11,None,575,489,13,phylum,0.75,0.64,0.05,0.76,5.14,0.58,0.37,True,16,1,0,2
1643,62.61,3.07,Gradient Boost (General Model),11,None,2701,2164,97,class,0.57,0.45,0.06,0.75,5.91,0.49,0.22,True,21,1,1,1
16444,7.76,0.01,Neural Network (Specific Model),11,None,424,378,15,genus,0.7,0.62,0.24,0.16,0.42,0.67,0.42,True,4,0,0,0
1645,56.28,5.05,Neural Network (Specific Model),11,None,2332,2210,53,genus,0.89,0.84,0.12,0.14,0.31,0.94,0.79,True,21,2,1,1
16474,97.12,68.25,Gradient Boost (General Model),11,None,6642,6127,36,family,0.73,0.68,0.08,0.17,0.43,0.65,0.44,True,22,1,2,1
16481,52.31,11.61,Gradient Boost (General Model),11,None,3274,2967,54,class,0.89,0.81,0.15,0.1,0.23,0.62,0.5,True,20,1,1,1
16582,11.23,0.97,Neural Network (Specific Model),11,None,533,430,17,class,0.65,0.52,0.11,0.69,5.67,0.52,0.27,True,0,0,0,0
16706,30.0,5.78,Neural Network (Specific Model),11,None,1443,1388,9,genus,0.6,0.57,0.09,0.32,1.03,0.7,0.4,True,10,2,2,2
1673,100.0,88.69,Gradient Boost (General Model),11,None,9247,8680,59,genus,0.46,0.43,0.1,0.15,0.36,0.58,0.25,True,22,3,2,2
17083,92.16,0.41,Gradient Boost (General Model),11,None,978,842,4,phylum,0.92,0.79,0.01,0.08,0.17,0.51,0.4,True,22,1,1,1
17086,8.57,0.0,Neural Network (Specific Model),11,None,566,521,17,genus,0.58,0.53,0.31,0.47,2.17,0.69,0.37,True,3,0,0,0
17088,8.66,0.06,Neural Network (Specific Model),11,None,680,620,18,order,0.88,0.81,0.09,0.18,0.46,0.62,0.5,True,9,1,1,1
17090,100.0,108.27,Gradient Boost (General Model),11,None,17213,15718,214,phylum,0.94,0.86,0.82,0.57,1.99,0.64,0.55,False,24,14,11,13
17100,5.14,0.0,Neural Network (Specific Model),11,None,292,245,12,phylum,0.9,0.76,0.14,0.15,0.37,0.58,0.44,True,7,0,0,0
17102,98.07,3.12,Gradient Boost (General Model),11,None,2403,2273,6,genus,0.71,0.67,0.03,0.14,0.35,0.67,0.45,True,23,5,4,4
17103,65.65,0.1,Gradient Boost (General Model),11,None,858,781,7,family,0.84,0.77,0.03,0.7,4.12,0.54,0.42,True,12,0,0,0
17105,23.26,1.08,Neural Network (Specific Model),11,None,587,554,7,family,0.81,0.76,0.02,0.43,1.78,0.61,0.47,True,8,0,0,0
17106,88.46,0.18,Gradient Boost (General Model),11,None,1802,1695,11,order,0.9,0.85,0.06,0.03,0.07,0.59,0.5,True,22,1,2,1
17108,7.38,0.36,Neural Network (Specific Model),11,None,430,333,17,order,0.58,0.45,0.09,0.65,3.2,0.51,0.23,True,0,0,0,0
17114,91.85,0.91,Gradient Boost (General Model),11,None,2639,2582,10,kingdom,1.0,0.98,0.0,0.0,0.0,0.95,0.93,True,21,0,0,0
17119,9.68,0.26,Neural Network (Specific Model),11,None,567,530,16,family,0.84,0.78,0.06,0.71,4.64,0.63,0.49,True,5,1,1,1
17131,22.3,0.23,Neural Network (Specific Model),11,None,723,575,21,genus,0.6,0.47,0.14,0.77,5.8,0.56,0.26,True,17,0,0,0
17140,18.4,0.02,Neural Network (Specific Model),11,None,622,518,18,genus,0.57,0.47,0.07,0.8,6.32,0.54,0.25,True,7,0,0,0
17142,12.73,0.1,Neural Network (Specific Model),11,None,275,243,11,phylum,0.92,0.81,0.23,0.35,0.89,0.62,0.5,True,1,0,0,0
17145,5.45,0.92,Neural Network (Specific Model),11,None,328,269,12,genus,0.57,0.46,0.13,0.68,4.4,0.72,0.34,True,1,0,0,0
17155,34.53,11.17,Neural Network (Specific Model),11,None,1909,1460,41,family,0.74,0.57,0.3,0.61,3.69,0.64,0.36,True,12,0,0,0
1728,59.78,1.6,Gradient Boost (General Model),11,None,1711,1559,47,phylum,0.83,0.76,0.08,0.05,0.1,0.55,0.42,True,18,0,0,0
1756,86.31,2.11,Gradient Boost (General Model),11,None,2196,2090,44,phylum,0.91,0.87,0.13,0.11,0.25,0.87,0.75,True,22,0,0,0
1762,100.0,1.17,Gradient Boost (General Model),11,None,2162,1969,11,class,0.88,0.8,0.01,0.22,0.55,0.54,0.43,True,22,1,1,1
1774,76.08,6.52,Neural Network (Specific Model),11,None,2591,2423,63,class,0.96,0.9,0.18,0.03,0.06,0.64,0.58,True,17,1,0,1
1779,33.29,1.66,Neural Network (Specific Model),11,None,2174,1650,87,phylum,0.81,0.62,0.06,0.71,5.88,0.47,0.29,True,19,1,0,0
1801,92.4,0.78,Gradient Boost (General Model),11,None,2317,2110,10,phylum,0.78,0.71,0.02,0.5,2.52,0.54,0.38,True,22,2,2,2
1808,95.13,0.06,Gradient Boost (General Model),11,None,1714,1596,14,phylum,0.94,0.87,0.02,0.02,0.05,0.58,0.5,True,18,1,1,2
1847,16.01,0.4,Neural Network (Specific Model),4,None,1640,1221,67,class,0.61,0.45,0.07,0.78,6.42,0.51,0.23,True,12,0,0,0
1884,11.39,0.07,Neural Network (Specific Model),11,None,712,526,34,phylum,0.79,0.59,0.03,0.65,4.44,0.49,0.29,True,5,2,0,0
1916,6.82,0.14,Neural Network (Specific Model),11,None,614,405,32,class,0.62,0.41,0.15,0.8,7.3,0.49,0.2,True,9,1,1,1
1974,91.63,2.33,Gradient Boost (General Model),11,None,4784,4376,48,phylum,0.87,0.79,0.06,0.2,0.52,0.6,0.48,True,21,1,1,1
1994,93.89,10.69,Gradient Boost (General Model),11,None,4478,3774,89,phylum,0.84,0.71,0.07,0.26,0.77,0.5,0.35,True,23,2,2,2
2017,97.36,5.19,Gradient Boost (General Model),11,None,2703,2535,13,phylum,0.84,0.79,0.04,0.1,0.23,0.54,0.43,True,23,4,4,4
2037,97.81,52.89,Neural Network (Specific Model),11,None,3729,3310,53,class,0.84,0.74,0.08,0.05,0.12,0.56,0.42,True,22,3,3,3
2076,23.78,0.38,Neural Network (Specific Model),11,None,1129,953,44,order,0.53,0.44,0.08,0.71,5.84,0.54,0.24,True,10,0,0,0
2099,24.56,0.71,Neural Network (Specific Model),11,None,941,774,35,class,0.73,0.6,0.12,0.81,6.09,0.54,0.32,True,4,0,0,0
2229,7.66,0.01,Neural Network (Specific Model),11,None,356,139,7,kingdom,1.0,0.39,0.0,0.03,0.06,0.41,0.16,True,15,0,0,0
2288,57.19,1.26,Neural Network (Specific Model),11,None,2655,2394,50,class,0.9,0.81,0.11,0.1,0.21,0.62,0.5,True,17,1,1,1
2295,89.62,0.17,Gradient Boost (General Model),11,None,2146,2029,23,genus,0.45,0.43,0.06,0.67,4.03,0.6,0.26,True,17,1,1,1
2385,98.3,0.85,Gradient Boost (General Model),11,None,1951,1806,3,order,0.82,0.76,0.01,0.08,0.17,0.54,0.41,True,22,2,2,2
2390,9.48,0.03,Neural Network (Specific Model),11,None,473,330,18,class,0.59,0.41,0.05,0.63,4.28,0.48,0.2,True,0,0,0,0
2393,97.49,53.36,Gradient Boost (General Model),11,None,1898,1626,32,class,0.73,0.62,0.01,0.77,6.17,0.52,0.33,True,21,2,0,2
2418,99.42,0.08,Gradient Boost (General Model),11,None,2218,2121,6,genus,0.59,0.56,0.04,0.35,1.15,0.66,0.37,True,22,1,1,1
2425,100.0,0.66,Gradient Boost (General Model),11,None,2636,2418,13,class,0.93,0.85,0.02,0.23,0.62,0.62,0.52,True,22,2,2,2
2426,92.74,0.01,Gradient Boost (General Model),11,None,1955,1837,7,class,0.94,0.88,0.01,0.28,0.72,0.56,0.49,True,22,3,3,3
2476,71.73,1.89,Gradient Boost (General Model),4,None,1028,717,15,phylum,0.83,0.58,0.02,0.18,0.46,0.52,0.3,True,14,0,0,0
2508,93.77,1.55,Gradient Boost (General Model),11,None,3540,3165,20,phylum,0.88,0.78,0.01,0.19,0.5,0.56,0.44,True,23,1,1,1
2510,70.67,2.72,Gradient Boost (General Model),11,None,2002,1836,59,family,0.86,0.79,0.1,0.35,1.16,0.67,0.53,True,18,3,0,2
2558,91.91,0.78,Gradient Boost (General Model),11,None,1604,1408,8,class,0.91,0.8,0.02,0.7,4.14,0.51,0.41,True,22,2,2,2
2577,99.09,1.01,Gradient Boost (General Model),11,None,2830,2641,6,class,0.82,0.76,0.03,0.06,0.12,0.6,0.46,True,23,1,1,1
26,93.03,0.86,Gradient Boost (General Model),11,None,3218,2738,14,order,0.55,0.47,0.01,0.47,2.22,0.51,0.24,True,20,0,0,0
2722,96.54,0.61,Gradient Boost (General Model),11,None,1185,1094,2,kingdom,1.0,0.92,0.0,0.04,0.08,0.49,0.45,True,22,1,1,1
2738,76.09,4.08,Gradient Boost (General Model),11,None,2116,1969,26,genus,0.59,0.55,0.05,0.26,0.71,0.64,0.35,True,20,2,2,2
2766,84.11,0.51,Gradient Boost (General Model),11,None,640,560,4,phylum,0.72,0.63,0.03,0.75,4.57,0.53,0.34,True,20,1,0,1
2783,23.26,1.21,Neural Network (Specific Model),11,None,762,671,38,family,0.89,0.78,0.17,0.13,0.32,0.64,0.5,True,10,2,1,1
2791,99.89,0.05,Gradient Boost (General Model),11,None,1171,1057,5,family,0.81,0.73,0.01,0.38,1.01,0.55,0.4,True,22,2,0,2
2810,87.79,2.99,Gradient Boost (General Model),11,None,2403,2351,48,family,0.95,0.93,0.08,0.04,0.08,0.95,0.88,True,23,2,2,2
2841,74.09,0.65,Gradient Boost (General Model),11,None,1949,1780,41,phylum,0.97,0.89,0.1,0.02,0.05,0.6,0.54,True,20,1,1,1
2889,100.0,48.47,Gradient Boost (General Model),11,None,4061,3900,120,family,0.83,0.8,0.23,0.32,0.82,0.72,0.58,True,23,6,4,8
2911,95.0,1.54,Gradient Boost (General Model),11,None,3695,3184,2,kingdom,0.99,0.86,0.0,0.0,0.0,0.57,0.49,True,23,1,0,1
2935,15.46,0.01,Neural Network (Specific Model),11,None,1012,930,41,kingdom,1.0,0.92,0.44,0.04,0.09,0.77,0.71,True,10,0,0,0
294,98.38,10.56,Gradient Boost (General Model),11,None,2931,2850,8,genus,0.78,0.76,0.38,0.04,0.09,0.87,0.66,True,25,2,2,2
297,83.72,1.22,Gradient Boost (General Model),11,None,1515,1403,17,family,0.73,0.68,0.05,0.45,1.86,0.56,0.38,True,23,2,2,2
3027,98.81,2.64,Gradient Boost (General Model),11,None,2551,2331,16,kingdom,1.0,0.91,0.03,0.02,0.04,0.57,0.52,True,23,4,4,4
3088,6.3,0.01,Neural Network (Specific Model),11,None,313,97,3,kingdom,1.0,0.31,0.0,0.08,0.18,0.39,0.12,True,5,0,0,0
3241,7.45,0.06,Neural Network (Specific Model),11,None,231,215,1,kingdom,1.0,0.93,0.0,0.0,0.0,0.65,0.61,True,1,0,0,0
3330,94.68,1.08,Gradient Boost (General Model),11,None,2255,1993,2,phylum,0.87,0.76,0.01,0.32,0.92,0.49,0.37,True,22,3,3,3
3372,95.95,2.88,Gradient Boost (General Model),11,None,2681,2373,3,kingdom,0.99,0.88,0.0,0.0,0.0,0.53,0.47,True,23,2,1,2
3536,95.19,2.35,Gradient Boost (General Model),11,None,1526,1356,1,kingdom,0.99,0.88,0.0,0.0,0.0,0.52,0.46,True,22,2,2,2
361,98.99,5.98,Gradient Boost (General Model),11,None,2586,2290,13,family,0.48,0.43,0.09,0.79,7.81,0.53,0.23,True,23,3,3,3
3638,93.78,76.6,Gradient Boost (General Model),11,None,5890,5467,86,genus,0.6,0.56,0.18,0.08,0.17,0.62,0.34,True,24,4,4,4
3759,39.56,3.55,Neural Network (Specific Model),11,None,1864,1641,74,order,0.86,0.76,0.14,0.11,0.25,0.58,0.44,True,12,1,1,1
3775,83.67,3.49,Neural Network (Specific Model),11,None,2276,2140,34,order,0.92,0.86,0.1,0.04,0.08,0.64,0.55,True,20,2,2,2
3783,93.45,0.01,Gradient Boost (General Model),11,None,2297,2174,17,family,0.8,0.76,0.05,0.29,0.89,0.63,0.47,True,22,1,1,1
3787,94.54,2.66,Gradient Boost (General Model),11,None,3009,2734,4,class,0.9,0.82,0.01,0.37,1.18,0.59,0.49,True,22,1,1,1
3792,22.42,0.1,Neural Network (Specific Model),11,None,1242,1149,51,family,0.88,0.81,0.3,0.03,0.06,0.73,0.59,True,12,0,0,0
380,87.94,1.28,Gradient Boost (General Model),11,None,872,761,8,kingdom,0.99,0.87,0.0,0.0,0.0,0.55,0.47,True,21,1,1,1
3841,98.65,39.84,Gradient Boost (General Model),11,None,4568,4208,89,class,0.92,0.85,0.04,0.07,0.15,0.6,0.51,True,23,3,4,3
3846,91.68,2.67,Gradient Boost (General Model),11,None,3522,2978,34,phylum,0.8,0.68,0.05,0.19,0.49,0.5,0.34,True,22,4,2,3
3862,98.52,0.44,Gradient Boost (General Model),11,None,2255,2126,12,order,0.89,0.84,0.02,0.5,1.51,0.57,0.48,True,19,1,0,0
3868,13.72,0.31,Neural Network (Specific Model),11,None,714,627,31,order,0.93,0.82,0.38,0.07,0.15,0.68,0.55,True,6,1,1,1
387,92.63,0.93,Gradient Boost (General Model),11,None,1073,804,27,phylum,0.94,0.7,0.02,0.15,0.37,0.49,0.35,True,22,2,1,1
3878,88.29,3.21,Gradient Boost (General Model),11,None,626,536,4,class,0.61,0.53,0.01,0.64,4.77,0.52,0.27,True,19,2,0,2
391,52.87,2.35,Gradient Boost (General Model),11,None,1746,1643,48,genus,0.72,0.68,0.25,0.03,0.07,0.7,0.47,True,17,1,1,1
3954,98.4,0.07,Gradient Boost (General Model),11,None,2733,2526,3,genus,0.62,0.58,0.01,0.45,1.5,0.58,0.34,True,23,2,2,2
3959,88.59,0.28,Gradient Boost (General Model),11,None,2020,1838,39,order,0.89,0.81,0.04,0.29,0.78,0.57,0.46,True,19,2,2,2
3960,84.06,21.42,Gradient Boost (General Model),11,None,2838,2562,68,order,0.81,0.73,0.14,0.54,1.99,0.6,0.44,True,17,0,0,0
3985,42.2,5.28,Gradient Boost (General Model),11,None,2802,2494,97,phylum,0.87,0.77,0.14,0.21,0.58,0.59,0.46,True,17,0,0,0
4063,67.9,10.99,Gradient Boost (General Model),11,None,4144,3619,111,order,0.86,0.75,0.07,0.21,0.53,0.56,0.42,True,21,0,0,0
4065,95.46,0.44,Gradient Boost (General Model),11,None,1414,1364,3,class,0.89,0.86,0.01,0.37,0.99,0.58,0.49,True,22,1,1,1
4086,25.29,0.97,Neural Network (Specific Model),11,None,1516,1250,59,kingdom,1.0,0.82,0.09,0.04,0.08,0.54,0.44,True,10,0,0,0
4117,60.81,1.23,Gradient Boost (General Model),11,None,1970,1886,59,class,0.95,0.91,0.43,0.04,0.08,0.68,0.62,True,11,1,2,1
4169,95.85,65.77,Gradient Boost (General Model),11,None,3887,3660,29,genus,0.55,0.51,0.08,0.34,1.19,0.63,0.32,True,24,2,3,2
4186,97.8,1.64,Gradient Boost (General Model),11,None,2596,2467,21,family,0.8,0.76,0.08,0.34,1.17,0.62,0.47,True,23,2,2,2
4229,42.09,0.41,Gradient Boost (General Model),11,None,1194,1111,40,genus,0.84,0.78,0.61,0.06,0.12,0.79,0.61,False,11,0,0,0
424,83.93,7.01,Gradient Boost (General Model),11,None,6227,4812,133,class,0.56,0.43,0.09,0.76,6.95,0.5,0.22,True,21,1,1,1
4245,37.44,4.77,Gradient Boost (General Model),11,None,1773,1638,50,genus,0.53,0.49,0.14,0.78,8.42,0.64,0.32,True,16,0,0,0
4375,99.7,21.14,Gradient Boost (General Model),11,None,3587,3329,48,order,0.76,0.7,0.13,0.09,0.19,0.61,0.43,True,23,1,1,1
4379,35.87,1.28,Neural Network (Specific Model),11,None,1713,1527,48,order,0.85,0.76,0.09,0.22,0.59,0.62,0.47,True,9,0,0,0
4399,83.27,0.04,Neural Network (Specific Model),11,None,1839,1669,8,order,0.89,0.81,0.05,0.08,0.18,0.58,0.47,True,17,0,0,0
4522,99.18,0.98,Neural Network (Specific Model),11,None,2312,2286,10,kingdom,1.0,0.99,0.0,0.0,0.0,0.97,0.96,True,22,2,2,2
4527,33.57,1.55,Neural Network (Specific Model),11,None,989,826,33,genus,0.55,0.46,0.39,0.44,1.46,0.61,0.28,True,16,1,0,1
4574,95.3,1.18,Neural Network (Specific Model),11,None,1633,1570,3,class,0.94,0.91,0.01,0.04,0.09,0.69,0.62,True,23,2,2,2
4585,13.83,0.05,Neural Network (Specific Model),11,None,823,636,66,phylum,0.83,0.65,0.17,0.53,2.39,0.5,0.32,True,5,0,0,0
4593,75.38,0.42,Gradient Boost (General Model),11,None,1611,1469,56,phylum,0.98,0.89,0.43,0.03,0.05,0.62,0.56,True,20,2,0,1
462,99.47,0.15,Gradient Boost (General Model),11,None,1489,1447,3,kingdom,0.99,0.97,0.0,0.0,0.0,0.63,0.6,True,22,2,2,2
4660,91.46,0.0,Gradient Boost (General Model),11,None,1307,1173,9,kingdom,1.0,0.9,0.0,0.0,0.0,0.53,0.48,True,23,1,3,2
4668,82.42,1.95,Gradient Boost (General Model),11,None,2178,2069,56,class,0.88,0.84,0.24,0.03,0.06,0.66,0.55,True,18,1,0,1
468,34.83,0.89,Neural Network (Specific Model),11,None,1491,1367,37,phylum,0.89,0.81,0.1,0.09,0.21,0.56,0.45,True,16,1,1,1
4684,44.8,4.17,Gradient Boost (General Model),11,None,1904,1680,48,family,0.87,0.77,0.04,0.56,2.91,0.65,0.5,True,18,1,1,1
4743,22.42,0.2,Neural Network (Specific Model),11,None,915,786,21,phylum,0.88,0.76,0.09,0.12,0.26,0.57,0.43,True,10,0,0,0
4767,58.75,0.02,Neural Network (Specific Model),11,None,1095,1062,12,kingdom,1.0,0.97,0.0,0.0,0.0,0.93,0.9,True,16,0,0,0
4779,32.43,0.57,Neural Network (Specific Model),11,None,1148,1098,27,class,0.97,0.93,0.08,0.04,0.09,0.84,0.79,True,8,1,0,0
479,54.4,2.39,Gradient Boost (General Model),11,None,1678,1631,73,order,0.97,0.94,0.18,0.04,0.09,0.96,0.91,True,14,2,2,2
4791,87.9,0.01,Neural Network (Specific Model),11,None,1650,1584,13,order,0.92,0.88,0.04,0.03,0.05,0.66,0.58,True,19,2,2,2
4815,94.53,1.57,Neural Network (Specific Model),11,None,2347,2219,14,kingdom,1.0,0.95,0.11,0.03,0.07,0.81,0.77,True,20,1,1,1
4842,14.52,0.66,Neural Network (Specific Model),11,None,799,726,24,genus,0.58,0.53,0.13,0.64,3.91,0.63,0.33,True,11,1,1,1
4869,86.05,0.0,Neural Network (Specific Model),11,None,1042,942,7,phylum,0.96,0.87,0.02,0.19,0.44,0.55,0.48,True,19,0,0,0
5001,37.79,1.95,Gradient Boost (General Model),11,None,2738,2147,116,order,0.58,0.45,0.21,0.13,0.32,0.58,0.27,True,14,0,0,0
5025,8.18,0.01,Neural Network (Specific Model),11,None,256,256,1,kingdom,1.0,1.0,0.0,0.0,0.0,0.97,0.97,True,5,0,0,0
5056,23.54,0.23,Neural Network (Specific Model),11,None,892,818,25,genus,0.66,0.6,0.18,0.06,0.12,0.65,0.39,True,12,1,1,0
5196,96.77,0.77,Gradient Boost (General Model),11,None,2920,2707,5,phylum,0.91,0.84,0.01,0.05,0.1,0.68,0.58,True,22,1,1,1
5225,78.19,0.74,Gradient Boost (General Model),11,None,1645,1575,8,family,0.83,0.79,0.05,0.36,1.2,0.62,0.49,True,22,0,0,0
5242,99.39,0.1,Gradient Boost (General Model),11,None,2127,2061,10,genus,0.6,0.58,0.25,0.09,0.21,0.66,0.38,True,22,3,3,3
533,87.28,3.28,Gradient Boost (General Model),11,None,2834,2538,79,genus,0.63,0.56,0.18,0.28,0.79,0.61,0.35,True,21,1,2,0
5374,15.69,2.57,Neural Network (Specific Model),11,None,536,485,21,family,0.8,0.73,0.14,0.17,0.43,0.61,0.44,True,4,0,0,0
538,93.85,0.0,Neural Network (Specific Model),11,None,2128,2095,45,kingdom,1.0,0.98,0.0,0.0,0.0,0.99,0.97,True,18,0,0,0
5479,47.18,2.16,Neural Network (Specific Model),11,None,1382,1295,26,genus,0.46,0.43,0.06,0.78,7.75,0.61,0.26,True,19,1,1,1
5549,9.27,0.02,Neural Network (Specific Model),11,None,322,302,15,order,0.95,0.89,0.18,0.14,0.32,0.91,0.81,True,11,1,1,1
558,11.19,0.05,Neural Network (Specific Model),11,None,686,539,33,class,0.77,0.6,0.23,0.24,0.62,0.56,0.33,True,10,0,0,0
5609,17.27,4.19,Neural Network (Specific Model),11,None,726,662,20,family,0.79,0.72,0.1,0.63,3.66,0.6,0.43,True,12,0,0,0
563,90.16,2.39,Gradient Boost (General Model),11,None,4028,3081,62,order,0.53,0.4,0.03,0.72,5.06,0.49,0.2,True,23,1,0,1
5640,96.62,0.06,Gradient Boost (General Model),11,None,1642,1557,1,kingdom,1.0,0.95,0.0,0.06,0.13,0.86,0.82,True,21,1,1,1
5664,80.83,0.14,Neural Network (Specific Model),11,None,2005,1894,12,family,0.87,0.82,0.04,0.4,1.59,0.65,0.53,True,19,1,0,0
5684,62.0,2.43,Gradient Boost (General Model),11,None,3646,3060,132,phylum,0.83,0.7,0.06,0.68,4.27,0.48,0.34,True,16,0,0,0
5702,32.7,0.19,Neural Network (Specific Model),11,None,1927,1798,47,family,0.93,0.87,0.17,0.19,0.49,0.82,0.71,True,10,0,0,0
5804,94.44,2.18,Gradient Boost (General Model),11,None,1653,1547,3,phylum,0.93,0.87,0.02,0.2,0.49,0.56,0.48,True,23,1,1,1
586,88.04,2.1,Gradient Boost (General Model),11,None,1861,1712,6,kingdom,1.0,0.92,0.01,0.04,0.08,0.49,0.45,True,22,1,1,1
5919,91.49,0.24,Gradient Boost (General Model),11,None,884,668,1,kingdom,1.0,0.76,0.0,0.23,0.55,0.47,0.36,True,20,1,0,1
592,92.48,0.04,Gradient Boost (General Model),11,None,2158,1826,15,family,0.57,0.49,0.02,0.06,0.12,0.55,0.27,True,21,1,0,1
598,42.45,0.59,Neural Network (Specific Model),11,None,2813,2106,74,class,0.55,0.41,0.04,0.71,5.78,0.47,0.2,True,18,1,1,1
6140,90.42,3.12,Neural Network (Specific Model),11,None,2839,2736,29,order,0.96,0.92,0.22,0.03,0.07,0.81,0.74,True,21,0,0,0
6166,97.72,0.56,Gradient Boost (General Model),11,None,669,604,2,kingdom,0.99,0.89,0.0,0.0,0.0,0.61,0.54,True,21,1,1,1
6178,97.01,13.62,Gradient Boost (General Model),11,None,2728,2511,33,phylum,0.9,0.83,0.05,0.03,0.05,0.58,0.48,True,22,2,2,2
6205,100.0,0.21,Gradient Boost (General Model),11,None,1654,1542,4,kingdom,1.0,0.93,0.0,0.0,0.0,0.6,0.56,True,22,2,2,2
622,79.92,1.21,Gradient Boost (General Model),11,None,2835,2161,95,phylum,0.84,0.64,0.04,0.54,2.58,0.51,0.32,True,20,1,1,1
637,90.75,1.42,Gradient Boost (General Model),11,None,3083,2875,39,class,0.84,0.78,0.06,0.03,0.06,0.63,0.49,True,23,1,1,1
643,76.52,3.67,Gradient Boost (General Model),11,None,2855,2326,88,phylum,0.85,0.7,0.06,0.18,0.47,0.52,0.36,True,21,1,1,1
6436,37.85,2.92,Neural Network (Specific Model),11,None,1043,971,1,kingdom,1.0,0.93,0.0,0.03,0.06,0.56,0.52,True,10,1,0,0
650,74.97,4.98,Gradient Boost (General Model),11,None,3491,2656,85,order,0.53,0.4,0.05,0.73,3.79,0.49,0.2,True,21,1,0,0
651,92.89,19.26,Gradient Boost (General Model),11,None,2766,2570,45,phylum,0.94,0.88,0.1,0.15,0.36,0.63,0.55,True,22,2,2,2
6586,12.24,0.17,Neural Network (Specific Model),11,None,1103,960,31,genus,0.55,0.48,0.16,0.65,2.72,0.61,0.29,True,10,1,0,0
6617,99.28,0.37,Neural Network (Specific Model),11,None,2078,2026,16,phylum,0.96,0.93,0.08,0.04,0.09,0.78,0.73,True,23,2,2,2
6679,9.29,0.02,Neural Network (Specific Model),11,None,352,307,1,kingdom,0.99,0.86,0.0,0.0,0.0,0.54,0.46,True,0,0,0,0
6746,40.03,1.64,Gradient Boost (General Model),11,None,1767,1647,45,genus,0.75,0.7,0.18,0.18,0.47,0.69,0.48,True,13,1,1,1
6859,89.97,5.57,Gradient Boost (General Model),11,None,1096,951,11,family,0.81,0.7,0.02,0.81,7.27,0.5,0.35,True,16,2,0,2
6923,8.46,0.15,Neural Network (Specific Model),11,None,273,250,1,kingdom,1.0,0.92,0.0,0.0,0.0,0.53,0.49,True,10,1,1,2
693,19.71,0.12,Neural Network (Specific Model),11,None,941,701,27,phylum,0.72,0.54,0.07,0.63,3.08,0.5,0.27,True,5,0,0,0
6951,95.14,0.04,Gradient Boost (General Model),11,None,582,505,2,kingdom,1.0,0.87,0.0,0.02,0.05,0.51,0.44,True,21,2,0,1
708,97.66,0.51,Neural Network (Specific Model),11,None,2593,2378,31,order,0.79,0.72,0.03,0.49,1.77,0.6,0.43,True,21,1,1,1
7086,99.4,77.65,Neural Network (Specific Model),11,None,2700,2176,48,phylum,0.81,0.65,0.14,0.12,0.27,0.56,0.37,True,22,3,0,3
7156,24.33,0.18,Neural Network (Specific Model),11,None,696,620,28,genus,0.6,0.54,0.13,0.12,0.27,0.61,0.33,True,13,1,1,1
722,99.28,1.6,Gradient Boost (General Model),11,None,1831,1778,7,class,0.94,0.92,0.05,0.04,0.09,0.95,0.87,True,22,2,0,2
727,43.79,0.71,Gradient Boost (General Model),11,None,2086,1482,56,order,0.6,0.43,0.15,0.29,0.77,0.51,0.22,True,16,1,0,1
7329,92.65,0.74,Gradient Boost (General Model),11,None,2693,2384,11,phylum,0.94,0.83,0.03,0.03,0.06,0.53,0.44,True,22,3,3,3
7330,47.62,1.06,Gradient Boost (General Model),11,None,1400,1312,11,class,0.93,0.87,0.03,0.09,0.21,0.61,0.53,True,19,1,1,1
738,92.83,0.67,Gradient Boost (General Model),11,None,2415,2288,20,order,0.92,0.87,0.06,0.05,0.11,0.65,0.56,True,18,1,1,1
7456,48.41,4.52,Gradient Boost (General Model),11,None,2232,1833,66,family,0.51,0.42,0.11,0.8,6.35,0.53,0.22,True,13,1,1,1
7461,14.22,0.08,Neural Network (Specific Model),11,None,541,477,20,class,0.79,0.7,0.2,0.08,0.17,0.62,0.43,True,7,1,1,0
7559,97.26,1.37,Gradient Boost (General Model),11,None,2078,1821,4,family,0.75,0.66,0.08,0.03,0.06,0.55,0.36,True,22,3,3,3
7596,14.05,0.04,Neural Network (Specific Model),11,None,379,328,1,kingdom,0.98,0.85,0.0,0.0,0.0,0.49,0.41,True,5,0,0,0
7629,44.67,0.45,Gradient Boost (General Model),11,None,2380,2056,81,phylum,0.8,0.69,0.05,0.48,1.93,0.51,0.35,True,18,0,0,0
7735,70.36,6.45,Neural Network (Specific Model),11,None,2345,2148,67,class,0.85,0.78,0.1,0.06,0.12,0.63,0.49,True,18,1,0,1
7758,69.17,6.05,Neural Network (Specific Model),11,None,2386,2349,33,order,0.96,0.95,0.11,0.06,0.13,0.94,0.89,True,18,0,0,0
7812,26.3,2.0,Neural Network (Specific Model),11,None,1038,993,37,genus,0.78,0.75,0.95,0.07,0.16,0.74,0.55,False,11,0,0,0
7836,6.27,0.47,Neural Network (Specific Model),11,None,431,346,22,family,0.52,0.42,0.25,0.41,1.63,0.54,0.23,True,0,0,0,0
798,45.84,2.35,Gradient Boost (General Model),11,None,3500,2782,112,phylum,0.79,0.63,0.05,0.58,2.83,0.5,0.31,True,20,1,0,1
7986,99.91,66.72,Neural Network (Specific Model),11,None,3876,3645,62,phylum,0.96,0.9,0.16,0.12,0.27,0.64,0.58,True,21,1,3,1
8017,96.08,57.42,Neural Network (Specific Model),11,None,6034,5774,96,family,0.89,0.85,0.17,0.08,0.16,0.73,0.62,True,22,3,3,3
8054,87.33,0.11,Neural Network (Specific Model),11,None,1690,1665,9,genus,0.95,0.94,0.37,0.02,0.05,0.98,0.92,True,22,1,0,1
8116,15.76,0.02,Neural Network (Specific Model),11,None,436,414,16,family,0.81,0.77,0.51,0.23,0.54,0.72,0.56,False,11,0,0,0
82,84.73,2.38,Gradient Boost (General Model),11,None,2809,2121,58,class,0.61,0.46,0.07,0.36,1.3,0.47,0.22,True,21,1,1,1
8204,30.61,1.84,Neural Network (Specific Model),11,None,512,458,15,class,0.87,0.78,0.03,0.04,0.07,0.66,0.51,True,9,0,0,1
8216,24.9,1.96,Neural Network (Specific Model),11,None,763,671,27,genus,0.52,0.46,0.34,0.21,0.56,0.61,0.28,True,10,0,0,0
8227,97.82,0.0,Neural Network (Specific Model),11,None,1917,1830,1,kingdom,1.0,0.95,0.0,0.0,0.0,0.65,0.62,True,22,1,1,1
8324,7.73,0.01,Neural Network (Specific Model),11,None,422,359,17,genus,0.52,0.45,0.22,0.39,1.39,0.56,0.25,True,7,0,0,0
836,30.81,3.85,Neural Network (Specific Model),11,None,1616,1360,58,phylum,0.95,0.8,0.08,0.07,0.15,0.55,0.44,True,14,0,0,0
8451,98.27,0.12,Gradient Boost (General Model),11,None,621,536,2,kingdom,0.99,0.85,0.0,0.0,0.0,0.52,0.44,True,20,1,0,2
850,90.97,4.13,Gradient Boost (General Model),11,None,3426,3169,39,order,0.85,0.78,0.04,0.15,0.35,0.58,0.45,True,22,4,4,4
8616,45.53,1.08,Neural Network (Specific Model),11,None,877,806,26,phylum,0.92,0.84,0.1,0.23,0.63,0.58,0.49,True,13,1,1,1
866,97.48,0.51,Gradient Boost (General Model),11,None,1910,1702,27,family,0.71,0.63,0.02,0.46,2.04,0.55,0.35,True,22,1,1,1
872,37.41,1.9,Neural Network (Specific Model),11,None,859,748,49,class,0.93,0.81,0.09,0.08,0.17,0.6,0.49,True,17,1,1,1
8857,7.11,0.02,Neural Network (Specific Model),11,None,345,252,22,class,0.71,0.52,0.24,0.61,3.22,0.53,0.27,True,4,0,0,0
8890,12.03,0.04,Neural Network (Specific Model),11,None,583,538,22,class,0.9,0.83,0.2,0.08,0.17,0.63,0.52,True,8,0,0,0
902,10.75,0.08,Neural Network (Specific Model),11,None,541,402,21,class,0.72,0.54,0.06,0.57,3.42,0.52,0.28,True,7,0,0,0
9046,7.85,0.07,Neural Network (Specific Model),11,None,256,229,1,kingdom,0.99,0.89,0.0,0.0,0.0,0.56,0.5,True,1,0,0,0
9063,12.78,1.39,Neural Network (Specific Model),11,None,988,441,52,kingdom,1.0,0.45,0.13,0.42,0.95,0.43,0.19,True,4,0,0,0
9395,94.12,32.75,Gradient Boost (General Model),11,None,5906,4815,118,class,0.74,0.6,0.07,0.19,0.48,0.55,0.33,True,22,3,3,3
9501,96.29,3.63,Gradient Boost (General Model),11,None,2092,1981,30,genus,0.43,0.41,0.04,0.43,1.77,0.58,0.23,True,23,2,2,2
9570,9.72,0.01,Neural Network (Specific Model),11,None,719,607,28,order,0.52,0.44,0.17,0.73,5.87,0.55,0.24,True,3,1,0,0
995,82.41,1.42,Gradient Boost (General Model),11,None,1862,1530,51,class,0.76,0.63,0.1,0.33,1.18,0.51,0.32,True,20,2,1,1
