,Completeness,Contamination,Completeness_Model_Used,Translation_Table_Used,Additional_Notes,n_genes_called,n_genes_mapped,n_contigs,taxonomic_level,proportion_genes_retained_in_major_clades,genes_retained_index,clade_separation_score,contamination_portion,n_effective_surplus_clades,mean_hit_identity,reference_representation_score,pass.GUNC,tRNA,16S,5S,23S
1,28.21,0.34,Neural Network (Specific Model),11,None,1009,870,25,genus,0.66,0.56,0.16,0.27,0.81,0.72,0.41,True,5,0,0,0
1003,6.71,0.0,Neural Network (Specific Model),11,None,188,185,1,kingdom,1.0,0.98,0.0,0.0,0.0,0.9,0.89,True,1,0,0,0
1021,81.4,0.06,Neural Network (Specific Model),11,None,2790,2706,6,kingdom,1.0,0.97,0.0,0.0,0.0,0.94,0.91,True,20,3,3,3
1027,55.53,4.42,Gradient Boost (General Model),11,None,6122,5719,46,kingdom,1.0,0.93,0.0,0.0,0.0,0.92,0.86,True,23,5,4,5
1033,10.57,0.03,Neural Network (Specific Model),11,None,361,354,1,kingdom,1.0,0.98,0.0,0.0,0.0,0.94,0.93,True,3,0,0,0
1198,99.98,1.43,Neural Network (Specific Model),11,None,2793,2607,8,order,0.95,0.89,0.05,0.22,0.51,0.94,0.84,True,22,7,1,7
1311,5.77,0.0,Neural Network (Specific Model),11,None,169,168,1,kingdom,1.0,0.99,0.0,0.0,0.0,0.95,0.94,True,2,0,0,0
1342,8.15,0.02,Neural Network (Specific Model),11,None,294,287,1,kingdom,1.0,0.98,0.0,0.0,0.0,0.96,0.94,True,2,0,0,0
1384,6.8,0.0,Neural Network (Specific Model),11,None,264,257,1,kingdom,1.0,0.97,0.0,0.0,0.0,0.96,0.93,True,4,0,0,0
1428,9.48,0.04,Neural Network (Specific Model),11,None,241,226,1,kingdom,1.0,0.94,0.0,0.0,0.0,0.91,0.86,True,1,0,0,0
1466,8.2,0.0,Neural Network (Specific Model),11,None,287,259,1,kingdom,1.0,0.9,0.0,0.0,0.0,0.75,0.67,True,0,0,0,0
1536,5.64,0.0,Neural Network (Specific Model),11,None,255,248,1,kingdom,1.0,0.97,0.0,0.0,0.0,0.97,0.94,True,1,0,0,0
1557,12.53,0.18,Neural Network (Specific Model),11,None,379,370,1,kingdom,1.0,0.98,0.0,0.0,0.0,0.94,0.92,True,4,1,1,1
160,98.27,0.26,Gradient Boost (General Model),11,None,2159,2099,1,kingdom,1.0,0.97,0.0,0.0,0.0,0.9,0.88,True,22,3,0,3
1649,5.11,0.01,Neural Network (Specific Model),11,None,264,248,1,kingdom,1.0,0.94,0.0,0.0,0.0,0.84,0.79,True,2,0,0,0
1721,83.99,13.33,Gradient Boost (General Model),11,None,3636,3224,44,family,0.91,0.81,0.04,0.34,0.95,0.72,0.58,True,23,4,5,5
178,83.91,3.41,Neural Network (Specific Model),11,None,3574,3396,36,kingdom,1.0,0.95,0.0,0.0,0.0,0.92,0.88,True,22,0,0,0
1809,99.96,2.97,Neural Network (Specific Model),11,None,3613,3462,6,family,0.92,0.89,0.05,0.05,0.11,0.93,0.82,True,22,5,5,5
185,86.12,0.01,Neural Network (Specific Model),11,None,3003,2905,16,genus,0.94,0.91,0.06,0.03,0.06,0.93,0.85,True,22,1,1,1
1851,98.27,16.16,Gradient Boost (General Model),11,None,4661,4409,17,family,0.92,0.87,0.03,0.16,0.38,0.93,0.81,True,23,9,5,10
188,98.46,0.23,Gradient Boost (General Model),11,None,2890,2802,6,family,0.92,0.89,0.01,0.57,1.76,0.73,0.66,True,22,5,5,5
1941,37.7,1.02,Neural Network (Specific Model),4,None,2244,2099,18,kingdom,1.0,0.94,0.0,0.0,0.0,0.92,0.86,True,12,1,0,1
1972,7.08,0.0,Neural Network (Specific Model),11,None,234,187,1,kingdom,1.0,0.8,0.0,0.0,0.0,0.68,0.55,True,0,0,0,0
20,89.32,1.85,Neural Network (Specific Model),11,None,5024,4925,40,kingdom,1.0,0.98,0.0,0.0,0.0,0.98,0.96,True,23,8,9,8
2095,80.01,6.97,Neural Network (Specific Model),11,None,5394,5135,52,family,0.92,0.87,0.13,0.18,0.47,0.86,0.75,True,24,2,0,2
2189,7.82,0.02,Neural Network (Specific Model),11,None,259,255,1,kingdom,1.0,0.98,0.0,0.0,0.0,0.91,0.9,True,2,0,0,0
2204,17.7,0.01,Neural Network (Specific Model),11,None,557,505,1,kingdom,1.0,0.91,0.0,0.0,0.0,0.72,0.66,True,1,0,0,0
221,34.03,4.14,Gradient Boost (General Model),11,None,8061,7554,12,kingdom,1.0,0.94,0.0,0.0,0.0,0.92,0.87,True,23,5,5,5
2287,100.0,0.27,Neural Network (Specific Model),11,None,2570,2419,1,kingdom,1.0,0.94,0.0,0.0,0.0,0.91,0.86,True,23,6,6,6
23,96.01,0.53,Neural Network (Specific Model),11,None,3624,3530,9,kingdom,1.0,0.97,0.0,0.0,0.0,0.94,0.91,True,22,4,4,4
233,96.95,0.04,Gradient Boost (General Model),11,None,2534,2485,4,family,0.93,0.91,0.02,0.22,0.55,0.93,0.85,True,21,3,3,3
236,4.09,0.0,Neural Network (Specific Model),11,None,585,520,14,genus,0.91,0.81,0.04,0.52,1.88,0.8,0.65,True,7,1,1,1
2368,7.99,0.0,Neural Network (Specific Model),11,None,330,319,1,kingdom,1.0,0.97,0.0,0.0,0.0,0.85,0.82,True,0,0,0,0
2397,86.64,0.32,Neural Network (Specific Model),11,None,2806,2726,22,kingdom,1.0,0.97,0.0,0.0,0.0,0.96,0.93,True,22,4,4,4
2526,5.72,0.01,Neural Network (Specific Model),11,None,271,248,1,kingdom,1.0,0.92,0.0,0.0,0.0,0.77,0.7,True,3,2,2,2
253,24.7,0.9,Neural Network (Specific Model),11,None,940,895,30,genus,0.96,0.91,0.04,0.08,0.17,0.95,0.87,True,6,0,0,0
2543,38.69,0.29,Neural Network (Specific Model),11,None,1186,1120,17,family,0.98,0.93,0.07,0.02,0.04,0.95,0.88,True,12,0,0,0
2546,7.02,0.33,Neural Network (Specific Model),11,None,216,213,1,kingdom,1.0,0.99,0.0,0.0,0.0,0.96,0.95,True,8,1,0,1
2550,7.41,0.17,Neural Network (Specific Model),11,None,305,296,1,kingdom,1.0,0.97,0.0,0.0,0.0,0.93,0.9,True,5,0,0,0
2615,4.91,0.0,Neural Network (Specific Model),11,None,190,186,1,kingdom,1.0,0.98,0.0,0.0,0.0,0.93,0.91,True,2,0,0,0
2673,4.03,0.1,Neural Network (Specific Model),11,None,239,220,2,phylum,1.0,0.92,0.1,0.08,0.18,0.87,0.8,True,0,0,0,0
2724,7.5,0.0,Neural Network (Specific Model),11,None,210,206,3,family,0.98,0.96,0.09,0.02,0.05,0.96,0.92,True,4,0,0,0
2752,5.84,0.0,Neural Network (Specific Model),11,None,219,211,1,kingdom,1.0,0.96,0.0,0.0,0.0,0.93,0.9,True,3,0,0,0
2786,49.71,1.89,Neural Network (Specific Model),11,None,1742,1682,12,family,0.98,0.94,0.02,0.28,0.78,0.78,0.74,True,18,1,1,1
2848,74.89,34.37,Neural Network (Specific Model),11,None,3818,3619,31,genus,0.8,0.76,0.02,0.64,3.11,0.72,0.54,True,17,0,0,0
2922,99.95,0.61,Neural Network (Specific Model),11,None,2406,2347,12,family,0.95,0.93,0.05,0.04,0.08,0.93,0.86,True,22,2,2,2
2923,100.0,56.84,Neural Network (Specific Model),11,None,6192,5977,19,kingdom,1.0,0.97,0.0,0.0,0.0,0.95,0.92,True,21,9,9,9
2924,5.67,0.0,Neural Network (Specific Model),11,None,289,269,5,genus,0.92,0.86,0.13,0.06,0.14,0.93,0.8,True,4,0,0,0
2925,4.01,0.0,Neural Network (Specific Model),11,None,454,336,6,kingdom,1.0,0.74,0.0,0.0,0.0,0.84,0.63,True,3,0,0,0
2926,76.8,0.17,Neural Network (Specific Model),11,None,2267,2204,6,genus,0.87,0.85,0.04,0.22,0.62,0.94,0.8,True,19,3,0,3
2927,87.87,0.4,Neural Network (Specific Model),11,None,1919,1862,9,family,0.94,0.91,0.03,0.03,0.07,0.94,0.86,True,23,3,3,3
2928,10.13,0.06,Neural Network (Specific Model),11,None,288,267,11,genus,0.97,0.9,0.41,0.03,0.06,0.92,0.83,True,4,0,0,0
2929,7.13,0.0,Neural Network (Specific Model),11,None,232,218,2,genus,0.93,0.87,0.01,0.05,0.1,0.95,0.83,True,4,0,0,0
2930,18.54,0.0,Neural Network (Specific Model),11,None,580,558,8,genus,0.96,0.92,0.01,0.2,0.46,0.92,0.85,True,7,0,0,0
2931,77.64,1.83,Neural Network (Specific Model),11,None,2434,2294,14,genus,0.89,0.84,0.07,0.07,0.16,0.95,0.8,True,19,1,0,1
2936,14.01,0.01,Neural Network (Specific Model),11,None,521,503,2,kingdom,1.0,0.97,0.0,0.0,0.0,0.94,0.91,True,4,0,0,0
2937,93.72,0.13,Gradient Boost (General Model),11,None,2800,2750,9,genus,0.91,0.89,0.05,0.03,0.07,0.97,0.86,True,20,3,0,3
2938,77.72,49.45,Neural Network (Specific Model),11,None,7133,6833,21,kingdom,1.0,0.96,0.0,0.0,0.0,0.92,0.88,True,19,3,3,3
2941,95.52,0.25,Gradient Boost (General Model),11,None,2725,2650,9,family,0.94,0.92,0.04,0.04,0.08,0.95,0.87,True,23,5,5,5
2942,34.24,0.2,Neural Network (Specific Model),11,None,895,875,8,kingdom,1.0,0.98,0.0,0.0,0.0,0.96,0.93,True,10,0,0,0
2943,12.56,0.05,Neural Network (Specific Model),11,None,396,367,5,family,0.98,0.91,0.06,0.08,0.19,0.89,0.81,True,8,0,0,0
2944,73.21,0.08,Neural Network (Specific Model),11,None,1697,1616,27,kingdom,1.0,0.95,0.0,0.0,0.0,0.94,0.89,True,20,1,0,1
2945,74.37,1.13,Neural Network (Specific Model),11,None,1504,1456,29,kingdom,1.0,0.97,0.0,0.0,0.0,0.96,0.93,True,19,1,0,1
305,27.37,2.18,Neural Network (Specific Model),11,None,2798,2117,35,genus,0.61,0.46,0.03,0.66,4.39,0.65,0.3,True,18,1,0,0
308,84.21,2.9,Neural Network (Specific Model),11,None,2622,2521,28,genus,0.85,0.82,0.17,0.03,0.06,0.88,0.73,True,23,5,3,4
321,8.94,0.0,Neural Network (Specific Model),11,None,232,227,1,kingdom,1.0,0.98,0.0,0.0,0.0,0.79,0.77,True,0,0,0,0
383,99.98,0.09,Neural Network (Specific Model),11,None,2418,2358,1,kingdom,1.0,0.98,0.0,0.0,0.0,0.95,0.92,True,23,7,7,7
385,8.32,0.0,Neural Network (Specific Model),11,None,343,305,1,kingdom,1.0,0.89,0.0,0.0,0.0,0.72,0.64,True,7,1,1,1
424,73.23,3.5,Gradient Boost (General Model),11,None,2320,2097,42,class,0.95,0.86,0.13,0.03,0.06,0.74,0.64,True,16,1,0,0
461,99.01,0.45,Gradient Boost (General Model),11,None,2547,2466,1,kingdom,1.0,0.97,0.0,0.0,0.0,0.92,0.89,True,23,5,5,5
47,80.03,0.93,Neural Network (Specific Model),11,None,3225,3098,11,family,0.95,0.91,0.08,0.05,0.1,0.94,0.86,True,22,2,2,2
555,22.26,0.18,Neural Network (Specific Model),11,None,816,741,24,class,0.96,0.87,0.1,0.03,0.06,0.73,0.63,True,11,0,0,0
58,6.65,0.41,Neural Network (Specific Model),11,None,313,301,1,kingdom,1.0,0.96,0.0,0.0,0.0,0.92,0.89,True,4,0,0,0
597,72.5,7.77,Gradient Boost (General Model),11,None,3173,2706,36,class,0.96,0.82,0.07,0.3,0.79,0.65,0.54,True,23,2,2,2
60,98.09,5.58,Gradient Boost (General Model),11,None,3996,3771,30,genus,0.94,0.88,0.26,0.04,0.08,0.96,0.85,True,22,0,0,0
642,95.03,2.81,Neural Network (Specific Model),11,None,4058,3930,8,genus,0.93,0.9,0.03,0.06,0.12,0.96,0.87,True,22,4,0,4
647,12.31,0.12,Neural Network (Specific Model),11,None,616,583,1,kingdom,1.0,0.95,0.0,0.0,0.0,0.87,0.82,True,5,0,0,0
716,99.99,1.15,Neural Network (Specific Model),11,None,4103,3935,4,genus,0.94,0.9,0.02,0.07,0.15,0.95,0.86,True,22,7,7,7
760,36.75,2.19,Neural Network (Specific Model),4,None,4378,4020,15,genus,0.91,0.83,0.25,0.04,0.08,0.9,0.75,True,23,4,3,3
773,16.08,6.05,Neural Network (Specific Model),11,None,1832,1654,24,family,0.97,0.87,0.32,0.08,0.17,0.89,0.78,True,9,2,0,1
776,99.95,1.55,Neural Network (Specific Model),11,None,3195,2929,8,genus,0.88,0.81,0.03,0.02,0.05,0.96,0.78,True,21,2,0,2
904,7.09,0.07,Neural Network (Specific Model),11,None,189,185,1,kingdom,1.0,0.98,0.0,0.0,0.0,0.92,0.9,True,2,0,0,0
