,Completeness,Contamination,Completeness_Model_Used,Translation_Table_Used,Additional_Notes,n_genes_called,n_genes_mapped,n_contigs,taxonomic_level,proportion_genes_retained_in_major_clades,genes_retained_index,clade_separation_score,contamination_portion,n_effective_surplus_clades,mean_hit_identity,reference_representation_score,pass.GUNC,tRNA,16S,5S,23S
1,99.17,7.94,Neural Network (Specific Model),11,None,3580,3346,22,kingdom,1.0,0.93,0.0,0.0,0.0,0.93,0.87,True,23,5,5,5
102,85.72,6.56,Gradient Boost (General Model),11,None,4238,3980,1,kingdom,1.0,0.94,0.0,0.0,0.0,0.91,0.86,True,23,5,1,5
109,9.41,0.06,Neural Network (Specific Model),11,None,508,442,9,genus,0.88,0.77,0.45,0.24,0.69,0.87,0.67,True,3,3,3,4
11,60.62,24.71,Gradient Boost (General Model),4,None,5326,4952,65,kingdom,1.0,0.93,0.0,0.0,0.0,0.92,0.85,True,22,1,2,1
112,99.98,0.51,Neural Network (Specific Model),11,None,2083,2031,1,kingdom,1.0,0.98,0.0,0.0,0.0,0.93,0.91,True,22,6,6,6
125,84.03,0.85,Neural Network (Specific Model),11,None,3554,3425,4,genus,0.94,0.91,0.03,0.11,0.23,0.97,0.88,True,22,5,5,5
13,76.94,1.55,Neural Network (Specific Model),11,None,4237,4089,47,genus,0.91,0.88,0.01,0.2,0.48,0.97,0.85,True,23,6,6,6
130,53.36,3.6,Gradient Boost (General Model),11,None,7155,6822,1,kingdom,1.0,0.95,0.0,0.0,0.0,0.93,0.89,True,23,6,0,6
141,38.7,2.22,Gradient Boost (General Model),11,None,3121,2821,1,kingdom,1.0,0.9,0.0,0.0,0.0,0.91,0.82,True,22,4,0,4
174,87.89,4.43,Neural Network (Specific Model),11,None,5477,5030,5,genus,0.93,0.86,0.49,0.03,0.05,0.93,0.8,False,24,7,8,7
175,97.33,0.04,Gradient Boost (General Model),11,None,3077,2862,3,family,0.89,0.83,0.01,0.41,1.19,0.76,0.63,True,23,7,7,7
19,5.51,0.0,Neural Network (Specific Model),11,None,458,410,13,kingdom,1.0,0.9,0.0,0.0,0.0,0.89,0.8,True,2,0,0,0
200,15.53,0.11,Neural Network (Specific Model),11,None,476,261,1,kingdom,0.99,0.54,0.0,0.0,0.0,0.44,0.24,True,19,0,0,0
229,99.72,104.83,Neural Network (Specific Model),11,None,15716,15004,31,class,0.99,0.94,0.96,0.16,0.37,0.94,0.89,False,23,24,20,24
241,15.67,0.01,Neural Network (Specific Model),11,None,379,373,1,kingdom,1.0,0.98,0.0,0.0,0.0,0.94,0.92,True,1,1,0,1
246,92.43,1.12,Neural Network (Specific Model),11,None,4756,4611,8,family,0.94,0.91,0.63,0.1,0.21,0.96,0.87,False,23,5,5,5
263,98.97,3.18,Gradient Boost (General Model),11,None,3776,3590,14,genus,0.76,0.72,0.08,0.66,3.63,0.74,0.54,True,23,6,6,6
265,100.0,90.06,Neural Network (Specific Model),11,None,4100,3864,2,kingdom,1.0,0.94,0.0,0.0,0.0,0.93,0.88,True,23,9,0,9
270,44.09,4.15,Gradient Boost (General Model),11,None,5415,5051,27,kingdom,1.0,0.93,0.0,0.0,0.0,0.93,0.87,True,23,6,6,6
28,81.96,4.46,Neural Network (Specific Model),11,None,4917,4595,21,order,0.98,0.92,0.13,0.07,0.15,0.94,0.86,True,23,5,5,5
290,95.18,108.1,Neural Network (Specific Model),11,None,17202,16228,149,genus,0.79,0.75,0.24,0.55,1.85,0.84,0.63,True,24,21,19,21
291,33.42,4.74,Neural Network (Specific Model),11,None,1040,1023,8,family,0.96,0.94,0.07,0.16,0.4,0.84,0.8,True,7,1,0,1
293,9.08,0.0,Neural Network (Specific Model),11,None,444,419,9,genus,0.93,0.87,0.4,0.14,0.34,0.95,0.83,True,14,0,0,0
298,99.97,1.43,Neural Network (Specific Model),11,None,4137,3954,4,family,0.94,0.89,0.05,0.09,0.19,0.95,0.85,True,22,7,7,7
307,4.59,0.01,Neural Network (Specific Model),4,None,613,496,8,genus,0.91,0.73,0.34,0.38,1.3,0.84,0.62,True,2,0,0,0
308,100.0,47.44,Gradient Boost (General Model),11,None,20946,19450,102,kingdom,1.0,0.93,0.0,0.0,0.0,0.92,0.85,True,23,9,9,9
314,99.99,0.21,Neural Network (Specific Model),11,None,2696,2579,6,order,0.96,0.92,0.04,0.27,0.64,0.94,0.86,True,22,7,7,7
47,99.96,6.19,Neural Network (Specific Model),11,None,5736,5530,4,family,0.89,0.86,0.01,0.18,0.48,0.86,0.74,True,23,5,0,5
6,44.54,2.89,Gradient Boost (General Model),11,None,5927,5630,10,family,0.95,0.9,0.01,0.11,0.23,0.93,0.84,True,23,4,0,4
68,93.92,16.46,Gradient Boost (General Model),11,None,8446,7818,26,genus,0.84,0.77,0.67,0.4,1.01,0.93,0.72,False,24,10,6,10
71,39.15,3.18,Neural Network (Specific Model),4,None,3708,3120,30,kingdom,1.0,0.84,0.0,0.0,0.0,0.85,0.71,True,14,0,0,0
73,100.0,103.36,Gradient Boost (General Model),11,None,21870,20430,256,family,0.92,0.86,1.0,0.31,0.91,0.91,0.78,False,25,19,19,19
75,25.71,0.78,Neural Network (Specific Model),4,None,3105,2708,45,genus,0.87,0.76,0.74,0.15,0.36,0.89,0.67,False,6,0,0,0
76,99.8,0.36,Neural Network (Specific Model),11,None,3638,3499,2,kingdom,1.0,0.96,0.0,0.0,0.0,0.81,0.78,True,22,7,7,7
77,14.86,0.09,Neural Network (Specific Model),4,None,714,609,16,family,0.98,0.84,1.0,0.14,0.33,0.88,0.74,False,1,0,0,0
80,94.58,2.62,Neural Network (Specific Model),11,None,4785,4468,1,kingdom,1.0,0.93,0.0,0.0,0.0,0.9,0.84,True,22,6,0,6
86,8.43,0.0,Neural Network (Specific Model),11,None,289,272,2,kingdom,1.0,0.94,0.0,0.0,0.0,0.91,0.86,True,1,0,0,0
94,7.35,0.01,Neural Network (Specific Model),4,None,615,370,9,phylum,0.99,0.6,0.05,0.02,0.04,0.63,0.38,True,7,1,0,1
96,99.93,0.25,Neural Network (Specific Model),11,None,3521,3463,5,genus,0.96,0.94,0.08,0.03,0.06,0.96,0.91,True,22,4,5,4
97,80.78,5.14,Gradient Boost (General Model),11,None,4946,4628,2,kingdom,1.0,0.94,0.0,0.0,0.0,0.89,0.83,True,22,4,0,4
