,Completeness,Contamination,Completeness_Model_Used,Translation_Table_Used,Additional_Notes,n_genes_called,n_genes_mapped,n_contigs,taxonomic_level,proportion_genes_retained_in_major_clades,genes_retained_index,clade_separation_score,contamination_portion,n_effective_surplus_clades,mean_hit_identity,reference_representation_score,pass.GUNC,tRNA,16S,5S,23S
1,88.7,18.56,Neural Network (Specific Model),11,None,1572,1418,24,kingdom,1.0,0.9,0.11,0.12,0.28,0.6,0.54,True,17,2,3,1
100,96.2,48.04,Gradient Boost (General Model),11,None,3384,2952,77,phylum,0.96,0.84,0.11,0.28,0.67,0.66,0.56,True,23,7,0,3
1020,90.37,1.74,Neural Network (Specific Model),11,None,2478,2291,14,genus,0.83,0.76,0.04,0.18,0.46,0.71,0.54,True,22,3,4,4
1033,89.49,24.66,Gradient Boost (General Model),11,None,2416,2023,32,genus,0.64,0.54,0.04,0.63,4.16,0.56,0.3,True,22,2,5,5
1034,27.72,0.0,Neural Network (Specific Model),11,None,683,639,3,phylum,0.92,0.86,0.03,0.02,0.05,0.57,0.49,True,4,0,0,0
1035,17.68,7.22,Neural Network (Specific Model),11,None,658,608,8,phylum,0.97,0.89,0.02,0.06,0.12,0.66,0.59,True,2,1,1,1
1036,34.99,0.83,Neural Network (Specific Model),11,None,909,799,17,phylum,0.98,0.86,0.12,0.14,0.32,0.66,0.57,True,14,2,0,1
1041,99.06,57.35,Gradient Boost (General Model),11,None,3854,3407,25,phylum,0.94,0.83,0.21,0.18,0.42,0.55,0.46,True,22,3,4,4
1049,27.65,0.26,Neural Network (Specific Model),11,None,827,697,16,family,0.82,0.69,0.03,0.62,3.63,0.58,0.4,True,12,3,2,2
1052,83.36,5.49,Neural Network (Specific Model),11,None,4684,4436,57,family,0.95,0.9,0.2,0.02,0.05,0.95,0.85,True,23,6,5,6
1072,34.69,1.17,Neural Network (Specific Model),11,None,1362,1152,29,genus,0.66,0.56,0.02,0.69,4.68,0.59,0.33,True,12,0,0,0
1083,98.96,0.75,Gradient Boost (General Model),11,None,2748,2664,2,kingdom,1.0,0.97,0.0,0.0,0.0,0.65,0.63,True,22,4,0,4
1085,18.53,0.38,Neural Network (Specific Model),11,None,638,529,19,order,0.83,0.69,0.06,0.43,1.49,0.52,0.36,True,6,1,1,0
109,32.09,5.08,Neural Network (Specific Model),11,None,1088,990,26,genus,0.78,0.71,0.09,0.27,0.8,0.69,0.49,True,13,1,2,1
1092,10.46,1.66,Neural Network (Specific Model),11,None,839,743,15,genus,0.79,0.7,0.24,0.63,4.11,0.81,0.56,True,1,0,0,0
1095,96.83,0.84,Neural Network (Specific Model),11,None,2214,2090,4,family,0.86,0.81,0.01,0.34,1.03,0.67,0.55,True,22,3,3,3
1101,71.81,13.62,Neural Network (Specific Model),11,None,4209,3362,58,phylum,0.98,0.78,0.21,0.03,0.07,0.71,0.55,True,16,3,0,3
1106,9.4,0.05,Neural Network (Specific Model),11,None,258,241,1,kingdom,0.99,0.92,0.0,0.0,0.0,0.59,0.54,True,4,0,0,0
1107,49.49,0.85,Gradient Boost (General Model),11,None,935,740,18,class,0.86,0.68,0.07,0.47,1.51,0.55,0.38,True,9,1,1,1
1110,97.9,33.78,Gradient Boost (General Model),11,None,1976,1408,19,phylum,0.95,0.68,0.01,0.16,0.39,0.48,0.33,True,22,4,0,2
1113,44.72,0.87,Gradient Boost (General Model),11,None,1393,1158,29,phylum,0.93,0.78,0.06,0.02,0.05,0.55,0.43,True,14,2,3,2
1114,7.12,5.22,Neural Network (Specific Model),11,None,301,284,6,kingdom,1.0,0.94,0.0,0.0,0.0,0.69,0.65,True,0,0,0,0
1117,30.11,0.42,Neural Network (Specific Model),11,None,774,712,13,order,0.89,0.82,0.05,0.13,0.3,0.57,0.47,True,12,1,1,1
113,77.95,3.81,Gradient Boost (General Model),11,None,2630,2217,44,order,0.91,0.77,0.06,0.38,0.89,0.68,0.52,True,20,2,2,2
1140,97.12,6.4,Gradient Boost (General Model),11,None,2082,1982,3,kingdom,1.0,0.95,0.0,0.0,0.0,0.67,0.64,True,22,2,2,2
1150,99.26,0.18,Gradient Boost (General Model),11,None,2687,2557,3,class,0.91,0.87,0.01,0.06,0.13,0.63,0.55,True,22,4,4,4
116,57.73,11.13,Gradient Boost (General Model),11,None,2142,979,30,kingdom,1.0,0.46,0.0,0.15,0.33,0.45,0.2,True,0,0,0,0
1163,9.69,0.01,Neural Network (Specific Model),11,None,439,397,12,genus,0.66,0.6,0.11,0.42,1.76,0.59,0.35,True,8,0,0,0
1167,10.26,1.84,Neural Network (Specific Model),11,None,406,370,12,phylum,0.92,0.84,0.05,0.11,0.26,0.54,0.46,True,6,0,0,0
117,45.07,0.82,Neural Network (Specific Model),11,None,1231,1047,21,class,0.87,0.74,0.07,0.41,1.25,0.55,0.41,True,11,0,2,2
1187,18.21,1.24,Neural Network (Specific Model),11,None,877,707,21,class,0.91,0.73,0.09,0.19,0.46,0.53,0.39,True,6,0,0,0
119,42.81,0.3,Neural Network (Specific Model),11,None,1937,1856,49,genus,0.9,0.86,0.19,0.12,0.27,0.94,0.81,True,16,1,0,1
1197,10.55,0.03,Neural Network (Specific Model),11,None,307,235,10,order,0.79,0.61,0.14,0.16,0.38,0.57,0.35,True,7,1,0,0
12,95.9,103.34,Neural Network (Specific Model),11,None,13214,12759,176,genus,0.92,0.89,0.74,0.26,0.68,0.95,0.85,False,23,20,18,18
1201,14.81,0.0,Neural Network (Specific Model),11,None,415,347,14,order,0.85,0.71,0.07,0.09,0.21,0.55,0.39,True,4,0,0,0
1202,8.05,0.18,Neural Network (Specific Model),11,None,575,331,10,family,0.82,0.47,0.04,0.79,6.89,0.47,0.22,True,4,0,1,0
1232,13.23,0.0,Neural Network (Specific Model),11,None,593,536,14,class,0.92,0.83,0.09,0.03,0.06,0.64,0.53,True,9,0,0,0
1241,96.89,5.66,Gradient Boost (General Model),11,None,1997,1847,11,phylum,0.98,0.91,0.02,0.02,0.04,0.61,0.56,True,22,2,2,2
1243,7.66,0.9,Neural Network (Specific Model),11,None,320,117,2,kingdom,1.0,0.37,0.0,0.03,0.05,0.4,0.15,True,3,0,0,0
1250,28.1,0.74,Neural Network (Specific Model),11,None,2096,1831,36,class,0.9,0.79,0.07,0.33,0.96,0.62,0.49,True,12,1,0,1
1252,35.12,0.21,Neural Network (Specific Model),11,None,931,842,17,family,0.88,0.8,0.12,0.31,0.99,0.65,0.52,True,8,0,1,1
1256,8.1,0.03,Neural Network (Specific Model),11,None,483,470,14,family,0.96,0.94,0.41,0.04,0.07,0.96,0.9,True,0,0,0,0
1261,34.41,0.99,Neural Network (Specific Model),11,None,838,768,21,genus,0.61,0.56,0.08,0.64,3.64,0.64,0.36,True,13,2,2,1
1263,83.87,111.42,Neural Network (Specific Model),11,None,16705,15303,88,order,0.94,0.86,0.32,0.03,0.05,0.63,0.54,True,22,27,26,26
1265,5.22,0.02,Neural Network (Specific Model),11,None,198,163,13,class,0.97,0.8,0.14,0.08,0.18,0.63,0.5,True,0,0,0,0
1266,94.52,67.73,Gradient Boost (General Model),11,None,5512,4815,28,genus,0.67,0.58,0.02,0.74,5.38,0.58,0.34,True,23,5,4,5
1267,98.41,2.39,Gradient Boost (General Model),11,None,2779,2643,1,kingdom,1.0,0.95,0.0,0.0,0.0,0.67,0.63,True,23,4,0,4
127,5.88,0.48,Neural Network (Specific Model),11,None,271,255,5,class,0.95,0.89,0.01,0.04,0.09,0.64,0.57,True,1,0,0,0
1271,7.98,0.0,Neural Network (Specific Model),11,None,266,253,12,genus,0.89,0.85,0.44,0.19,0.48,0.7,0.59,True,2,0,0,0
128,13.94,0.01,Neural Network (Specific Model),11,None,471,396,12,family,0.87,0.73,0.05,0.55,2.53,0.57,0.42,True,4,0,0,0
1283,35.17,1.91,Neural Network (Specific Model),11,None,1073,926,5,genus,0.56,0.48,0.04,0.81,7.67,0.56,0.27,True,8,0,0,0
1296,54.48,5.14,Neural Network (Specific Model),11,None,2117,1875,35,family,0.92,0.81,0.05,0.29,0.83,0.66,0.53,True,20,4,3,3
1298,78.95,0.4,Gradient Boost (General Model),11,None,2532,2347,13,genus,0.69,0.64,0.02,0.81,8.89,0.64,0.41,True,17,1,1,1
1303,100.0,0.74,Gradient Boost (General Model),11,None,948,721,1,kingdom,0.99,0.76,0.0,0.0,0.0,0.48,0.36,True,23,2,0,1
1304,20.04,0.11,Neural Network (Specific Model),11,None,285,202,8,kingdom,1.0,0.71,0.0,0.0,0.0,0.49,0.34,True,10,0,0,0
1308,8.91,0.04,Neural Network (Specific Model),11,None,309,294,2,kingdom,1.0,0.95,0.0,0.0,0.0,0.62,0.59,True,0,0,0,0
1311,13.28,0.0,Neural Network (Specific Model),11,None,405,351,4,genus,0.63,0.55,0.01,0.73,5.07,0.61,0.33,True,6,0,0,0
1318,76.03,2.18,Gradient Boost (General Model),11,None,1537,1350,9,family,0.87,0.77,0.01,0.7,4.38,0.59,0.46,True,20,2,0,2
132,64.63,0.47,Gradient Boost (General Model),11,None,1593,1345,26,family,0.85,0.72,0.05,0.51,2.63,0.56,0.4,True,20,4,4,4
1328,85.0,5.68,Gradient Boost (General Model),11,None,1584,1514,18,class,0.97,0.93,0.04,0.13,0.31,0.91,0.85,True,22,3,0,3
133,23.25,0.08,Neural Network (Specific Model),11,None,709,582,17,class,0.92,0.75,0.03,0.19,0.47,0.57,0.43,True,11,0,0,0
1330,18.86,3.24,Neural Network (Specific Model),11,None,1101,758,26,class,0.71,0.49,0.11,0.72,5.45,0.47,0.23,True,6,0,0,0
1343,9.93,0.04,Neural Network (Specific Model),11,None,455,399,13,class,0.93,0.82,0.31,0.02,0.05,0.64,0.52,True,8,3,2,2
1349,82.93,12.59,Gradient Boost (General Model),11,None,2738,2509,34,class,0.93,0.85,0.04,0.4,0.98,0.64,0.54,True,21,2,2,2
135,97.1,99.99,Gradient Boost (General Model),11,Low confidence prediction - substantial (27%) disagreement between completeness prediction models,7185,6243,83,phylum,0.96,0.84,0.04,0.03,0.07,0.56,0.47,True,22,3,3,3
1350,83.32,1.74,Neural Network (Specific Model),11,None,2668,2523,27,family,0.95,0.9,0.08,0.03,0.05,0.8,0.72,True,22,3,3,3
138,98.65,31.05,Gradient Boost (General Model),11,None,4908,4418,67,order,0.85,0.77,0.02,0.12,0.28,0.56,0.43,True,22,3,4,4
1383,100.0,81.47,Gradient Boost (General Model),11,None,7129,6604,110,family,0.92,0.85,0.03,0.37,1.26,0.66,0.56,True,23,13,0,12
14,98.5,0.47,Gradient Boost (General Model),11,None,2268,2174,1,kingdom,1.0,0.96,0.0,0.0,0.0,0.9,0.86,True,23,3,3,3
140,80.16,5.38,Neural Network (Specific Model),11,None,2553,2252,29,genus,0.8,0.71,0.12,0.24,0.56,0.7,0.49,True,21,2,3,2
1406,83.93,23.14,Neural Network (Specific Model),11,None,4351,4091,53,family,0.91,0.86,0.04,0.35,1.19,0.69,0.59,True,20,7,0,7
1419,98.74,22.39,Gradient Boost (General Model),11,None,3067,2792,21,genus,0.83,0.75,0.06,0.19,0.51,0.72,0.54,True,22,4,4,4
1424,16.54,0.0,Neural Network (Specific Model),11,None,343,285,9,family,0.8,0.67,0.02,0.79,5.61,0.56,0.37,True,6,1,1,1
1447,55.02,2.81,Gradient Boost (General Model),11,None,1275,1185,2,kingdom,1.0,0.93,0.0,0.0,0.0,0.59,0.55,True,19,2,2,2
1448,6.78,0.0,Neural Network (Specific Model),11,None,258,234,8,genus,0.69,0.62,0.08,0.71,5.72,0.68,0.42,True,2,0,0,0
146,68.65,3.58,Gradient Boost (General Model),11,None,2192,1893,21,class,0.88,0.76,0.02,0.17,0.44,0.53,0.4,True,21,3,3,3
1467,19.46,1.28,Neural Network (Specific Model),11,None,829,747,17,class,0.92,0.83,0.07,0.09,0.21,0.61,0.51,True,12,2,0,2
1478,99.64,0.57,Gradient Boost (General Model),11,None,2216,2094,1,kingdom,1.0,0.94,0.0,0.0,0.0,0.73,0.69,True,22,5,5,5
148,56.46,0.18,Gradient Boost (General Model),11,None,1593,1331,23,order,0.8,0.67,0.07,0.06,0.13,0.65,0.44,True,21,1,2,2
1482,8.3,0.2,Neural Network (Specific Model),11,None,310,269,10,phylum,0.96,0.84,0.19,0.02,0.05,0.58,0.48,True,7,0,0,0
1484,15.54,0.72,Neural Network (Specific Model),11,None,529,305,2,order,0.9,0.52,0.01,0.08,0.16,0.53,0.27,True,3,0,0,0
1486,42.4,0.02,Gradient Boost (General Model),11,None,1247,1143,2,kingdom,1.0,0.91,0.0,0.0,0.0,0.58,0.53,True,14,1,1,1
149,85.39,2.58,Gradient Boost (General Model),11,None,2236,1996,18,class,0.9,0.81,0.03,0.11,0.24,0.6,0.49,True,19,3,3,3
15,99.22,31.16,Gradient Boost (General Model),11,None,2040,1688,30,phylum,0.91,0.75,0.08,0.24,0.67,0.54,0.41,True,22,2,0,2
1507,34.38,0.29,Neural Network (Specific Model),11,None,1075,955,5,class,0.96,0.85,0.01,0.12,0.29,0.6,0.51,True,12,2,0,2
1515,99.63,24.48,Gradient Boost (General Model),11,None,1832,1622,9,phylum,0.93,0.82,0.04,0.05,0.11,0.56,0.46,True,22,1,1,1
1516,96.34,0.42,Gradient Boost (General Model),11,None,1834,1670,4,genus,0.67,0.61,0.01,0.49,2.06,0.61,0.37,True,22,2,2,2
1518,93.66,0.07,Gradient Boost (General Model),11,None,1377,1209,1,kingdom,1.0,0.88,0.0,0.0,0.0,0.6,0.53,True,22,2,1,1
1525,38.18,1.76,Neural Network (Specific Model),11,None,1095,977,28,genus,0.57,0.51,0.1,0.56,2.97,0.6,0.3,True,14,0,0,0
1535,81.07,0.12,Gradient Boost (General Model),11,None,1491,1297,9,class,0.92,0.8,0.02,0.22,0.57,0.56,0.45,True,19,2,2,2
1540,98.53,1.61,Gradient Boost (General Model),11,None,3362,3064,3,family,0.89,0.81,0.01,0.46,1.89,0.69,0.56,True,23,4,4,4
1544,61.92,7.14,Gradient Boost (General Model),11,None,1442,1275,26,family,0.85,0.75,0.02,0.73,4.1,0.57,0.43,True,18,2,0,2
1555,94.6,0.67,Gradient Boost (General Model),11,None,2763,2676,3,genus,0.87,0.84,0.05,0.06,0.12,0.96,0.81,True,21,3,3,3
1562,25.79,0.05,Neural Network (Specific Model),11,None,768,679,6,order,0.88,0.78,0.02,0.11,0.25,0.57,0.44,True,8,0,0,0
1574,54.89,0.68,Neural Network (Specific Model),11,None,1460,1270,17,family,0.83,0.72,0.03,0.72,4.4,0.58,0.42,True,15,1,0,1
1583,17.73,1.63,Neural Network (Specific Model),11,None,648,240,4,kingdom,0.99,0.37,0.0,0.0,0.0,0.44,0.16,True,9,0,0,0
1596,9.3,1.49,Neural Network (Specific Model),11,None,316,298,5,kingdom,1.0,0.94,0.0,0.0,0.0,0.66,0.62,True,2,0,0,0
1631,98.01,8.33,Gradient Boost (General Model),11,None,3389,3093,17,phylum,0.94,0.86,0.03,0.06,0.12,0.57,0.48,True,22,3,4,3
164,99.96,2.02,Neural Network (Specific Model),11,None,2602,2289,8,family,0.9,0.79,0.01,0.56,2.35,0.61,0.49,True,23,5,5,5
1653,96.74,0.23,Gradient Boost (General Model),11,None,1962,1718,1,kingdom,1.0,0.87,0.0,0.0,0.0,0.53,0.46,True,22,2,3,3
1666,99.73,0.33,Neural Network (Specific Model),11,None,1957,1629,1,kingdom,1.0,0.83,0.0,0.0,0.0,0.57,0.47,True,22,5,0,5
1680,5.18,0.06,Neural Network (Specific Model),11,None,304,256,5,family,0.79,0.66,0.03,0.69,4.43,0.58,0.38,True,3,0,0,0
1685,7.13,0.07,Neural Network (Specific Model),11,None,277,52,3,kingdom,1.0,0.19,0.0,0.04,0.08,0.34,0.06,True,16,0,0,0
1689,18.59,0.95,Neural Network (Specific Model),11,None,752,657,18,phylum,0.94,0.82,0.11,0.02,0.05,0.62,0.51,True,5,0,0,0
1693,94.92,0.68,Gradient Boost (General Model),11,None,2913,2762,4,genus,0.73,0.69,0.01,0.68,4.84,0.63,0.43,True,22,3,0,3
17,100.0,71.82,Neural Network (Specific Model),11,None,3890,3301,11,class,0.92,0.78,0.1,0.5,1.38,0.61,0.48,True,20,5,6,5
1701,100.0,9.92,Gradient Boost (General Model),11,None,2637,2370,12,kingdom,1.0,0.9,0.0,0.0,0.0,0.6,0.54,True,23,4,4,4
1705,10.68,0.12,Neural Network (Specific Model),11,None,216,197,3,kingdom,1.0,0.91,0.0,0.0,0.0,0.57,0.52,True,3,0,0,0
171,95.14,108.29,Gradient Boost (General Model),11,Low confidence prediction - substantial (28%) disagreement between completeness prediction models,14795,12398,201,phylum,0.9,0.75,0.04,0.4,1.48,0.5,0.38,True,23,11,0,12
1710,94.89,30.13,Gradient Boost (General Model),11,None,4764,4351,44,order,0.87,0.79,0.04,0.06,0.13,0.57,0.46,True,23,7,8,8
1723,100.0,51.29,Gradient Boost (General Model),11,None,5112,4787,19,genus,0.68,0.63,0.04,0.34,1.21,0.7,0.44,True,23,10,0,10
1734,89.43,85.99,Gradient Boost (General Model),11,None,6774,6366,97,family,0.89,0.83,0.04,0.63,3.09,0.68,0.56,True,22,8,7,7
1735,97.26,103.08,Gradient Boost (General Model),11,None,9521,8466,34,class,0.94,0.83,0.01,0.06,0.13,0.58,0.49,True,23,6,6,6
174,26.06,0.05,Neural Network (Specific Model),11,None,556,468,13,order,0.87,0.73,0.18,0.04,0.08,0.55,0.4,True,4,0,0,0
1751,39.17,0.49,Gradient Boost (General Model),11,None,1940,1799,6,phylum,0.9,0.84,0.02,0.04,0.08,0.55,0.46,True,22,1,2,2
1755,56.76,4.71,Gradient Boost (General Model),11,None,1176,1102,1,kingdom,1.0,0.94,0.0,0.0,0.0,0.6,0.56,True,13,2,2,2
1761,76.12,1.18,Gradient Boost (General Model),11,None,1480,1327,16,order,0.87,0.78,0.02,0.1,0.23,0.57,0.44,True,20,3,4,3
1762,7.68,0.0,Neural Network (Specific Model),11,None,226,212,1,kingdom,1.0,0.94,0.0,0.0,0.0,0.6,0.56,True,3,0,0,0
177,75.95,0.08,Gradient Boost (General Model),11,None,1362,1096,2,kingdom,1.0,0.8,0.0,0.0,0.0,0.52,0.42,True,22,3,3,3
1772,98.56,0.29,Neural Network (Specific Model),11,None,2378,2148,1,kingdom,1.0,0.9,0.0,0.0,0.0,0.61,0.55,True,22,3,3,3
1783,7.64,0.0,Neural Network (Specific Model),11,None,278,257,5,class,0.97,0.9,0.04,0.48,1.0,0.67,0.6,True,2,0,0,0
1786,16.15,2.01,Neural Network (Specific Model),11,None,497,461,5,genus,0.62,0.58,0.02,0.84,8.84,0.58,0.33,True,5,0,0,0
1787,10.91,0.0,Neural Network (Specific Model),11,None,294,264,10,order,0.92,0.83,0.04,0.09,0.19,0.59,0.49,True,2,0,0,0
1788,61.54,26.82,Gradient Boost (General Model),11,None,1840,1575,47,phylum,0.95,0.81,0.06,0.27,0.65,0.56,0.46,True,19,3,5,5
1791,99.15,1.16,Gradient Boost (General Model),11,None,2676,2475,1,kingdom,1.0,0.92,0.0,0.0,0.0,0.56,0.52,True,23,2,2,2
18,0.0,102.53,Neural Network (Specific Model),11,None,32295,28715,204,family,0.86,0.76,0.05,0.09,0.2,0.69,0.53,True,23,58,60,59
180,89.62,9.33,Gradient Boost (General Model),11,None,3341,3011,20,phylum,0.93,0.84,0.02,0.04,0.09,0.54,0.45,True,22,3,3,3
1805,30.95,0.76,Neural Network (Specific Model),11,None,637,593,10,genus,0.63,0.58,0.01,0.87,11.36,0.57,0.33,True,6,0,0,0
1809,98.83,0.69,Gradient Boost (General Model),11,None,2092,1902,1,kingdom,1.0,0.91,0.0,0.0,0.0,0.58,0.53,True,22,3,2,3
1811,64.94,0.93,Gradient Boost (General Model),11,None,3534,3126,55,genus,0.52,0.46,0.07,0.62,3.51,0.57,0.26,True,19,6,7,6
1813,14.79,0.01,Neural Network (Specific Model),11,None,554,511,4,family,0.89,0.82,0.03,0.54,2.87,0.59,0.49,True,11,0,0,0
1823,11.55,2.43,Neural Network (Specific Model),11,None,381,333,8,order,0.89,0.78,0.19,0.03,0.06,0.65,0.51,True,12,2,2,2
1828,96.58,3.33,Neural Network (Specific Model),11,None,2411,2176,10,family,0.93,0.84,0.02,0.44,1.27,0.69,0.57,True,21,4,4,4
183,95.94,35.14,Gradient Boost (General Model),11,None,3734,3231,35,phylum,0.96,0.83,0.03,0.03,0.06,0.57,0.47,True,23,3,1,3
1837,4.31,0.04,Neural Network (Specific Model),11,None,261,190,6,phylum,0.89,0.65,0.04,0.74,4.46,0.44,0.29,True,3,0,0,0
185,11.26,0.0,Neural Network (Specific Model),11,None,426,362,9,class,0.94,0.8,0.15,0.04,0.08,0.59,0.47,True,3,0,0,0
1851,17.01,0.77,Neural Network (Specific Model),11,None,572,469,11,phylum,0.94,0.77,0.05,0.28,0.68,0.55,0.42,True,14,1,2,2
1852,85.62,10.32,Gradient Boost (General Model),11,None,1221,1084,12,phylum,0.98,0.87,0.01,0.3,0.72,0.61,0.53,True,22,1,0,1
1853,57.0,1.01,Gradient Boost (General Model),11,None,1863,1678,20,phylum,0.94,0.84,0.05,0.02,0.05,0.59,0.5,True,12,3,3,3
1855,3.36,2.85,Neural Network (Specific Model),11,None,221,207,2,kingdom,1.0,0.94,0.0,0.0,0.0,0.64,0.6,True,1,0,0,0
1860,18.87,0.07,Neural Network (Specific Model),11,None,975,839,20,genus,0.55,0.47,0.05,0.4,1.55,0.59,0.28,True,4,1,2,1
1871,69.06,88.82,Gradient Boost (General Model),11,None,9452,7753,117,genus,0.85,0.7,0.02,0.63,2.54,0.58,0.4,True,20,8,0,8
1875,99.81,1.58,Gradient Boost (General Model),11,None,2087,1906,1,kingdom,1.0,0.91,0.0,0.0,0.0,0.56,0.51,True,23,3,3,3
1900,77.56,2.11,Gradient Boost (General Model),11,None,1884,1718,22,family,0.85,0.77,0.02,0.62,3.62,0.62,0.48,True,20,3,3,3
1914,46.32,0.11,Gradient Boost (General Model),11,None,975,929,8,family,0.88,0.84,0.02,0.56,2.04,0.73,0.62,True,17,1,1,1
1919,19.49,1.56,Neural Network (Specific Model),11,None,915,776,19,order,0.89,0.76,0.06,0.12,0.28,0.58,0.44,True,5,2,2,2
1930,17.47,0.08,Neural Network (Specific Model),11,None,612,592,22,kingdom,1.0,0.97,0.0,0.0,0.0,0.95,0.92,True,8,2,1,2
1933,93.27,23.68,Gradient Boost (General Model),11,None,1523,1048,11,class,0.86,0.59,0.01,0.29,0.91,0.48,0.29,True,22,3,0,2
1936,11.25,13.07,Neural Network (Specific Model),11,None,312,278,6,kingdom,1.0,0.89,0.0,0.0,0.0,0.56,0.5,True,1,0,0,0
1938,12.39,8.55,Neural Network (Specific Model),11,None,519,439,9,family,0.89,0.75,0.03,0.75,4.19,0.57,0.43,True,5,0,0,0
1946,50.93,1.18,Gradient Boost (General Model),11,None,1972,1749,32,order,0.93,0.82,0.01,0.05,0.11,0.6,0.49,True,20,2,0,1
195,74.51,10.09,Gradient Boost (General Model),11,None,1673,1437,43,genus,0.61,0.52,0.1,0.49,2.19,0.55,0.29,True,17,0,1,0
198,8.81,0.53,Neural Network (Specific Model),11,None,272,220,9,family,0.61,0.5,0.11,0.04,0.09,0.53,0.26,True,5,1,0,1
20,83.04,8.89,Neural Network (Specific Model),11,None,2424,2242,46,family,0.94,0.87,0.05,0.21,0.54,0.67,0.58,True,20,5,0,6
2018,8.82,0.0,Neural Network (Specific Model),11,None,362,316,10,genus,0.6,0.53,0.02,0.66,4.39,0.57,0.3,True,3,0,0,0
2020,96.36,4.32,Gradient Boost (General Model),11,None,2719,2427,11,class,0.93,0.83,0.04,0.13,0.31,0.61,0.5,True,22,2,2,2
2022,95.45,30.89,Neural Network (Specific Model),11,None,4629,4349,45,genus,0.95,0.89,0.23,0.09,0.19,0.88,0.78,True,22,6,6,6
2029,11.3,0.34,Neural Network (Specific Model),11,None,493,428,17,order,0.89,0.77,0.06,0.07,0.16,0.57,0.44,True,9,0,0,0
205,92.32,1.3,Gradient Boost (General Model),11,None,2140,1942,10,class,0.94,0.85,0.04,0.12,0.27,0.63,0.54,True,23,2,2,2
2051,13.45,0.62,Neural Network (Specific Model),11,None,786,320,16,kingdom,1.0,0.41,0.0,0.0,0.0,0.42,0.17,True,3,0,0,0
2069,76.09,5.36,Gradient Boost (General Model),11,None,2575,2300,28,genus,0.52,0.46,0.04,0.78,6.8,0.57,0.26,True,20,2,4,3
209,80.79,1.61,Neural Network (Specific Model),11,None,2963,2570,33,order,0.9,0.78,0.12,0.15,0.36,0.57,0.44,True,22,2,2,2
2092,9.78,0.02,Neural Network (Specific Model),11,None,320,162,3,kingdom,1.0,0.51,0.0,0.03,0.06,0.49,0.25,True,10,0,0,0
2093,13.43,0.0,Neural Network (Specific Model),11,None,539,512,5,family,0.89,0.85,0.03,0.62,2.88,0.72,0.61,True,11,1,1,1
2098,97.04,0.0,Gradient Boost (General Model),11,None,1258,1079,1,kingdom,1.0,0.85,0.0,0.0,0.0,0.55,0.47,True,22,1,1,1
21,30.42,0.16,Neural Network (Specific Model),11,None,1426,1254,26,class,0.93,0.81,0.05,0.08,0.18,0.59,0.48,True,17,1,1,1
2133,6.82,0.0,Neural Network (Specific Model),11,None,396,349,3,genus,0.56,0.49,0.04,0.82,8.44,0.61,0.3,True,4,0,0,0
2137,97.77,100.25,Gradient Boost (General Model),11,None,14192,12323,124,phylum,0.92,0.8,0.03,0.3,0.72,0.54,0.43,True,23,9,17,17
214,6.47,0.01,Neural Network (Specific Model),11,None,288,277,10,kingdom,1.0,0.96,0.0,0.0,0.0,0.95,0.92,True,3,0,1,1
2142,13.28,0.03,Neural Network (Specific Model),11,None,464,110,1,kingdom,1.0,0.24,0.0,0.03,0.06,0.38,0.09,True,8,0,0,0
2182,6.03,0.1,Neural Network (Specific Model),11,None,242,31,5,kingdom,1.0,0.13,0.0,0.16,0.37,0.36,0.05,True,0,0,0,0
22,88.88,42.71,Gradient Boost (General Model),11,None,4613,3516,140,class,0.71,0.54,0.07,0.28,0.88,0.48,0.26,True,21,7,0,6
2218,39.56,16.11,Gradient Boost (General Model),11,None,3000,2335,52,order,0.84,0.65,0.08,0.38,1.34,0.54,0.35,True,20,0,1,1
222,92.33,2.52,Gradient Boost (General Model),11,None,1367,1215,14,phylum,0.95,0.85,0.05,0.33,0.79,0.62,0.53,True,22,2,1,1
2238,6.05,0.01,Neural Network (Specific Model),11,None,271,179,4,phylum,0.88,0.58,0.01,0.62,3.45,0.44,0.26,True,2,0,0,0
2248,99.42,93.1,Gradient Boost (General Model),11,None,5504,4899,34,phylum,0.96,0.85,0.03,0.03,0.05,0.57,0.49,True,21,3,3,3
2249,9.9,0.02,Neural Network (Specific Model),11,None,357,300,10,order,0.9,0.75,0.02,0.13,0.3,0.58,0.44,True,5,0,0,0
2292,34.21,0.17,Neural Network (Specific Model),11,None,1361,1233,16,genus,0.66,0.59,0.03,0.66,5.27,0.62,0.37,True,13,0,0,0
2302,93.53,1.25,Gradient Boost (General Model),11,None,1487,1294,5,phylum,0.93,0.81,0.02,0.14,0.31,0.54,0.44,True,23,2,2,2
231,11.44,0.0,Neural Network (Specific Model),11,None,316,293,10,class,0.95,0.88,0.07,0.05,0.11,0.61,0.53,True,3,0,0,0
232,16.91,0.0,Neural Network (Specific Model),11,None,599,540,1,kingdom,0.99,0.9,0.0,0.0,0.0,0.64,0.57,True,4,0,0,0
2320,98.94,1.46,Gradient Boost (General Model),11,None,2337,2123,1,kingdom,1.0,0.91,0.0,0.0,0.0,0.58,0.52,True,23,3,3,3
2335,10.77,0.0,Neural Network (Specific Model),11,None,297,261,5,kingdom,0.98,0.87,0.0,0.0,0.0,0.54,0.47,True,7,0,0,0
2344,99.61,1.43,Neural Network (Specific Model),11,None,2273,2021,1,kingdom,1.0,0.89,0.0,0.0,0.0,0.6,0.53,True,22,4,4,4
2345,13.31,0.11,Neural Network (Specific Model),11,None,313,265,6,genus,0.63,0.53,0.02,0.76,5.15,0.59,0.31,True,3,0,0,0
235,99.84,0.25,Neural Network (Specific Model),11,None,2641,2526,2,family,0.92,0.88,0.01,0.25,0.68,0.77,0.68,True,22,6,7,6
2368,98.05,3.51,Gradient Boost (General Model),11,None,3367,3136,5,kingdom,1.0,0.93,0.0,0.0,0.0,0.59,0.55,True,23,3,3,3
2370,6.41,0.01,Neural Network (Specific Model),11,None,286,254,1,kingdom,1.0,0.89,0.0,0.0,0.0,0.59,0.52,True,3,0,0,0
2373,99.54,1.05,Gradient Boost (General Model),11,None,2567,2382,2,kingdom,1.0,0.93,0.0,0.0,0.0,0.71,0.65,True,22,4,4,4
2375,6.86,0.01,Neural Network (Specific Model),11,None,207,196,1,kingdom,1.0,0.95,0.0,0.0,0.0,0.94,0.89,True,6,1,2,1
2382,90.22,2.44,Neural Network (Specific Model),11,None,2048,1921,6,phylum,0.99,0.93,0.01,0.02,0.04,0.66,0.61,True,22,2,2,2
2389,24.57,2.45,Neural Network (Specific Model),11,None,879,223,9,kingdom,1.0,0.25,0.0,0.0,0.0,0.39,0.1,True,5,0,0,0
239,5.74,0.03,Neural Network (Specific Model),11,None,390,156,6,kingdom,1.0,0.4,0.0,0.0,0.0,0.44,0.18,True,1,0,0,0
2404,6.89,0.01,Neural Network (Specific Model),11,None,228,49,2,kingdom,1.0,0.21,0.0,0.02,0.04,0.38,0.08,True,18,0,0,0
2407,99.15,0.01,Gradient Boost (General Model),11,None,2058,1945,1,kingdom,1.0,0.94,0.0,0.0,0.0,0.88,0.83,True,22,3,3,3
243,29.82,1.34,Neural Network (Specific Model),11,None,969,937,17,kingdom,1.0,0.97,0.0,0.0,0.0,0.96,0.92,True,10,1,1,1
244,97.76,11.01,Gradient Boost (General Model),11,None,1124,854,6,kingdom,0.99,0.75,0.0,0.0,0.0,0.47,0.35,True,22,1,1,1
2443,12.0,0.0,Neural Network (Specific Model),11,None,230,222,3,family,0.95,0.91,0.02,0.56,1.55,0.67,0.61,True,1,0,0,0
246,90.71,2.07,Gradient Boost (General Model),11,None,2911,2743,22,family,0.92,0.87,0.03,0.55,2.23,0.66,0.57,True,22,4,0,4
2468,6.63,1.05,Neural Network (Specific Model),11,None,306,288,9,genus,0.71,0.67,0.08,0.8,7.2,0.7,0.47,True,0,0,0,0
247,52.45,12.44,Gradient Boost (General Model),11,None,1308,1202,31,family,0.95,0.87,0.83,0.45,0.98,0.94,0.82,False,14,0,0,0
2471,7.89,0.0,Neural Network (Specific Model),11,None,320,281,1,kingdom,1.0,0.88,0.0,0.0,0.0,0.62,0.55,True,4,0,0,0
2472,97.28,27.99,Gradient Boost (General Model),11,None,4408,3932,33,genus,0.62,0.55,0.03,0.42,1.7,0.58,0.32,True,22,6,6,6
2483,16.63,0.46,Neural Network (Specific Model),11,None,560,515,14,family,0.8,0.74,0.13,0.67,3.14,0.64,0.47,True,3,2,2,2
249,23.19,0.05,Neural Network (Specific Model),11,None,701,563,11,kingdom,1.0,0.8,0.0,0.0,0.0,0.57,0.45,True,8,0,0,0
2514,36.71,0.74,Neural Network (Specific Model),11,None,822,775,1,kingdom,1.0,0.94,0.0,0.0,0.0,0.59,0.55,True,11,1,1,1
2519,12.17,0.45,Neural Network (Specific Model),11,None,320,265,2,kingdom,1.0,0.83,0.0,0.0,0.0,0.52,0.43,True,7,0,1,0
2521,87.56,0.69,Gradient Boost (General Model),11,None,2482,2182,1,kingdom,1.0,0.88,0.0,0.0,0.0,0.68,0.6,True,22,5,5,5
253,51.76,4.67,Gradient Boost (General Model),11,None,1781,1584,41,order,0.88,0.79,0.03,0.14,0.34,0.56,0.44,True,16,2,2,3
255,54.22,3.52,Gradient Boost (General Model),11,None,2057,1860,16,order,0.86,0.78,0.02,0.08,0.19,0.58,0.45,True,16,2,2,2
258,74.17,2.6,Gradient Boost (General Model),11,None,1704,1577,33,genus,0.79,0.73,0.09,0.13,0.31,0.75,0.55,True,15,2,1,1
2583,50.32,0.08,Gradient Boost (General Model),11,None,1692,1556,24,genus,0.66,0.6,0.09,0.24,0.66,0.73,0.44,True,7,2,0,1
2585,10.66,0.0,Neural Network (Specific Model),11,None,263,187,1,kingdom,1.0,0.71,0.0,0.0,0.0,0.53,0.38,True,2,0,0,0
2594,6.96,0.01,Neural Network (Specific Model),11,None,236,210,7,family,0.86,0.76,0.04,0.46,1.55,0.64,0.49,True,7,0,0,0
2609,99.38,53.27,Gradient Boost (General Model),11,None,3534,2467,42,phylum,0.93,0.65,0.02,0.14,0.34,0.49,0.32,True,23,4,0,4
2627,100.0,2.43,Gradient Boost (General Model),11,None,3489,3145,1,kingdom,1.0,0.9,0.0,0.0,0.0,0.62,0.56,True,23,3,3,3
2628,72.71,38.71,Gradient Boost (General Model),11,None,4066,3637,47,phylum,0.94,0.84,0.09,0.04,0.08,0.56,0.47,True,22,5,4,4
2634,20.26,12.22,Neural Network (Specific Model),11,None,1526,1322,31,genus,0.68,0.59,0.1,0.82,6.63,0.65,0.39,True,9,3,2,3
264,15.78,0.03,Neural Network (Specific Model),11,None,438,382,11,phylum,0.96,0.84,0.14,0.06,0.12,0.6,0.5,True,5,0,0,0
2649,84.9,15.14,Gradient Boost (General Model),11,None,1093,967,5,kingdom,1.0,0.88,0.0,0.0,0.0,0.63,0.56,True,19,0,0,0
2689,96.31,0.71,Gradient Boost (General Model),11,None,1606,1431,1,kingdom,1.0,0.89,0.0,0.0,0.0,0.55,0.49,True,21,4,0,4
27,36.7,15.55,Neural Network (Specific Model),11,None,2280,1547,86,order,0.63,0.43,0.15,0.2,0.51,0.5,0.21,True,16,3,0,3
2710,95.18,4.69,Gradient Boost (General Model),11,None,3723,3369,5,kingdom,1.0,0.9,0.0,0.0,0.0,0.56,0.5,True,21,4,6,4
272,12.44,1.44,Neural Network (Specific Model),11,None,632,97,10,kingdom,1.0,0.15,0.0,0.13,0.3,0.3,0.05,True,0,0,0,0
273,97.61,18.05,Gradient Boost (General Model),11,None,2217,1983,14,genus,0.83,0.74,0.01,0.18,0.44,0.62,0.46,True,22,2,2,2
277,11.73,0.0,Neural Network (Specific Model),11,None,743,611,18,order,0.87,0.71,0.05,0.11,0.25,0.57,0.41,True,7,1,0,0
278,97.85,1.23,Gradient Boost (General Model),11,None,2834,2578,3,class,0.96,0.87,0.01,0.07,0.16,0.6,0.52,True,22,3,3,3
2790,29.43,29.74,Neural Network (Specific Model),11,None,2843,2566,32,genus,0.66,0.6,0.07,0.52,2.2,0.7,0.42,True,10,1,0,0
2812,5.96,0.0,Neural Network (Specific Model),11,None,197,184,2,kingdom,0.99,0.93,0.0,0.0,0.0,0.65,0.6,True,2,0,0,0
2814,6.61,0.0,Neural Network (Specific Model),11,None,287,249,7,genus,0.76,0.66,0.04,0.78,6.67,0.64,0.42,True,0,0,0,0
283,68.41,0.33,Gradient Boost (General Model),11,None,1237,1124,15,phylum,0.95,0.86,0.04,0.03,0.07,0.58,0.5,True,20,1,1,1
284,5.82,0.13,Neural Network (Specific Model),11,None,438,235,8,kingdom,0.99,0.53,0.0,0.0,0.0,0.46,0.24,True,0,0,0,0
287,39.35,0.36,Neural Network (Specific Model),11,None,1118,1017,24,family,0.93,0.84,0.26,0.02,0.05,0.94,0.79,True,15,0,0,0
2874,10.03,0.13,Neural Network (Specific Model),11,None,251,231,6,order,0.93,0.85,0.11,0.39,0.91,0.66,0.56,True,2,0,0,0
29,99.87,108.87,Gradient Boost (General Model),11,None,22562,19759,240,order,0.91,0.8,0.06,0.08,0.17,0.58,0.47,True,23,32,45,32
2901,57.6,0.0,Neural Network (Specific Model),11,None,1296,1158,12,genus,0.53,0.47,0.02,0.74,6.33,0.61,0.29,True,17,2,2,2
2902,100.0,94.48,Gradient Boost (General Model),11,None,5994,5317,52,family,0.9,0.8,0.02,0.02,0.05,0.71,0.56,True,23,4,4,4
2906,99.06,49.61,Gradient Boost (General Model),11,None,6097,5562,6,class,0.95,0.87,0.01,0.14,0.34,0.6,0.52,True,23,6,3,6
2907,10.46,0.01,Neural Network (Specific Model),11,None,254,198,5,genus,0.85,0.67,0.11,0.47,1.88,0.61,0.41,True,6,0,0,0
2908,94.11,43.8,Gradient Boost (General Model),11,None,2985,2480,37,phylum,0.97,0.81,0.14,0.21,0.49,0.59,0.48,True,23,1,1,2
2911,34.31,0.91,Neural Network (Specific Model),11,None,1594,1457,26,phylum,0.93,0.85,0.06,0.02,0.05,0.56,0.48,True,17,0,0,0
2917,10.95,1.66,Neural Network (Specific Model),11,None,628,536,8,phylum,0.95,0.81,0.06,0.05,0.1,0.58,0.47,True,1,0,0,0
2919,11.85,9.99,Neural Network (Specific Model),11,None,466,428,6,kingdom,1.0,0.92,0.0,0.0,0.0,0.59,0.54,True,2,0,0,0
2920,96.66,5.05,Gradient Boost (General Model),11,None,1895,1578,12,order,0.89,0.74,0.02,0.61,2.18,0.53,0.4,True,22,2,2,2
2921,96.25,83.04,Gradient Boost (General Model),11,None,7128,6797,75,genus,0.84,0.8,0.36,0.52,2.52,0.83,0.66,True,23,5,5,5
2922,12.98,0.47,Neural Network (Specific Model),11,None,637,529,10,genus,0.64,0.53,0.03,0.83,9.46,0.51,0.27,True,8,1,1,1
2924,72.89,58.53,Gradient Boost (General Model),11,None,2580,2220,39,kingdom,1.0,0.86,0.0,0.0,0.0,0.59,0.5,True,4,0,0,0
2925,17.14,21.39,Neural Network (Specific Model),11,None,575,472,11,order,0.86,0.71,0.01,0.46,1.75,0.51,0.36,True,0,0,0,0
2926,94.16,19.29,Gradient Boost (General Model),11,None,3863,3581,13,class,0.93,0.86,0.01,0.1,0.22,0.62,0.53,True,24,4,4,4
2929,96.74,103.14,Gradient Boost (General Model),11,None,6108,5140,63,class,0.96,0.81,0.01,0.58,2.19,0.57,0.46,True,22,3,0,3
2930,79.2,20.22,Gradient Boost (General Model),11,None,2235,1843,31,genus,0.82,0.68,0.07,0.58,2.22,0.62,0.42,True,22,0,0,0
2931,84.62,54.33,Gradient Boost (General Model),11,None,3271,2797,37,phylum,0.95,0.81,0.06,0.03,0.07,0.57,0.47,True,22,3,0,3
2935,96.15,43.33,Gradient Boost (General Model),11,None,4446,4121,5,kingdom,1.0,0.93,0.0,0.0,0.0,0.59,0.55,True,23,5,2,5
2938,95.25,18.15,Gradient Boost (General Model),11,None,1822,1622,15,family,0.84,0.75,0.05,0.27,0.83,0.62,0.46,True,22,1,0,1
2940,12.84,2.98,Neural Network (Specific Model),11,None,457,411,11,class,0.95,0.85,0.14,0.13,0.29,0.59,0.5,True,5,0,0,0
2943,42.39,15.41,Gradient Boost (General Model),11,None,1920,1755,28,order,0.86,0.79,0.03,0.17,0.43,0.56,0.44,True,15,2,2,2
2945,21.98,13.63,Neural Network (Specific Model),11,None,694,630,14,genus,0.69,0.63,0.02,0.86,9.93,0.57,0.36,True,10,0,0,0
2948,93.5,65.53,Gradient Boost (General Model),11,None,3640,3155,34,phylum,0.94,0.82,0.04,0.14,0.32,0.52,0.43,True,22,5,4,6
2952,39.85,8.5,Neural Network (Specific Model),11,None,764,656,16,order,0.93,0.8,0.03,0.56,2.16,0.56,0.45,True,13,0,0,0
2953,94.28,94.08,Neural Network (Specific Model),11,None,7722,7137,23,genus,0.82,0.76,0.03,0.27,0.76,0.67,0.51,True,22,6,6,6
2955,39.32,6.55,Neural Network (Specific Model),11,None,1249,963,23,family,0.85,0.65,0.12,0.73,5.09,0.55,0.36,True,15,1,0,1
2958,44.13,2.09,Gradient Boost (General Model),11,None,1556,1421,19,genus,0.8,0.73,0.04,0.29,0.89,0.68,0.49,True,13,0,1,0
2959,95.3,109.53,Gradient Boost (General Model),11,None,12799,11842,142,phylum,0.96,0.89,0.14,0.02,0.05,0.68,0.61,True,23,20,0,20
2963,26.19,17.4,Neural Network (Specific Model),11,None,436,397,8,kingdom,1.0,0.91,0.0,0.0,0.0,0.56,0.51,True,14,0,0,0
2964,37.42,10.88,Neural Network (Specific Model),11,None,1283,1194,20,genus,0.64,0.59,0.04,0.86,9.95,0.63,0.38,True,12,1,1,1
2965,70.66,0.13,Gradient Boost (General Model),11,None,1410,1286,2,kingdom,1.0,0.91,0.0,0.0,0.0,0.63,0.57,True,22,2,2,2
2968,94.65,34.46,Gradient Boost (General Model),11,None,3507,3258,38,genus,0.62,0.57,0.03,0.86,10.64,0.61,0.35,True,21,3,3,3
2973,94.27,5.53,Gradient Boost (General Model),11,None,3090,2707,9,genus,0.56,0.49,0.01,0.63,3.82,0.58,0.29,True,23,4,5,4
2975,53.08,0.14,Neural Network (Specific Model),11,None,1281,1168,19,class,0.96,0.88,0.05,0.02,0.05,0.64,0.56,True,18,1,1,3
2976,19.21,0.04,Neural Network (Specific Model),11,None,592,514,13,order,0.88,0.77,0.06,0.18,0.43,0.56,0.43,True,7,0,0,0
2977,96.02,40.21,Gradient Boost (General Model),11,None,4202,3942,16,genus,0.7,0.66,0.02,0.63,4.21,0.69,0.46,True,23,9,0,9
2980,77.01,12.89,Gradient Boost (General Model),11,None,2342,2174,12,order,0.9,0.84,0.04,0.09,0.2,0.61,0.51,True,22,1,1,1
2989,7.63,0.06,Neural Network (Specific Model),11,None,286,256,9,order,0.82,0.74,0.05,0.08,0.17,0.55,0.4,True,3,0,0,0
2991,41.47,10.3,Gradient Boost (General Model),11,None,1944,1761,19,phylum,0.91,0.82,0.06,0.02,0.05,0.56,0.46,True,15,0,0,0
2994,83.93,5.18,Neural Network (Specific Model),11,None,2397,2144,19,family,0.88,0.79,0.02,0.38,1.3,0.62,0.49,True,22,3,3,3
2995,29.35,22.36,Neural Network (Specific Model),11,None,1398,1162,36,phylum,0.96,0.79,0.07,0.23,0.54,0.57,0.45,True,13,0,0,0
2999,11.23,0.32,Neural Network (Specific Model),11,None,888,742,8,class,0.95,0.79,0.06,0.12,0.29,0.61,0.48,True,3,0,0,0
3,91.97,32.07,Gradient Boost (General Model),11,None,6588,5340,109,phylum,0.9,0.73,0.04,0.39,1.49,0.48,0.35,True,21,2,0,2
30,98.07,99.66,Gradient Boost (General Model),11,None,4936,3781,65,phylum,0.9,0.69,0.07,0.12,0.28,0.5,0.35,True,22,6,6,6
3000,77.15,72.78,Gradient Boost (General Model),11,None,5270,4863,28,class,0.9,0.83,0.02,0.06,0.13,0.59,0.49,True,23,7,9,7
3003,65.45,1.02,Gradient Boost (General Model),11,None,1813,1633,11,class,0.93,0.84,0.01,0.09,0.19,0.61,0.51,True,23,4,4,4
3006,9.11,0.12,Neural Network (Specific Model),11,None,231,31,1,kingdom,1.0,0.13,0.0,0.19,0.45,0.33,0.04,True,0,0,0,0
3010,87.35,45.19,Gradient Boost (General Model),11,None,2092,1804,27,phylum,0.98,0.84,0.09,0.41,0.94,0.62,0.52,True,14,2,0,2
3015,23.94,1.49,Neural Network (Specific Model),11,None,1174,1008,22,class,0.92,0.79,0.08,0.07,0.15,0.61,0.48,True,14,2,1,2
3017,12.03,0.02,Neural Network (Specific Model),11,None,423,318,10,genus,0.78,0.58,0.11,0.49,2.14,0.59,0.34,True,4,0,0,0
3022,97.37,83.65,Gradient Boost (General Model),11,None,3251,2785,14,kingdom,1.0,0.85,0.0,0.0,0.0,0.55,0.47,True,23,2,0,2
3026,28.55,8.98,Neural Network (Specific Model),11,None,1138,1057,10,order,0.91,0.84,0.02,0.08,0.19,0.6,0.5,True,13,1,1,1
3028,100.0,96.57,Gradient Boost (General Model),11,None,7955,6533,90,class,0.93,0.76,0.06,0.02,0.05,0.6,0.46,True,23,12,8,12
3030,66.91,43.5,Gradient Boost (General Model),11,None,5913,5508,72,genus,0.79,0.74,0.31,0.23,0.67,0.77,0.57,True,22,3,1,2
3038,24.64,21.6,Neural Network (Specific Model),11,None,1234,1067,27,genus,0.69,0.59,0.05,0.35,1.17,0.54,0.32,True,9,0,0,0
3041,98.23,0.56,Gradient Boost (General Model),11,None,1949,1774,1,kingdom,1.0,0.91,0.0,0.0,0.0,0.61,0.55,True,22,2,2,2
3045,14.76,0.32,Neural Network (Specific Model),11,None,1143,1000,10,order,0.89,0.78,0.05,0.12,0.28,0.62,0.48,True,8,0,0,0
3046,9.63,0.23,Neural Network (Specific Model),11,None,394,330,3,genus,0.61,0.51,0.04,0.58,2.01,0.65,0.33,True,4,0,0,0
3048,85.92,0.12,Neural Network (Specific Model),11,None,1841,1725,2,family,0.92,0.86,0.01,0.3,0.92,0.66,0.57,True,20,2,2,2
3051,26.46,1.54,Neural Network (Specific Model),11,None,1087,982,18,class,0.92,0.83,0.02,0.12,0.29,0.61,0.5,True,5,0,0,0
3052,18.45,0.06,Neural Network (Specific Model),11,None,928,861,16,genus,0.84,0.78,0.04,0.66,4.4,0.67,0.52,True,17,2,0,2
3056,91.4,6.87,Gradient Boost (General Model),11,None,1591,1315,5,family,0.9,0.75,0.13,0.19,0.49,0.65,0.48,True,22,3,0,3
3062,25.62,1.93,Neural Network (Specific Model),11,None,770,671,7,phylum,0.96,0.84,0.11,0.05,0.11,0.55,0.46,True,16,1,1,1
3069,10.32,0.66,Neural Network (Specific Model),11,None,729,268,8,kingdom,1.0,0.37,0.0,0.19,0.44,0.44,0.16,True,0,0,0,0
3072,10.11,0.62,Neural Network (Specific Model),11,None,365,325,6,genus,0.75,0.67,0.11,0.35,1.05,0.79,0.53,True,1,0,0,0
3073,65.94,6.28,Gradient Boost (General Model),11,None,2543,2173,34,genus,0.57,0.49,0.08,0.61,3.64,0.6,0.29,True,18,4,5,4
3075,62.58,0.72,Gradient Boost (General Model),11,None,1863,1634,14,class,0.9,0.79,0.1,0.02,0.05,0.62,0.49,True,18,2,2,2
3077,99.51,6.67,Gradient Boost (General Model),11,None,1824,1682,6,order,0.9,0.83,0.01,0.05,0.1,0.6,0.49,True,23,2,2,2
3078,9.35,5.02,Neural Network (Specific Model),11,None,235,187,9,genus,0.88,0.7,0.08,0.69,3.18,0.59,0.41,True,0,0,0,0
3081,95.67,33.53,Gradient Boost (General Model),11,None,1731,1501,7,kingdom,1.0,0.87,0.0,0.0,0.0,0.55,0.48,True,22,1,0,1
3082,5.65,0.04,Neural Network (Specific Model),11,None,210,184,5,kingdom,1.0,0.88,0.13,0.03,0.07,0.54,0.47,True,2,0,0,0
3083,93.87,20.61,Gradient Boost (General Model),11,None,4456,4039,22,class,0.92,0.84,0.03,0.06,0.13,0.61,0.51,True,23,7,8,7
3084,98.37,64.75,Gradient Boost (General Model),11,None,5140,4760,59,genus,0.66,0.61,0.02,0.81,8.54,0.63,0.39,True,23,5,6,5
3086,32.66,27.73,Neural Network (Specific Model),11,None,1696,1413,37,class,0.89,0.74,0.05,0.54,2.08,0.5,0.37,True,5,0,0,0
3088,5.41,0.08,Neural Network (Specific Model),11,None,233,190,4,class,0.91,0.74,0.05,0.21,0.57,0.54,0.4,True,1,0,0,0
3089,50.12,1.44,Gradient Boost (General Model),11,None,2011,1919,27,genus,0.77,0.73,0.07,0.79,6.98,0.74,0.54,True,17,1,0,1
3090,64.94,2.87,Gradient Boost (General Model),11,None,2709,2331,12,order,0.88,0.76,0.03,0.11,0.26,0.58,0.44,True,22,1,1,1
3091,9.2,1.77,Neural Network (Specific Model),11,None,610,211,2,kingdom,1.0,0.35,0.0,0.02,0.05,0.42,0.15,True,24,0,0,0
3094,9.82,0.72,Neural Network (Specific Model),11,None,575,520,5,genus,0.51,0.46,0.04,0.83,7.52,0.61,0.28,True,9,1,1,1
3095,99.94,3.64,Neural Network (Specific Model),11,None,2623,1919,4,kingdom,1.0,0.73,0.0,0.0,0.0,0.54,0.4,True,22,4,0,4
31,97.09,91.22,Gradient Boost (General Model),11,None,2697,2060,28,phylum,0.91,0.7,0.03,0.1,0.21,0.48,0.34,True,22,3,3,3
310,94.89,97.93,Gradient Boost (General Model),11,None,2903,2265,26,kingdom,0.99,0.77,0.0,0.0,0.0,0.46,0.36,True,22,3,3,3
3105,14.51,1.67,Neural Network (Specific Model),11,None,292,249,6,class,0.92,0.78,0.04,0.69,3.27,0.51,0.4,True,1,0,0,0
3107,11.31,0.55,Neural Network (Specific Model),11,None,484,440,5,order,0.92,0.83,0.02,0.14,0.34,0.58,0.49,True,3,0,0,0
3117,25.85,2.57,Neural Network (Specific Model),11,None,941,865,8,class,0.94,0.87,0.02,0.14,0.33,0.59,0.51,True,9,0,0,0
3122,94.02,24.05,Gradient Boost (General Model),11,None,2132,1829,15,phylum,0.97,0.83,0.1,0.11,0.23,0.59,0.49,True,23,2,0,2
3124,12.68,0.0,Neural Network (Specific Model),11,None,316,238,7,phylum,0.97,0.73,0.09,0.15,0.35,0.52,0.38,True,2,0,0,0
3126,22.24,18.13,Neural Network (Specific Model),11,None,1229,1045,19,family,0.82,0.69,0.02,0.6,3.41,0.53,0.37,True,8,0,0,0
3129,7.48,2.85,Neural Network (Specific Model),11,None,351,303,5,genus,0.62,0.54,0.03,0.53,2.85,0.64,0.34,True,1,0,0,0
3133,10.3,19.76,Neural Network (Specific Model),11,None,704,643,17,kingdom,1.0,0.91,0.0,0.0,0.0,0.57,0.52,True,13,2,0,2
315,95.54,0.97,Gradient Boost (General Model),11,None,1721,1635,14,family,0.94,0.89,0.05,0.12,0.28,0.77,0.69,True,21,4,4,4
3152,8.0,0.0,Neural Network (Specific Model),11,None,215,200,7,family,0.87,0.81,0.02,0.18,0.46,0.68,0.55,True,0,0,1,0
3153,72.14,1.57,Gradient Boost (General Model),11,None,2706,2585,7,family,0.92,0.88,0.05,0.09,0.2,0.89,0.78,True,21,2,2,2
3156,27.5,3.81,Neural Network (Specific Model),11,None,1040,914,12,class,0.9,0.79,0.05,0.02,0.05,0.65,0.51,True,12,2,3,2
3158,60.67,7.5,Gradient Boost (General Model),11,None,1775,1633,30,genus,0.79,0.73,0.08,0.28,0.88,0.68,0.49,True,18,2,3,2
3159,90.06,26.93,Gradient Boost (General Model),11,None,2089,1782,16,phylum,0.98,0.84,0.07,0.04,0.08,0.68,0.57,True,23,2,0,2
3167,21.9,2.43,Neural Network (Specific Model),11,None,537,449,9,phylum,0.96,0.8,0.07,0.13,0.28,0.59,0.47,True,5,4,0,4
3174,8.06,0.01,Neural Network (Specific Model),11,None,303,279,2,family,0.91,0.84,0.08,0.49,2.01,0.66,0.56,True,5,0,0,0
3177,22.49,0.51,Neural Network (Specific Model),11,None,443,386,6,phylum,0.97,0.85,0.13,0.12,0.27,0.57,0.48,True,12,0,0,0
3179,8.93,1.33,Neural Network (Specific Model),11,None,490,437,9,class,0.88,0.79,0.04,0.1,0.22,0.62,0.49,True,4,0,0,0
318,98.66,46.83,Gradient Boost (General Model),11,None,5327,4816,35,family,0.8,0.72,0.01,0.66,3.87,0.57,0.41,True,22,7,5,7
3184,24.98,0.06,Neural Network (Specific Model),11,None,1298,1174,23,genus,0.61,0.55,0.06,0.83,8.29,0.65,0.36,True,10,0,0,0
3190,92.56,96.42,Neural Network (Specific Model),11,None,5680,5219,34,family,0.86,0.79,0.05,0.25,0.72,0.66,0.52,True,22,4,4,4
3200,49.08,0.07,Gradient Boost (General Model),11,None,938,843,5,family,0.81,0.73,0.01,0.66,4.17,0.61,0.44,True,11,1,1,1
3205,76.8,2.72,Gradient Boost (General Model),11,None,2162,1978,2,kingdom,1.0,0.91,0.0,0.0,0.0,0.6,0.55,True,24,2,2,2
3208,9.75,0.2,Neural Network (Specific Model),11,None,353,332,5,family,0.86,0.8,0.02,0.76,5.12,0.63,0.5,True,11,0,0,0
3212,29.1,5.91,Neural Network (Specific Model),11,None,926,709,15,phylum,0.96,0.73,0.08,0.16,0.37,0.57,0.42,True,3,0,0,0
3213,22.51,8.48,Neural Network (Specific Model),11,None,1425,1212,18,class,0.91,0.77,0.07,0.09,0.2,0.61,0.48,True,5,0,0,0
3218,7.59,0.33,Neural Network (Specific Model),11,None,226,191,5,genus,0.89,0.75,0.23,0.61,2.48,0.58,0.43,True,0,0,0,0
3219,6.71,0.0,Neural Network (Specific Model),11,None,300,258,5,phylum,0.94,0.81,0.06,0.04,0.08,0.58,0.47,True,1,0,0,0
322,46.01,0.99,Neural Network (Specific Model),11,None,1638,1404,28,class,0.91,0.78,0.05,0.1,0.22,0.59,0.46,True,18,1,2,2
3240,8.37,0.01,Neural Network (Specific Model),11,None,359,305,4,genus,0.61,0.52,0.01,0.81,8.82,0.58,0.3,True,9,0,0,0
3246,94.3,99.18,Gradient Boost (General Model),11,None,3976,3550,24,family,0.92,0.82,0.29,0.22,0.6,0.66,0.55,True,22,12,0,11
325,98.89,98.92,Gradient Boost (General Model),11,None,6012,4483,68,phylum,0.92,0.69,0.03,0.16,0.39,0.47,0.32,True,23,7,8,8
3258,98.6,86.82,Gradient Boost (General Model),11,None,7315,6507,68,class,0.93,0.83,0.02,0.07,0.14,0.56,0.47,True,23,6,9,6
3269,98.6,1.82,Gradient Boost (General Model),11,None,2809,2504,6,phylum,0.94,0.83,0.05,0.03,0.07,0.57,0.47,True,23,3,3,3
3272,7.27,1.77,Neural Network (Specific Model),11,None,281,234,9,genus,0.82,0.68,0.01,0.71,4.62,0.55,0.37,True,0,0,2,0
328,8.86,0.0,Neural Network (Specific Model),11,None,256,216,1,kingdom,1.0,0.84,0.0,0.0,0.0,0.63,0.53,True,4,0,0,0
3280,5.84,0.11,Neural Network (Specific Model),11,None,298,266,7,genus,0.76,0.67,0.04,0.84,11.31,0.61,0.41,True,1,0,0,0
3300,12.44,0.01,Neural Network (Specific Model),11,None,448,414,3,class,0.99,0.91,0.04,0.14,0.34,0.66,0.6,True,13,1,0,1
3304,41.58,0.04,Neural Network (Specific Model),11,None,1274,1164,5,order,0.88,0.81,0.03,0.06,0.13,0.59,0.48,True,11,0,0,0
3307,6.6,0.0,Neural Network (Specific Model),11,None,312,268,3,genus,0.69,0.59,0.02,0.74,6.28,0.72,0.42,True,12,1,0,1
3315,8.08,0.03,Neural Network (Specific Model),11,None,484,410,5,genus,0.69,0.59,0.06,0.76,7.03,0.62,0.36,True,0,0,0,0
3321,12.12,2.35,Neural Network (Specific Model),11,None,441,140,3,kingdom,1.0,0.32,0.0,0.0,0.0,0.44,0.14,True,20,0,0,0
3325,29.53,0.0,Neural Network (Specific Model),11,None,701,623,3,kingdom,1.0,0.89,0.0,0.0,0.0,0.59,0.52,True,6,0,0,0
3327,12.33,0.94,Neural Network (Specific Model),11,None,669,607,10,genus,0.7,0.63,0.02,0.55,2.98,0.67,0.43,True,7,1,1,1
3338,9.33,0.0,Neural Network (Specific Model),11,None,357,303,5,genus,0.66,0.56,0.04,0.88,10.98,0.61,0.34,True,5,0,0,0
3343,5.03,0.18,Neural Network (Specific Model),11,None,254,230,2,class,0.96,0.87,0.01,0.03,0.06,0.63,0.55,True,1,0,0,0
3364,4.49,0.0,Neural Network (Specific Model),11,None,330,285,1,kingdom,1.0,0.86,0.0,0.0,0.0,0.59,0.51,True,2,0,0,0
3365,46.23,21.23,Gradient Boost (General Model),11,None,1233,1066,21,phylum,0.96,0.83,0.08,0.42,0.95,0.6,0.5,True,18,0,0,0
3372,8.08,0.6,Neural Network (Specific Model),11,None,312,283,3,genus,0.56,0.51,0.06,0.84,9.9,0.72,0.37,True,2,0,0,0
3374,47.16,7.77,Gradient Boost (General Model),11,None,862,732,12,class,0.96,0.81,0.04,0.62,2.2,0.58,0.47,True,18,2,0,2
3378,8.52,0.06,Neural Network (Specific Model),11,None,302,257,7,genus,0.78,0.67,0.03,0.58,2.31,0.59,0.4,True,2,0,0,0
338,11.26,1.87,Neural Network (Specific Model),11,None,642,358,3,class,0.95,0.53,0.03,0.1,0.21,0.54,0.29,True,8,0,0,0
3381,15.38,0.1,Neural Network (Specific Model),11,None,662,583,8,genus,0.7,0.61,0.02,0.85,10.29,0.65,0.4,True,5,0,0,0
339,74.48,6.44,Gradient Boost (General Model),11,None,3142,2580,49,family,0.5,0.41,0.06,0.04,0.09,0.5,0.21,True,19,3,0,3
3398,9.84,0.23,Neural Network (Specific Model),11,None,290,27,1,kingdom,1.0,0.09,0.0,0.22,0.53,0.33,0.03,True,0,0,0,0
3403,7.46,0.0,Neural Network (Specific Model),11,None,257,234,5,family,0.85,0.77,0.04,0.74,5.54,0.6,0.46,True,4,1,1,1
3423,13.46,0.21,Neural Network (Specific Model),11,None,331,118,5,kingdom,0.99,0.35,0.0,0.0,0.0,0.42,0.15,True,22,0,0,0
343,100.0,116.56,Gradient Boost (General Model),11,Low confidence prediction - substantial (28%) disagreement between completeness prediction models,10278,9015,188,family,0.7,0.62,0.05,0.79,6.0,0.56,0.35,True,22,13,16,13
3430,57.33,16.19,Gradient Boost (General Model),11,None,1736,1467,14,genus,0.56,0.48,0.07,0.74,5.27,0.52,0.25,True,12,2,2,2
3434,42.46,4.61,Neural Network (Specific Model),11,None,1351,1187,7,phylum,0.95,0.83,0.08,0.02,0.04,0.57,0.48,True,20,2,2,2
3442,7.03,0.01,Neural Network (Specific Model),11,None,292,261,9,family,0.93,0.83,0.04,0.26,0.79,0.73,0.61,True,3,0,0,0
3443,39.45,12.11,Gradient Boost (General Model),11,None,1261,1072,15,order,0.87,0.74,0.03,0.68,2.72,0.54,0.4,True,7,2,0,2
3444,11.37,0.05,Neural Network (Specific Model),11,None,452,337,6,family,0.74,0.55,0.08,0.54,2.8,0.55,0.3,True,1,0,0,0
3445,100.0,0.0,Gradient Boost (General Model),11,None,1639,1511,1,kingdom,1.0,0.92,0.0,0.0,0.0,0.59,0.55,True,23,2,2,2
3459,35.8,1.35,Neural Network (Specific Model),11,None,1263,1162,2,class,0.95,0.87,0.01,0.13,0.3,0.6,0.52,True,17,0,0,0
3462,9.88,0.01,Neural Network (Specific Model),11,None,350,310,7,kingdom,1.0,0.89,0.0,0.0,0.0,0.6,0.53,True,1,0,0,0
3464,99.0,60.79,Gradient Boost (General Model),11,None,4717,4364,22,genus,0.63,0.59,0.06,0.45,1.95,0.67,0.39,True,22,4,3,4
3468,28.04,3.91,Neural Network (Specific Model),11,None,923,799,30,genus,0.67,0.58,0.06,0.69,3.34,0.57,0.33,True,10,0,1,0
348,8.03,0.61,Neural Network (Specific Model),11,None,770,426,10,kingdom,1.0,0.55,0.0,0.0,0.0,0.47,0.26,True,3,0,0,0
349,95.92,4.88,Neural Network (Specific Model),11,None,2694,2337,9,family,0.9,0.78,0.01,0.39,1.39,0.62,0.48,True,23,4,4,4
3496,5.98,0.21,Neural Network (Specific Model),11,None,609,121,4,kingdom,1.0,0.2,0.0,0.02,0.05,0.43,0.09,True,11,0,0,0
3497,5.73,0.18,Neural Network (Specific Model),11,None,385,304,7,phylum,0.93,0.74,0.15,0.03,0.07,0.53,0.39,True,1,0,0,0
3504,47.12,1.19,Neural Network (Specific Model),11,None,1236,1109,5,class,0.94,0.84,0.04,0.13,0.29,0.6,0.5,True,14,2,2,2
3511,11.17,0.65,Neural Network (Specific Model),11,None,741,687,12,genus,0.78,0.72,0.15,0.64,5.0,0.73,0.53,True,11,2,0,2
3527,84.46,3.2,Gradient Boost (General Model),11,None,2618,2415,4,class,0.93,0.86,0.02,0.05,0.1,0.61,0.52,True,23,4,4,4
3538,4.52,0.0,Neural Network (Specific Model),11,None,197,179,3,phylum,0.96,0.87,0.06,0.05,0.1,0.6,0.52,True,7,2,2,2
3541,68.29,26.67,Gradient Boost (General Model),11,None,1264,1116,33,phylum,0.95,0.84,0.09,0.04,0.08,0.55,0.46,True,5,1,0,1
3547,65.95,14.27,Gradient Boost (General Model),11,None,2430,2200,22,class,0.93,0.84,0.01,0.13,0.31,0.59,0.5,True,18,2,2,2
355,33.14,0.34,Neural Network (Specific Model),11,None,820,677,14,class,0.91,0.75,0.08,0.58,2.37,0.57,0.43,True,19,0,0,0
3550,7.63,0.02,Neural Network (Specific Model),11,None,387,309,5,class,0.94,0.75,0.03,0.02,0.05,0.62,0.46,True,0,0,0,0
3560,27.12,0.34,Neural Network (Specific Model),11,None,1268,1199,23,order,0.94,0.89,0.2,0.07,0.15,0.71,0.63,True,15,1,0,1
3569,7.75,0.0,Neural Network (Specific Model),11,None,378,344,2,class,0.91,0.83,0.01,0.09,0.2,0.63,0.52,True,11,1,1,1
3570,10.41,0.0,Neural Network (Specific Model),11,None,526,473,14,genus,0.7,0.63,0.1,0.53,2.96,0.69,0.43,True,5,1,0,2
3580,99.56,0.41,Neural Network (Specific Model),11,None,2285,1787,2,kingdom,1.0,0.78,0.0,0.0,0.0,0.56,0.44,True,22,5,0,5
3588,97.35,77.97,Gradient Boost (General Model),11,None,5927,5289,4,class,0.93,0.83,0.01,0.09,0.21,0.57,0.47,True,23,12,13,12
3594,25.33,1.89,Neural Network (Specific Model),11,None,804,694,3,genus,0.59,0.51,0.01,0.62,3.58,0.59,0.3,True,11,2,2,2
3608,15.25,0.02,Neural Network (Specific Model),11,None,430,379,5,kingdom,1.0,0.88,0.0,0.0,0.0,0.54,0.48,True,18,2,0,2
361,98.1,45.42,Gradient Boost (General Model),11,None,4627,4189,27,class,0.95,0.86,0.01,0.1,0.22,0.63,0.54,True,22,8,0,8
3612,11.65,0.5,Neural Network (Specific Model),11,None,299,280,9,class,0.96,0.9,0.14,0.06,0.13,0.7,0.63,True,5,1,1,1
362,99.06,105.85,Gradient Boost (General Model),11,None,3535,2521,44,kingdom,1.0,0.71,0.0,0.0,0.0,0.48,0.34,True,23,3,3,4
3623,95.06,17.58,Gradient Boost (General Model),11,None,1448,1298,16,phylum,0.98,0.88,0.03,0.32,0.77,0.68,0.6,True,14,2,0,2
3629,17.27,1.42,Neural Network (Specific Model),11,None,714,191,12,kingdom,0.98,0.26,0.0,0.0,0.0,0.42,0.11,True,21,0,0,0
3639,4.84,2.71,Neural Network (Specific Model),11,None,316,273,5,kingdom,1.0,0.86,0.0,0.0,0.0,0.66,0.57,True,2,0,0,0
3642,16.98,0.17,Neural Network (Specific Model),11,None,325,282,7,family,0.89,0.77,0.07,0.57,2.26,0.62,0.48,True,8,0,0,0
3654,99.93,0.79,Neural Network (Specific Model),11,None,2571,2472,2,kingdom,1.0,0.96,0.0,0.0,0.0,0.92,0.88,True,22,7,0,7
3661,9.52,2.6,Neural Network (Specific Model),11,None,395,321,19,phylum,0.96,0.78,0.06,0.06,0.14,0.5,0.39,True,2,0,0,0
3668,12.04,3.74,Neural Network (Specific Model),11,None,204,180,3,kingdom,1.0,0.88,0.0,0.0,0.0,0.55,0.49,True,11,0,0,0
3684,13.11,0.52,Neural Network (Specific Model),11,None,469,422,14,genus,0.69,0.62,0.04,0.56,2.81,0.66,0.41,True,8,0,0,0
3686,8.27,0.0,Neural Network (Specific Model),11,None,360,306,12,class,0.91,0.77,0.18,0.14,0.33,0.56,0.43,True,0,0,0,0
3690,10.99,0.04,Neural Network (Specific Model),11,None,281,275,1,kingdom,1.0,0.98,0.0,0.0,0.0,0.62,0.6,True,8,1,1,1
3694,11.62,8.97,Neural Network (Specific Model),11,None,616,551,3,genus,0.71,0.64,0.05,0.58,3.22,0.68,0.43,True,8,3,3,3
37,21.1,0.09,Neural Network (Specific Model),11,None,884,750,23,order,0.86,0.73,0.04,0.13,0.3,0.56,0.4,True,5,1,1,1
3706,97.4,0.0,Gradient Boost (General Model),11,None,1030,834,1,kingdom,1.0,0.81,0.0,0.0,0.0,0.48,0.38,True,22,1,0,1
3713,11.84,0.09,Neural Network (Specific Model),11,None,256,63,1,kingdom,1.0,0.25,0.0,0.1,0.21,0.32,0.08,True,0,0,0,0
3723,7.53,0.0,Neural Network (Specific Model),11,None,210,189,1,kingdom,1.0,0.9,0.0,0.0,0.0,0.71,0.64,True,2,0,0,0
3733,7.57,0.0,Neural Network (Specific Model),11,None,493,409,6,family,0.88,0.73,0.02,0.71,4.44,0.59,0.43,True,5,0,0,0
3737,63.29,0.91,Gradient Boost (General Model),11,None,1449,1314,3,genus,0.59,0.53,0.01,0.86,9.12,0.59,0.32,True,18,2,2,2
3739,22.57,0.01,Neural Network (Specific Model),11,None,690,627,11,family,0.91,0.83,0.07,0.26,0.76,0.72,0.6,True,11,0,0,0
3743,7.35,0.0,Neural Network (Specific Model),11,None,307,274,7,genus,0.64,0.57,0.15,0.75,6.37,0.65,0.37,True,1,0,0,0
375,14.81,0.09,Neural Network (Specific Model),11,None,566,491,14,order,0.9,0.78,0.2,0.04,0.09,0.61,0.47,True,9,2,2,2
376,35.46,0.01,Neural Network (Specific Model),11,None,1245,1098,25,genus,0.61,0.54,0.06,0.81,9.69,0.59,0.32,True,7,0,0,0
3764,11.6,0.04,Neural Network (Specific Model),11,None,544,452,11,genus,0.68,0.57,0.11,0.58,2.24,0.65,0.37,True,6,0,0,0
377,39.27,1.3,Neural Network (Specific Model),11,None,1502,1182,26,family,0.84,0.66,0.06,0.7,3.64,0.58,0.38,True,10,0,0,0
3770,10.93,0.94,Neural Network (Specific Model),11,None,303,279,2,kingdom,1.0,0.92,0.0,0.0,0.0,0.69,0.64,True,3,0,0,0
3776,6.63,0.0,Neural Network (Specific Model),11,None,329,68,1,kingdom,1.0,0.21,0.0,0.1,0.23,0.38,0.08,True,13,0,0,0
3788,35.17,7.91,Neural Network (Specific Model),11,None,1312,1192,16,class,0.95,0.86,0.02,0.13,0.32,0.59,0.5,True,11,1,1,1
3816,8.96,0.0,Neural Network (Specific Model),11,None,413,391,10,genus,0.7,0.66,0.09,0.65,3.66,0.71,0.47,True,5,0,0,0
3820,7.77,0.0,Neural Network (Specific Model),11,None,257,230,8,class,0.96,0.86,0.09,0.03,0.07,0.63,0.54,True,4,0,0,0
383,92.76,96.76,Neural Network (Specific Model),11,None,6091,5815,12,family,0.89,0.85,0.02,0.29,0.89,0.66,0.56,True,22,6,6,6
3840,5.23,0.15,Neural Network (Specific Model),11,None,254,237,9,genus,0.74,0.69,0.21,0.65,3.99,0.71,0.49,True,0,0,0,0
3863,6.66,0.0,Neural Network (Specific Model),11,None,246,208,3,genus,0.73,0.61,0.08,0.42,1.73,0.69,0.42,True,6,1,0,1
3865,17.35,1.73,Neural Network (Specific Model),11,None,337,262,9,phylum,0.98,0.77,0.1,0.23,0.55,0.61,0.46,True,7,0,0,0
3884,5.86,0.12,Neural Network (Specific Model),11,None,357,316,6,genus,0.78,0.69,0.05,0.53,2.48,0.56,0.39,True,0,0,0,0
3886,22.08,0.69,Neural Network (Specific Model),11,None,971,857,7,kingdom,1.0,0.88,0.0,0.0,0.0,0.6,0.53,True,12,1,0,1
39,96.08,94.06,Neural Network (Specific Model),11,None,7518,7266,101,family,0.94,0.91,0.14,0.04,0.08,0.94,0.85,True,22,5,5,5
3904,8.03,0.01,Neural Network (Specific Model),11,None,308,241,1,kingdom,1.0,0.78,0.0,0.0,0.0,0.54,0.42,True,4,1,1,1
3916,7.43,0.01,Neural Network (Specific Model),11,None,280,56,1,kingdom,1.0,0.2,0.0,0.05,0.11,0.4,0.08,True,4,0,0,0
3923,8.14,0.0,Neural Network (Specific Model),11,None,275,241,6,genus,0.59,0.52,0.15,0.87,12.37,0.59,0.31,True,1,0,0,0
3928,7.32,0.31,Neural Network (Specific Model),11,None,214,199,5,order,0.92,0.86,0.01,0.12,0.27,0.59,0.51,True,2,0,0,0
3931,6.94,0.03,Neural Network (Specific Model),11,None,316,48,2,kingdom,1.0,0.15,0.0,0.12,0.28,0.31,0.05,True,1,0,0,0
394,36.34,1.86,Neural Network (Specific Model),11,None,786,713,25,family,0.87,0.79,0.03,0.5,2.09,0.62,0.49,True,14,1,1,1
3949,5.02,0.0,Neural Network (Specific Model),11,None,194,172,1,kingdom,0.99,0.88,0.0,0.0,0.0,0.57,0.5,True,2,0,0,0
395,99.94,0.2,Neural Network (Specific Model),11,None,2046,1920,3,family,0.91,0.85,0.01,0.18,0.43,0.66,0.56,True,22,4,5,4
398,85.12,64.76,Neural Network (Specific Model),11,None,4977,4593,116,kingdom,1.0,0.92,0.08,0.04,0.08,0.7,0.64,True,21,5,0,5
3983,8.12,0.22,Neural Network (Specific Model),11,None,180,151,9,class,0.91,0.76,0.13,0.03,0.06,0.54,0.41,True,2,0,0,0
3990,9.31,0.0,Neural Network (Specific Model),11,None,361,332,4,genus,0.57,0.52,0.02,0.82,8.34,0.59,0.31,True,7,0,0,0
3998,7.48,0.14,Neural Network (Specific Model),11,None,277,210,8,family,0.78,0.59,0.14,0.63,4.16,0.63,0.37,True,0,0,0,0
40,8.37,0.01,Neural Network (Specific Model),11,None,246,223,1,kingdom,1.0,0.91,0.0,0.0,0.0,0.56,0.51,True,2,0,0,0
4006,12.77,0.08,Neural Network (Specific Model),11,None,457,414,3,genus,0.57,0.52,0.01,0.84,9.4,0.62,0.33,True,6,0,0,0
401,51.1,108.27,Neural Network (Specific Model),11,Low confidence prediction - substantial (48%) disagreement between completeness prediction models,30555,27412,161,phylum,0.98,0.88,0.02,0.02,0.05,0.6,0.52,True,23,37,38,37
4017,11.76,0.05,Neural Network (Specific Model),11,None,327,300,6,phylum,0.95,0.87,0.1,0.03,0.06,0.6,0.52,True,3,0,0,0
4023,11.35,1.86,Neural Network (Specific Model),11,None,223,187,5,kingdom,1.0,0.84,0.0,0.0,0.0,0.54,0.45,True,0,0,0,0
4025,99.49,3.12,Gradient Boost (General Model),11,None,2146,1844,1,kingdom,1.0,0.86,0.0,0.0,0.0,0.55,0.48,True,22,3,4,3
4038,11.09,0.36,Neural Network (Specific Model),11,None,733,608,8,genus,0.51,0.42,0.09,0.71,5.55,0.56,0.24,True,2,0,0,0
4039,92.85,5.4,Gradient Boost (General Model),11,None,1424,1197,5,phylum,0.95,0.8,0.03,0.36,0.85,0.64,0.51,True,22,2,0,2
4041,90.05,15.88,Gradient Boost (General Model),11,None,1195,1043,14,order,0.95,0.83,0.01,0.66,2.55,0.6,0.5,True,16,2,2,2
4076,7.79,0.01,Neural Network (Specific Model),11,None,289,252,3,class,0.92,0.8,0.03,0.05,0.1,0.63,0.5,True,2,0,0,0
4083,9.25,0.0,Neural Network (Specific Model),11,None,309,272,6,phylum,0.95,0.84,0.11,0.06,0.12,0.6,0.5,True,2,0,0,0
4107,4.73,0.0,Neural Network (Specific Model),11,None,222,189,4,genus,0.59,0.5,0.01,0.77,6.2,0.56,0.28,True,1,0,0,0
4152,6.19,0.0,Neural Network (Specific Model),11,None,256,212,5,phylum,0.98,0.81,0.01,0.05,0.1,0.57,0.46,True,2,0,0,0
4155,8.59,0.02,Neural Network (Specific Model),11,None,341,305,11,genus,0.66,0.59,0.11,0.83,9.27,0.64,0.38,True,0,0,0,0
416,96.96,116.95,Gradient Boost (General Model),11,None,35961,33495,274,family,0.9,0.84,0.02,0.61,2.86,0.68,0.56,True,23,60,59,60
4160,18.06,0.72,Neural Network (Specific Model),11,None,850,734,9,genus,0.66,0.57,0.11,0.55,2.98,0.64,0.36,True,9,1,1,1
4161,12.16,0.06,Neural Network (Specific Model),11,None,830,738,17,order,0.94,0.83,0.15,0.15,0.36,0.69,0.57,True,1,0,0,0
4162,99.86,0.02,Neural Network (Specific Model),11,None,3009,2779,1,kingdom,1.0,0.92,0.0,0.0,0.0,0.7,0.65,True,22,6,6,6
4167,21.61,1.23,Neural Network (Specific Model),11,None,426,342,4,phylum,0.97,0.78,0.32,0.21,0.51,0.56,0.44,True,7,1,0,1
4168,25.02,1.42,Neural Network (Specific Model),11,None,363,325,3,phylum,0.96,0.86,0.01,0.07,0.14,0.54,0.46,True,3,0,0,0
4173,5.18,0.02,Neural Network (Specific Model),11,None,353,307,9,phylum,0.95,0.83,0.11,0.09,0.2,0.51,0.42,True,5,0,0,0
4175,99.99,0.01,Neural Network (Specific Model),11,None,1655,1626,1,kingdom,1.0,0.98,0.0,0.0,0.0,0.93,0.91,True,22,3,0,3
4176,8.73,0.0,Neural Network (Specific Model),11,None,228,210,1,kingdom,1.0,0.92,0.0,0.0,0.0,0.64,0.59,True,3,1,1,1
4182,8.45,0.04,Neural Network (Specific Model),11,None,463,420,8,genus,0.77,0.7,0.05,0.66,4.17,0.62,0.43,True,7,0,0,0
42,96.0,28.24,Gradient Boost (General Model),11,None,2424,2152,23,family,0.8,0.71,0.01,0.63,3.3,0.56,0.4,True,22,2,2,2
4212,8.04,0.0,Neural Network (Specific Model),11,None,246,182,8,class,0.9,0.66,0.16,0.6,2.07,0.55,0.37,True,4,0,0,0
4221,94.43,89.18,Gradient Boost (General Model),11,None,2518,2142,6,order,0.95,0.81,0.01,0.65,2.46,0.6,0.48,True,22,2,1,2
4260,8.75,0.99,Neural Network (Specific Model),11,None,274,245,3,phylum,0.96,0.86,0.1,0.09,0.2,0.61,0.53,True,9,1,1,1
4261,97.84,3.93,Gradient Boost (General Model),11,None,2716,2506,2,kingdom,1.0,0.92,0.0,0.0,0.0,0.64,0.59,True,23,4,4,4
4292,6.98,0.3,Neural Network (Specific Model),11,None,449,359,2,kingdom,1.0,0.8,0.0,0.0,0.0,0.58,0.46,True,0,0,0,0
430,96.93,10.7,Gradient Boost (General Model),11,None,1740,1494,11,class,0.89,0.76,0.01,0.18,0.48,0.52,0.4,True,23,2,2,2
431,28.0,0.59,Neural Network (Specific Model),11,None,996,895,25,family,0.95,0.86,0.22,0.13,0.31,0.81,0.7,True,13,1,0,1
4311,20.84,0.25,Neural Network (Specific Model),11,None,473,409,2,class,0.9,0.78,0.01,0.61,2.79,0.53,0.41,True,3,0,0,0
4337,53.42,10.23,Gradient Boost (General Model),11,None,1119,1009,11,genus,0.72,0.65,0.1,0.59,1.99,0.57,0.37,True,19,1,0,1
4353,20.02,0.0,Neural Network (Specific Model),11,None,982,859,3,order,0.9,0.79,0.03,0.13,0.32,0.56,0.44,True,8,4,5,4
4355,97.87,1.0,Gradient Boost (General Model),11,None,3403,3167,1,kingdom,1.0,0.93,0.0,0.0,0.0,0.62,0.57,True,23,4,4,4
437,98.21,53.52,Neural Network (Specific Model),11,None,3839,3567,49,class,0.96,0.89,0.08,0.3,0.72,0.76,0.68,True,22,8,0,9
439,98.54,26.73,Gradient Boost (General Model),11,None,2207,2098,17,class,0.95,0.9,0.01,0.34,0.8,0.6,0.55,True,21,4,4,4
44,4.25,0.01,Neural Network (Specific Model),11,None,184,100,3,kingdom,1.0,0.54,0.0,0.0,0.0,0.45,0.24,True,3,0,0,0
444,98.09,43.79,Gradient Boost (General Model),11,None,3305,3013,42,order,0.89,0.82,0.03,0.09,0.2,0.58,0.47,True,23,4,3,3
445,80.96,1.86,Gradient Boost (General Model),11,None,4068,3663,25,genus,0.59,0.53,0.02,0.35,1.23,0.62,0.33,True,23,6,7,6
4465,6.24,0.01,Neural Network (Specific Model),11,None,198,12,1,kingdom,1.0,0.06,0.0,0.17,0.38,0.29,0.02,True,0,0,0,0
447,14.29,0.06,Neural Network (Specific Model),11,None,516,461,11,phylum,0.94,0.84,0.05,0.04,0.08,0.57,0.48,True,7,1,1,1
4472,11.61,0.44,Neural Network (Specific Model),11,None,529,487,4,genus,0.74,0.68,0.18,0.46,2.03,0.75,0.51,True,6,0,0,0
4476,89.86,0.61,Gradient Boost (General Model),11,None,2075,1907,1,kingdom,1.0,0.92,0.0,0.0,0.0,0.58,0.54,True,22,3,3,3
4481,8.47,11.6,Neural Network (Specific Model),11,None,693,625,10,kingdom,1.0,0.9,0.0,0.0,0.0,0.7,0.63,True,2,0,0,0
4515,6.24,0.08,Neural Network (Specific Model),11,None,364,327,7,order,0.94,0.85,0.02,0.1,0.24,0.59,0.5,True,0,0,0,0
453,23.1,0.26,Neural Network (Specific Model),11,None,721,654,20,order,0.89,0.8,0.12,0.07,0.15,0.59,0.47,True,7,0,0,0
4533,17.7,0.01,Neural Network (Specific Model),11,None,390,326,4,phylum,0.98,0.82,0.06,0.5,1.0,0.67,0.54,True,1,2,0,2
4555,11.33,0.05,Neural Network (Specific Model),11,None,336,286,4,phylum,0.95,0.81,0.04,0.36,0.85,0.6,0.48,True,2,0,0,0
4556,5.28,0.0,Neural Network (Specific Model),11,None,336,100,1,kingdom,0.98,0.29,0.0,0.0,0.0,0.43,0.13,True,15,0,0,0
456,42.18,1.83,Gradient Boost (General Model),11,None,1347,1140,29,phylum,0.95,0.8,0.12,0.02,0.05,0.54,0.44,True,16,2,2,2
4602,25.55,19.22,Neural Network (Specific Model),11,None,1393,1257,14,genus,0.73,0.66,0.07,0.63,2.94,0.6,0.4,True,17,3,2,3
461,9.1,0.05,Neural Network (Specific Model),11,None,279,261,1,kingdom,1.0,0.94,0.0,0.0,0.0,0.71,0.66,True,4,1,1,1
4611,16.52,0.27,Neural Network (Specific Model),11,None,786,735,4,order,0.92,0.86,0.04,0.08,0.18,0.64,0.55,True,7,0,0,0
462,32.75,2.18,Neural Network (Specific Model),11,None,1138,995,23,family,0.87,0.76,0.06,0.29,0.9,0.6,0.46,True,16,2,0,2
463,99.4,105.11,Gradient Boost (General Model),11,None,8454,5923,97,kingdom,0.99,0.7,0.0,0.0,0.0,0.47,0.33,True,23,7,0,9
465,14.66,0.0,Neural Network (Specific Model),11,None,534,510,14,family,0.98,0.93,0.06,0.07,0.15,0.97,0.9,True,7,0,0,0
4670,69.33,23.28,Gradient Boost (General Model),11,None,2761,2535,14,class,0.92,0.85,0.01,0.13,0.31,0.6,0.51,True,21,4,4,4
469,91.57,96.17,Neural Network (Specific Model),11,None,5625,5124,23,phylum,0.98,0.9,0.01,0.03,0.05,0.6,0.54,True,22,6,6,6
4734,62.93,1.13,Neural Network (Specific Model),11,None,1610,1457,2,kingdom,1.0,0.9,0.0,0.0,0.0,0.57,0.52,True,19,3,0,3
477,83.03,6.67,Gradient Boost (General Model),11,None,1715,1593,33,genus,0.63,0.58,0.06,0.42,1.7,0.64,0.37,True,23,3,3,3
4783,98.86,0.24,Neural Network (Specific Model),11,None,1970,1887,1,kingdom,1.0,0.96,0.0,0.0,0.0,0.69,0.66,True,22,2,2,2
4789,7.31,0.11,Neural Network (Specific Model),11,None,333,285,6,genus,0.61,0.53,0.04,0.82,7.71,0.57,0.3,True,7,2,0,2
48,96.43,102.88,Gradient Boost (General Model),11,None,9502,8251,227,class,0.95,0.83,0.08,0.44,1.35,0.58,0.48,True,22,4,4,4
4811,6.95,0.0,Neural Network (Specific Model),11,None,209,187,2,kingdom,1.0,0.89,0.0,0.0,0.0,0.62,0.55,True,7,0,0,0
4818,99.67,2.46,Neural Network (Specific Model),11,None,2023,1824,2,family,0.86,0.77,0.14,0.23,0.63,0.63,0.49,True,22,2,2,2
4819,6.42,0.0,Neural Network (Specific Model),11,None,205,181,3,phylum,0.95,0.84,0.07,0.1,0.24,0.51,0.42,True,4,0,0,0
4831,8.42,0.0,Neural Network (Specific Model),11,None,250,231,7,genus,0.78,0.72,0.05,0.69,4.45,0.61,0.44,True,2,0,0,0
4834,9.97,0.02,Neural Network (Specific Model),11,None,362,323,8,genus,0.74,0.66,0.19,0.55,2.72,0.7,0.46,True,8,0,0,0
4842,6.3,0.09,Neural Network (Specific Model),11,None,287,262,6,genus,0.76,0.7,0.08,0.73,4.88,0.74,0.52,True,13,2,2,2
486,95.17,101.67,Neural Network (Specific Model),11,None,4819,4386,3,phylum,0.99,0.9,0.01,0.02,0.05,0.61,0.55,True,23,6,6,6
4860,4.56,0.05,Neural Network (Specific Model),11,None,242,233,6,kingdom,1.0,0.96,0.0,0.0,0.0,0.86,0.83,True,1,0,0,0
4877,6.03,0.0,Neural Network (Specific Model),11,None,250,230,2,kingdom,0.99,0.91,0.0,0.0,0.0,0.55,0.5,True,1,0,0,0
4890,16.3,0.02,Neural Network (Specific Model),11,None,311,274,6,genus,0.74,0.65,0.25,0.72,5.45,0.64,0.42,True,12,1,1,1
4905,7.76,0.04,Neural Network (Specific Model),11,None,244,229,6,order,0.9,0.84,0.1,0.07,0.15,0.6,0.51,True,1,0,0,0
4910,10.99,0.01,Neural Network (Specific Model),11,None,284,234,5,phylum,0.98,0.81,0.11,0.2,0.48,0.59,0.48,True,14,0,0,0
4925,5.41,1.28,Neural Network (Specific Model),11,None,204,174,8,phylum,0.99,0.84,0.09,0.03,0.06,0.59,0.5,True,4,0,0,0
493,13.02,0.0,Neural Network (Specific Model),11,None,389,336,10,phylum,0.96,0.83,0.2,0.04,0.09,0.61,0.5,True,6,1,0,1
4936,19.8,0.82,Neural Network (Specific Model),11,None,899,831,5,class,0.97,0.89,0.07,0.06,0.13,0.7,0.62,True,14,1,0,1
4939,25.57,0.03,Neural Network (Specific Model),11,None,615,539,3,kingdom,1.0,0.88,0.0,0.0,0.0,0.6,0.53,True,6,0,0,0
4960,71.47,0.64,Gradient Boost (General Model),11,None,1011,907,2,kingdom,1.0,0.9,0.0,0.0,0.0,0.71,0.64,True,16,1,0,1
497,95.81,57.0,Gradient Boost (General Model),11,None,5305,4758,38,genus,0.63,0.56,0.14,0.56,2.93,0.61,0.34,True,22,7,3,8
4974,15.14,0.09,Neural Network (Specific Model),11,None,539,481,2,family,0.86,0.77,0.01,0.72,5.26,0.63,0.48,True,5,0,0,0
498,20.46,0.35,Neural Network (Specific Model),11,None,645,545,23,genus,0.57,0.48,0.05,0.76,5.62,0.53,0.26,True,7,0,1,1
4994,10.74,6.87,Neural Network (Specific Model),11,None,303,286,3,phylum,0.97,0.91,0.13,0.03,0.06,0.62,0.56,True,0,0,0,0
4998,24.22,0.2,Neural Network (Specific Model),11,None,283,240,6,phylum,0.98,0.83,0.09,0.47,0.99,0.62,0.51,True,4,0,0,0
5,94.62,4.51,Gradient Boost (General Model),11,None,2994,2683,20,phylum,0.94,0.85,0.03,0.06,0.13,0.58,0.49,True,21,3,3,3
50,91.63,78.66,Neural Network (Specific Model),11,None,10167,10042,185,genus,0.9,0.89,0.02,0.31,0.75,0.99,0.88,True,24,15,19,17
500,93.65,48.5,Neural Network (Specific Model),11,None,4695,4470,38,family,0.95,0.9,0.09,0.03,0.06,0.82,0.74,True,22,5,5,5
5017,6.62,0.02,Neural Network (Specific Model),11,None,265,235,7,genus,0.66,0.58,0.04,0.86,9.97,0.53,0.31,True,3,0,0,0
502,71.74,0.85,Gradient Boost (General Model),11,None,1262,1133,23,family,0.86,0.77,0.03,0.13,0.3,0.63,0.49,True,13,2,3,2
5023,40.08,3.8,Neural Network (Specific Model),11,None,1630,1508,19,genus,0.66,0.61,0.37,0.58,3.17,0.78,0.48,True,11,1,1,1
503,86.87,5.92,Neural Network (Specific Model),11,None,2756,2490,14,genus,0.76,0.69,0.03,0.24,0.67,0.76,0.52,True,22,4,0,4
504,98.81,2.35,Gradient Boost (General Model),11,None,2589,2280,9,class,0.88,0.77,0.02,0.36,1.09,0.56,0.43,True,22,4,4,4
507,46.47,1.28,Neural Network (Specific Model),11,None,1022,925,32,family,0.86,0.78,0.06,0.1,0.22,0.64,0.5,True,14,0,0,0
510,7.58,0.0,Neural Network (Specific Model),11,None,277,239,4,kingdom,1.0,0.86,0.0,0.0,0.0,0.57,0.5,True,0,0,0,0
5105,31.02,0.05,Neural Network (Specific Model),11,None,336,291,2,kingdom,1.0,0.87,0.0,0.0,0.0,0.56,0.49,True,16,1,0,1
5116,48.6,5.9,Gradient Boost (General Model),11,None,810,743,1,kingdom,1.0,0.92,0.0,0.0,0.0,0.66,0.61,True,11,1,0,1
526,42.45,1.15,Neural Network (Specific Model),11,None,1690,1535,32,class,0.96,0.87,0.1,0.29,0.69,0.66,0.58,True,13,2,0,3
530,26.57,0.57,Neural Network (Specific Model),11,None,622,548,16,order,0.94,0.83,0.06,0.05,0.1,0.63,0.52,True,12,0,0,0
535,97.2,0.06,Gradient Boost (General Model),11,None,2580,2337,1,kingdom,1.0,0.9,0.0,0.0,0.0,0.54,0.49,True,23,3,3,3
540,94.18,0.11,Gradient Boost (General Model),11,None,2383,2121,14,order,0.88,0.78,0.06,0.39,1.25,0.57,0.45,True,24,4,5,4
544,89.63,29.75,Gradient Boost (General Model),11,None,2667,2465,40,family,0.86,0.8,0.03,0.64,3.01,0.62,0.5,True,23,4,6,4
550,43.39,0.7,Neural Network (Specific Model),11,None,1131,963,17,class,0.93,0.79,0.02,0.2,0.49,0.58,0.46,True,12,2,0,2
560,87.78,0.36,Gradient Boost (General Model),11,None,2682,2186,17,phylum,0.89,0.73,0.03,0.43,1.7,0.48,0.35,True,22,2,0,2
595,17.16,0.2,Neural Network (Specific Model),11,None,562,473,22,genus,0.61,0.51,0.04,0.77,5.16,0.54,0.27,True,5,0,0,0
6,91.3,94.79,Neural Network (Specific Model),11,None,6160,5553,57,family,0.86,0.78,0.05,0.16,0.4,0.62,0.48,True,23,6,6,6
609,90.3,35.96,Gradient Boost (General Model),11,None,6172,4628,104,phylum,0.89,0.67,0.03,0.8,5.32,0.47,0.31,True,22,3,1,4
610,4.54,0.0,Neural Network (Specific Model),11,None,230,206,1,kingdom,1.0,0.89,0.0,0.0,0.0,0.7,0.62,True,1,0,0,0
612,16.24,0.0,Neural Network (Specific Model),11,None,830,716,20,order,0.9,0.77,0.06,0.11,0.25,0.6,0.47,True,18,3,1,2
613,69.24,28.76,Gradient Boost (General Model),11,None,4251,3651,70,genus,0.59,0.5,0.07,0.48,2.24,0.62,0.31,True,21,5,5,5
614,10.95,0.9,Neural Network (Specific Model),11,None,309,256,9,family,0.89,0.74,0.14,0.39,1.36,0.61,0.45,True,3,0,0,0
619,67.01,17.65,Gradient Boost (General Model),11,None,2655,574,71,kingdom,1.0,0.22,0.0,0.03,0.06,0.42,0.09,True,20,0,0,0
620,92.4,5.45,Gradient Boost (General Model),11,None,1317,982,17,family,0.73,0.55,0.03,0.66,4.59,0.49,0.27,True,21,2,1,1
623,53.0,4.41,Gradient Boost (General Model),11,None,1431,1223,31,class,0.94,0.81,0.04,0.07,0.16,0.6,0.48,True,12,1,0,1
624,98.86,70.64,Gradient Boost (General Model),11,None,6891,6027,77,family,0.76,0.67,0.03,0.66,3.68,0.59,0.4,True,23,13,13,13
63,9.78,0.0,Neural Network (Specific Model),11,None,263,240,11,kingdom,1.0,0.91,0.0,0.0,0.0,0.64,0.59,True,4,0,0,0
630,28.51,0.09,Neural Network (Specific Model),11,None,955,804,24,genus,0.79,0.66,0.14,0.03,0.07,0.65,0.43,True,9,1,3,1
631,87.41,33.97,Gradient Boost (General Model),11,None,5377,4810,107,genus,0.54,0.48,0.06,0.8,7.82,0.55,0.26,True,19,4,4,4
632,98.97,0.16,Gradient Boost (General Model),11,None,2657,2338,1,kingdom,1.0,0.88,0.0,0.0,0.0,0.59,0.52,True,22,3,3,3
639,92.21,106.87,Neural Network (Specific Model),11,None,5854,5416,18,family,0.84,0.78,0.03,0.19,0.46,0.66,0.51,True,23,5,5,5
642,21.19,0.11,Neural Network (Specific Model),11,None,227,161,10,kingdom,0.99,0.7,0.0,0.0,0.0,0.48,0.34,True,15,1,1,1
644,89.1,2.81,Neural Network (Specific Model),11,None,3031,2770,1,kingdom,1.0,0.91,0.0,0.0,0.0,0.65,0.6,True,22,5,5,5
654,52.57,9.88,Gradient Boost (General Model),11,None,1838,1508,49,phylum,0.93,0.76,0.04,0.06,0.14,0.52,0.4,True,9,1,3,2
656,82.68,90.5,Gradient Boost (General Model),11,None,9471,8824,87,class,0.92,0.85,0.05,0.39,0.9,0.62,0.53,True,22,15,14,14
657,88.46,3.22,Gradient Boost (General Model),11,None,2954,2683,22,phylum,0.97,0.88,0.02,0.05,0.1,0.64,0.56,True,22,3,3,3
659,59.74,8.19,Gradient Boost (General Model),11,None,1362,1204,32,class,0.92,0.81,0.1,0.12,0.28,0.58,0.47,True,15,2,3,2
661,95.95,0.07,Gradient Boost (General Model),11,None,2373,2240,3,kingdom,1.0,0.94,0.0,0.0,0.0,0.6,0.57,True,24,2,2,2
665,21.03,0.18,Neural Network (Specific Model),11,None,707,617,16,order,0.79,0.69,0.08,0.19,0.47,0.53,0.37,True,11,1,1,1
666,93.23,106.02,Neural Network (Specific Model),11,None,8183,6440,85,phylum,0.94,0.74,0.03,0.2,0.54,0.56,0.42,True,22,14,0,15
672,98.62,2.16,Gradient Boost (General Model),11,None,1518,1386,3,kingdom,1.0,0.91,0.0,0.0,0.0,0.55,0.5,True,22,2,2,2
685,60.28,0.4,Gradient Boost (General Model),11,None,1635,1400,25,phylum,0.94,0.81,0.03,0.06,0.12,0.56,0.46,True,19,4,0,3
687,16.08,3.42,Neural Network (Specific Model),11,None,1058,217,7,kingdom,1.0,0.21,0.0,0.3,0.73,0.41,0.08,True,5,0,0,0
691,96.94,11.77,Gradient Boost (General Model),11,None,2377,2042,9,genus,0.73,0.63,0.01,0.67,3.86,0.6,0.37,True,22,3,4,3
694,93.21,0.46,Gradient Boost (General Model),11,None,1581,1398,1,kingdom,1.0,0.88,0.0,0.0,0.0,0.53,0.47,True,22,1,2,2
70,73.19,18.27,Gradient Boost (General Model),11,None,1720,1564,39,class,0.92,0.83,0.05,0.14,0.35,0.57,0.47,True,19,1,1,1
708,90.81,6.45,Gradient Boost (General Model),11,None,1033,739,18,kingdom,1.0,0.72,0.02,0.02,0.04,0.47,0.33,True,15,1,1,1
712,28.46,40.23,Neural Network (Specific Model),11,None,3181,2984,21,class,0.93,0.87,0.02,0.46,0.99,0.63,0.55,True,9,0,0,0
715,8.58,0.01,Neural Network (Specific Model),11,None,228,192,6,family,0.92,0.77,0.05,0.16,0.39,0.63,0.49,True,6,0,0,0
717,11.05,0.1,Neural Network (Specific Model),11,None,456,371,10,family,0.8,0.65,0.01,0.72,4.36,0.53,0.35,True,0,0,0,0
72,77.01,1.36,Neural Network (Specific Model),11,None,2480,2322,40,genus,0.94,0.88,0.07,0.03,0.07,0.93,0.82,True,18,4,3,4
724,72.33,2.49,Gradient Boost (General Model),11,None,1984,1681,10,phylum,0.94,0.8,0.06,0.04,0.08,0.55,0.44,True,23,2,2,2
726,97.56,79.24,Gradient Boost (General Model),11,None,3284,3044,29,family,0.86,0.8,0.06,0.28,0.82,0.64,0.51,True,22,4,4,4
729,1.03,110.12,Neural Network (Specific Model),11,None,35864,33343,262,genus,0.86,0.8,0.05,0.12,0.27,0.73,0.58,True,23,72,71,72
730,84.23,4.37,Gradient Boost (General Model),11,None,2132,1925,17,genus,0.63,0.57,0.05,0.43,1.79,0.62,0.35,True,21,2,2,2
735,64.43,12.17,Gradient Boost (General Model),11,None,2643,2405,60,phylum,0.91,0.83,0.05,0.07,0.14,0.54,0.45,True,19,1,1,1
739,68.1,3.58,Neural Network (Specific Model),11,None,2581,2351,24,class,0.96,0.87,0.05,0.37,0.87,0.66,0.58,True,22,4,0,4
743,63.0,0.58,Gradient Boost (General Model),11,None,1817,1647,21,genus,0.75,0.68,0.02,0.51,2.35,0.62,0.42,True,21,2,2,2
756,84.68,8.86,Neural Network (Specific Model),11,None,2053,1948,16,family,0.9,0.86,0.04,0.23,0.61,0.68,0.58,True,20,1,1,1
760,65.94,1.23,Neural Network (Specific Model),11,None,1438,1210,17,phylum,0.94,0.79,0.09,0.33,0.79,0.55,0.44,True,22,1,2,2
768,89.89,0.17,Gradient Boost (General Model),11,None,830,601,7,class,0.9,0.65,0.01,0.31,1.04,0.5,0.32,True,20,0,0,1
777,68.04,1.66,Gradient Boost (General Model),11,None,1823,1672,19,class,0.91,0.83,0.03,0.44,0.98,0.64,0.54,True,20,2,2,2
778,24.7,0.47,Neural Network (Specific Model),11,None,1049,933,28,class,0.9,0.8,0.07,0.12,0.28,0.59,0.47,True,16,1,1,1
78,100.0,59.89,Neural Network (Specific Model),11,None,7636,6423,64,phylum,0.91,0.76,0.02,0.5,2.28,0.47,0.36,True,22,5,0,5
782,89.24,38.45,Gradient Boost (General Model),11,None,2527,2365,45,genus,0.86,0.81,0.1,0.16,0.38,0.71,0.57,True,21,3,3,3
8,12.18,3.78,Neural Network (Specific Model),11,None,601,229,3,kingdom,0.98,0.37,0.0,0.0,0.0,0.45,0.17,True,20,0,0,0
809,96.52,0.18,Gradient Boost (General Model),11,None,2377,2093,2,kingdom,1.0,0.88,0.0,0.0,0.0,0.55,0.49,True,22,3,3,3
818,20.87,21.18,Neural Network (Specific Model),11,None,753,714,8,phylum,0.96,0.91,0.07,0.11,0.24,0.5,0.46,True,12,1,1,1
822,98.88,45.98,Gradient Boost (General Model),11,None,3486,3201,26,class,0.94,0.86,0.02,0.03,0.07,0.62,0.54,True,22,3,3,3
823,97.92,3.1,Gradient Boost (General Model),11,None,3928,3405,5,family,0.81,0.7,0.02,0.4,1.48,0.62,0.44,True,23,4,5,4
824,28.31,0.66,Neural Network (Specific Model),11,None,865,757,14,class,0.93,0.82,0.03,0.14,0.34,0.56,0.45,True,10,0,0,0
830,4.88,0.0,Neural Network (Specific Model),11,None,144,98,9,phylum,0.9,0.61,0.14,0.69,3.6,0.43,0.26,True,1,0,0,1
841,23.62,1.53,Neural Network (Specific Model),11,None,856,779,20,genus,0.66,0.6,0.1,0.38,1.26,0.62,0.37,True,14,1,1,1
843,96.08,9.29,Gradient Boost (General Model),11,None,4413,4089,2,family,0.95,0.88,0.01,0.21,0.55,0.67,0.59,True,23,3,0,3
852,61.8,3.25,Neural Network (Specific Model),11,None,1919,1713,30,family,0.91,0.82,0.05,0.52,2.36,0.62,0.51,True,21,4,0,4
856,94.63,0.07,Gradient Boost (General Model),11,None,1553,1329,1,kingdom,1.0,0.86,0.0,0.0,0.0,0.53,0.46,True,22,2,3,3
86,54.82,0.08,Gradient Boost (General Model),11,None,1453,1303,33,family,0.9,0.81,0.1,0.38,1.33,0.68,0.55,True,17,1,0,1
866,100.0,88.56,Neural Network (Specific Model),11,None,4211,3894,5,class,0.93,0.86,0.01,0.08,0.18,0.6,0.52,True,23,4,4,4
87,95.92,3.87,Gradient Boost (General Model),11,None,2850,2556,28,genus,0.66,0.59,0.04,0.73,6.22,0.6,0.35,True,22,3,4,3
874,99.38,6.6,Gradient Boost (General Model),11,None,2668,2365,13,family,0.86,0.76,0.01,0.62,2.41,0.62,0.47,True,22,6,0,7
879,78.72,1.78,Gradient Boost (General Model),11,None,1247,1129,6,class,0.91,0.82,0.01,0.44,1.47,0.56,0.46,True,17,1,2,2
88,86.08,9.4,Gradient Boost (General Model),11,None,2895,2627,27,genus,0.71,0.64,0.02,0.67,4.65,0.62,0.4,True,22,3,0,3
881,52.79,2.19,Gradient Boost (General Model),11,None,1274,1121,31,family,0.75,0.66,0.07,0.78,6.44,0.59,0.39,True,17,2,2,2
898,49.74,1.54,Gradient Boost (General Model),11,None,1908,1713,33,genus,0.69,0.62,0.1,0.28,0.87,0.72,0.44,True,18,1,1,1
901,11.37,0.08,Neural Network (Specific Model),11,None,428,317,10,genus,0.54,0.4,0.08,0.77,5.65,0.52,0.21,True,6,1,0,1
909,94.08,97.3,Neural Network (Specific Model),11,None,6176,5621,32,family,0.89,0.81,0.01,0.55,2.76,0.63,0.51,True,22,9,10,10
911,9.45,0.08,Neural Network (Specific Model),11,None,325,266,10,order,0.82,0.67,0.11,0.12,0.27,0.67,0.45,True,4,0,0,0
918,99.47,98.25,Gradient Boost (General Model),11,None,4016,2945,38,phylum,0.93,0.68,0.01,0.13,0.32,0.49,0.33,True,23,7,5,6
919,25.08,0.04,Neural Network (Specific Model),11,None,998,905,22,genus,0.63,0.57,0.04,0.69,5.61,0.65,0.37,True,11,2,0,1
923,5.23,0.0,Neural Network (Specific Model),11,None,204,160,4,kingdom,1.0,0.78,0.0,0.22,0.52,0.6,0.47,True,2,0,0,0
934,97.84,107.45,Gradient Boost (General Model),11,None,7607,6901,73,genus,0.64,0.58,0.03,0.8,8.72,0.61,0.36,True,22,10,10,10
942,75.92,3.84,Neural Network (Specific Model),11,None,1860,1711,14,order,0.92,0.84,0.06,0.02,0.05,0.65,0.55,True,23,3,3,3
946,91.09,22.97,Gradient Boost (General Model),11,None,3032,2793,50,genus,0.75,0.69,0.07,0.26,0.75,0.67,0.46,True,22,3,4,3
953,48.78,0.02,Gradient Boost (General Model),11,None,1384,1123,15,genus,0.59,0.48,0.07,0.6,3.54,0.55,0.27,True,9,1,1,1
967,95.86,1.59,Gradient Boost (General Model),11,None,2828,2702,7,class,0.95,0.91,0.01,0.04,0.09,0.66,0.6,True,23,5,0,5
986,23.76,0.02,Neural Network (Specific Model),11,None,966,822,22,genus,0.87,0.74,0.05,0.61,2.55,0.66,0.49,True,8,1,1,1
987,95.16,1.74,Gradient Boost (General Model),11,None,3211,2412,13,phylum,0.91,0.68,0.01,0.77,5.45,0.47,0.32,True,22,2,2,2
988,49.87,0.91,Gradient Boost (General Model),11,None,520,461,6,phylum,0.96,0.85,0.04,0.31,0.75,0.62,0.52,True,8,0,0,0
995,95.02,2.25,Gradient Boost (General Model),11,None,2234,2001,4,class,0.91,0.82,0.01,0.09,0.2,0.59,0.48,True,22,2,2,2
999,99.43,111.72,Gradient Boost (General Model),11,None,8798,7887,97,class,0.92,0.83,0.08,0.05,0.11,0.73,0.6,True,24,17,2,18
