,Completeness,Contamination,Completeness_Model_Used,Translation_Table_Used,Additional_Notes,n_genes_called,n_genes_mapped,n_contigs,taxonomic_level,proportion_genes_retained_in_major_clades,genes_retained_index,clade_separation_score,contamination_portion,n_effective_surplus_clades,mean_hit_identity,reference_representation_score,pass.GUNC,tRNA,16S,5S,23S
bin.0,99.97,0.0,Neural Network (Specific Model),11,None,3272,3186,3,family,0.96,0.93,0.04,0.03,0.06,0.96,0.9,True,22,7,7,7
bin.1,98.76,0.34,Gradient Boost (General Model),11,None,1756,1650,2,kingdom,1.0,0.94,0.0,0.0,0.0,0.63,0.59,True,22,3,4,3
bin.10,99.99,0.28,Neural Network (Specific Model),11,None,2866,2804,4,genus,0.79,0.77,0.03,0.05,0.1,0.95,0.73,True,23,6,6,6
bin.100,6.44,0.0,Neural Network (Specific Model),11,None,247,244,2,kingdom,1.0,0.99,0.0,0.0,0.0,0.96,0.95,True,4,0,0,0
bin.101,9.5,0.0,Neural Network (Specific Model),11,None,265,254,1,kingdom,1.0,0.96,0.0,0.0,0.0,0.97,0.93,True,3,0,0,0
bin.102,7.03,0.0,Neural Network (Specific Model),11,None,296,279,1,kingdom,1.0,0.94,0.0,0.0,0.0,0.87,0.82,True,5,0,0,0
bin.103,30.66,5.09,Neural Network (Specific Model),11,None,1973,1905,26,kingdom,1.0,0.97,0.0,0.0,0.0,0.92,0.89,True,12,1,1,1
bin.104,64.24,11.14,Neural Network (Specific Model),11,None,4246,4108,61,genus,0.93,0.9,0.16,0.03,0.06,0.94,0.85,True,20,4,4,4
bin.105,13.8,0.06,Neural Network (Specific Model),11,None,350,344,1,kingdom,1.0,0.98,0.0,0.0,0.0,0.72,0.71,True,10,2,2,2
bin.106,33.02,1.14,Neural Network (Specific Model),11,None,1068,1030,4,kingdom,1.0,0.96,0.0,0.0,0.0,0.71,0.68,True,16,2,2,2
bin.107,8.77,0.0,Neural Network (Specific Model),11,None,367,354,1,kingdom,1.0,0.96,0.0,0.0,0.0,0.9,0.86,True,4,0,0,0
bin.108,7.98,0.0,Neural Network (Specific Model),11,None,333,313,2,family,0.98,0.92,0.09,0.04,0.07,0.95,0.87,True,4,0,0,0
bin.109,12.6,0.0,Neural Network (Specific Model),11,None,374,368,1,kingdom,1.0,0.98,0.0,0.0,0.0,0.87,0.86,True,15,2,0,2
bin.11,98.39,3.21,Gradient Boost (General Model),11,None,3914,3698,3,class,0.98,0.93,0.03,0.02,0.04,0.93,0.86,True,22,9,5,9
bin.110,12.26,0.11,Neural Network (Specific Model),11,None,458,443,1,kingdom,1.0,0.97,0.0,0.0,0.0,0.93,0.9,True,8,1,1,1
bin.111,7.81,0.0,Neural Network (Specific Model),11,None,194,179,1,kingdom,1.0,0.92,0.0,0.0,0.0,0.93,0.86,True,4,0,0,0
bin.112,5.3,0.0,Neural Network (Specific Model),11,None,161,159,1,kingdom,1.0,0.99,0.0,0.0,0.0,0.85,0.84,True,2,1,1,1
bin.113,7.87,0.0,Neural Network (Specific Model),11,None,257,246,3,family,0.98,0.94,0.06,0.02,0.04,0.96,0.91,True,5,0,0,0
bin.114,5.63,0.08,Neural Network (Specific Model),11,None,181,179,1,kingdom,1.0,0.99,0.0,0.0,0.0,0.93,0.92,True,1,0,0,0
bin.115,8.07,0.0,Neural Network (Specific Model),11,None,210,191,1,kingdom,1.0,0.91,0.0,0.0,0.0,0.84,0.76,True,2,0,0,0
bin.116,8.05,0.1,Neural Network (Specific Model),11,None,328,324,3,genus,0.88,0.87,0.05,0.75,7.05,0.94,0.82,True,9,1,1,1
bin.117,7.51,0.23,Neural Network (Specific Model),11,None,371,343,2,genus,0.93,0.86,0.08,0.17,0.41,0.89,0.76,True,5,0,0,0
bin.118,10.38,0.02,Neural Network (Specific Model),11,None,337,328,3,kingdom,1.0,0.97,0.0,0.0,0.0,0.96,0.93,True,4,1,1,1
bin.119,6.79,0.0,Neural Network (Specific Model),11,None,216,209,9,genus,0.99,0.96,0.09,0.03,0.07,0.97,0.93,True,0,0,0,0
bin.12,99.72,0.29,Neural Network (Specific Model),11,None,1596,1563,2,kingdom,1.0,0.98,0.0,0.0,0.0,0.93,0.91,True,22,4,4,4
bin.120,5.31,0.0,Neural Network (Specific Model),11,None,215,210,1,kingdom,1.0,0.97,0.0,0.0,0.0,0.81,0.78,True,0,0,0,0
bin.121,5.33,0.0,Neural Network (Specific Model),11,None,201,195,2,genus,0.87,0.84,0.03,0.41,1.47,0.81,0.68,True,0,0,0,0
bin.122,9.09,0.0,Neural Network (Specific Model),11,None,194,185,1,kingdom,1.0,0.95,0.0,0.0,0.0,0.71,0.67,True,2,0,0,0
bin.123,8.7,0.0,Neural Network (Specific Model),11,None,243,230,1,kingdom,1.0,0.95,0.0,0.0,0.0,0.95,0.9,True,0,0,0,0
bin.124,8.76,0.0,Neural Network (Specific Model),11,None,244,236,1,kingdom,1.0,0.97,0.0,0.0,0.0,0.95,0.92,True,2,0,0,0
bin.125,8.08,0.0,Neural Network (Specific Model),11,None,270,262,2,family,1.0,0.97,0.23,0.07,0.14,0.99,0.95,True,5,0,0,0
bin.126,9.27,0.0,Neural Network (Specific Model),11,None,395,370,3,genus,0.84,0.79,0.11,0.41,1.69,0.94,0.74,True,7,2,2,2
bin.127,6.54,0.0,Neural Network (Specific Model),11,None,163,159,1,kingdom,1.0,0.98,0.0,0.0,0.0,0.98,0.96,True,6,0,0,0
bin.128,7.69,0.0,Neural Network (Specific Model),11,None,195,190,1,kingdom,1.0,0.97,0.0,0.0,0.0,0.85,0.83,True,3,0,0,0
bin.129,7.81,0.0,Neural Network (Specific Model),11,None,172,165,1,kingdom,1.0,0.96,0.0,0.0,0.0,0.95,0.91,True,3,1,1,1
bin.13,99.99,0.43,Neural Network (Specific Model),11,None,1835,1765,1,kingdom,1.0,0.96,0.0,0.0,0.0,0.95,0.91,True,22,5,0,5
bin.130,8.0,0.0,Neural Network (Specific Model),11,None,170,166,1,kingdom,1.0,0.98,0.0,0.0,0.0,0.95,0.93,True,3,1,1,1
bin.131,4.63,0.0,Neural Network (Specific Model),11,None,185,179,3,genus,0.92,0.89,0.03,0.46,1.95,0.79,0.71,True,0,0,0,0
bin.132,5.23,0.01,Neural Network (Specific Model),11,None,204,199,7,genus,0.98,0.96,0.06,0.06,0.13,0.97,0.93,True,9,1,0,1
bin.133,5.81,0.0,Neural Network (Specific Model),11,None,227,212,3,genus,0.8,0.74,0.06,0.6,2.61,0.79,0.59,True,0,0,0,0
bin.134,6.94,0.0,Neural Network (Specific Model),11,None,230,184,1,kingdom,1.0,0.8,0.0,0.0,0.0,0.68,0.55,True,0,0,0,0
bin.135,5.31,0.0,Neural Network (Specific Model),11,None,207,193,1,kingdom,1.0,0.93,0.0,0.0,0.0,0.89,0.83,True,0,0,0,0
bin.136,6.81,0.0,Neural Network (Specific Model),11,None,308,281,1,kingdom,1.0,0.91,0.0,0.0,0.0,0.7,0.64,True,4,0,0,0
bin.137,6.29,0.05,Neural Network (Specific Model),11,None,304,300,6,kingdom,1.0,0.99,0.0,0.0,0.0,0.99,0.98,True,0,0,0,0
bin.138,9.78,0.0,Neural Network (Specific Model),11,None,317,309,1,kingdom,1.0,0.97,0.0,0.0,0.0,0.9,0.88,True,12,1,1,1
bin.139,59.37,9.08,Gradient Boost (General Model),11,None,1979,1904,18,genus,0.83,0.8,0.04,0.41,1.43,0.8,0.64,True,23,7,3,6
bin.14,100.0,0.25,Neural Network (Specific Model),11,None,2471,2346,1,kingdom,1.0,0.95,0.0,0.0,0.0,0.92,0.87,True,23,6,6,6
bin.140,55.44,18.38,Gradient Boost (General Model),11,None,1714,1637,22,family,0.94,0.9,0.04,0.58,1.87,0.73,0.65,True,11,4,4,4
bin.141,17.94,2.01,Neural Network (Specific Model),11,None,496,458,13,family,0.93,0.86,0.07,0.29,0.83,0.74,0.64,True,10,1,1,1
bin.142,22.0,3.64,Neural Network (Specific Model),11,None,835,797,15,genus,0.83,0.79,0.09,0.14,0.34,0.86,0.68,True,4,0,0,0
bin.143,12.19,5.75,Neural Network (Specific Model),11,None,530,514,8,kingdom,1.0,0.97,0.0,0.0,0.0,0.97,0.94,True,6,0,0,0
bin.144,12.28,0.15,Neural Network (Specific Model),11,None,392,376,5,genus,0.97,0.93,0.24,0.05,0.11,0.98,0.91,True,6,1,1,1
bin.145,69.09,34.47,Neural Network (Specific Model),11,None,5273,5101,95,family,0.95,0.92,0.18,0.02,0.05,0.96,0.88,True,23,6,6,6
bin.146,70.43,42.89,Neural Network (Specific Model),11,None,3618,3503,50,genus,0.94,0.91,0.08,0.02,0.05,0.93,0.85,True,23,2,3,2
bin.147,56.31,32.83,Neural Network (Specific Model),11,None,2437,2371,26,family,0.98,0.95,0.24,0.02,0.05,0.96,0.92,True,20,11,9,9
bin.148,53.46,21.06,Neural Network (Specific Model),11,None,2986,2916,52,genus,0.89,0.87,0.09,0.48,1.94,0.81,0.7,True,20,7,2,7
bin.149,35.97,7.61,Neural Network (Specific Model),11,None,1757,1694,38,genus,0.77,0.75,0.33,0.72,5.36,0.85,0.64,True,9,1,0,0
bin.15,100.0,0.5,Gradient Boost (General Model),11,None,3007,2851,1,kingdom,1.0,0.95,0.0,0.0,0.0,0.94,0.89,True,23,4,4,4
bin.150,67.08,37.51,Neural Network (Specific Model),11,None,6326,6017,109,genus,0.76,0.72,0.18,0.25,0.7,0.87,0.63,True,17,2,0,2
bin.151,10.67,4.17,Neural Network (Specific Model),11,None,551,540,11,kingdom,1.0,0.98,0.0,0.0,0.0,0.96,0.94,True,8,1,1,1
bin.152,8.54,0.0,Neural Network (Specific Model),11,None,338,318,4,family,0.95,0.9,0.06,0.02,0.05,0.92,0.83,True,5,0,0,0
bin.153,11.99,6.18,Neural Network (Specific Model),11,None,409,384,11,kingdom,1.0,0.94,0.0,0.0,0.0,0.88,0.83,True,6,2,0,2
bin.154,11.42,2.5,Neural Network (Specific Model),11,None,411,399,12,kingdom,1.0,0.97,0.0,0.0,0.0,0.95,0.93,True,3,0,0,0
bin.155,9.1,0.99,Neural Network (Specific Model),11,None,464,441,19,phylum,1.0,0.95,0.39,0.02,0.04,0.85,0.81,True,12,4,4,2
bin.16,100.0,1.11,Neural Network (Specific Model),11,None,3185,3086,3,genus,0.83,0.8,0.02,0.23,0.65,0.94,0.75,True,23,6,0,6
bin.17,93.82,0.67,Neural Network (Specific Model),11,None,2860,2777,5,family,0.92,0.89,0.01,0.58,1.79,0.74,0.66,True,22,6,6,6
bin.18,99.93,0.44,Neural Network (Specific Model),11,None,3311,3052,1,kingdom,1.0,0.92,0.0,0.0,0.0,0.93,0.85,True,22,4,0,4
bin.19,100.0,1.31,Neural Network (Specific Model),11,None,3531,3293,5,family,0.94,0.88,0.01,0.32,0.82,0.91,0.8,True,23,8,2,8
bin.2,99.98,0.08,Neural Network (Specific Model),11,None,2356,2296,1,kingdom,1.0,0.97,0.0,0.0,0.0,0.94,0.92,True,23,7,7,7
bin.20,98.63,2.77,Gradient Boost (General Model),11,None,2806,2626,13,genus,0.73,0.68,0.1,0.57,2.06,0.78,0.53,True,22,7,6,7
bin.21,91.13,1.26,Neural Network (Specific Model),11,None,2601,2422,12,class,0.93,0.87,0.03,0.04,0.08,0.71,0.61,True,21,4,4,4
bin.22,99.91,0.06,Neural Network (Specific Model),11,None,3069,2996,1,kingdom,1.0,0.98,0.0,0.0,0.0,0.93,0.91,True,22,6,6,6
bin.23,100.0,1.95,Neural Network (Specific Model),11,None,3332,3245,4,genus,0.82,0.8,0.08,0.11,0.25,0.98,0.78,True,23,6,2,6
bin.24,78.56,0.21,Neural Network (Specific Model),11,None,2001,1963,1,kingdom,1.0,0.98,0.0,0.0,0.0,0.92,0.9,True,18,4,4,4
bin.25,99.97,1.27,Neural Network (Specific Model),11,None,2738,2642,2,kingdom,1.0,0.96,0.0,0.0,0.0,0.91,0.87,True,22,6,6,6
bin.26,84.63,0.14,Neural Network (Specific Model),11,None,2888,2809,4,kingdom,1.0,0.97,0.0,0.0,0.0,0.94,0.91,True,21,4,4,4
bin.27,97.17,0.12,Gradient Boost (General Model),11,None,2632,2582,2,kingdom,1.0,0.98,0.0,0.0,0.0,0.91,0.9,True,21,6,6,6
bin.28,93.92,3.07,Neural Network (Specific Model),11,None,1865,1825,5,kingdom,1.0,0.98,0.0,0.0,0.0,0.94,0.92,True,22,3,0,3
bin.29,95.4,0.46,Gradient Boost (General Model),11,None,3207,2952,2,family,0.88,0.81,0.01,0.41,1.14,0.76,0.62,True,22,6,6,6
bin.3,99.97,1.05,Neural Network (Specific Model),11,None,2452,2298,1,kingdom,1.0,0.94,0.0,0.0,0.0,0.92,0.86,True,22,5,1,5
bin.30,84.73,1.44,Neural Network (Specific Model),11,None,3636,3481,14,family,0.95,0.91,0.08,0.11,0.26,0.95,0.86,True,22,7,7,7
bin.31,84.6,1.19,Neural Network (Specific Model),11,None,3236,3150,13,family,0.95,0.92,0.05,0.19,0.46,0.94,0.87,True,22,7,6,7
bin.32,93.86,8.87,Neural Network (Specific Model),11,None,2879,2786,17,family,0.94,0.91,0.09,0.07,0.15,0.96,0.88,True,22,7,7,8
bin.33,92.57,7.11,Gradient Boost (General Model),11,None,2786,2681,19,genus,0.78,0.75,0.04,0.43,1.88,0.74,0.56,True,19,6,6,6
bin.34,83.65,0.76,Neural Network (Specific Model),11,None,3188,3098,6,family,0.94,0.91,0.05,0.02,0.05,0.95,0.87,True,21,3,3,3
bin.35,87.02,7.39,Gradient Boost (General Model),11,None,3225,3106,4,order,0.95,0.92,0.01,0.03,0.06,0.72,0.66,True,20,4,4,4
bin.36,79.77,0.58,Gradient Boost (General Model),11,None,1671,1529,30,class,0.92,0.85,0.02,0.09,0.2,0.64,0.54,True,21,4,4,4
bin.37,49.19,1.6,Neural Network (Specific Model),11,None,1424,1394,7,genus,0.86,0.84,0.04,0.03,0.05,0.97,0.82,True,9,0,0,0
bin.38,81.28,21.35,Gradient Boost (General Model),11,None,3564,3464,35,genus,0.82,0.79,0.1,0.08,0.18,0.95,0.76,True,21,10,0,10
bin.39,92.22,1.69,Gradient Boost (General Model),11,None,2964,2860,17,genus,0.8,0.77,0.08,0.08,0.18,0.89,0.69,True,23,8,4,8
bin.4,98.69,1.88,Neural Network (Specific Model),11,None,3635,3504,12,family,0.91,0.88,0.08,0.02,0.05,0.95,0.84,True,23,3,3,3
bin.40,53.83,1.77,Neural Network (Specific Model),11,None,1926,1877,7,genus,0.81,0.79,0.03,0.48,2.12,0.82,0.65,True,16,2,0,2
bin.41,49.98,0.44,Neural Network (Specific Model),11,None,1615,1590,6,genus,0.84,0.83,0.03,0.03,0.06,0.96,0.8,True,19,5,0,5
bin.42,65.62,0.07,Neural Network (Specific Model),11,None,2244,2162,30,genus,0.81,0.78,0.07,0.08,0.17,0.85,0.66,True,21,4,1,4
bin.43,50.33,1.06,Gradient Boost (General Model),11,None,1275,1251,22,genus,0.94,0.92,0.08,0.1,0.22,0.96,0.88,True,13,1,0,1
bin.44,46.87,1.09,Neural Network (Specific Model),11,None,1725,1653,34,genus,0.9,0.86,0.1,0.02,0.05,0.95,0.81,True,22,3,4,4
bin.45,68.37,1.64,Gradient Boost (General Model),11,None,1488,1426,27,family,0.96,0.92,0.22,0.12,0.29,0.91,0.83,True,18,3,1,3
bin.46,40.19,0.1,Neural Network (Specific Model),11,None,1481,1409,36,genus,0.93,0.89,0.34,0.02,0.05,0.97,0.86,True,16,1,0,0
bin.47,44.65,0.15,Neural Network (Specific Model),11,None,2424,2362,38,family,0.92,0.89,0.14,0.21,0.56,0.86,0.77,True,14,2,0,2
bin.48,28.1,0.43,Neural Network (Specific Model),11,None,772,754,2,family,0.96,0.94,0.03,0.06,0.13,0.86,0.81,True,14,1,1,1
bin.49,63.6,0.24,Neural Network (Specific Model),11,None,1658,1558,35,genus,0.85,0.8,0.39,0.04,0.07,0.95,0.76,True,16,2,2,2
bin.5,99.91,0.58,Neural Network (Specific Model),11,None,1912,1869,1,kingdom,1.0,0.98,0.0,0.0,0.0,0.92,0.9,True,24,5,5,5
bin.50,37.47,0.33,Neural Network (Specific Model),11,None,1093,1049,30,genus,0.91,0.87,0.21,0.04,0.08,0.93,0.82,True,13,2,2,2
bin.51,47.7,0.06,Gradient Boost (General Model),11,None,1306,1283,19,genus,0.94,0.93,0.56,0.02,0.05,0.97,0.9,False,16,3,2,3
bin.52,52.12,6.79,Neural Network (Specific Model),11,None,2534,2473,12,family,0.97,0.94,0.19,0.02,0.04,0.95,0.89,True,18,2,2,2
bin.53,7.12,0.01,Neural Network (Specific Model),11,None,183,179,1,kingdom,1.0,0.98,0.0,0.0,0.0,0.95,0.93,True,6,0,0,0
bin.54,8.74,0.18,Neural Network (Specific Model),11,None,291,279,1,kingdom,1.0,0.96,0.0,0.0,0.0,0.96,0.92,True,11,1,1,1
bin.55,15.23,0.04,Neural Network (Specific Model),11,None,579,566,2,kingdom,1.0,0.97,0.0,0.0,0.0,0.72,0.71,True,8,0,0,0
bin.56,34.18,1.01,Neural Network (Specific Model),11,None,1211,1182,1,kingdom,1.0,0.98,0.0,0.0,0.0,0.95,0.92,True,13,1,1,1
bin.57,6.8,0.0,Neural Network (Specific Model),11,None,338,320,1,kingdom,1.0,0.95,0.0,0.0,0.0,0.79,0.75,True,12,2,0,2
bin.58,49.92,4.89,Neural Network (Specific Model),11,None,3067,3013,68,genus,0.92,0.9,0.6,0.09,0.21,0.99,0.89,False,19,6,6,6
bin.59,35.49,0.28,Neural Network (Specific Model),11,None,1509,1472,7,order,0.97,0.94,0.12,0.03,0.07,0.88,0.83,True,9,0,0,0
bin.6,100.0,0.36,Gradient Boost (General Model),11,None,2503,2425,1,kingdom,1.0,0.97,0.0,0.0,0.0,0.92,0.89,True,23,5,5,5
bin.60,31.57,0.68,Neural Network (Specific Model),11,None,981,963,5,genus,0.9,0.88,0.09,0.08,0.18,0.96,0.85,True,8,0,0,0
bin.61,10.49,0.23,Neural Network (Specific Model),11,None,336,305,1,kingdom,1.0,0.91,0.0,0.0,0.0,0.85,0.77,True,13,1,1,1
bin.62,25.82,0.1,Neural Network (Specific Model),11,None,1083,1051,30,family,0.96,0.93,0.27,0.03,0.07,0.94,0.88,True,15,0,0,0
bin.63,15.49,0.01,Neural Network (Specific Model),11,None,619,604,2,genus,0.86,0.84,0.06,0.1,0.22,0.99,0.83,True,14,2,0,2
bin.64,33.95,0.12,Neural Network (Specific Model),11,None,1225,1119,28,genus,0.75,0.68,0.1,0.17,0.43,0.73,0.5,True,15,3,3,4
bin.65,9.49,0.0,Neural Network (Specific Model),11,None,417,401,9,class,0.98,0.94,0.15,0.02,0.05,0.8,0.75,True,11,1,1,1
bin.66,15.9,0.11,Neural Network (Specific Model),11,None,693,670,23,kingdom,1.0,0.97,0.0,0.0,0.0,0.93,0.9,True,6,0,0,0
bin.67,22.51,1.15,Neural Network (Specific Model),11,None,758,735,13,class,0.97,0.94,0.06,0.05,0.1,0.74,0.7,True,4,0,0,0
bin.68,20.93,0.31,Neural Network (Specific Model),11,None,829,818,7,kingdom,1.0,0.99,0.0,0.0,0.0,0.98,0.96,True,8,1,1,1
bin.69,11.62,0.1,Neural Network (Specific Model),11,None,552,526,20,family,0.98,0.93,0.25,0.07,0.15,0.95,0.89,True,0,0,0,0
bin.7,99.89,0.2,Neural Network (Specific Model),11,None,2694,2609,5,family,0.94,0.91,0.02,0.03,0.06,0.95,0.86,True,23,6,5,6
bin.70,24.72,4.43,Neural Network (Specific Model),11,None,1087,1049,4,genus,0.87,0.84,0.01,0.49,2.14,0.78,0.66,True,12,4,1,4
bin.71,21.03,0.15,Neural Network (Specific Model),11,None,601,596,6,family,0.97,0.96,0.04,0.06,0.12,0.98,0.94,True,5,1,0,1
bin.72,17.62,1.18,Neural Network (Specific Model),11,None,505,490,15,phylum,0.99,0.96,0.25,0.02,0.05,0.94,0.89,True,3,2,6,4
bin.73,14.96,0.0,Neural Network (Specific Model),11,None,480,462,4,kingdom,1.0,0.96,0.0,0.0,0.0,0.96,0.92,True,6,2,2,2
bin.74,10.83,0.0,Neural Network (Specific Model),11,None,251,244,1,kingdom,1.0,0.97,0.0,0.0,0.0,0.76,0.74,True,1,0,0,0
bin.75,9.45,0.0,Neural Network (Specific Model),11,None,248,237,1,kingdom,1.0,0.96,0.0,0.0,0.0,0.72,0.69,True,15,3,3,3
bin.76,10.89,0.0,Neural Network (Specific Model),11,None,281,272,1,kingdom,1.0,0.97,0.0,0.0,0.0,0.76,0.73,True,15,3,2,3
bin.77,13.67,0.08,Neural Network (Specific Model),11,None,408,397,1,kingdom,1.0,0.97,0.0,0.0,0.0,0.98,0.95,True,7,0,0,0
bin.78,17.89,0.74,Neural Network (Specific Model),11,None,519,512,6,kingdom,1.0,0.99,0.0,0.0,0.0,0.98,0.97,True,5,0,0,0
bin.79,43.84,8.47,Neural Network (Specific Model),11,None,1896,1870,32,family,0.97,0.95,0.28,0.09,0.2,0.96,0.92,True,18,5,0,5
bin.8,100.0,1.16,Gradient Boost (General Model),11,None,3154,2816,7,class,0.97,0.86,0.01,0.31,0.83,0.65,0.56,True,23,9,9,9
bin.80,15.62,0.02,Neural Network (Specific Model),11,None,598,594,4,kingdom,1.0,0.99,0.0,0.0,0.0,0.98,0.97,True,8,0,0,0
bin.81,62.59,10.79,Neural Network (Specific Model),11,None,3417,3271,21,family,0.94,0.9,0.14,0.02,0.05,0.91,0.82,True,19,7,6,6
bin.82,18.24,0.16,Neural Network (Specific Model),11,None,855,803,1,kingdom,1.0,0.94,0.0,0.0,0.0,0.85,0.8,True,6,0,0,0
bin.83,16.27,0.06,Neural Network (Specific Model),11,None,438,421,1,kingdom,1.0,0.96,0.0,0.0,0.0,0.86,0.82,True,2,1,0,1
bin.84,11.44,0.07,Neural Network (Specific Model),11,None,307,299,1,kingdom,1.0,0.97,0.0,0.0,0.0,0.87,0.85,True,13,2,0,2
bin.85,15.83,0.03,Neural Network (Specific Model),11,None,446,436,2,family,0.94,0.92,0.04,0.11,0.25,0.84,0.78,True,13,2,1,2
bin.86,10.28,2.98,Neural Network (Specific Model),11,None,247,241,6,kingdom,1.0,0.98,0.0,0.0,0.0,0.88,0.85,True,1,0,0,0
bin.87,19.85,0.04,Neural Network (Specific Model),11,None,1096,1051,38,genus,0.89,0.85,0.22,0.2,0.49,0.91,0.78,True,10,0,0,0
bin.88,7.81,0.07,Neural Network (Specific Model),11,None,197,178,1,kingdom,1.0,0.9,0.0,0.0,0.0,0.73,0.66,True,0,0,0,0
bin.89,19.36,0.02,Neural Network (Specific Model),11,None,621,604,2,genus,0.81,0.79,0.01,0.49,1.99,0.8,0.63,True,2,0,0,0
bin.9,100.0,1.22,Gradient Boost (General Model),11,None,2732,2652,4,class,0.98,0.95,0.03,0.05,0.1,0.78,0.74,True,22,4,4,4
bin.90,7.73,0.0,Neural Network (Specific Model),11,None,206,201,1,kingdom,1.0,0.98,0.0,0.0,0.0,0.94,0.92,True,4,1,1,1
bin.91,8.45,0.2,Neural Network (Specific Model),11,None,258,251,5,genus,0.9,0.88,0.3,0.03,0.05,0.9,0.79,True,7,0,0,0
bin.92,6.85,0.0,Neural Network (Specific Model),11,None,241,238,1,kingdom,1.0,0.99,0.0,0.0,0.0,0.96,0.94,True,4,0,0,0
bin.93,9.92,0.02,Neural Network (Specific Model),11,None,308,301,1,kingdom,1.0,0.98,0.0,0.0,0.0,0.78,0.76,True,8,2,0,2
bin.94,10.33,0.0,Neural Network (Specific Model),11,None,226,221,1,kingdom,1.0,0.97,0.0,0.0,0.0,0.71,0.69,True,1,0,0,0
bin.95,9.35,0.0,Neural Network (Specific Model),11,None,271,263,1,kingdom,1.0,0.97,0.0,0.0,0.0,0.77,0.74,True,14,3,3,3
bin.96,20.61,0.18,Neural Network (Specific Model),11,None,643,621,3,kingdom,1.0,0.97,0.0,0.0,0.0,0.89,0.86,True,16,2,2,2
bin.97,7.72,0.03,Neural Network (Specific Model),11,None,206,204,1,kingdom,1.0,0.99,0.0,0.0,0.0,0.89,0.88,True,0,0,0,0
bin.98,28.27,2.7,Neural Network (Specific Model),11,None,1015,972,8,genus,0.81,0.77,0.05,0.1,0.24,0.87,0.67,True,12,3,0,3
bin.99,6.68,0.01,Neural Network (Specific Model),11,None,163,159,1,kingdom,1.0,0.98,0.0,0.0,0.0,0.92,0.9,True,4,2,2,2
