,Completeness,Contamination,Completeness_Model_Used,Translation_Table_Used,Additional_Notes,n_genes_called,n_genes_mapped,n_contigs,taxonomic_level,proportion_genes_retained_in_major_clades,genes_retained_index,clade_separation_score,contamination_portion,n_effective_surplus_clades,mean_hit_identity,reference_representation_score,pass.GUNC,tRNA,16S,5S,23S
bin.0,100.0,0.02,Neural Network (Specific Model),11,None,2322,2231,1,kingdom,1.0,0.96,0.0,0.0,0.0,0.95,0.92,True,23,7,7,7
bin.1,15.07,0.01,Neural Network (Specific Model),11,None,804,781,9,genus,0.77,0.75,0.2,0.66,4.05,0.86,0.65,True,3,0,0,0
bin.103,16.54,0.63,Neural Network (Specific Model),11,None,992,951,3,genus,0.86,0.83,0.11,0.37,1.23,0.9,0.74,True,16,2,1,2
bin.105,99.98,0.24,Neural Network (Specific Model),11,None,2549,2398,2,kingdom,1.0,0.94,0.0,0.0,0.0,0.92,0.87,True,22,7,0,7
bin.107,100.0,0.92,Neural Network (Specific Model),11,None,5100,5053,1,kingdom,1.0,0.99,0.0,0.0,0.0,0.98,0.97,True,24,8,9,8
bin.108,99.71,1.59,Neural Network (Specific Model),11,None,2161,2058,4,kingdom,1.0,0.95,0.0,0.0,0.0,0.91,0.87,True,23,4,0,4
bin.11,44.52,7.49,Gradient Boost (General Model),11,None,5720,5316,40,genus,0.88,0.82,0.04,0.51,1.8,0.85,0.69,True,24,6,8,6
bin.112,99.89,1.58,Neural Network (Specific Model),11,None,2114,1984,2,kingdom,1.0,0.94,0.0,0.0,0.0,0.88,0.83,True,24,4,4,4
bin.129,18.11,1.27,Neural Network (Specific Model),11,None,1333,1259,3,genus,0.91,0.86,0.31,0.05,0.11,0.93,0.8,True,5,1,0,1
bin.13,91.82,2.27,Neural Network (Specific Model),11,None,5424,5270,54,genus,0.9,0.88,0.12,0.16,0.38,0.98,0.86,True,23,4,2,4
bin.152,99.97,1.87,Neural Network (Specific Model),11,None,4494,4310,2,family,0.92,0.88,0.01,0.12,0.26,0.93,0.82,True,22,7,8,7
bin.154,95.19,1.02,Neural Network (Specific Model),11,None,3498,3408,8,genus,0.93,0.9,0.1,0.03,0.07,0.96,0.87,True,22,5,5,5
bin.158,94.85,0.23,Neural Network (Specific Model),11,None,2161,2127,1,kingdom,1.0,0.98,0.0,0.0,0.0,0.96,0.95,True,22,5,0,5
bin.159,82.4,0.98,Neural Network (Specific Model),11,None,2699,2650,7,genus,0.92,0.91,0.23,0.1,0.24,0.96,0.87,True,21,5,0,5
bin.16,13.6,0.08,Neural Network (Specific Model),11,None,582,533,19,genus,0.85,0.78,0.71,0.06,0.14,0.95,0.74,False,6,0,0,0
bin.160,33.94,0.02,Neural Network (Specific Model),11,None,1273,1254,5,kingdom,1.0,0.99,0.0,0.0,0.0,0.97,0.95,True,16,1,1,1
bin.162,6.67,0.07,Neural Network (Specific Model),11,None,368,311,2,family,0.92,0.78,0.26,0.39,1.31,0.79,0.61,True,2,0,0,0
bin.168,99.94,2.46,Neural Network (Specific Model),11,None,3981,3851,5,genus,0.95,0.92,0.04,0.07,0.16,0.93,0.85,True,23,4,4,4
bin.17,99.99,30.81,Neural Network (Specific Model),11,None,4277,4116,17,genus,0.77,0.74,0.31,0.05,0.11,0.95,0.7,True,23,6,6,7
bin.173,100.0,1.32,Gradient Boost (General Model),11,None,3082,2755,7,family,0.81,0.73,0.02,0.42,1.56,0.7,0.51,True,22,4,4,4
bin.177,31.8,0.35,Neural Network (Specific Model),11,None,1078,937,4,genus,0.82,0.71,0.39,0.13,0.32,0.94,0.67,True,10,1,1,1
bin.18,14.74,3.42,Neural Network (Specific Model),11,None,1612,1269,51,genus,0.76,0.6,0.97,0.23,0.58,0.88,0.53,False,8,0,0,0
bin.181,67.59,0.26,Gradient Boost (General Model),11,None,1835,1782,4,kingdom,1.0,0.97,0.0,0.0,0.0,0.96,0.93,True,22,4,0,4
bin.188,77.04,1.59,Neural Network (Specific Model),11,None,2813,2740,3,genus,0.86,0.84,0.05,0.06,0.13,0.96,0.81,True,21,4,0,4
bin.189,98.59,0.05,Gradient Boost (General Model),11,None,2284,2196,2,family,0.95,0.91,0.02,0.11,0.25,0.94,0.85,True,22,4,0,4
bin.19,64.42,5.15,Gradient Boost (General Model),11,None,3077,2915,34,class,0.98,0.93,0.1,0.05,0.1,0.92,0.86,True,21,4,4,4
bin.190,7.48,0.02,Neural Network (Specific Model),11,None,269,259,1,kingdom,1.0,0.96,0.0,0.0,0.0,0.93,0.9,True,2,0,0,0
bin.191,97.5,0.93,Gradient Boost (General Model),11,None,2739,2543,3,class,0.95,0.89,0.01,0.02,0.05,0.76,0.67,True,22,7,6,7
bin.192,84.79,0.0,Neural Network (Specific Model),11,None,2530,2462,2,family,0.95,0.92,0.02,0.26,0.67,0.92,0.85,True,23,6,5,6
bin.194,96.28,0.01,Gradient Boost (General Model),11,None,2491,2450,3,family,0.94,0.92,0.02,0.13,0.31,0.94,0.87,True,23,5,5,5
bin.2,42.14,0.77,Gradient Boost (General Model),11,None,3359,3144,11,family,0.95,0.89,0.08,0.03,0.05,0.94,0.84,True,12,1,0,1
bin.20,40.82,4.3,Neural Network (Specific Model),4,None,4387,3916,51,kingdom,1.0,0.89,0.0,0.0,0.0,0.9,0.8,True,20,2,2,2
bin.200,13.19,0.0,Neural Network (Specific Model),11,None,434,426,1,kingdom,1.0,0.98,0.0,0.0,0.0,0.98,0.96,True,2,0,0,0
bin.201,28.67,3.62,Neural Network (Specific Model),11,None,1266,1184,3,genus,0.84,0.79,0.05,0.21,0.59,0.9,0.71,True,13,2,1,2
bin.21,38.2,2.57,Neural Network (Specific Model),11,None,3608,3162,31,genus,0.78,0.68,0.42,0.36,1.28,0.89,0.61,True,21,3,0,3
bin.211,34.0,4.56,Neural Network (Specific Model),11,None,2472,2310,3,genus,0.84,0.78,0.03,0.06,0.12,0.94,0.73,True,22,4,4,4
bin.212,32.15,1.94,Neural Network (Specific Model),11,None,1436,1378,3,family,0.94,0.91,0.02,0.07,0.16,0.93,0.84,True,21,3,0,3
bin.214,9.04,0.0,Neural Network (Specific Model),11,None,270,264,1,kingdom,1.0,0.98,0.0,0.0,0.0,0.91,0.89,True,3,0,0,0
bin.24,42.41,4.49,Gradient Boost (General Model),11,None,5077,4749,29,kingdom,1.0,0.94,0.0,0.0,0.0,0.93,0.87,True,22,5,5,5
bin.243,65.04,1.08,Neural Network (Specific Model),11,None,1806,1747,2,genus,0.89,0.86,0.06,0.09,0.2,0.95,0.81,True,12,2,0,2
bin.26,21.15,0.21,Neural Network (Specific Model),11,None,916,855,29,genus,0.94,0.88,0.76,0.41,1.26,0.95,0.84,False,3,1,0,1
bin.29,78.66,2.98,Gradient Boost (General Model),11,None,4070,3777,59,genus,0.85,0.79,0.27,0.14,0.33,0.93,0.73,True,23,8,6,8
bin.30,14.34,1.18,Neural Network (Specific Model),11,None,871,815,35,genus,0.86,0.81,0.15,0.04,0.09,0.93,0.76,True,13,0,0,0
bin.31,68.2,1.74,Neural Network (Specific Model),11,None,1557,1453,22,kingdom,1.0,0.93,0.0,0.0,0.0,0.91,0.85,True,18,3,0,3
bin.34,64.67,5.83,Gradient Boost (General Model),4,None,4231,3807,75,genus,0.85,0.76,0.22,0.15,0.37,0.84,0.64,True,22,7,1,6
bin.37,81.9,4.91,Neural Network (Specific Model),11,None,5458,5113,17,genus,0.95,0.89,0.96,0.16,0.39,0.95,0.84,False,24,9,9,9
bin.38,8.66,0.09,Neural Network (Specific Model),4,None,847,754,37,kingdom,1.0,0.89,0.0,0.0,0.0,0.9,0.8,True,4,0,0,0
bin.4,20.07,0.69,Neural Network (Specific Model),11,None,1177,1076,33,genus,0.93,0.85,0.32,0.02,0.05,0.93,0.79,True,14,2,0,2
bin.40,99.99,3.14,Neural Network (Specific Model),11,None,2999,2895,13,family,0.93,0.9,0.02,0.1,0.23,0.91,0.82,True,22,6,6,6
bin.43,98.66,3.03,Gradient Boost (General Model),11,None,3471,3364,13,genus,0.87,0.84,0.09,0.03,0.06,0.97,0.81,True,23,7,4,7
bin.44,7.27,0.02,Neural Network (Specific Model),4,None,585,491,19,phylum,1.0,0.84,0.95,0.05,0.11,0.84,0.7,False,1,0,0,0
bin.45,8.53,0.76,Neural Network (Specific Model),11,None,835,600,21,genus,0.95,0.69,0.51,0.1,0.22,0.78,0.53,False,8,1,1,1
bin.46,49.63,2.03,Gradient Boost (General Model),11,None,2145,2009,44,family,0.93,0.87,0.3,0.14,0.34,0.91,0.79,True,17,1,1,1
bin.47,5.91,0.0,Neural Network (Specific Model),11,None,514,348,16,phylum,0.99,0.67,0.94,0.42,0.95,0.79,0.53,False,10,0,0,0
bin.48,40.24,4.54,Neural Network (Specific Model),11,None,4209,4013,13,family,0.98,0.93,0.26,0.08,0.18,0.94,0.87,True,22,6,2,6
bin.5,11.86,0.35,Neural Network (Specific Model),11,None,1281,1019,44,genus,0.74,0.59,0.26,0.64,4.31,0.84,0.49,True,0,0,0,0
bin.50,11.52,2.48,Neural Network (Specific Model),11,None,1139,937,49,class,0.95,0.78,0.93,0.09,0.2,0.84,0.66,False,3,0,0,0
bin.51,37.76,0.13,Neural Network (Specific Model),11,None,1195,1134,4,genus,0.66,0.62,0.05,0.57,3.09,0.79,0.49,True,8,4,4,4
bin.53,79.67,0.07,Neural Network (Specific Model),11,None,1926,1838,5,genus,0.75,0.71,0.04,0.51,1.48,0.76,0.54,True,20,1,1,1
bin.54,10.97,0.02,Neural Network (Specific Model),11,None,634,586,13,genus,0.79,0.73,0.36,0.31,1.05,0.88,0.65,True,3,0,0,0
bin.56,15.63,4.57,Neural Network (Specific Model),4,None,1610,1388,24,genus,0.91,0.78,0.3,0.26,0.75,0.9,0.7,True,11,1,1,1
bin.57,72.03,5.27,Gradient Boost (General Model),11,None,4062,3833,9,genus,0.88,0.83,0.09,0.06,0.13,0.95,0.79,True,20,4,4,4
bin.61,42.49,9.7,Gradient Boost (General Model),11,None,3379,3241,1,kingdom,1.0,0.96,0.0,0.0,0.0,0.91,0.87,True,16,3,1,3
bin.63,48.9,3.92,Gradient Boost (General Model),11,None,4581,4324,7,genus,0.93,0.88,0.12,0.02,0.04,0.91,0.8,True,20,3,3,3
bin.64,15.27,0.29,Neural Network (Specific Model),11,None,1202,1130,11,family,0.96,0.91,0.35,0.05,0.1,0.94,0.85,True,6,0,1,0
bin.66,90.94,11.75,Gradient Boost (General Model),11,None,4243,4084,23,genus,0.8,0.77,0.25,0.24,0.7,0.95,0.73,True,23,6,6,6
bin.68,85.73,6.08,Neural Network (Specific Model),11,None,5376,5029,39,genus,0.79,0.74,0.34,0.1,0.23,0.93,0.69,True,23,1,1,1
bin.69,100.0,0.53,Neural Network (Specific Model),11,None,2467,2318,1,kingdom,1.0,0.94,0.0,0.0,0.0,0.92,0.86,True,23,6,6,6
bin.7,39.44,2.12,Gradient Boost (General Model),11,None,3211,3068,38,genus,0.94,0.89,0.72,0.03,0.06,0.96,0.86,False,13,1,1,1
bin.71,43.25,1.06,Gradient Boost (General Model),11,None,2190,2062,1,kingdom,1.0,0.94,0.0,0.0,0.0,0.91,0.86,True,8,2,2,2
bin.73,4.09,0.01,Neural Network (Specific Model),11,None,453,296,18,order,0.91,0.6,0.46,0.07,0.15,0.7,0.42,False,2,0,0,0
bin.74,16.96,3.52,Neural Network (Specific Model),11,None,1218,1168,2,kingdom,1.0,0.96,0.0,0.0,0.0,0.91,0.87,True,10,3,3,3
bin.76,19.32,0.05,Neural Network (Specific Model),4,None,823,715,17,genus,0.91,0.79,0.7,0.13,0.31,0.92,0.73,False,6,0,0,0
bin.77,99.92,0.58,Neural Network (Specific Model),11,None,3478,3359,6,family,0.93,0.9,0.06,0.14,0.31,0.94,0.85,True,22,7,7,7
bin.78,86.6,3.89,Neural Network (Specific Model),11,None,3563,3446,32,genus,0.83,0.81,0.05,0.46,1.93,0.8,0.64,True,21,7,6,7
bin.8,6.53,0.0,Neural Network (Specific Model),11,None,245,216,10,genus,0.83,0.73,0.14,0.67,4.22,0.78,0.57,True,1,0,0,0
bin.83,41.32,1.69,Gradient Boost (General Model),11,None,4142,3870,18,kingdom,1.0,0.93,0.0,0.0,0.0,0.92,0.86,True,18,3,4,4
bin.84,99.98,0.08,Neural Network (Specific Model),11,None,4539,4336,3,family,0.95,0.9,0.01,0.08,0.17,0.93,0.84,True,22,7,7,7
bin.89,37.71,0.48,Neural Network (Specific Model),11,None,1439,1401,2,genus,0.86,0.84,0.01,0.19,0.46,0.96,0.8,True,20,3,0,3
bin.9,74.98,1.08,Neural Network (Specific Model),11,None,2065,2012,12,family,0.95,0.92,0.03,0.05,0.09,0.94,0.87,True,22,6,6,6
bin.92,6.4,0.0,Neural Network (Specific Model),11,None,390,369,20,family,0.91,0.86,0.17,0.04,0.07,0.96,0.83,True,1,0,0,0
bin.93,100.0,0.32,Gradient Boost (General Model),11,None,2252,2199,1,kingdom,1.0,0.98,0.0,0.0,0.0,0.94,0.92,True,23,5,5,5
bin.94,6.33,0.04,Neural Network (Specific Model),11,None,273,266,16,phylum,0.98,0.96,0.4,0.03,0.06,0.92,0.88,True,2,0,0,0
bin.97,96.11,5.9,Neural Network (Specific Model),11,None,5315,5124,3,kingdom,1.0,0.96,0.0,0.0,0.0,0.93,0.89,True,22,7,1,7
recluster_15.bin.0,83.24,14.15,Neural Network (Specific Model),11,None,7027,6541,115,order,0.96,0.89,0.29,0.03,0.06,0.85,0.76,True,23,1,0,2
recluster_15.bin.1,79.59,6.89,Neural Network (Specific Model),11,None,5178,5043,27,family,0.95,0.93,0.1,0.31,0.87,0.89,0.83,True,22,4,4,4
recluster_33.bin.0,56.71,3.83,Neural Network (Specific Model),11,None,3730,3577,16,genus,0.95,0.91,0.33,0.04,0.08,0.95,0.87,True,18,3,3,4
recluster_33.bin.1,89.5,6.82,Neural Network (Specific Model),11,None,5131,5014,2,kingdom,1.0,0.98,0.0,0.0,0.0,0.93,0.91,True,20,4,4,4
recluster_52.bin.0,100.0,9.84,Neural Network (Specific Model),11,None,5273,4990,5,family,0.96,0.91,0.01,0.05,0.11,0.9,0.81,True,23,6,6,6
recluster_52.bin.1,92.09,16.02,Neural Network (Specific Model),11,None,5038,4908,10,genus,0.93,0.9,0.06,0.02,0.05,0.96,0.87,True,22,5,5,5
