,Completeness,Contamination,Completeness_Model_Used,Translation_Table_Used,Additional_Notes,n_genes_called,n_genes_mapped,n_contigs,taxonomic_level,proportion_genes_retained_in_major_clades,genes_retained_index,clade_separation_score,contamination_portion,n_effective_surplus_clades,mean_hit_identity,reference_representation_score,pass.GUNC,tRNA,16S,5S,23S
Metabat2.1,16.59,0.42,Neural Network (Specific Model),11,None,469,444,1,kingdom,0.99,0.94,0.0,0.0,0.0,0.55,0.52,True,6,0,0,0
Metabat2.10,95.46,0.44,Gradient Boost (General Model),11,None,1415,1365,3,class,0.89,0.86,0.01,0.37,0.99,0.58,0.49,True,22,1,1,1
Metabat2.100,52.77,4.3,Gradient Boost (General Model),11,None,2759,2572,100,genus,0.67,0.62,0.29,0.24,0.69,0.75,0.47,True,15,2,2,1
Metabat2.101,7.13,0.07,Neural Network (Specific Model),11,None,308,282,11,genus,0.87,0.8,0.24,0.39,1.47,0.8,0.64,True,3,0,0,0
Metabat2.102,13.98,0.35,Neural Network (Specific Model),11,None,382,370,13,family,0.94,0.91,0.07,0.03,0.06,0.72,0.65,True,1,0,0,0
Metabat2.103,15.94,0.09,Neural Network (Specific Model),11,None,687,603,23,order,0.9,0.79,0.15,0.08,0.17,0.58,0.45,True,2,0,0,0
Metabat2.104,12.04,0.25,Neural Network (Specific Model),11,None,460,359,17,phylum,0.93,0.73,0.3,0.43,1.37,0.55,0.4,True,4,0,0,0
Metabat2.105,4.85,0.0,Neural Network (Specific Model),11,None,220,199,8,order,0.92,0.84,0.24,0.21,0.57,0.85,0.71,True,0,0,0,0
Metabat2.106,10.91,0.0,Neural Network (Specific Model),11,None,324,315,7,family,0.96,0.94,0.12,0.05,0.11,0.98,0.92,True,4,0,0,0
Metabat2.107,6.45,0.0,Neural Network (Specific Model),11,None,219,204,4,genus,0.46,0.43,0.08,0.39,1.47,0.6,0.26,True,6,0,0,0
Metabat2.108,6.61,0.0,Neural Network (Specific Model),11,None,485,418,23,class,0.85,0.74,0.32,0.18,0.43,0.62,0.46,True,1,0,0,0
Metabat2.109,6.49,0.53,Neural Network (Specific Model),11,None,351,295,21,family,0.61,0.52,0.2,0.71,4.29,0.61,0.31,True,1,0,0,0
Metabat2.11,95.93,1.79,Neural Network (Specific Model),11,None,2377,2221,1,kingdom,1.0,0.93,0.0,0.06,0.13,0.77,0.72,True,19,2,2,2
Metabat2.110,91.85,0.82,Gradient Boost (General Model),11,None,2658,2595,9,kingdom,1.0,0.98,0.0,0.0,0.0,0.95,0.92,True,21,0,0,0
Metabat2.111,27.93,0.78,Neural Network (Specific Model),11,None,1198,1148,26,genus,0.69,0.66,0.16,0.18,0.48,0.76,0.51,True,14,1,1,2
Metabat2.112,57.08,2.99,Gradient Boost (General Model),11,None,1424,1327,11,genus,0.64,0.59,0.05,0.28,0.8,0.65,0.38,True,14,2,2,2
Metabat2.113,80.66,5.95,Gradient Boost (General Model),11,None,1635,1541,8,genus,0.64,0.6,0.12,0.08,0.17,0.66,0.4,True,21,3,3,3
Metabat2.114,27.45,0.11,Neural Network (Specific Model),11,None,992,886,32,family,0.76,0.68,0.07,0.49,2.32,0.6,0.41,True,12,0,0,0
Metabat2.115,97.13,1.14,Neural Network (Specific Model),11,None,2619,2409,31,family,0.76,0.7,0.04,0.52,1.89,0.6,0.42,True,21,1,1,1
Metabat2.116,91.35,0.43,Gradient Boost (General Model),11,None,1000,755,23,family,0.66,0.5,0.02,0.7,4.98,0.5,0.25,True,22,2,1,1
Metabat2.117,8.39,0.21,Neural Network (Specific Model),11,None,629,521,26,order,0.67,0.55,0.14,0.58,3.2,0.55,0.31,True,2,0,0,0
Metabat2.118,5.06,0.47,Neural Network (Specific Model),11,None,262,227,9,phylum,0.85,0.74,0.1,0.18,0.46,0.55,0.4,True,1,0,0,0
Metabat2.119,100.0,0.11,Gradient Boost (General Model),11,None,1547,1494,4,class,0.91,0.88,0.07,0.03,0.05,0.63,0.55,True,22,2,2,2
Metabat2.12,99.36,1.54,Gradient Boost (General Model),11,None,1850,1790,7,class,0.94,0.91,0.04,0.05,0.1,0.95,0.87,True,22,2,0,2
Metabat2.120,90.75,0.52,Neural Network (Specific Model),11,None,1923,1743,8,phylum,0.96,0.87,0.06,0.14,0.33,0.57,0.5,True,21,1,0,1
Metabat2.121,98.87,0.09,Gradient Boost (General Model),11,None,2213,2112,5,order,0.92,0.88,0.03,0.3,0.89,0.65,0.57,True,22,1,1,1
Metabat2.122,8.88,0.0,Neural Network (Specific Model),11,None,224,200,1,kingdom,1.0,0.89,0.0,0.03,0.05,0.63,0.56,True,0,0,0,0
Metabat2.123,3.78,0.0,Neural Network (Specific Model),11,None,248,187,9,class,0.68,0.52,0.05,0.86,9.61,0.52,0.27,True,2,1,1,1
Metabat2.124,14.67,0.05,Neural Network (Specific Model),11,None,354,329,1,kingdom,1.0,0.93,0.0,0.0,0.0,0.57,0.53,True,3,0,1,0
Metabat2.125,81.31,4.65,Gradient Boost (General Model),11,None,3677,2788,93,order,0.53,0.4,0.05,0.73,3.72,0.49,0.2,True,22,1,0,0
Metabat2.126,89.89,2.32,Gradient Boost (General Model),11,None,4066,3088,61,phylum,0.78,0.59,0.02,0.51,2.04,0.48,0.28,True,22,1,0,1
Metabat2.127,8.14,0.06,Neural Network (Specific Model),11,None,483,455,15,genus,0.53,0.5,0.06,0.56,2.17,0.65,0.32,True,4,1,1,1
Metabat2.128,4.78,0.01,Neural Network (Specific Model),11,None,292,252,21,phylum,0.92,0.79,0.7,0.41,1.49,0.63,0.5,False,3,0,0,0
Metabat2.129,13.06,0.13,Neural Network (Specific Model),11,None,680,620,21,genus,0.6,0.54,0.28,0.21,0.57,0.66,0.36,True,8,0,0,0
Metabat2.13,13.88,0.04,Neural Network (Specific Model),11,None,385,334,1,kingdom,0.98,0.85,0.0,0.0,0.0,0.49,0.41,True,5,0,0,0
Metabat2.130,8.05,0.05,Neural Network (Specific Model),11,None,374,295,16,family,0.58,0.46,0.09,0.72,5.37,0.57,0.26,True,8,0,0,0
Metabat2.131,5.41,0.01,Neural Network (Specific Model),11,None,396,304,11,order,0.67,0.51,0.13,0.63,2.84,0.53,0.27,True,2,1,1,1
Metabat2.132,22.05,1.27,Neural Network (Specific Model),11,None,477,448,15,class,0.9,0.84,0.04,0.25,0.68,0.57,0.48,True,4,0,0,0
Metabat2.133,7.97,0.0,Neural Network (Specific Model),11,None,289,223,7,phylum,0.8,0.62,0.01,0.62,4.0,0.47,0.29,True,5,0,0,0
Metabat2.134,41.71,1.57,Neural Network (Specific Model),11,None,623,493,14,class,0.73,0.58,0.18,0.1,0.22,0.56,0.33,True,12,1,0,1
Metabat2.135,81.82,0.19,Neural Network (Specific Model),11,None,2045,1930,3,kingdom,1.0,0.94,0.0,0.0,0.0,0.73,0.68,True,18,1,1,1
Metabat2.136,29.94,0.19,Neural Network (Specific Model),11,None,832,799,18,family,0.85,0.81,0.07,0.03,0.06,0.68,0.55,True,11,1,1,1
Metabat2.137,31.24,0.23,Neural Network (Specific Model),11,None,1013,907,36,order,0.87,0.78,0.19,0.49,1.72,0.62,0.48,True,10,0,0,0
Metabat2.138,87.94,1.28,Gradient Boost (General Model),11,None,874,762,8,kingdom,0.99,0.86,0.0,0.0,0.0,0.55,0.47,True,21,1,1,1
Metabat2.139,95.66,0.06,Gradient Boost (General Model),11,None,1776,1654,14,order,0.87,0.81,0.02,0.07,0.16,0.58,0.47,True,18,1,1,2
Metabat2.14,97.2,1.17,Gradient Boost (General Model),11,None,3269,2718,1,kingdom,1.0,0.83,0.0,0.03,0.06,0.45,0.38,True,23,1,1,1
Metabat2.140,61.22,0.32,Gradient Boost (General Model),11,None,1294,1231,7,class,0.9,0.86,0.01,0.12,0.29,0.56,0.48,True,19,2,2,2
Metabat2.141,52.87,0.17,Neural Network (Specific Model),11,None,1035,900,13,phylum,0.94,0.82,0.16,0.27,0.65,0.54,0.44,True,12,1,0,1
Metabat2.142,36.54,0.62,Neural Network (Specific Model),11,None,1505,1089,38,order,0.63,0.46,0.11,0.28,0.81,0.5,0.23,True,14,1,0,1
Metabat2.143,5.07,0.0,Neural Network (Specific Model),11,None,372,291,10,order,0.86,0.67,0.05,0.56,1.7,0.61,0.41,True,0,0,0,0
Metabat2.144,23.55,0.9,Neural Network (Specific Model),11,None,1517,1216,63,kingdom,1.0,0.8,0.1,0.04,0.08,0.53,0.43,True,12,0,0,0
Metabat2.145,54.98,1.68,Gradient Boost (General Model),11,None,1797,1625,49,phylum,0.83,0.75,0.09,0.05,0.11,0.55,0.41,True,18,0,0,0
Metabat2.146,95.37,62.02,Gradient Boost (General Model),11,None,4456,4200,41,genus,0.53,0.5,0.13,0.37,1.32,0.63,0.31,True,24,5,4,4
Metabat2.147,35.12,0.0,Neural Network (Specific Model),11,None,500,462,2,order,0.84,0.78,0.01,0.03,0.07,0.58,0.45,True,9,1,1,1
Metabat2.148,100.0,0.61,Gradient Boost (General Model),11,None,2635,2421,14,class,0.93,0.85,0.02,0.23,0.63,0.62,0.53,True,22,2,2,2
Metabat2.149,99.56,58.47,Gradient Boost (General Model),11,None,5251,4754,71,phylum,0.81,0.73,0.04,0.06,0.12,0.55,0.4,True,22,4,4,4
Metabat2.15,24.05,0.0,Neural Network (Specific Model),11,None,582,561,2,genus,0.59,0.57,0.03,0.06,0.13,0.67,0.38,True,14,2,2,2
Metabat2.150,8.09,1.47,Neural Network (Specific Model),11,None,361,323,17,phylum,0.88,0.78,0.11,0.13,0.31,0.56,0.44,True,1,0,0,0
Metabat2.151,5.82,0.04,Neural Network (Specific Model),11,None,293,267,10,family,0.82,0.75,0.25,0.12,0.29,0.77,0.58,True,0,0,0,0
Metabat2.152,10.35,0.04,Neural Network (Specific Model),11,None,687,506,33,phylum,0.8,0.59,0.03,0.66,4.42,0.5,0.29,True,3,2,0,0
Metabat2.153,40.22,1.02,Gradient Boost (General Model),11,None,2455,2185,93,phylum,0.87,0.78,0.1,0.18,0.47,0.59,0.46,True,16,0,0,0
Metabat2.154,8.8,0.01,Neural Network (Specific Model),11,None,401,332,14,order,0.64,0.53,0.18,0.36,1.12,0.5,0.27,True,4,0,0,0
Metabat2.155,49.13,0.79,Neural Network (Specific Model),11,None,2287,2010,52,family,0.82,0.72,0.05,0.75,5.42,0.56,0.4,True,17,0,0,0
Metabat2.156,8.29,0.08,Neural Network (Specific Model),11,None,375,323,15,genus,0.57,0.49,0.13,0.37,1.34,0.58,0.28,True,1,0,0,0
Metabat2.157,11.22,0.02,Neural Network (Specific Model),11,None,334,307,16,genus,0.68,0.63,0.07,0.63,2.49,0.63,0.4,True,7,1,0,0
Metabat2.158,90.98,0.78,Gradient Boost (General Model),11,None,2259,1995,11,class,0.68,0.6,0.01,0.62,4.0,0.51,0.3,True,22,2,2,2
Metabat2.159,47.28,0.1,Neural Network (Specific Model),11,None,1069,1058,13,kingdom,1.0,0.99,0.0,0.0,0.0,0.99,0.98,True,9,0,0,0
Metabat2.16,34.55,0.13,Neural Network (Specific Model),11,None,752,726,3,family,0.83,0.8,0.06,0.03,0.06,0.68,0.55,True,9,1,2,1
Metabat2.160,14.71,0.06,Neural Network (Specific Model),11,None,302,276,9,phylum,0.98,0.9,0.32,0.13,0.28,0.61,0.55,True,13,0,0,0
Metabat2.161,97.93,86.08,Gradient Boost (General Model),11,None,6290,5964,32,genus,0.69,0.65,0.06,0.14,0.33,0.71,0.46,True,24,9,7,8
Metabat2.162,9.65,0.27,Neural Network (Specific Model),11,None,241,230,1,kingdom,1.0,0.95,0.0,0.0,0.0,0.66,0.63,True,5,1,1,1
Metabat2.163,21.77,0.5,Neural Network (Specific Model),11,None,692,650,22,phylum,0.93,0.87,0.22,0.03,0.06,0.64,0.56,True,6,0,0,0
Metabat2.164,19.93,0.01,Neural Network (Specific Model),11,None,525,495,2,family,0.82,0.77,0.03,0.05,0.12,0.75,0.57,True,12,1,1,1
Metabat2.165,92.79,2.53,Gradient Boost (General Model),11,None,3635,3127,61,phylum,0.82,0.7,0.06,0.2,0.53,0.51,0.36,True,23,2,4,4
Metabat2.166,8.51,0.01,Neural Network (Specific Model),11,None,502,382,40,order,0.6,0.46,0.16,0.33,1.15,0.5,0.23,True,4,0,0,0
Metabat2.167,83.62,0.45,Neural Network (Specific Model),11,None,1816,1721,16,class,0.94,0.89,0.06,0.1,0.23,0.65,0.58,True,21,3,3,3
Metabat2.168,8.23,1.04,Neural Network (Specific Model),11,None,394,322,21,genus,0.52,0.43,0.33,0.4,1.52,0.56,0.24,True,1,0,0,0
Metabat2.169,7.81,0.0,Neural Network (Specific Model),11,None,253,218,7,family,0.75,0.64,0.05,0.12,0.29,0.65,0.42,True,10,0,0,0
Metabat2.17,23.6,0.01,Neural Network (Specific Model),11,None,549,541,2,family,0.97,0.96,0.14,0.02,0.05,0.97,0.93,True,8,1,1,1
Metabat2.170,57.64,1.98,Neural Network (Specific Model),11,None,2844,2557,61,class,0.9,0.81,0.13,0.1,0.23,0.62,0.5,True,17,1,1,1
Metabat2.171,9.26,0.49,Neural Network (Specific Model),11,None,387,356,18,class,0.97,0.9,0.26,0.05,0.12,0.69,0.62,True,3,0,0,0
Metabat2.172,34.02,9.79,Neural Network (Specific Model),11,None,2304,2043,93,phylum,0.91,0.81,0.79,0.08,0.18,0.71,0.57,False,8,0,1,1
Metabat2.173,5.33,0.01,Neural Network (Specific Model),11,None,185,157,14,genus,0.48,0.41,0.28,0.76,5.59,0.65,0.26,True,1,0,0,0
Metabat2.174,30.15,2.67,Neural Network (Specific Model),11,None,2403,1844,109,phylum,0.81,0.62,0.2,0.14,0.34,0.54,0.33,True,11,0,0,0
Metabat2.175,39.19,0.63,Gradient Boost (General Model),11,None,1042,976,34,genus,0.86,0.81,0.73,0.05,0.1,0.79,0.64,False,9,0,0,0
Metabat2.176,95.91,3.03,Gradient Boost (General Model),11,None,2685,2375,3,kingdom,0.99,0.88,0.0,0.0,0.0,0.53,0.47,True,23,2,1,2
Metabat2.177,43.48,3.59,Gradient Boost (General Model),11,None,2022,1767,63,phylum,0.97,0.85,0.54,0.02,0.04,0.64,0.54,False,20,0,0,0
Metabat2.178,5.4,0.07,Neural Network (Specific Model),4,None,261,206,19,phylum,0.86,0.68,0.53,0.25,0.73,0.62,0.42,False,2,1,0,1
Metabat2.179,17.88,0.17,Neural Network (Specific Model),4,None,1714,1276,75,class,0.63,0.47,0.07,0.78,6.84,0.51,0.24,True,13,0,0,0
Metabat2.18,88.14,3.22,Gradient Boost (General Model),11,None,626,536,4,class,0.61,0.53,0.01,0.64,4.77,0.52,0.27,True,19,2,0,2
Metabat2.180,49.16,1.23,Gradient Boost (General Model),11,None,2184,1884,76,class,0.69,0.6,0.05,0.75,6.56,0.52,0.31,True,21,1,1,1
Metabat2.181,58.56,2.89,Neural Network (Specific Model),11,None,1532,1327,34,order,0.81,0.7,0.15,0.04,0.08,0.57,0.4,True,14,1,1,1
Metabat2.182,10.98,0.01,Neural Network (Specific Model),11,None,645,592,28,phylum,0.94,0.87,0.3,0.03,0.06,0.62,0.53,True,6,1,0,1
Metabat2.183,35.07,0.03,Neural Network (Specific Model),11,None,593,540,5,class,0.93,0.84,0.01,0.72,4.33,0.5,0.42,True,6,0,0,0
Metabat2.184,50.19,1.16,Neural Network (Specific Model),11,None,1172,1133,10,family,0.81,0.78,0.12,0.4,1.03,0.72,0.56,True,20,4,2,4
Metabat2.185,9.74,0.14,Neural Network (Specific Model),11,None,542,496,20,genus,0.61,0.56,0.17,0.62,2.44,0.64,0.36,True,7,1,1,1
Metabat2.186,12.4,0.92,Neural Network (Specific Model),11,None,738,652,30,phylum,0.93,0.83,0.67,0.04,0.08,0.77,0.64,False,1,0,0,0
Metabat2.187,5.74,0.06,Neural Network (Specific Model),11,None,217,189,7,order,0.84,0.73,0.05,0.5,1.99,0.59,0.44,True,0,0,0,0
Metabat2.188,59.32,8.77,Gradient Boost (General Model),11,None,3437,3118,125,genus,0.59,0.53,0.3,0.21,0.55,0.69,0.37,True,20,1,1,1
Metabat2.189,92.31,56.33,Gradient Boost (General Model),11,None,4850,4464,113,genus,0.59,0.54,0.24,0.08,0.18,0.62,0.33,True,23,2,2,2
Metabat2.19,95.43,0.4,Gradient Boost (General Model),11,None,2688,2575,3,kingdom,1.0,0.96,0.0,0.0,0.0,0.57,0.55,True,22,1,1,1
Metabat2.190,17.29,0.32,Neural Network (Specific Model),11,None,775,726,20,phylum,0.97,0.9,0.14,0.02,0.05,0.63,0.57,True,10,0,0,0
Metabat2.191,100.0,4.32,Gradient Boost (General Model),11,None,2186,1993,11,class,0.88,0.8,0.01,0.22,0.56,0.54,0.43,True,23,5,5,5
Metabat2.192,5.28,0.16,Neural Network (Specific Model),11,None,236,194,16,phylum,0.91,0.75,0.36,0.29,0.83,0.66,0.49,True,0,0,0,0
Metabat2.193,34.18,0.02,Neural Network (Specific Model),11,None,652,592,5,phylum,0.95,0.86,0.05,0.16,0.38,0.54,0.46,True,18,1,1,1
Metabat2.194,91.75,2.99,Gradient Boost (General Model),11,None,3725,3126,50,phylum,0.8,0.67,0.05,0.19,0.51,0.5,0.33,True,22,5,3,4
Metabat2.195,98.32,0.97,Gradient Boost (General Model),11,None,2377,2238,19,genus,0.48,0.45,0.02,0.84,8.51,0.59,0.27,True,23,3,2,2
Metabat2.196,15.87,0.18,Neural Network (Specific Model),11,None,355,342,6,genus,0.73,0.7,0.12,0.31,0.91,0.61,0.42,True,12,0,0,0
Metabat2.197,18.24,0.01,Neural Network (Specific Model),11,None,640,625,11,kingdom,1.0,0.98,0.0,0.0,0.0,0.97,0.95,True,12,1,1,1
Metabat2.198,11.17,0.01,Neural Network (Specific Model),11,None,436,344,12,order,0.6,0.47,0.06,0.71,4.56,0.51,0.24,True,4,0,0,0
Metabat2.199,95.36,12.13,Neural Network (Specific Model),11,None,3665,3512,52,phylum,0.96,0.92,0.65,0.06,0.12,0.77,0.7,False,22,2,1,2
Metabat2.2,8.21,0.13,Neural Network (Specific Model),11,None,350,305,1,kingdom,0.99,0.86,0.0,0.0,0.0,0.54,0.46,True,0,0,0,0
Metabat2.20,96.52,0.15,Gradient Boost (General Model),11,None,1168,1125,1,kingdom,1.0,0.96,0.0,0.0,0.0,0.59,0.57,True,21,1,1,1
Metabat2.200,94.35,2.84,Neural Network (Specific Model),11,None,2356,2243,14,kingdom,1.0,0.95,0.08,0.02,0.05,0.81,0.77,True,20,1,1,1
Metabat2.201,90.77,6.3,Gradient Boost (General Model),11,None,3618,3047,32,class,0.73,0.62,0.04,0.16,0.37,0.55,0.34,True,22,3,3,3
Metabat2.202,64.62,4.57,Gradient Boost (General Model),11,None,2172,1989,59,class,0.85,0.78,0.09,0.06,0.13,0.62,0.48,True,19,1,0,1
Metabat2.203,5.58,0.06,Neural Network (Specific Model),11,None,235,212,11,genus,0.48,0.43,0.26,0.72,6.84,0.65,0.28,True,0,0,0,0
Metabat2.204,11.82,0.49,Neural Network (Specific Model),11,None,581,519,17,genus,0.77,0.69,0.16,0.51,2.18,0.62,0.43,True,8,0,0,0
Metabat2.205,17.34,0.92,Neural Network (Specific Model),11,None,642,611,31,genus,0.83,0.79,0.26,0.11,0.25,0.86,0.68,True,7,0,0,0
Metabat2.206,11.03,0.03,Neural Network (Specific Model),11,None,760,707,28,genus,0.58,0.54,0.31,0.48,2.3,0.69,0.37,True,4,0,0,0
Metabat2.207,35.34,1.76,Neural Network (Specific Model),11,None,719,634,37,family,0.87,0.76,0.07,0.68,3.24,0.6,0.46,True,14,0,0,0
Metabat2.208,9.37,0.23,Neural Network (Specific Model),11,None,302,209,10,phylum,0.92,0.64,0.55,0.07,0.14,0.62,0.39,False,0,0,0,0
Metabat2.209,20.32,0.34,Neural Network (Specific Model),11,None,717,652,16,phylum,0.89,0.81,0.04,0.08,0.16,0.56,0.46,True,5,0,0,0
Metabat2.21,97.62,1.18,Gradient Boost (General Model),11,None,2022,1780,1,kingdom,0.99,0.87,0.0,0.0,0.0,0.54,0.47,True,22,3,3,3
Metabat2.210,94.31,0.45,Gradient Boost (General Model),11,None,1507,1435,3,kingdom,1.0,0.95,0.0,0.0,0.0,0.62,0.59,True,21,2,1,1
Metabat2.211,16.84,5.57,Neural Network (Specific Model),11,None,1253,550,70,kingdom,1.0,0.44,0.09,0.43,0.96,0.44,0.2,True,5,0,0,0
Metabat2.212,96.99,38.54,Gradient Boost (General Model),11,None,6068,5752,135,genus,0.65,0.62,0.6,0.14,0.33,0.88,0.54,False,23,6,8,8
Metabat2.213,82.11,4.68,Gradient Boost (General Model),11,None,2608,2414,56,phylum,0.98,0.9,0.53,0.05,0.1,0.64,0.58,False,21,1,1,1
Metabat2.214,5.62,0.0,Neural Network (Specific Model),11,None,194,176,8,genus,0.66,0.6,0.23,0.68,4.87,0.65,0.39,True,0,0,0,0
Metabat2.215,5.24,0.0,Neural Network (Specific Model),11,None,237,204,13,phylum,0.94,0.81,0.81,0.09,0.21,0.77,0.62,False,3,0,0,0
Metabat2.216,72.26,0.77,Gradient Boost (General Model),11,None,1284,1109,14,phylum,0.92,0.8,0.04,0.18,0.44,0.52,0.42,True,23,2,2,2
Metabat2.217,12.24,0.8,Neural Network (Specific Model),11,None,486,430,13,order,0.79,0.7,0.13,0.63,3.42,0.58,0.4,True,6,0,0,0
Metabat2.218,81.03,1.74,Gradient Boost (General Model),11,None,1759,1447,43,class,0.78,0.65,0.09,0.35,1.27,0.51,0.33,True,19,2,1,1
Metabat2.219,4.54,0.0,Neural Network (Specific Model),11,None,233,180,3,order,0.54,0.42,0.08,0.64,4.94,0.54,0.23,True,0,0,0,0
Metabat2.22,69.06,2.98,Gradient Boost (General Model),11,None,2381,1924,96,class,0.59,0.48,0.05,0.77,6.25,0.49,0.24,True,19,1,1,1
Metabat2.220,61.21,12.84,Gradient Boost (General Model),11,None,4187,3028,205,phylum,0.93,0.67,0.29,0.29,0.86,0.55,0.37,True,21,1,0,0
Metabat2.221,13.8,0.47,Neural Network (Specific Model),11,None,426,336,21,phylum,0.91,0.72,0.1,0.42,1.31,0.52,0.37,True,7,0,0,0
Metabat2.222,11.66,0.05,Neural Network (Specific Model),11,None,647,558,14,phylum,0.89,0.76,0.15,0.16,0.4,0.57,0.43,True,5,0,0,0
Metabat2.223,35.14,1.62,Neural Network (Specific Model),11,None,2228,1697,92,phylum,0.81,0.62,0.06,0.72,5.87,0.47,0.29,True,19,1,0,0
Metabat2.224,91.36,0.02,Gradient Boost (General Model),11,None,1870,1756,6,class,0.94,0.88,0.01,0.28,0.72,0.56,0.5,True,22,3,3,3
Metabat2.225,96.75,1.01,Gradient Boost (General Model),11,None,1728,1640,10,genus,0.71,0.68,0.17,0.03,0.06,0.65,0.44,True,21,2,2,2
Metabat2.226,26.96,3.27,Neural Network (Specific Model),11,None,920,803,14,genus,0.56,0.49,0.24,0.18,0.45,0.6,0.29,True,9,2,2,2
Metabat2.227,83.27,56.17,Gradient Boost (General Model),11,None,6813,5927,240,genus,0.53,0.46,0.18,0.05,0.11,0.62,0.29,True,23,2,2,2
Metabat2.228,85.77,2.17,Gradient Boost (General Model),11,None,1984,1891,35,class,0.9,0.85,0.13,0.09,0.19,0.88,0.75,True,21,2,2,3
Metabat2.229,24.12,1.03,Neural Network (Specific Model),11,None,1171,1050,34,phylum,0.9,0.81,0.15,0.03,0.05,0.62,0.5,True,6,0,0,0
Metabat2.23,5.82,0.37,Neural Network (Specific Model),11,None,400,355,16,genus,0.59,0.52,0.07,0.62,2.22,0.62,0.33,True,2,1,0,0
Metabat2.230,64.63,8.2,Neural Network (Specific Model),11,None,2533,2382,109,kingdom,0.98,0.93,0.0,0.0,0.0,0.92,0.85,True,18,0,0,0
Metabat2.231,82.83,1.48,Gradient Boost (General Model),11,None,2713,2058,54,class,0.6,0.46,0.04,0.34,1.2,0.47,0.21,True,20,1,1,1
Metabat2.232,4.84,0.0,Neural Network (Specific Model),11,None,275,204,8,family,0.69,0.51,0.15,0.79,6.61,0.57,0.29,True,2,0,0,0
Metabat2.233,13.03,2.52,Neural Network (Specific Model),11,None,698,642,22,order,0.93,0.85,0.26,0.05,0.11,0.69,0.59,True,2,0,0,0
Metabat2.234,76.49,3.69,Gradient Boost (General Model),11,None,4889,4019,81,phylum,0.8,0.66,0.03,0.74,6.07,0.49,0.32,True,22,3,0,3
Metabat2.235,8.56,0.24,Neural Network (Specific Model),11,None,422,333,21,order,0.61,0.48,0.31,0.37,1.4,0.58,0.28,True,1,0,0,0
Metabat2.236,90.72,2.3,Neural Network (Specific Model),11,None,1856,1774,25,class,0.97,0.92,0.06,0.03,0.06,0.92,0.85,True,22,3,1,1
Metabat2.237,53.15,3.12,Gradient Boost (General Model),11,None,2276,1851,87,family,0.53,0.43,0.11,0.81,6.3,0.53,0.23,True,17,1,1,1
Metabat2.238,6.53,0.0,Neural Network (Specific Model),11,None,519,433,26,family,0.68,0.56,0.32,0.22,0.59,0.67,0.38,True,5,0,0,0
Metabat2.239,5.94,0.19,Neural Network (Specific Model),11,None,201,178,10,genus,0.53,0.47,0.33,0.87,11.25,0.77,0.36,True,1,0,0,0
Metabat2.24,18.95,0.0,Neural Network (Specific Model),11,None,332,293,5,genus,0.76,0.67,0.08,0.69,3.81,0.58,0.39,True,14,1,0,1
Metabat2.240,22.31,1.28,Neural Network (Specific Model),11,None,687,614,35,genus,0.82,0.74,0.16,0.05,0.1,0.65,0.48,True,9,2,1,1
Metabat2.241,93.35,0.68,Gradient Boost (General Model),11,None,2631,2488,28,class,0.96,0.91,0.07,0.05,0.11,0.65,0.59,True,20,2,2,2
Metabat2.242,13.33,0.65,Neural Network (Specific Model),11,None,855,636,45,phylum,0.83,0.62,0.1,0.69,4.7,0.51,0.31,True,4,0,0,0
Metabat2.243,39.19,0.56,Neural Network (Specific Model),11,None,2907,2189,90,phylum,0.77,0.58,0.06,0.7,5.26,0.45,0.26,True,12,0,0,0
Metabat2.244,98.15,10.92,Gradient Boost (General Model),11,None,3893,3740,4,order,0.88,0.84,0.01,0.08,0.19,0.79,0.67,True,24,1,1,1
Metabat2.245,12.08,0.06,Neural Network (Specific Model),11,None,471,458,10,genus,0.82,0.8,0.11,0.08,0.19,0.77,0.61,True,3,0,0,0
Metabat2.246,35.89,0.06,Neural Network (Specific Model),11,None,816,737,3,phylum,0.96,0.87,0.02,0.24,0.62,0.53,0.46,True,4,0,0,0
Metabat2.247,100.0,0.34,Gradient Boost (General Model),11,None,1671,1555,4,kingdom,1.0,0.93,0.0,0.0,0.0,0.6,0.56,True,22,2,2,2
Metabat2.248,16.94,2.71,Neural Network (Specific Model),11,None,918,861,39,phylum,0.97,0.91,0.55,0.03,0.07,0.9,0.82,False,5,0,1,1
Metabat2.249,7.11,0.0,Neural Network (Specific Model),11,None,391,191,24,kingdom,1.0,0.49,0.01,0.02,0.04,0.47,0.23,True,2,0,0,0
Metabat2.25,15.84,0.0,Neural Network (Specific Model),11,None,350,326,9,class,0.94,0.88,0.02,0.06,0.14,0.64,0.56,True,5,0,0,0
Metabat2.250,78.16,3.8,Gradient Boost (General Model),11,None,2315,2103,61,genus,0.64,0.58,0.17,0.26,0.73,0.61,0.35,True,15,2,3,1
Metabat2.251,8.33,0.16,Neural Network (Specific Model),11,None,255,196,5,order,0.83,0.64,0.04,0.58,2.9,0.5,0.32,True,13,0,0,0
Metabat2.252,72.37,2.93,Gradient Boost (General Model),11,None,2798,2278,88,phylum,0.85,0.69,0.06,0.18,0.48,0.51,0.36,True,20,1,1,1
Metabat2.253,9.89,0.12,Neural Network (Specific Model),11,None,430,389,16,class,0.94,0.85,0.09,0.06,0.13,0.61,0.52,True,3,0,1,0
Metabat2.254,93.35,2.22,Gradient Boost (General Model),11,None,5008,4569,58,phylum,0.87,0.79,0.06,0.2,0.51,0.6,0.48,True,21,1,1,1
Metabat2.255,31.59,0.21,Neural Network (Specific Model),11,None,639,506,29,phylum,0.92,0.72,0.21,0.21,0.52,0.49,0.36,True,11,0,0,0
Metabat2.256,27.11,0.46,Neural Network (Specific Model),11,None,774,746,18,family,0.81,0.78,0.17,0.5,1.52,0.7,0.54,True,13,0,0,0
Metabat2.257,8.52,0.28,Neural Network (Specific Model),11,None,598,513,20,phylum,0.89,0.77,0.23,0.05,0.11,0.6,0.46,True,4,0,0,0
Metabat2.258,79.17,4.5,Gradient Boost (General Model),11,None,3918,3605,72,phylum,0.92,0.85,0.19,0.09,0.2,0.58,0.49,True,21,1,0,0
Metabat2.259,95.52,9.26,Gradient Boost (General Model),11,None,2759,2609,19,class,0.93,0.88,0.03,0.06,0.13,0.6,0.53,True,23,3,3,3
Metabat2.26,96.81,2.74,Gradient Boost (General Model),11,None,2224,2084,2,kingdom,1.0,0.93,0.0,0.0,0.0,0.57,0.53,True,23,1,0,1
Metabat2.260,12.82,0.35,Neural Network (Specific Model),11,None,255,237,4,phylum,0.94,0.87,0.14,0.2,0.54,0.7,0.61,True,4,0,0,0
Metabat2.261,76.18,2.14,Gradient Boost (General Model),11,None,4697,3774,199,phylum,0.84,0.67,0.07,0.66,4.02,0.48,0.32,True,17,0,0,0
Metabat2.262,97.99,1.39,Gradient Boost (General Model),11,None,2561,2424,4,order,0.77,0.73,0.06,0.09,0.19,0.61,0.44,True,23,3,3,3
Metabat2.263,98.01,1.42,Gradient Boost (General Model),11,None,2367,2082,12,class,0.83,0.73,0.07,0.05,0.11,0.59,0.43,True,22,2,3,1
Metabat2.264,5.83,0.3,Neural Network (Specific Model),11,None,253,228,10,genus,0.5,0.45,0.27,0.79,8.86,0.73,0.32,True,3,0,0,0
Metabat2.265,90.42,0.17,Gradient Boost (General Model),11,None,2577,2386,5,family,0.77,0.71,0.02,0.16,0.39,0.66,0.47,True,22,2,2,2
Metabat2.266,32.89,1.4,Neural Network (Specific Model),11,None,1010,942,15,genus,0.52,0.49,0.05,0.8,9.09,0.61,0.29,True,19,3,2,3
Metabat2.267,37.59,0.37,Gradient Boost (General Model),11,None,3043,2241,85,phylum,0.78,0.58,0.04,0.7,5.06,0.47,0.27,True,18,1,1,1
Metabat2.268,44.34,1.86,Neural Network (Specific Model),11,None,1445,1262,31,class,0.9,0.79,0.09,0.04,0.08,0.57,0.45,True,14,1,1,1
Metabat2.269,7.01,0.0,Neural Network (Specific Model),11,None,254,121,2,kingdom,0.99,0.47,0.0,0.0,0.0,0.45,0.21,True,0,0,0,0
Metabat2.27,63.02,0.2,Gradient Boost (General Model),11,None,1432,1343,4,phylum,0.93,0.87,0.01,0.05,0.1,0.69,0.6,True,15,0,0,0
Metabat2.270,68.3,0.6,Gradient Boost (General Model),11,None,2081,1990,67,class,0.94,0.9,0.42,0.04,0.08,0.68,0.62,True,12,1,2,1
Metabat2.271,92.3,1.33,Gradient Boost (General Model),11,None,1626,1427,8,class,0.91,0.8,0.02,0.71,4.17,0.51,0.41,True,22,2,2,2
Metabat2.272,12.82,0.03,Neural Network (Specific Model),11,None,369,353,12,order,0.97,0.93,0.15,0.11,0.24,0.94,0.88,True,11,0,0,0
Metabat2.273,6.76,0.03,Neural Network (Specific Model),11,None,237,213,6,family,0.63,0.57,0.04,0.72,4.08,0.56,0.32,True,1,0,0,0
Metabat2.274,92.55,3.93,Gradient Boost (General Model),11,None,4142,3518,83,class,0.68,0.58,0.08,0.41,1.52,0.51,0.29,True,23,2,3,3
Metabat2.275,52.8,24.54,Gradient Boost (General Model),11,None,5288,4540,183,phylum,0.83,0.71,0.12,0.13,0.32,0.56,0.4,True,18,3,3,2
Metabat2.276,100.0,1.83,Gradient Boost (General Model),11,None,3044,2864,6,class,0.88,0.83,0.01,0.56,1.95,0.58,0.48,True,21,1,1,1
Metabat2.277,13.21,0.0,Neural Network (Specific Model),11,None,334,294,5,phylum,0.95,0.84,0.04,0.19,0.5,0.57,0.48,True,2,0,0,0
Metabat2.278,7.49,0.02,Neural Network (Specific Model),11,None,241,213,4,genus,0.65,0.57,0.09,0.63,4.43,0.62,0.36,True,2,0,0,0
Metabat2.279,29.42,0.19,Neural Network (Specific Model),11,None,1604,1479,78,family,0.87,0.8,0.41,0.04,0.08,0.73,0.58,True,13,0,0,0
Metabat2.28,78.63,0.93,Gradient Boost (General Model),11,None,1684,1612,9,family,0.83,0.79,0.05,0.35,1.19,0.62,0.49,True,23,2,2,2
Metabat2.280,71.18,0.12,Gradient Boost (General Model),11,None,1604,1456,28,phylum,0.97,0.88,0.47,0.05,0.11,0.6,0.53,False,19,1,1,1
Metabat2.281,23.32,0.6,Neural Network (Specific Model),11,None,923,772,36,kingdom,1.0,0.84,0.12,0.04,0.08,0.53,0.44,True,4,0,0,0
Metabat2.282,22.68,0.75,Neural Network (Specific Model),11,None,1236,1121,37,order,0.89,0.81,0.9,0.03,0.06,0.81,0.66,False,9,2,1,1
Metabat2.283,93.84,0.81,Gradient Boost (General Model),11,None,2069,1967,21,class,0.92,0.87,0.03,0.28,0.73,0.6,0.52,True,20,2,2,2
Metabat2.284,33.61,0.58,Neural Network (Specific Model),11,None,1403,1350,52,genus,0.86,0.82,0.49,0.02,0.05,0.78,0.65,False,11,0,0,0
Metabat2.285,22.06,0.42,Neural Network (Specific Model),11,None,1081,916,42,order,0.53,0.45,0.08,0.7,5.73,0.54,0.24,True,10,0,0,0
Metabat2.286,77.95,0.16,Gradient Boost (General Model),11,None,547,471,3,class,0.71,0.61,0.04,0.75,4.48,0.54,0.33,True,19,1,0,1
Metabat2.287,31.24,0.31,Neural Network (Specific Model),11,None,487,445,7,phylum,0.98,0.89,0.03,0.18,0.45,0.54,0.48,True,6,0,0,0
Metabat2.288,95.33,0.0,Gradient Boost (General Model),11,None,2102,1991,16,family,0.84,0.8,0.05,0.3,0.92,0.62,0.5,True,22,2,2,2
Metabat2.289,9.16,0.27,Neural Network (Specific Model),11,None,374,340,9,phylum,0.94,0.86,0.55,0.22,0.54,0.71,0.61,False,2,0,0,0
Metabat2.29,94.44,2.13,Gradient Boost (General Model),11,None,1655,1545,3,genus,0.7,0.66,0.02,0.49,2.27,0.56,0.37,True,23,1,1,1
Metabat2.290,12.95,0.06,Neural Network (Specific Model),11,None,703,637,41,order,0.97,0.88,0.46,0.02,0.04,0.81,0.72,False,9,0,0,0
Metabat2.291,8.46,0.0,Neural Network (Specific Model),11,None,523,453,28,genus,0.52,0.45,0.19,0.36,1.21,0.58,0.26,True,7,0,0,0
Metabat2.292,18.25,1.22,Neural Network (Specific Model),11,None,1219,1062,31,phylum,0.95,0.83,0.37,0.05,0.12,0.67,0.56,True,11,1,0,1
Metabat2.293,10.75,0.45,Neural Network (Specific Model),11,None,345,317,28,genus,0.47,0.43,0.35,0.79,7.32,0.78,0.34,True,1,0,0,0
Metabat2.294,97.14,0.26,Neural Network (Specific Model),11,None,789,671,2,kingdom,0.99,0.84,0.0,0.0,0.0,0.53,0.45,True,22,1,0,1
Metabat2.295,28.05,0.0,Neural Network (Specific Model),11,None,413,347,6,kingdom,0.99,0.84,0.0,0.0,0.0,0.5,0.42,True,8,1,0,1
Metabat2.296,20.76,0.61,Neural Network (Specific Model),11,None,967,847,32,class,0.88,0.77,0.15,0.09,0.19,0.59,0.46,True,7,0,0,0
Metabat2.297,51.55,1.34,Gradient Boost (General Model),11,None,1508,1384,2,genus,0.74,0.68,0.01,0.25,0.7,0.7,0.47,True,17,1,1,1
Metabat2.298,50.61,0.12,Gradient Boost (General Model),11,None,574,514,4,phylum,0.95,0.85,0.01,0.29,0.8,0.52,0.44,True,19,2,1,2
Metabat2.299,31.59,0.94,Neural Network (Specific Model),11,None,1284,1180,32,phylum,0.9,0.83,0.09,0.09,0.2,0.55,0.46,True,16,1,1,1
Metabat2.3,92.52,0.22,Gradient Boost (General Model),11,None,874,664,1,kingdom,1.0,0.76,0.0,0.23,0.55,0.47,0.36,True,20,1,0,1
Metabat2.30,16.18,2.04,Neural Network (Specific Model),11,None,1302,1088,48,family,0.49,0.41,0.11,0.74,5.82,0.56,0.23,True,4,0,0,0
Metabat2.300,77.85,1.17,Gradient Boost (General Model),11,None,2460,2256,4,class,0.9,0.82,0.01,0.35,1.04,0.59,0.49,True,19,1,1,1
Metabat2.301,97.9,2.24,Gradient Boost (General Model),11,None,2103,1971,13,phylum,0.9,0.84,0.08,0.02,0.05,0.57,0.48,True,22,2,2,2
Metabat2.302,14.72,0.03,Neural Network (Specific Model),11,None,652,600,22,phylum,0.95,0.88,0.07,0.09,0.21,0.64,0.56,True,5,0,0,0
Metabat2.303,95.87,1.49,Gradient Boost (General Model),11,None,3315,2796,20,phylum,0.83,0.7,0.01,0.66,3.93,0.5,0.35,True,21,0,0,0
Metabat2.304,7.27,0.14,Neural Network (Specific Model),11,None,624,415,32,class,0.62,0.41,0.14,0.8,7.4,0.5,0.21,True,10,1,1,1
Metabat2.305,8.43,0.02,Neural Network (Specific Model),11,None,346,175,9,phylum,0.91,0.46,0.28,0.23,0.66,0.52,0.24,True,1,0,0,0
Metabat2.306,45.05,1.25,Gradient Boost (General Model),11,None,4272,3344,158,order,0.58,0.45,0.18,0.11,0.27,0.54,0.24,True,15,0,0,0
Metabat2.307,10.19,0.41,Neural Network (Specific Model),11,None,531,466,34,genus,0.56,0.49,0.33,0.38,1.36,0.83,0.41,True,0,0,0,0
Metabat2.308,4.04,0.0,Neural Network (Specific Model),11,None,288,225,21,order,0.57,0.45,0.11,0.77,5.84,0.52,0.23,True,0,0,0,0
Metabat2.309,11.19,0.67,Neural Network (Specific Model),11,None,458,430,28,phylum,0.97,0.91,0.54,0.02,0.05,0.79,0.72,False,1,0,0,0
Metabat2.31,6.35,0.1,Neural Network (Specific Model),11,None,305,268,9,family,0.63,0.55,0.09,0.63,3.85,0.54,0.3,True,2,0,0,0
Metabat2.310,4.63,0.01,Neural Network (Specific Model),11,None,319,198,13,kingdom,1.0,0.62,0.0,0.03,0.06,0.5,0.31,True,0,0,0,0
Metabat2.311,6.56,0.02,Neural Network (Specific Model),11,None,430,341,22,order,0.53,0.42,0.15,0.83,10.09,0.52,0.22,True,0,0,0,0
Metabat2.312,66.26,1.08,Gradient Boost (General Model),11,None,2521,1940,80,order,0.58,0.45,0.04,0.31,1.01,0.51,0.23,True,18,1,1,1
Metabat2.313,100.0,112.39,Gradient Boost (General Model),11,None,27231,23917,949,phylum,0.93,0.81,0.61,0.03,0.06,0.66,0.53,False,25,8,9,8
Metabat2.314,83.96,2.11,Gradient Boost (General Model),11,None,974,857,6,genus,0.65,0.58,0.02,0.75,5.22,0.51,0.29,True,18,2,0,2
Metabat2.315,49.87,2.91,Gradient Boost (General Model),11,None,1553,1418,31,family,0.62,0.56,0.07,0.67,4.22,0.58,0.33,True,17,2,1,2
Metabat2.316,40.78,3.16,Gradient Boost (General Model),11,None,2648,2094,118,order,0.6,0.47,0.24,0.13,0.31,0.58,0.28,True,14,0,0,0
Metabat2.317,6.7,0.03,Neural Network (Specific Model),11,None,298,240,13,order,0.65,0.52,0.09,0.48,1.86,0.56,0.29,True,1,0,0,0
Metabat2.318,7.01,0.02,Neural Network (Specific Model),11,None,263,234,11,order,0.91,0.81,0.07,0.21,0.54,0.57,0.46,True,2,1,1,1
Metabat2.319,32.78,0.98,Neural Network (Specific Model),11,None,1239,1182,35,genus,0.91,0.87,0.11,0.37,1.14,0.85,0.74,True,10,1,1,0
Metabat2.32,93.76,1.45,Gradient Boost (General Model),11,None,3698,3186,2,kingdom,0.99,0.86,0.0,0.0,0.0,0.57,0.49,True,23,1,0,1
Metabat2.320,79.65,0.57,Gradient Boost (General Model),11,None,1655,1536,38,class,0.91,0.85,0.13,0.08,0.18,0.64,0.54,True,20,0,1,0
Metabat2.321,9.9,0.0,Neural Network (Specific Model),11,None,322,283,5,family,0.81,0.71,0.07,0.82,7.84,0.52,0.37,True,5,1,1,1
Metabat2.322,7.62,0.0,Neural Network (Specific Model),11,None,230,217,4,genus,0.59,0.56,0.21,0.4,1.37,0.63,0.35,True,1,0,0,0
Metabat2.323,22.55,0.53,Neural Network (Specific Model),11,None,1246,1113,29,genus,0.46,0.41,0.51,0.46,1.86,0.77,0.32,False,9,1,1,1
Metabat2.324,21.77,0.62,Neural Network (Specific Model),11,None,1101,1053,31,genus,0.8,0.76,0.22,0.08,0.18,0.82,0.63,True,8,1,1,1
Metabat2.325,14.15,0.35,Neural Network (Specific Model),11,None,341,306,2,family,0.59,0.53,0.02,0.33,1.08,0.7,0.37,True,10,1,1,1
Metabat2.326,90.85,0.83,Gradient Boost (General Model),11,None,2183,1828,14,family,0.57,0.48,0.02,0.05,0.11,0.55,0.26,True,21,1,0,1
Metabat2.327,10.66,0.1,Neural Network (Specific Model),11,None,518,479,22,kingdom,1.0,0.92,0.33,0.05,0.1,0.78,0.72,True,5,0,0,0
Metabat2.328,27.71,0.2,Neural Network (Specific Model),11,None,886,800,5,genus,0.65,0.58,0.08,0.09,0.19,0.67,0.39,True,5,0,0,0
Metabat2.329,26.66,12.45,Neural Network (Specific Model),11,None,993,864,30,family,0.62,0.54,0.07,0.66,3.7,0.59,0.32,True,6,0,0,0
Metabat2.33,10.98,0.62,Neural Network (Specific Model),11,None,454,435,19,order,0.94,0.9,0.3,0.18,0.44,0.72,0.65,True,7,0,0,0
Metabat2.330,68.1,1.03,Gradient Boost (General Model),11,None,1540,1381,10,phylum,0.91,0.81,0.06,0.03,0.06,0.59,0.48,True,20,2,1,1
Metabat2.331,28.91,0.04,Neural Network (Specific Model),11,None,731,670,1,kingdom,0.99,0.91,0.0,0.0,0.0,0.59,0.54,True,9,0,0,0
Metabat2.332,12.32,0.26,Neural Network (Specific Model),11,None,548,512,11,genus,0.74,0.7,0.31,0.11,0.26,0.75,0.52,True,6,0,0,0
Metabat2.333,88.62,9.53,Gradient Boost (General Model),11,None,2555,2288,34,phylum,0.85,0.76,0.07,0.08,0.18,0.55,0.42,True,20,1,1,1
Metabat2.334,6.68,0.1,Neural Network (Specific Model),11,None,548,422,13,kingdom,1.0,0.77,0.03,0.02,0.04,0.56,0.43,True,1,0,0,0
Metabat2.335,6.33,0.33,Neural Network (Specific Model),11,None,260,231,14,genus,0.72,0.64,0.26,0.42,1.63,0.82,0.52,True,0,0,0,0
Metabat2.336,29.47,1.99,Neural Network (Specific Model),11,None,1113,1089,51,order,0.98,0.96,0.15,0.03,0.06,0.97,0.93,True,4,2,2,2
Metabat2.337,90.13,1.58,Neural Network (Specific Model),11,None,2010,1919,17,order,0.9,0.86,0.07,0.03,0.06,0.66,0.57,True,20,2,2,2
Metabat2.338,91.67,0.88,Gradient Boost (General Model),11,None,2316,2110,10,phylum,0.78,0.71,0.02,0.51,2.54,0.54,0.38,True,22,2,2,2
Metabat2.339,6.27,0.02,Neural Network (Specific Model),11,None,327,306,11,genus,0.76,0.71,0.28,0.59,2.59,0.89,0.63,True,0,0,0,0
Metabat2.34,14.3,0.0,Neural Network (Specific Model),11,None,299,281,2,genus,0.78,0.73,0.02,0.58,2.76,0.62,0.45,True,3,0,1,1
Metabat2.340,16.2,0.69,Neural Network (Specific Model),11,None,550,486,3,order,0.85,0.75,0.01,0.35,1.18,0.56,0.42,True,5,1,1,1
Metabat2.341,5.61,0.07,Neural Network (Specific Model),11,None,481,370,16,genus,0.57,0.44,0.14,0.77,7.04,0.63,0.28,True,0,0,0,0
Metabat2.342,28.21,0.62,Neural Network (Specific Model),11,None,982,905,31,genus,0.66,0.61,0.18,0.09,0.2,0.65,0.4,True,12,1,1,1
Metabat2.343,61.24,1.31,Neural Network (Specific Model),11,None,1400,1357,13,order,0.94,0.91,0.07,0.2,0.5,0.68,0.62,True,11,1,1,1
Metabat2.344,88.86,2.09,Gradient Boost (General Model),11,None,1900,1744,7,kingdom,1.0,0.92,0.01,0.04,0.08,0.49,0.45,True,22,1,1,1
Metabat2.345,7.82,0.05,Neural Network (Specific Model),11,None,359,272,10,class,0.73,0.55,0.06,0.21,0.57,0.5,0.28,True,5,0,0,0
Metabat2.346,88.83,0.27,Gradient Boost (General Model),11,None,2150,1942,48,class,0.91,0.82,0.04,0.28,0.76,0.57,0.47,True,20,2,2,2
Metabat2.347,5.01,0.0,Neural Network (Specific Model),11,None,270,217,8,class,0.75,0.6,0.06,0.34,1.16,0.55,0.33,True,5,1,1,1
Metabat2.348,90.13,2.09,Gradient Boost (General Model),11,None,2281,2240,44,family,0.95,0.93,0.1,0.04,0.09,0.95,0.88,True,23,2,2,2
Metabat2.349,6.5,0.11,Neural Network (Specific Model),11,None,354,290,15,family,0.63,0.52,0.19,0.77,4.78,0.57,0.29,True,0,0,0,0
Metabat2.35,50.15,0.28,Gradient Boost (General Model),11,None,602,516,3,kingdom,1.0,0.86,0.0,0.0,0.0,0.51,0.43,True,11,1,1,1
Metabat2.350,20.24,0.9,Neural Network (Specific Model),11,None,969,906,21,phylum,0.93,0.87,0.18,0.05,0.1,0.63,0.54,True,17,1,2,2
Metabat2.351,10.07,0.16,Neural Network (Specific Model),11,None,586,437,24,phylum,0.8,0.6,0.11,0.3,0.87,0.51,0.3,True,0,0,0,0
Metabat2.352,6.7,0.03,Neural Network (Specific Model),11,None,325,227,10,phylum,0.78,0.54,0.01,0.59,3.19,0.47,0.26,True,0,0,0,0
Metabat2.353,35.04,3.06,Neural Network (Specific Model),11,None,1457,1347,73,kingdom,1.0,0.92,0.3,0.03,0.06,0.82,0.76,True,9,0,0,0
Metabat2.354,97.39,1.27,Neural Network (Specific Model),11,None,3875,3432,24,phylum,0.87,0.77,0.01,0.19,0.51,0.56,0.44,True,24,2,1,1
Metabat2.355,72.42,0.21,Neural Network (Specific Model),11,None,1647,1629,9,kingdom,1.0,0.99,0.0,0.0,0.0,0.97,0.96,True,18,1,1,1
Metabat2.356,10.7,0.12,Neural Network (Specific Model),11,None,518,484,18,genus,0.49,0.46,0.18,0.75,7.3,0.63,0.29,True,8,0,0,0
Metabat2.357,76.1,0.61,Gradient Boost (General Model),11,None,1618,1476,56,phylum,0.98,0.9,0.35,0.02,0.05,0.62,0.56,True,20,2,0,2
Metabat2.358,78.73,5.26,Gradient Boost (General Model),11,None,2465,2301,59,class,0.96,0.9,0.24,0.03,0.06,0.64,0.58,True,17,1,0,1
Metabat2.359,24.59,0.27,Neural Network (Specific Model),11,None,704,617,26,genus,0.57,0.5,0.27,0.37,1.26,0.57,0.28,True,13,1,0,1
Metabat2.36,48.74,0.07,Neural Network (Specific Model),11,None,1392,1298,14,phylum,0.98,0.91,0.3,0.02,0.05,0.65,0.59,True,17,1,0,0
Metabat2.360,16.04,2.56,Neural Network (Specific Model),11,None,1386,1199,46,genus,0.54,0.46,0.15,0.63,2.31,0.61,0.28,True,15,0,0,0
Metabat2.361,93.85,2.84,Gradient Boost (General Model),11,None,3388,2943,15,phylum,0.81,0.7,0.02,0.2,0.54,0.5,0.35,True,22,4,4,4
Metabat2.362,37.89,6.77,Neural Network (Specific Model),11,None,1858,1656,90,genus,0.66,0.59,0.37,0.15,0.38,0.69,0.41,True,17,0,0,0
Metabat2.363,69.51,1.5,Gradient Boost (General Model),11,None,1394,1348,6,genus,0.67,0.64,0.06,0.13,0.32,0.63,0.41,True,18,1,1,1
Metabat2.364,6.08,0.06,Neural Network (Specific Model),11,None,354,328,10,phylum,0.91,0.84,0.58,0.41,1.26,0.73,0.61,False,2,0,0,0
Metabat2.365,22.01,0.65,Neural Network (Specific Model),11,None,967,885,32,genus,0.45,0.41,0.19,0.73,5.36,0.65,0.27,True,9,1,1,1
Metabat2.366,95.94,1.83,Gradient Boost (General Model),11,None,1996,1770,24,genus,0.52,0.46,0.02,0.28,0.83,0.54,0.25,True,22,1,2,2
Metabat2.367,34.96,0.0,Neural Network (Specific Model),11,None,454,421,2,phylum,0.97,0.9,0.01,0.2,0.48,0.56,0.51,True,21,1,0,1
Metabat2.368,97.28,0.17,Gradient Boost (General Model),11,None,1207,1112,2,kingdom,1.0,0.92,0.0,0.04,0.08,0.49,0.45,True,22,1,1,1
Metabat2.369,7.69,0.0,Neural Network (Specific Model),11,None,548,467,25,order,0.6,0.51,0.14,0.71,5.95,0.56,0.29,True,3,1,0,0
Metabat2.37,95.69,1.37,Gradient Boost (General Model),11,None,2785,2685,22,class,0.96,0.93,0.1,0.06,0.12,0.68,0.63,True,23,4,4,4
Metabat2.370,72.12,1.97,Gradient Boost (General Model),4,None,1053,739,18,phylum,0.83,0.58,0.02,0.18,0.46,0.52,0.3,True,15,0,0,0
Metabat2.371,7.26,0.05,Neural Network (Specific Model),11,None,298,269,8,genus,0.51,0.46,0.13,0.63,3.96,0.68,0.31,True,3,0,0,0
Metabat2.372,11.26,0.03,Neural Network (Specific Model),11,None,909,832,32,genus,0.88,0.81,0.28,0.18,0.46,0.82,0.66,True,3,0,0,0
Metabat2.373,97.64,0.87,Gradient Boost (General Model),11,None,1961,1820,3,family,0.68,0.63,0.01,0.71,3.95,0.55,0.35,True,22,2,2,2
Metabat2.374,8.02,0.17,Neural Network (Specific Model),11,None,415,381,19,genus,0.68,0.62,0.66,0.14,0.33,0.68,0.42,False,10,0,0,0
Metabat2.375,6.73,0.3,Neural Network (Specific Model),11,None,419,392,9,phylum,0.96,0.9,0.16,0.08,0.18,0.65,0.58,True,2,1,1,1
Metabat2.376,63.39,2.68,Neural Network (Specific Model),11,None,1264,1171,5,kingdom,1.0,0.92,0.0,0.0,0.0,0.54,0.5,True,17,1,1,1
Metabat2.377,32.61,0.13,Neural Network (Specific Model),11,None,537,485,4,class,0.94,0.85,0.01,0.63,2.93,0.54,0.46,True,9,1,0,1
Metabat2.378,80.66,3.04,Gradient Boost (General Model),11,None,2027,1810,40,order,0.81,0.72,0.1,0.6,2.44,0.58,0.42,True,17,0,0,0
Metabat2.379,90.54,1.22,Gradient Boost (General Model),11,None,1004,864,5,phylum,0.92,0.79,0.01,0.08,0.17,0.51,0.4,True,22,1,1,1
Metabat2.38,8.3,0.27,Neural Network (Specific Model),11,None,466,414,22,phylum,0.95,0.84,0.78,0.33,0.93,0.71,0.6,False,3,0,0,0
Metabat2.380,8.48,0.12,Neural Network (Specific Model),11,None,247,232,8,genus,0.68,0.64,0.1,0.54,2.82,0.84,0.54,True,0,0,0,0
Metabat2.381,9.52,0.0,Neural Network (Specific Model),11,None,485,350,15,order,0.63,0.45,0.16,0.35,1.0,0.52,0.23,True,4,0,0,0
Metabat2.382,13.23,0.0,Neural Network (Specific Model),11,None,222,199,2,phylum,0.98,0.88,0.02,0.23,0.63,0.52,0.46,True,2,0,0,0
Metabat2.383,8.13,0.01,Neural Network (Specific Model),11,None,363,143,6,kingdom,1.0,0.39,0.0,0.03,0.07,0.42,0.16,True,15,0,0,0
Metabat2.384,84.36,0.21,Gradient Boost (General Model),11,None,1599,1537,6,class,0.92,0.88,0.04,0.03,0.06,0.65,0.58,True,22,2,2,2
Metabat2.385,5.22,0.01,Neural Network (Specific Model),11,None,247,218,11,genus,0.46,0.4,0.1,0.6,3.21,0.62,0.25,True,7,0,0,0
Metabat2.386,96.42,0.17,Neural Network (Specific Model),11,None,2118,2001,2,kingdom,1.0,0.94,0.0,0.0,0.0,0.59,0.56,True,22,2,2,2
Metabat2.387,9.55,0.03,Neural Network (Specific Model),11,None,267,244,6,class,0.93,0.85,0.07,0.23,0.59,0.57,0.48,True,4,0,0,0
Metabat2.388,6.68,0.0,Neural Network (Specific Model),11,None,292,273,9,phylum,0.94,0.88,0.42,0.03,0.06,0.71,0.62,True,1,0,0,0
Metabat2.389,75.24,4.89,Gradient Boost (General Model),11,None,2152,2025,9,phylum,0.85,0.8,0.03,0.14,0.33,0.54,0.43,True,22,4,4,4
Metabat2.39,96.07,0.09,Neural Network (Specific Model),11,None,1912,1824,1,kingdom,1.0,0.95,0.0,0.0,0.0,0.65,0.62,True,22,1,1,1
Metabat2.390,9.87,0.05,Neural Network (Specific Model),11,None,326,302,5,phylum,0.98,0.91,0.02,0.46,1.23,0.6,0.55,True,4,0,0,0
Metabat2.391,12.46,0.19,Neural Network (Specific Model),11,None,227,222,2,family,0.77,0.76,0.19,0.34,0.87,0.73,0.56,True,3,0,0,0
Metabat2.392,58.86,1.4,Gradient Boost (General Model),11,None,2197,2056,4,class,0.9,0.84,0.01,0.29,0.87,0.64,0.54,True,17,0,0,0
Metabat2.393,13.29,0.11,Neural Network (Specific Model),11,None,576,515,12,phylum,0.95,0.85,0.9,0.13,0.29,0.71,0.6,False,1,0,0,0
Metabat2.394,58.63,2.07,Gradient Boost (General Model),11,None,3723,2949,125,phylum,0.8,0.63,0.06,0.57,2.77,0.5,0.31,True,20,1,0,1
Metabat2.395,6.34,0.01,Neural Network (Specific Model),11,None,318,100,3,kingdom,1.0,0.31,0.0,0.07,0.15,0.39,0.12,True,5,0,0,0
Metabat2.396,8.12,0.13,Neural Network (Specific Model),11,None,399,368,13,phylum,0.94,0.87,0.18,0.11,0.26,0.57,0.5,True,1,0,0,0
Metabat2.397,21.9,0.89,Neural Network (Specific Model),11,None,297,277,2,class,0.96,0.9,0.05,0.34,0.88,0.63,0.56,True,9,1,1,1
Metabat2.398,29.05,0.15,Neural Network (Specific Model),11,None,299,263,3,phylum,0.94,0.83,0.04,0.12,0.27,0.49,0.41,True,4,0,0,0
Metabat2.399,15.95,0.43,Neural Network (Specific Model),11,None,462,450,16,class,0.96,0.94,0.53,0.1,0.22,0.9,0.84,False,4,2,0,2
Metabat2.4,14.26,0.0,Neural Network (Specific Model),11,None,361,346,2,kingdom,1.0,0.96,0.0,0.0,0.0,0.58,0.56,True,21,2,2,2
Metabat2.40,6.59,0.09,Neural Network (Specific Model),11,None,200,159,10,order,0.8,0.64,0.3,0.65,3.81,0.53,0.34,True,1,0,0,0
Metabat2.400,10.06,0.21,Neural Network (Specific Model),11,None,350,335,6,genus,0.67,0.64,0.04,0.47,2.0,0.68,0.44,True,2,0,0,0
Metabat2.401,93.62,19.9,Gradient Boost (General Model),11,None,3731,3325,61,genus,0.55,0.49,0.21,0.06,0.12,0.64,0.31,True,24,2,3,2
Metabat2.402,6.61,0.0,Neural Network (Specific Model),11,None,217,186,4,family,0.66,0.57,0.05,0.85,8.84,0.57,0.32,True,0,0,0,0
Metabat2.403,96.54,2.24,Gradient Boost (General Model),11,None,2804,2652,7,genus,0.68,0.64,0.03,0.15,0.37,0.67,0.43,True,23,5,4,4
Metabat2.404,81.08,6.85,Gradient Boost (General Model),11,None,6144,4756,131,class,0.58,0.45,0.09,0.76,7.47,0.5,0.23,True,21,1,1,1
Metabat2.405,80.4,0.14,Neural Network (Specific Model),11,None,1771,1642,1,kingdom,0.99,0.91,0.0,0.0,0.0,0.56,0.52,True,20,1,1,1
Metabat2.406,86.86,2.39,Neural Network (Specific Model),11,None,2904,2700,64,order,0.9,0.84,0.14,0.05,0.1,0.64,0.54,True,20,2,2,2
Metabat2.407,5.72,0.09,Neural Network (Specific Model),11,None,263,229,12,phylum,0.97,0.84,0.49,0.25,0.72,0.6,0.5,False,2,0,0,0
Metabat2.408,97.96,5.01,Gradient Boost (General Model),11,None,4262,3676,24,order,0.47,0.4,0.07,0.78,6.59,0.5,0.2,True,23,2,2,2
Metabat2.409,50.23,0.01,Gradient Boost (General Model),11,None,726,659,6,phylum,0.96,0.87,0.04,0.21,0.54,0.53,0.46,True,18,1,1,1
Metabat2.41,7.06,0.15,Neural Network (Specific Model),11,None,343,114,1,kingdom,1.0,0.33,0.0,0.04,0.07,0.42,0.14,True,17,0,0,0
Metabat2.410,23.42,0.53,Neural Network (Specific Model),11,None,592,518,20,phylum,0.97,0.85,0.08,0.03,0.05,0.58,0.49,True,9,0,0,0
Metabat2.411,24.66,0.01,Neural Network (Specific Model),11,None,536,523,4,genus,0.83,0.81,0.21,0.05,0.11,0.88,0.71,True,12,3,3,3
Metabat2.412,99.01,3.0,Gradient Boost (General Model),11,None,2849,2705,3,class,0.89,0.84,0.01,0.06,0.13,0.65,0.55,True,24,1,1,1
Metabat2.413,43.64,0.2,Gradient Boost (General Model),11,None,940,866,9,phylum,0.95,0.87,0.02,0.03,0.05,0.55,0.48,True,16,1,1,1
Metabat2.414,21.62,0.02,Neural Network (Specific Model),11,None,372,346,4,family,0.8,0.74,0.01,0.34,1.16,0.56,0.41,True,12,1,1,1
Metabat2.415,7.98,0.0,Neural Network (Specific Model),11,None,218,208,1,kingdom,0.99,0.94,0.0,0.0,0.0,0.73,0.69,True,5,1,1,1
Metabat2.416,81.63,0.01,Neural Network (Specific Model),11,None,1504,1479,6,phylum,0.99,0.97,0.18,0.03,0.05,0.97,0.94,True,21,1,0,1
Metabat2.417,10.67,0.0,Neural Network (Specific Model),11,None,443,377,12,phylum,0.89,0.76,0.05,0.13,0.31,0.58,0.44,True,4,0,0,0
Metabat2.418,96.59,1.51,Gradient Boost (General Model),11,None,2229,1970,5,family,0.73,0.64,0.01,0.55,2.9,0.58,0.37,True,21,2,1,2
Metabat2.419,21.16,0.01,Neural Network (Specific Model),11,None,615,575,6,phylum,0.97,0.9,0.21,0.03,0.06,0.61,0.55,True,3,0,0,0
Metabat2.42,16.08,1.01,Neural Network (Specific Model),11,None,824,660,34,class,0.63,0.51,0.2,0.73,4.87,0.54,0.27,True,2,0,0,0
Metabat2.420,73.0,9.06,Neural Network (Specific Model),11,None,2417,2353,4,family,0.89,0.87,0.24,0.09,0.21,0.84,0.73,True,20,1,1,1
Metabat2.421,94.72,1.96,Gradient Boost (General Model),11,None,1567,1413,5,class,0.92,0.83,0.02,0.7,4.07,0.52,0.43,True,21,2,2,2
Metabat2.422,37.88,2.75,Neural Network (Specific Model),11,None,1032,966,1,kingdom,1.0,0.94,0.0,0.03,0.06,0.56,0.52,True,10,1,0,0
Metabat2.423,74.69,1.03,Gradient Boost (General Model),11,None,1415,1342,27,class,0.94,0.89,0.08,0.04,0.08,0.61,0.54,True,14,0,0,0
Metabat2.424,83.29,0.0,Neural Network (Specific Model),11,None,1428,1266,13,kingdom,1.0,0.88,0.0,0.0,0.0,0.53,0.47,True,23,3,3,2
Metabat2.425,81.63,7.19,Gradient Boost (General Model),11,None,1974,1533,79,family,0.73,0.56,0.15,0.42,1.62,0.55,0.31,True,15,1,1,1
Metabat2.426,90.17,0.04,Gradient Boost (General Model),11,None,1670,1558,3,kingdom,1.0,0.93,0.02,0.02,0.05,0.57,0.53,True,23,3,3,3
Metabat2.427,6.14,0.0,Neural Network (Specific Model),11,None,342,317,6,genus,0.71,0.66,0.2,0.36,1.28,0.65,0.43,True,5,1,1,1
Metabat2.428,5.37,0.0,Neural Network (Specific Model),11,None,247,232,5,genus,0.67,0.63,0.13,0.44,1.71,0.87,0.55,True,0,0,0,0
Metabat2.429,13.05,0.07,Neural Network (Specific Model),11,None,299,279,5,family,0.92,0.86,0.03,0.34,1.03,0.68,0.59,True,7,1,0,0
Metabat2.43,4.69,0.0,Neural Network (Specific Model),11,None,252,225,6,genus,0.6,0.54,0.15,0.72,6.19,0.6,0.32,True,1,0,0,0
Metabat2.430,99.74,1.01,Gradient Boost (General Model),11,None,2834,2644,6,class,0.82,0.76,0.03,0.06,0.12,0.6,0.46,True,23,1,1,1
Metabat2.431,7.73,0.03,Neural Network (Specific Model),11,None,345,210,11,phylum,0.9,0.55,0.3,0.48,1.51,0.57,0.31,True,5,0,0,0
Metabat2.432,94.52,1.04,Gradient Boost (General Model),11,None,2305,2046,2,phylum,0.89,0.79,0.01,0.36,1.08,0.5,0.39,True,22,3,3,3
Metabat2.433,96.29,0.07,Gradient Boost (General Model),11,None,1653,1565,3,kingdom,1.0,0.95,0.05,0.07,0.14,0.86,0.82,True,21,1,1,1
Metabat2.434,98.58,0.13,Gradient Boost (General Model),11,None,2749,2535,3,genus,0.63,0.58,0.01,0.47,1.63,0.58,0.34,True,23,2,2,2
Metabat2.435,9.43,0.52,Neural Network (Specific Model),11,None,275,259,8,family,0.94,0.89,0.35,0.08,0.18,0.73,0.65,True,4,0,0,0
Metabat2.436,7.43,0.01,Neural Network (Specific Model),11,None,296,265,14,phylum,0.91,0.81,0.18,0.17,0.41,0.59,0.48,True,5,0,1,0
Metabat2.437,98.31,3.02,Gradient Boost (General Model),11,None,824,719,4,kingdom,1.0,0.87,0.03,0.03,0.05,0.51,0.44,True,20,1,0,1
Metabat2.438,71.09,23.06,Gradient Boost (General Model),11,None,9128,7976,465,genus,0.51,0.45,0.49,0.82,7.43,0.67,0.3,False,20,1,1,1
Metabat2.439,5.24,0.01,Neural Network (Specific Model),11,None,495,323,22,class,0.77,0.5,0.08,0.62,4.23,0.52,0.26,True,4,0,0,0
Metabat2.44,97.52,2.2,Neural Network (Specific Model),11,None,2854,2761,2,kingdom,1.0,0.97,0.0,0.0,0.0,0.68,0.66,True,22,3,2,2
Metabat2.440,31.68,1.78,Neural Network (Specific Model),11,None,789,737,12,genus,0.47,0.44,0.04,0.55,3.22,0.6,0.27,True,11,0,0,0
Metabat2.441,94.83,0.29,Neural Network (Specific Model),11,None,1661,1610,5,class,0.97,0.94,0.03,0.02,0.05,0.77,0.72,True,23,2,2,2
Metabat2.442,74.09,0.08,Gradient Boost (General Model),11,None,1166,1108,5,family,0.85,0.81,0.04,0.06,0.13,0.68,0.55,True,18,2,3,2
Metabat2.443,37.11,1.56,Neural Network (Specific Model),11,None,846,765,14,genus,0.7,0.63,0.07,0.64,3.08,0.54,0.34,True,8,1,1,1
Metabat2.444,77.85,2.46,Neural Network (Specific Model),11,None,2043,1990,18,family,0.93,0.9,0.08,0.04,0.09,0.77,0.7,True,18,2,2,2
Metabat2.445,95.3,2.35,Gradient Boost (General Model),11,None,1529,1355,1,kingdom,0.99,0.88,0.0,0.0,0.0,0.52,0.46,True,22,2,2,2
Metabat2.446,39.05,0.03,Neural Network (Specific Model),11,None,685,624,5,genus,0.66,0.6,0.07,0.73,4.81,0.53,0.32,True,8,0,0,0
Metabat2.447,54.47,1.01,Gradient Boost (General Model),11,None,900,823,33,phylum,0.91,0.83,0.11,0.22,0.61,0.58,0.48,True,13,1,1,1
Metabat2.448,9.53,0.04,Neural Network (Specific Model),11,None,449,411,19,class,0.95,0.87,0.11,0.03,0.05,0.69,0.6,True,2,0,0,0
Metabat2.449,10.28,0.11,Neural Network (Specific Model),11,None,371,142,1,kingdom,1.0,0.38,0.0,0.03,0.06,0.42,0.16,True,18,0,0,0
Metabat2.45,60.15,1.45,Neural Network (Specific Model),11,None,921,730,15,class,0.79,0.63,0.24,0.05,0.1,0.58,0.36,True,20,1,0,1
Metabat2.450,7.72,0.01,Neural Network (Specific Model),11,None,263,237,10,family,0.74,0.67,0.12,0.37,1.34,0.69,0.46,True,2,1,1,1
Metabat2.451,24.13,2.34,Neural Network (Specific Model),11,None,2120,1665,98,phylum,0.85,0.66,0.12,0.48,2.03,0.53,0.35,True,16,2,1,1
Metabat2.452,6.66,0.01,Neural Network (Specific Model),11,None,235,222,4,genus,0.43,0.4,0.14,0.74,4.29,0.66,0.27,True,0,0,0,0
Metabat2.453,7.55,0.5,Neural Network (Specific Model),11,None,494,440,19,order,0.75,0.67,0.28,0.14,0.35,0.62,0.41,True,0,0,0,0
Metabat2.454,35.05,1.18,Neural Network (Specific Model),11,None,1848,1539,72,phylum,0.84,0.7,0.1,0.08,0.17,0.53,0.37,True,15,0,0,0
Metabat2.46,93.64,2.17,Neural Network (Specific Model),11,None,1800,1740,10,kingdom,1.0,0.97,0.14,0.03,0.06,0.96,0.93,True,19,0,2,0
Metabat2.47,4.29,1.33,Neural Network (Specific Model),11,None,247,208,11,genus,0.7,0.59,0.11,0.23,0.62,0.77,0.45,True,2,0,0,0
Metabat2.48,93.38,1.42,Gradient Boost (General Model),11,None,2028,1840,7,phylum,0.9,0.82,0.07,0.02,0.05,0.58,0.47,True,23,2,2,2
Metabat2.49,17.97,0.24,Neural Network (Specific Model),11,None,531,486,5,kingdom,0.98,0.9,0.0,0.0,0.0,0.59,0.53,True,3,1,0,1
Metabat2.5,17.57,0.0,Neural Network (Specific Model),11,None,524,491,2,kingdom,0.99,0.93,0.0,0.0,0.0,0.54,0.5,True,6,0,0,0
Metabat2.50,11.37,0.07,Neural Network (Specific Model),11,None,291,252,7,phylum,0.91,0.79,0.15,0.18,0.46,0.56,0.44,True,5,0,0,0
Metabat2.51,92.05,1.02,Neural Network (Specific Model),11,None,3172,3051,21,class,0.94,0.91,0.06,0.03,0.07,0.73,0.66,True,23,3,2,3
Metabat2.52,95.16,0.01,Gradient Boost (General Model),11,None,564,490,1,kingdom,1.0,0.87,0.0,0.02,0.05,0.51,0.44,True,21,2,0,1
Metabat2.53,3.58,0.0,Neural Network (Specific Model),11,None,203,186,10,genus,0.76,0.69,0.22,0.45,2.03,0.82,0.57,True,0,0,0,0
Metabat2.54,46.25,1.52,Gradient Boost (General Model),11,None,1076,997,35,family,0.91,0.85,0.06,0.31,0.96,0.69,0.58,True,13,2,0,2
Metabat2.55,9.14,0.01,Neural Network (Specific Model),11,None,224,220,4,phylum,0.94,0.92,0.05,0.04,0.09,0.66,0.61,True,5,0,0,0
Metabat2.56,11.64,0.09,Neural Network (Specific Model),11,None,362,344,10,phylum,0.95,0.91,0.38,0.02,0.05,0.59,0.54,True,4,0,0,0
Metabat2.57,14.19,0.03,Neural Network (Specific Model),11,None,414,388,6,family,0.77,0.72,0.03,0.26,0.77,0.64,0.46,True,3,0,0,0
Metabat2.58,80.14,3.05,Gradient Boost (General Model),11,None,2363,2236,20,class,0.9,0.85,0.06,0.07,0.15,0.61,0.52,True,23,4,3,4
Metabat2.59,7.49,0.24,Neural Network (Specific Model),11,None,336,290,16,phylum,0.85,0.73,0.07,0.21,0.55,0.56,0.41,True,1,0,0,0
Metabat2.6,98.16,0.55,Gradient Boost (General Model),11,None,668,604,2,kingdom,0.99,0.89,0.0,0.0,0.0,0.61,0.54,True,21,1,1,1
Metabat2.60,31.87,4.29,Neural Network (Specific Model),11,None,1757,1462,71,phylum,0.95,0.79,0.1,0.07,0.15,0.55,0.43,True,15,0,0,0
Metabat2.61,35.22,0.29,Neural Network (Specific Model),11,None,783,747,5,class,0.96,0.91,0.01,0.09,0.21,0.65,0.6,True,9,0,0,0
Metabat2.62,4.3,0.0,Neural Network (Specific Model),11,None,228,209,16,phylum,0.96,0.88,0.6,0.1,0.23,0.65,0.57,False,0,0,0,0
Metabat2.63,5.67,0.0,Neural Network (Specific Model),11,None,233,219,11,genus,0.79,0.74,0.18,0.36,1.24,0.88,0.65,True,1,0,0,0
Metabat2.64,12.33,1.51,Neural Network (Specific Model),11,None,538,493,17,kingdom,1.0,0.92,0.31,0.02,0.05,0.61,0.56,True,6,0,0,0
Metabat2.65,8.02,0.0,Neural Network (Specific Model),11,None,407,366,11,phylum,0.92,0.83,0.13,0.09,0.21,0.59,0.49,True,4,0,0,0
Metabat2.66,92.31,1.33,Gradient Boost (General Model),11,None,3112,2904,39,phylum,0.9,0.84,0.06,0.03,0.06,0.63,0.52,True,23,1,1,1
Metabat2.67,14.35,0.99,Neural Network (Specific Model),11,None,359,338,3,kingdom,1.0,0.94,0.0,0.0,0.0,0.59,0.55,True,7,1,1,1
Metabat2.68,9.89,0.0,Neural Network (Specific Model),11,None,504,473,19,phylum,0.94,0.88,0.13,0.05,0.11,0.61,0.54,True,2,0,0,0
Metabat2.69,97.11,0.28,Neural Network (Specific Model),11,None,1665,1594,3,class,0.94,0.9,0.01,0.04,0.09,0.68,0.62,True,23,2,2,2
Metabat2.7,7.55,0.06,Neural Network (Specific Model),11,None,233,217,1,kingdom,1.0,0.93,0.0,0.0,0.0,0.65,0.61,True,1,0,0,0
Metabat2.70,80.45,1.56,Gradient Boost (General Model),11,None,1539,1465,11,order,0.9,0.85,0.05,0.29,0.83,0.6,0.51,True,10,1,1,1
Metabat2.71,96.38,1.16,Gradient Boost (General Model),11,None,3035,2879,16,class,0.93,0.88,0.03,0.15,0.37,0.72,0.63,True,22,2,2,2
Metabat2.72,77.48,0.04,Gradient Boost (General Model),11,None,1440,1357,7,class,0.92,0.87,0.03,0.05,0.1,0.59,0.51,True,21,3,1,3
Metabat2.73,85.81,0.0,Neural Network (Specific Model),11,None,1076,972,9,phylum,0.96,0.87,0.03,0.2,0.46,0.55,0.48,True,22,1,0,0
Metabat2.74,93.99,0.09,Gradient Boost (General Model),11,None,1676,1536,9,class,0.83,0.76,0.02,0.14,0.34,0.56,0.42,True,22,2,2,2
Metabat2.75,4.31,0.09,Neural Network (Specific Model),11,None,157,152,6,family,0.99,0.96,0.15,0.05,0.11,0.98,0.94,True,1,0,0,0
Metabat2.76,63.37,1.78,Neural Network (Specific Model),11,None,1615,1529,6,phylum,0.93,0.88,0.04,0.18,0.43,0.62,0.55,True,19,1,1,1
Metabat2.77,8.28,0.0,Neural Network (Specific Model),11,None,344,311,5,genus,0.54,0.49,0.21,0.72,4.38,0.78,0.39,True,0,0,0,0
Metabat2.78,7.21,0.0,Neural Network (Specific Model),11,None,426,377,16,class,0.89,0.78,0.11,0.04,0.09,0.69,0.54,True,1,0,0,0
Metabat2.79,34.23,3.55,Neural Network (Specific Model),11,None,682,571,25,phylum,0.86,0.72,0.4,0.11,0.24,0.65,0.47,True,9,1,0,1
Metabat2.8,8.65,0.07,Neural Network (Specific Model),11,None,260,232,1,kingdom,0.99,0.88,0.0,0.0,0.0,0.56,0.49,True,1,0,0,0
Metabat2.80,48.85,4.82,Gradient Boost (General Model),11,None,2095,1978,42,genus,0.89,0.84,0.11,0.14,0.31,0.94,0.79,True,19,2,1,1
Metabat2.81,83.73,0.07,Gradient Boost (General Model),11,None,1924,1736,8,phylum,0.8,0.72,0.02,0.5,2.54,0.52,0.38,True,20,1,2,2
Metabat2.82,15.04,0.02,Neural Network (Specific Model),11,None,837,691,30,order,0.52,0.43,0.15,0.31,0.98,0.58,0.25,True,9,1,0,0
Metabat2.83,96.26,0.73,Gradient Boost (General Model),11,None,2925,2588,15,phylum,0.94,0.83,0.03,0.03,0.06,0.54,0.45,True,22,3,3,3
Metabat2.84,18.3,0.86,Neural Network (Specific Model),11,None,417,386,7,phylum,0.98,0.9,0.14,0.02,0.04,0.62,0.56,True,5,0,0,0
Metabat2.85,95.59,0.1,Neural Network (Specific Model),11,None,1775,1752,5,phylum,0.97,0.96,0.01,0.03,0.06,0.78,0.75,True,23,2,2,2
Metabat2.86,21.08,0.17,Neural Network (Specific Model),11,None,893,838,23,class,0.94,0.88,0.15,0.03,0.05,0.66,0.59,True,13,0,0,0
Metabat2.87,8.63,0.04,Neural Network (Specific Model),11,None,282,263,7,phylum,0.95,0.89,0.1,0.1,0.23,0.73,0.65,True,1,0,0,0
Metabat2.88,7.31,0.22,Neural Network (Specific Model),11,None,361,330,14,family,0.69,0.63,0.13,0.75,6.55,0.65,0.41,True,0,0,0,0
Metabat2.89,9.2,0.0,Neural Network (Specific Model),11,None,509,444,16,genus,0.59,0.52,0.2,0.52,2.84,0.68,0.35,True,1,0,0,0
Metabat2.9,97.08,0.12,Gradient Boost (General Model),11,None,623,540,2,kingdom,0.99,0.85,0.0,0.0,0.0,0.52,0.44,True,20,1,0,2
Metabat2.90,19.09,0.36,Neural Network (Specific Model),11,None,921,863,29,genus,0.75,0.71,0.13,0.17,0.42,0.7,0.5,True,11,0,0,0
Metabat2.91,6.34,0.09,Neural Network (Specific Model),11,None,303,281,10,genus,0.77,0.71,0.55,0.06,0.12,0.81,0.57,False,0,0,0,0
Metabat2.92,52.13,4.05,Gradient Boost (General Model),11,None,699,588,21,phylum,0.74,0.63,0.11,0.78,5.87,0.59,0.37,True,16,1,0,2
Metabat2.93,93.81,0.99,Gradient Boost (General Model),11,None,1732,1645,3,phylum,0.86,0.82,0.01,0.32,0.96,0.6,0.49,True,23,2,2,2
Metabat2.94,89.75,4.14,Gradient Boost (General Model),11,None,3426,3160,37,class,0.87,0.81,0.03,0.1,0.23,0.58,0.46,True,22,4,4,4
Metabat2.95,10.36,0.19,Neural Network (Specific Model),11,None,439,399,4,phylum,0.93,0.85,0.11,0.08,0.17,0.55,0.46,True,11,1,1,2
Metabat2.96,20.24,0.12,Neural Network (Specific Model),11,None,978,722,30,phylum,0.74,0.54,0.07,0.64,3.32,0.5,0.27,True,5,0,0,0
Metabat2.97,16.24,0.1,Neural Network (Specific Model),11,None,367,333,9,genus,0.81,0.74,0.21,0.59,1.89,0.65,0.48,True,9,0,0,0
Metabat2.98,7.52,0.07,Neural Network (Specific Model),11,None,302,282,5,class,0.93,0.87,0.12,0.1,0.21,0.7,0.61,True,1,0,0,0
Metabat2.99,5.81,0.05,Neural Network (Specific Model),11,None,229,189,10,order,0.73,0.6,0.22,0.62,2.76,0.52,0.32,True,6,0,0,0
