,Completeness,Contamination,Completeness_Model_Used,Translation_Table_Used,Additional_Notes,n_genes_called,n_genes_mapped,n_contigs,taxonomic_level,proportion_genes_retained_in_major_clades,genes_retained_index,clade_separation_score,contamination_portion,n_effective_surplus_clades,mean_hit_identity,reference_representation_score,pass.GUNC,tRNA,16S,5S,23S
bin.0,100.0,0.96,Neural Network (Specific Model),11,None,1867,1828,1,kingdom,1.0,0.98,0.0,0.0,0.0,0.86,0.84,True,24,6,7,6
bin.1,100.0,0.17,Neural Network (Specific Model),11,None,1937,1901,1,kingdom,1.0,0.98,0.0,0.0,0.0,0.86,0.84,True,24,6,7,6
bin.10,99.99,0.38,Neural Network (Specific Model),11,None,2982,2810,1,kingdom,1.0,0.94,0.0,0.0,0.0,0.91,0.86,True,23,5,0,5
bin.11,99.98,0.12,Neural Network (Specific Model),11,None,3100,3041,1,kingdom,1.0,0.98,0.0,0.0,0.0,0.84,0.82,True,23,6,3,6
bin.12,99.45,0.15,Neural Network (Specific Model),11,None,3491,3355,1,kingdom,1.0,0.96,0.0,0.0,0.0,0.81,0.78,True,22,7,7,7
bin.13,99.91,0.98,Neural Network (Specific Model),11,None,3618,3500,6,family,0.96,0.93,0.09,0.08,0.18,0.97,0.9,True,23,6,6,6
bin.14,100.0,0.76,Neural Network (Specific Model),11,None,2001,1842,1,kingdom,1.0,0.92,0.0,0.0,0.0,0.93,0.86,True,23,5,0,5
bin.15,99.7,1.46,Neural Network (Specific Model),11,None,2758,2696,2,kingdom,1.0,0.98,0.0,0.0,0.0,0.95,0.93,True,22,6,0,6
bin.16,99.96,1.95,Neural Network (Specific Model),11,None,3835,3749,4,genus,0.85,0.83,0.03,0.16,0.4,0.95,0.79,True,23,8,8,8
bin.17,98.76,0.23,Neural Network (Specific Model),11,None,3549,3484,2,family,0.96,0.94,0.01,0.03,0.07,0.96,0.91,True,22,4,5,4
bin.18,98.59,0.01,Neural Network (Specific Model),11,None,2660,2621,2,family,0.95,0.94,0.01,0.05,0.1,0.94,0.88,True,21,4,0,4
bin.19,97.09,0.29,Gradient Boost (General Model),11,None,3189,2975,2,genus,0.69,0.65,0.01,0.3,0.91,0.75,0.49,True,23,7,7,7
bin.2,100.0,0.08,Neural Network (Specific Model),11,None,2009,1978,1,kingdom,1.0,0.98,0.0,0.0,0.0,0.85,0.84,True,24,6,7,6
bin.20,99.98,0.19,Neural Network (Specific Model),11,None,1947,1897,1,kingdom,1.0,0.97,0.0,0.0,0.0,0.93,0.91,True,22,4,0,4
bin.21,99.07,0.67,Gradient Boost (General Model),11,None,3438,3263,3,family,0.93,0.88,0.01,0.56,1.79,0.74,0.65,True,23,7,7,7
bin.22,95.7,1.03,Neural Network (Specific Model),11,None,1842,1725,10,class,0.98,0.92,0.14,0.04,0.07,0.94,0.87,True,22,4,0,4
bin.23,90.47,0.42,Neural Network (Specific Model),11,None,3775,3677,5,kingdom,1.0,0.97,0.0,0.0,0.0,0.94,0.91,True,22,6,6,6
bin.24,94.11,1.92,Neural Network (Specific Model),11,None,3995,3818,32,class,0.98,0.94,0.19,0.08,0.17,0.95,0.89,True,17,5,5,5
bin.25,86.93,2.0,Neural Network (Specific Model),11,None,2032,1960,17,kingdom,1.0,0.96,0.0,0.0,0.0,0.94,0.91,True,22,4,4,4
bin.26,83.61,1.35,Neural Network (Specific Model),11,None,3649,3491,3,family,0.93,0.89,0.02,0.1,0.23,0.94,0.84,True,22,7,7,7
bin.27,67.58,3.59,Neural Network (Specific Model),11,None,1492,1465,25,family,0.98,0.97,0.11,0.02,0.05,0.94,0.91,True,23,19,17,17
bin.28,82.74,2.84,Neural Network (Specific Model),11,None,4655,4398,26,kingdom,1.0,0.94,0.0,0.0,0.0,0.91,0.86,True,23,4,4,4
bin.29,92.67,4.79,Gradient Boost (General Model),11,None,3721,3600,11,family,0.94,0.91,0.13,0.02,0.05,0.96,0.88,True,22,4,3,4
bin.3,99.98,0.02,Neural Network (Specific Model),11,None,2047,1996,1,kingdom,1.0,0.98,0.0,0.0,0.0,0.93,0.91,True,22,6,6,6
bin.30,68.07,1.27,Neural Network (Specific Model),11,None,2516,2426,47,genus,0.9,0.87,0.14,0.03,0.05,0.96,0.83,True,22,6,0,6
bin.31,67.79,0.34,Neural Network (Specific Model),11,None,2578,2481,1,kingdom,1.0,0.96,0.0,0.0,0.0,0.77,0.74,True,23,6,6,6
bin.32,53.43,0.28,Neural Network (Specific Model),11,None,1478,1444,35,kingdom,1.0,0.98,0.0,0.0,0.0,0.96,0.93,True,15,3,3,3
bin.33,30.33,0.02,Neural Network (Specific Model),11,None,720,693,21,kingdom,1.0,0.96,0.0,0.0,0.0,0.93,0.89,True,15,1,0,0
bin.34,83.66,3.82,Neural Network (Specific Model),11,None,4354,4194,50,family,0.91,0.87,0.08,0.16,0.41,0.86,0.76,True,23,5,0,5
bin.35,21.87,0.39,Neural Network (Specific Model),11,None,503,485,8,genus,0.89,0.86,0.16,0.03,0.07,0.96,0.83,True,12,4,4,4
bin.36,50.73,0.29,Neural Network (Specific Model),11,None,2130,2067,2,kingdom,1.0,0.97,0.0,0.0,0.0,0.8,0.78,True,16,3,2,3
bin.37,32.87,0.11,Neural Network (Specific Model),11,None,1232,1184,1,kingdom,1.0,0.96,0.0,0.0,0.0,0.78,0.75,True,5,0,0,0
bin.38,7.91,0.03,Neural Network (Specific Model),11,None,287,284,13,genus,0.91,0.9,0.07,0.2,0.46,0.99,0.89,True,5,1,1,1
bin.39,16.33,0.0,Neural Network (Specific Model),11,None,399,388,2,kingdom,1.0,0.97,0.0,0.0,0.0,0.8,0.78,True,2,0,0,0
bin.4,99.92,0.03,Neural Network (Specific Model),11,None,2359,2264,2,class,0.98,0.94,0.01,0.24,0.58,0.94,0.88,True,22,5,5,5
bin.40,12.65,0.0,Neural Network (Specific Model),11,None,333,324,1,kingdom,1.0,0.97,0.0,0.0,0.0,0.77,0.75,True,2,0,0,0
bin.41,27.22,0.04,Neural Network (Specific Model),11,None,966,933,1,kingdom,1.0,0.96,0.0,0.0,0.0,0.8,0.77,True,12,3,3,3
bin.42,51.62,3.58,Neural Network (Specific Model),11,None,1603,1565,5,genus,0.82,0.8,0.02,0.39,1.34,0.8,0.64,True,19,7,6,6
bin.43,54.11,10.8,Neural Network (Specific Model),11,None,2176,2102,7,class,0.97,0.94,0.01,0.02,0.04,0.78,0.73,True,21,8,8,8
bin.44,37.01,0.14,Neural Network (Specific Model),11,None,1435,1406,42,kingdom,1.0,0.98,0.0,0.0,0.0,0.96,0.94,True,15,3,3,3
bin.45,7.99,0.05,Neural Network (Specific Model),11,None,383,374,7,genus,0.81,0.79,0.17,0.79,5.99,0.95,0.75,True,0,0,0,0
bin.46,9.02,0.0,Neural Network (Specific Model),11,None,259,242,7,class,0.98,0.91,0.38,0.19,0.47,0.74,0.68,True,8,1,1,1
bin.47,12.43,0.0,Neural Network (Specific Model),11,None,412,392,2,kingdom,1.0,0.95,0.0,0.0,0.0,0.75,0.72,True,2,0,0,0
bin.48,32.51,1.76,Neural Network (Specific Model),11,None,1161,1121,9,family,0.97,0.94,0.04,0.34,1.04,0.79,0.74,True,7,0,1,1
bin.49,22.77,0.65,Neural Network (Specific Model),11,None,830,789,26,genus,0.9,0.85,0.22,0.2,0.52,0.92,0.78,True,6,1,0,1
bin.5,100.0,0.34,Neural Network (Specific Model),11,None,4207,4052,4,family,0.97,0.93,0.05,0.06,0.13,0.96,0.89,True,23,7,8,7
bin.50,6.85,0.0,Neural Network (Specific Model),11,None,313,309,12,family,0.98,0.96,0.03,0.08,0.17,0.97,0.93,True,1,0,0,0
bin.51,22.93,0.03,Neural Network (Specific Model),11,None,841,803,11,genus,0.84,0.8,0.06,0.58,2.89,0.8,0.64,True,1,0,0,0
bin.52,8.79,0.0,Neural Network (Specific Model),11,None,283,280,13,kingdom,1.0,0.99,0.0,0.0,0.0,0.97,0.96,True,1,1,1,1
bin.53,10.72,0.29,Neural Network (Specific Model),11,None,251,249,4,kingdom,1.0,0.99,0.0,0.0,0.0,0.96,0.95,True,4,0,0,0
bin.54,12.67,0.0,Neural Network (Specific Model),11,None,638,617,1,kingdom,1.0,0.97,0.0,0.0,0.0,0.94,0.9,True,3,0,0,0
bin.55,10.5,0.06,Neural Network (Specific Model),11,None,489,458,9,class,0.97,0.9,0.37,0.03,0.06,0.86,0.78,True,0,0,0,0
bin.56,12.3,0.0,Neural Network (Specific Model),11,None,583,563,24,kingdom,1.0,0.97,0.0,0.0,0.0,0.97,0.94,True,8,1,1,1
bin.57,7.49,0.0,Neural Network (Specific Model),11,None,301,296,1,kingdom,1.0,0.98,0.0,0.0,0.0,0.94,0.93,True,1,0,0,0
bin.58,7.34,0.0,Neural Network (Specific Model),11,None,221,218,1,kingdom,1.0,0.99,0.0,0.0,0.0,0.95,0.94,True,2,0,0,0
bin.59,15.47,0.11,Neural Network (Specific Model),11,None,462,258,1,kingdom,0.99,0.55,0.0,0.0,0.0,0.44,0.24,True,19,0,0,0
bin.6,100.0,0.0,Neural Network (Specific Model),11,None,1892,1852,1,kingdom,1.0,0.98,0.0,0.0,0.0,0.86,0.84,True,24,6,7,6
bin.60,6.04,0.06,Neural Network (Specific Model),11,None,371,368,1,kingdom,1.0,0.99,0.0,0.0,0.0,0.97,0.96,True,0,0,0,0
bin.61,48.95,10.02,Neural Network (Specific Model),11,None,1316,1286,19,genus,0.95,0.93,0.02,0.49,1.6,0.86,0.8,True,15,3,4,3
bin.62,15.41,2.09,Neural Network (Specific Model),11,None,344,336,12,kingdom,1.0,0.98,0.0,0.0,0.0,0.96,0.94,True,4,0,0,0
bin.63,31.17,5.77,Neural Network (Specific Model),11,None,776,759,21,genus,0.92,0.9,0.03,0.55,1.86,0.87,0.78,True,12,0,0,0
bin.64,30.42,9.35,Neural Network (Specific Model),11,None,984,947,34,phylum,1.0,0.96,1.0,0.03,0.06,0.87,0.84,False,15,9,7,7
bin.65,9.81,2.07,Neural Network (Specific Model),11,None,279,272,6,kingdom,1.0,0.97,0.0,0.0,0.0,0.94,0.91,True,1,0,0,0
bin.66,10.12,3.06,Neural Network (Specific Model),11,None,468,435,18,phylum,1.0,0.93,0.98,0.36,0.86,0.89,0.82,False,12,6,6,7
bin.7,98.58,0.79,Neural Network (Specific Model),11,None,3379,3230,9,kingdom,1.0,0.96,0.0,0.0,0.0,0.93,0.89,True,23,5,5,5
bin.8,100.0,1.79,Neural Network (Specific Model),11,None,3965,3810,1,kingdom,1.0,0.96,0.0,0.0,0.0,0.9,0.87,True,22,6,0,6
bin.9,98.44,0.0,Neural Network (Specific Model),11,None,3260,3150,6,family,0.96,0.93,0.05,0.05,0.11,0.93,0.86,True,22,6,6,6
