,Completeness,Contamination,Completeness_Model_Used,Translation_Table_Used,Additional_Notes,n_genes_called,n_genes_mapped,n_contigs,taxonomic_level,proportion_genes_retained_in_major_clades,genes_retained_index,clade_separation_score,contamination_portion,n_effective_surplus_clades,mean_hit_identity,reference_representation_score,pass.GUNC,tRNA,16S,5S,23S
Metabat2.1,6.19,0.04,Neural Network (Specific Model),11,None,395,390,1,kingdom,1.0,0.99,0.0,0.0,0.0,0.97,0.96,True,0,0,0,0
Metabat2.10,99.93,0.25,Neural Network (Specific Model),11,None,3521,3463,5,genus,0.96,0.94,0.08,0.03,0.06,0.96,0.91,True,22,4,5,4
Metabat2.11,70.8,8.74,Gradient Boost (General Model),11,None,9795,9177,8,kingdom,1.0,0.94,0.0,0.0,0.0,0.92,0.86,True,21,4,4,4
Metabat2.12,83.99,0.84,Neural Network (Specific Model),11,None,3554,3425,4,genus,0.94,0.91,0.03,0.11,0.23,0.97,0.88,True,22,5,5,5
Metabat2.13,23.51,0.0,Neural Network (Specific Model),11,None,797,773,3,genus,0.84,0.82,0.02,0.28,0.8,0.86,0.71,True,14,2,1,2
Metabat2.14,90.73,2.14,Neural Network (Specific Model),11,None,2421,2365,1,kingdom,1.0,0.98,0.0,0.0,0.0,0.95,0.93,True,22,5,0,5
Metabat2.15,15.16,0.01,Neural Network (Specific Model),11,None,519,500,5,genus,0.87,0.84,0.08,0.45,1.86,0.76,0.63,True,3,0,0,0
Metabat2.16,10.75,0.05,Neural Network (Specific Model),11,None,470,440,4,class,0.98,0.91,0.04,0.04,0.09,0.8,0.73,True,5,0,0,0
Metabat2.17,85.72,6.56,Gradient Boost (General Model),11,None,4238,3980,1,kingdom,1.0,0.94,0.0,0.0,0.0,0.91,0.86,True,23,5,1,5
Metabat2.18,7.25,0.1,Neural Network (Specific Model),11,None,536,526,1,kingdom,1.0,0.98,0.0,0.0,0.0,0.95,0.93,True,2,0,0,0
Metabat2.19,7.57,0.0,Neural Network (Specific Model),11,None,180,180,1,kingdom,1.0,1.0,0.0,0.0,0.0,0.92,0.92,True,0,2,2,2
Metabat2.2,99.96,0.02,Neural Network (Specific Model),11,None,2373,2278,1,kingdom,1.0,0.96,0.0,0.0,0.0,0.93,0.89,True,22,5,5,5
Metabat2.20,23.31,0.06,Neural Network (Specific Model),11,None,1338,1206,24,kingdom,1.0,0.9,0.0,0.0,0.0,0.93,0.84,True,9,0,0,0
Metabat2.21,4.98,0.0,Neural Network (Specific Model),11,None,367,262,8,class,0.89,0.63,0.57,0.22,0.57,0.69,0.43,False,8,1,0,0
Metabat2.22,10.21,2.79,Neural Network (Specific Model),11,None,526,520,12,genus,0.92,0.91,0.1,0.47,1.67,0.87,0.8,True,4,0,0,0
Metabat2.23,51.63,4.7,Neural Network (Specific Model),4,None,5563,5048,65,kingdom,1.0,0.91,0.0,0.0,0.0,0.91,0.83,True,18,3,3,3
Metabat2.24,75.05,1.43,Neural Network (Specific Model),11,None,4025,3905,37,genus,0.93,0.9,0.01,0.21,0.49,0.97,0.87,True,22,4,5,4
Metabat2.25,43.95,4.1,Gradient Boost (General Model),11,None,5597,5210,32,kingdom,1.0,0.93,0.0,0.0,0.0,0.93,0.86,True,23,6,6,6
Metabat2.26,35.6,6.06,Neural Network (Specific Model),11,None,5176,4875,35,genus,0.92,0.86,0.01,0.03,0.07,0.92,0.8,True,24,2,2,2
Metabat2.27,72.15,1.48,Neural Network (Specific Model),11,None,2158,2115,2,genus,0.86,0.84,0.01,0.03,0.06,0.96,0.81,True,15,2,0,2
Metabat2.28,22.84,7.39,Neural Network (Specific Model),11,None,2773,2596,14,kingdom,1.0,0.94,0.0,0.0,0.0,0.92,0.86,True,21,6,2,6
Metabat2.29,11.12,0.06,Neural Network (Specific Model),4,None,476,409,9,kingdom,1.0,0.86,0.0,0.0,0.0,0.88,0.76,True,1,0,0,0
Metabat2.3,38.7,2.22,Gradient Boost (General Model),11,None,3121,2821,1,kingdom,1.0,0.9,0.0,0.0,0.0,0.91,0.82,True,22,4,0,4
Metabat2.30,79.11,0.63,Neural Network (Specific Model),11,None,3649,3513,3,genus,0.95,0.92,0.04,0.08,0.17,0.96,0.88,True,21,5,6,5
Metabat2.31,8.43,0.0,Neural Network (Specific Model),11,None,289,272,2,kingdom,1.0,0.94,0.0,0.0,0.0,0.91,0.86,True,1,0,0,0
Metabat2.32,4.47,0.0,Neural Network (Specific Model),11,None,490,442,11,genus,0.96,0.87,0.14,0.11,0.25,0.89,0.77,True,5,0,0,0
Metabat2.33,33.87,0.66,Neural Network (Specific Model),11,None,1319,1250,1,kingdom,1.0,0.95,0.0,0.0,0.0,0.77,0.73,True,14,0,0,0
Metabat2.34,10.54,0.0,Neural Network (Specific Model),11,None,458,386,6,phylum,0.99,0.83,0.32,0.02,0.05,0.87,0.73,True,0,0,0,0
Metabat2.35,64.26,4.64,Neural Network (Specific Model),11,None,3643,3419,12,family,0.93,0.87,0.11,0.04,0.08,0.95,0.82,True,19,4,4,4
Metabat2.36,53.36,3.6,Gradient Boost (General Model),11,None,7155,6822,1,kingdom,1.0,0.95,0.0,0.0,0.0,0.93,0.89,True,23,6,0,6
Metabat2.37,63.78,3.28,Neural Network (Specific Model),11,None,2755,2672,4,family,0.95,0.92,0.07,0.03,0.06,0.96,0.88,True,19,4,4,4
Metabat2.38,12.97,1.04,Neural Network (Specific Model),4,None,1488,1241,9,genus,0.85,0.71,0.14,0.07,0.15,0.88,0.63,True,9,0,0,0
Metabat2.39,56.3,20.02,Gradient Boost (General Model),4,None,5073,4715,57,kingdom,1.0,0.93,0.0,0.0,0.0,0.91,0.85,True,22,1,2,1
Metabat2.4,85.57,4.78,Neural Network (Specific Model),11,None,4961,4709,1,kingdom,1.0,0.95,0.0,0.0,0.0,0.93,0.88,True,24,7,8,7
Metabat2.40,15.48,0.47,Neural Network (Specific Model),11,None,1170,1116,2,kingdom,1.0,0.95,0.0,0.0,0.0,0.93,0.89,True,17,4,4,4
Metabat2.41,4.87,0.0,Neural Network (Specific Model),11,None,336,291,11,genus,0.77,0.67,0.1,0.65,3.64,0.77,0.52,True,0,0,0,0
Metabat2.42,24.36,0.51,Neural Network (Specific Model),4,None,2533,2239,31,family,0.95,0.84,0.14,0.03,0.07,0.9,0.75,True,4,0,0,0
Metabat2.43,44.54,2.89,Gradient Boost (General Model),11,None,5905,5609,9,family,0.95,0.9,0.01,0.11,0.23,0.93,0.84,True,23,4,0,4
Metabat2.44,54.81,0.04,Neural Network (Specific Model),11,None,1595,1543,2,kingdom,1.0,0.97,0.0,0.0,0.0,0.93,0.9,True,16,3,3,3
Metabat2.45,10.68,0.24,Neural Network (Specific Model),11,None,874,832,2,kingdom,1.0,0.95,0.0,0.0,0.0,0.92,0.88,True,6,0,0,0
Metabat2.46,30.57,0.58,Neural Network (Specific Model),11,None,1402,1309,2,family,0.92,0.86,0.02,0.17,0.41,0.92,0.79,True,16,2,2,2
Metabat2.47,4.69,0.0,Neural Network (Specific Model),11,None,411,351,6,genus,0.91,0.77,0.04,0.11,0.26,0.86,0.66,True,4,0,0,0
Metabat2.48,15.53,0.11,Neural Network (Specific Model),11,None,476,261,1,kingdom,0.99,0.54,0.0,0.0,0.0,0.44,0.24,True,19,0,0,0
Metabat2.49,31.06,4.45,Neural Network (Specific Model),4,None,2451,2036,24,kingdom,1.0,0.83,0.0,0.0,0.0,0.83,0.69,True,10,0,0,0
Metabat2.5,4.32,0.0,Neural Network (Specific Model),11,None,385,228,2,order,0.9,0.53,0.03,0.24,0.68,0.62,0.33,True,1,0,0,0
Metabat2.50,34.62,18.09,Neural Network (Specific Model),11,None,1594,1525,14,genus,0.84,0.8,0.03,0.4,1.24,0.79,0.63,True,10,2,2,2
Metabat2.51,5.65,0.08,Neural Network (Specific Model),4,None,913,734,12,phylum,0.98,0.79,0.51,0.03,0.07,0.77,0.61,False,0,0,0,0
Metabat2.52,99.18,5.29,Gradient Boost (General Model),11,None,3831,3704,2,family,0.95,0.92,0.02,0.03,0.06,0.96,0.88,True,22,2,2,2
Metabat2.53,7.22,0.12,Neural Network (Specific Model),11,None,810,745,18,genus,0.79,0.73,0.21,0.65,4.26,0.83,0.6,True,1,0,0,0
Metabat2.54,76.93,0.87,Neural Network (Specific Model),11,None,2300,2257,3,family,0.97,0.95,0.01,0.14,0.34,0.84,0.8,True,20,4,2,4
Metabat2.55,94.58,2.62,Neural Network (Specific Model),11,None,4785,4468,1,kingdom,1.0,0.93,0.0,0.0,0.0,0.9,0.84,True,22,6,0,6
Metabat2.56,30.59,3.57,Neural Network (Specific Model),11,None,1918,1776,2,kingdom,1.0,0.93,0.0,0.0,0.0,0.91,0.85,True,9,2,2,2
Metabat2.57,72.72,0.81,Gradient Boost (General Model),11,None,2105,2022,1,kingdom,1.0,0.96,0.0,0.0,0.0,0.71,0.68,True,21,6,6,6
Metabat2.58,17.8,2.82,Neural Network (Specific Model),4,None,1817,1654,4,family,0.94,0.85,0.05,0.03,0.05,0.91,0.78,True,13,1,1,1
Metabat2.59,6.6,0.1,Neural Network (Specific Model),11,None,333,299,9,family,0.98,0.88,0.5,0.04,0.08,0.94,0.82,False,4,0,0,0
Metabat2.6,67.87,0.24,Neural Network (Specific Model),11,None,2716,2631,1,kingdom,1.0,0.97,0.0,0.0,0.0,0.94,0.91,True,18,5,5,5
Metabat2.60,99.98,0.78,Neural Network (Specific Model),11,None,2029,1869,1,kingdom,1.0,0.92,0.0,0.0,0.0,0.93,0.86,True,23,5,0,5
Metabat2.61,12.33,0.01,Neural Network (Specific Model),11,None,554,537,5,kingdom,1.0,0.97,0.0,0.0,0.0,0.82,0.79,True,0,0,0,0
Metabat2.62,96.06,1.94,Neural Network (Specific Model),11,None,2071,1995,1,kingdom,1.0,0.96,0.0,0.0,0.0,0.93,0.9,True,22,4,0,4
Metabat2.63,6.29,0.0,Neural Network (Specific Model),11,None,260,255,2,class,0.95,0.93,0.22,0.04,0.09,0.83,0.78,True,0,0,0,0
Metabat2.64,10.44,0.02,Neural Network (Specific Model),11,None,670,607,6,class,0.99,0.9,0.07,0.03,0.06,0.92,0.82,True,8,0,0,0
Metabat2.65,31.75,2.5,Neural Network (Specific Model),11,None,1886,1807,2,family,0.98,0.93,0.02,0.4,0.92,0.97,0.9,True,15,3,3,3
Metabat2.66,60.77,2.96,Neural Network (Specific Model),11,None,1424,1377,9,kingdom,1.0,0.97,0.0,0.0,0.0,0.85,0.82,True,17,3,3,3
Metabat2.67,15.84,0.03,Neural Network (Specific Model),11,None,604,569,3,kingdom,1.0,0.94,0.0,0.0,0.0,0.96,0.9,True,3,1,1,1
Metabat2.68,35.92,11.65,Neural Network (Specific Model),11,None,1535,1478,7,genus,0.82,0.79,0.01,0.33,1.05,0.76,0.6,True,20,6,6,6
Metabat2.69,84.21,0.05,Neural Network (Specific Model),11,None,2275,2147,8,class,0.98,0.92,0.08,0.03,0.06,0.94,0.87,True,23,6,6,6
Metabat2.7,16.45,0.84,Neural Network (Specific Model),11,None,1154,1115,2,kingdom,1.0,0.97,0.0,0.0,0.0,0.93,0.9,True,10,0,0,0
Metabat2.70,30.11,0.0,Neural Network (Specific Model),11,None,1606,1549,3,kingdom,1.0,0.96,0.0,0.0,0.0,0.93,0.9,True,14,1,1,1
Metabat2.71,3.94,0.01,Neural Network (Specific Model),11,None,401,367,3,kingdom,1.0,0.92,0.0,0.0,0.0,0.92,0.84,True,5,1,1,1
Metabat2.72,98.9,2.17,Neural Network (Specific Model),11,None,3947,3859,8,family,0.97,0.95,0.02,0.24,0.63,0.93,0.88,True,21,6,6,6
Metabat2.73,26.25,3.0,Neural Network (Specific Model),11,None,983,943,4,genus,0.86,0.83,0.01,0.51,2.15,0.79,0.65,True,1,0,0,0
Metabat2.74,15.67,0.01,Neural Network (Specific Model),11,None,379,373,1,kingdom,1.0,0.98,0.0,0.0,0.0,0.94,0.92,True,1,1,0,1
Metabat2.75,5.47,0.0,Neural Network (Specific Model),11,None,302,245,2,family,0.91,0.74,0.17,0.6,2.02,0.8,0.59,True,0,0,0,0
Metabat2.76,99.8,0.36,Neural Network (Specific Model),11,None,3638,3499,2,kingdom,1.0,0.96,0.0,0.0,0.0,0.81,0.78,True,22,7,7,7
Metabat2.77,88.96,0.22,Neural Network (Specific Model),11,None,3199,3065,3,genus,0.94,0.9,0.08,0.02,0.05,0.95,0.85,True,23,5,5,5
Metabat2.78,91.08,2.41,Neural Network (Specific Model),11,None,2699,2550,5,kingdom,1.0,0.94,0.0,0.0,0.0,0.94,0.89,True,23,5,5,5
Metabat2.79,30.63,0.95,Neural Network (Specific Model),11,None,900,849,4,genus,0.92,0.86,0.03,0.51,1.77,0.86,0.74,True,8,0,3,0
Metabat2.8,22.62,2.27,Neural Network (Specific Model),4,None,2149,1840,9,genus,0.88,0.75,0.21,0.11,0.26,0.9,0.67,True,9,0,0,0
Metabat2.80,99.59,5.69,Neural Network (Specific Model),11,None,5605,5403,3,kingdom,1.0,0.96,0.0,0.0,0.0,0.84,0.81,True,23,5,0,5
Metabat2.81,80.78,5.14,Gradient Boost (General Model),11,None,4946,4628,2,kingdom,1.0,0.94,0.0,0.0,0.0,0.89,0.83,True,22,4,0,4
Metabat2.82,7.26,0.08,Neural Network (Specific Model),11,None,327,318,2,class,0.98,0.95,0.01,0.03,0.07,0.86,0.82,True,0,0,0,0
Metabat2.83,97.33,0.04,Gradient Boost (General Model),11,None,3077,2862,3,family,0.89,0.83,0.01,0.41,1.19,0.76,0.63,True,23,7,7,7
Metabat2.84,99.98,0.51,Neural Network (Specific Model),11,None,2083,2031,1,kingdom,1.0,0.98,0.0,0.0,0.0,0.93,0.91,True,22,6,6,6
Metabat2.85,9.67,0.0,Neural Network (Specific Model),11,None,260,243,1,kingdom,1.0,0.93,0.0,0.0,0.0,0.73,0.68,True,3,0,0,0
Metabat2.86,24.5,0.07,Neural Network (Specific Model),11,None,1016,977,2,kingdom,1.0,0.96,0.0,0.0,0.0,0.93,0.9,True,17,3,3,3
Metabat2.87,9.49,0.01,Neural Network (Specific Model),11,None,386,373,3,family,0.97,0.94,0.2,0.28,0.82,0.96,0.9,True,6,0,0,0
Metabat2.88,8.3,0.0,Neural Network (Specific Model),11,None,292,280,2,genus,0.88,0.84,0.03,0.36,1.27,0.77,0.65,True,11,2,2,2
Metabat2.89,7.45,0.0,Neural Network (Specific Model),11,None,235,229,4,kingdom,1.0,0.97,0.0,0.0,0.0,0.96,0.93,True,3,3,3,4
Metabat2.9,10.23,0.0,Neural Network (Specific Model),11,None,431,406,11,family,0.98,0.93,0.06,0.04,0.08,0.96,0.89,True,15,0,0,0
Metabat2.90,19.79,0.02,Neural Network (Specific Model),11,None,1037,987,2,genus,0.89,0.85,0.02,0.06,0.12,0.92,0.78,True,5,0,0,0
Metabat2.91,24.72,0.27,Neural Network (Specific Model),11,None,976,955,4,genus,0.78,0.77,0.15,0.29,0.9,0.94,0.72,True,19,3,1,3
