,Completeness,Contamination,Completeness_Model_Used,Translation_Table_Used,Additional_Notes,n_genes_called,n_genes_mapped,n_contigs,taxonomic_level,proportion_genes_retained_in_major_clades,genes_retained_index,clade_separation_score,contamination_portion,n_effective_surplus_clades,mean_hit_identity,reference_representation_score,pass.GUNC,tRNA,16S,5S,23S
bin.0,100.0,1.24,Neural Network (Specific Model),11,None,3322,3101,2,genus,0.78,0.73,0.05,0.03,0.07,0.95,0.7,True,24,6,6,6
bin.1,21.0,0.22,Neural Network (Specific Model),11,None,603,542,18,order,0.92,0.82,0.07,0.16,0.36,0.63,0.52,True,12,1,1,2
bin.100,11.09,0.01,Neural Network (Specific Model),11,None,368,352,1,kingdom,1.0,0.96,0.0,0.0,0.0,0.78,0.75,True,1,0,0,0
bin.104,99.03,0.07,Gradient Boost (General Model),11,None,2919,2848,2,genus,0.79,0.77,0.02,0.14,0.34,0.94,0.72,True,23,6,5,6
bin.108,99.66,0.02,Neural Network (Specific Model),11,None,2704,2569,4,genus,0.86,0.82,0.01,0.03,0.06,0.98,0.8,True,16,5,1,5
bin.11,72.59,0.15,Neural Network (Specific Model),11,None,2733,2634,38,family,0.95,0.92,0.13,0.02,0.05,0.93,0.86,True,18,3,0,3
bin.113,5.55,0.0,Neural Network (Specific Model),11,None,209,208,2,kingdom,1.0,1.0,0.0,0.0,0.0,0.99,0.98,True,0,0,0,0
bin.118,67.26,1.21,Neural Network (Specific Model),11,None,2632,2531,2,family,0.91,0.87,0.01,0.09,0.19,0.94,0.82,True,0,4,5,4
bin.12,100.0,45.26,Neural Network (Specific Model),11,None,7686,7248,90,genus,0.8,0.76,0.25,0.1,0.23,0.93,0.71,True,14,4,4,4
bin.122,99.51,0.74,Neural Network (Specific Model),11,None,2458,2398,1,kingdom,1.0,0.98,0.0,0.0,0.0,0.93,0.91,True,0,6,6,6
bin.14,51.35,0.01,Gradient Boost (General Model),11,None,1147,1111,28,genus,0.9,0.87,0.87,0.03,0.06,0.95,0.82,False,14,3,0,3
bin.15,11.19,1.65,Neural Network (Specific Model),11,None,855,652,16,order,0.92,0.7,0.73,0.08,0.16,0.82,0.57,False,17,0,0,1
bin.16,84.84,22.99,Neural Network (Specific Model),11,None,6408,6201,109,genus,0.86,0.83,0.29,0.41,1.05,0.9,0.75,True,20,6,5,7
bin.18,77.52,0.89,Neural Network (Specific Model),11,None,3649,3435,56,family,0.93,0.87,0.31,0.03,0.06,0.96,0.83,True,14,3,4,4
bin.19,5.97,0.0,Neural Network (Specific Model),11,None,281,246,11,order,0.97,0.85,0.21,0.02,0.04,0.84,0.72,True,4,0,0,0
bin.2,8.87,0.0,Neural Network (Specific Model),11,None,291,270,11,genus,0.8,0.74,1.0,0.06,0.13,0.98,0.72,False,0,0,0,0
bin.20,99.99,0.44,Neural Network (Specific Model),11,None,1847,1773,4,kingdom,1.0,0.96,0.0,0.0,0.0,0.93,0.89,True,9,4,0,4
bin.23,83.8,2.5,Neural Network (Specific Model),11,None,3031,2963,13,genus,0.88,0.86,0.58,0.06,0.13,0.97,0.84,False,12,7,0,7
bin.24,11.84,1.44,Neural Network (Specific Model),11,None,651,636,26,order,0.96,0.94,0.8,0.02,0.05,0.88,0.82,False,1,0,0,0
bin.29,41.13,1.87,Neural Network (Specific Model),11,None,2052,2014,58,genus,0.88,0.86,0.22,0.16,0.38,0.99,0.85,True,16,2,4,3
bin.3,28.87,0.28,Neural Network (Specific Model),11,None,1554,1510,43,kingdom,1.0,0.97,0.0,0.0,0.0,0.96,0.93,True,4,0,0,0
bin.31,12.06,0.36,Neural Network (Specific Model),11,None,619,607,4,genus,0.87,0.86,0.09,0.34,1.18,0.89,0.76,True,2,0,0,0
bin.34,64.21,3.22,Neural Network (Specific Model),11,None,2863,2774,68,genus,0.85,0.82,0.24,0.11,0.25,0.95,0.78,True,10,7,7,7
bin.35,11.69,2.92,Neural Network (Specific Model),11,None,779,757,16,genus,0.71,0.69,0.25,0.89,13.75,0.93,0.64,True,4,0,0,0
bin.39,10.99,0.03,Neural Network (Specific Model),11,None,326,315,13,class,0.97,0.94,0.18,0.02,0.05,0.76,0.71,True,0,1,1,1
bin.4,99.97,24.31,Neural Network (Specific Model),11,None,3553,3435,25,family,0.92,0.89,0.02,0.06,0.13,0.92,0.82,True,9,7,7,7
bin.40,96.12,0.85,Neural Network (Specific Model),11,None,3284,3158,16,order,0.98,0.94,0.77,0.03,0.06,0.94,0.88,False,24,5,0,5
bin.41,82.9,2.44,Neural Network (Specific Model),11,None,2584,2500,33,genus,0.86,0.83,0.25,0.09,0.2,0.95,0.79,True,18,3,3,3
bin.45,100.0,32.24,Neural Network (Specific Model),11,None,5714,5483,17,genus,0.79,0.76,0.44,0.44,1.89,0.93,0.71,True,22,9,5,9
bin.49,100.0,0.07,Neural Network (Specific Model),11,None,4373,4171,5,genus,0.93,0.89,0.06,0.06,0.14,0.93,0.82,True,6,7,7,7
bin.5,39.62,1.65,Gradient Boost (General Model),11,None,1826,1764,44,class,0.99,0.95,0.16,0.03,0.07,0.94,0.9,True,10,1,1,1
bin.54,95.52,0.24,Gradient Boost (General Model),11,None,2546,2504,6,family,0.93,0.92,0.02,0.14,0.32,0.94,0.87,True,20,5,5,5
bin.57,6.75,0.51,Neural Network (Specific Model),11,None,286,275,14,phylum,1.0,0.96,0.8,0.02,0.04,0.86,0.82,False,2,0,0,0
bin.6,17.34,0.31,Neural Network (Specific Model),11,None,814,785,28,family,0.97,0.94,0.04,0.03,0.05,0.97,0.91,True,9,0,0,0
bin.62,99.79,0.11,Neural Network (Specific Model),11,None,3043,2973,4,family,0.96,0.93,0.01,0.03,0.06,0.96,0.9,True,13,5,5,5
bin.63,99.94,0.48,Neural Network (Specific Model),11,None,3931,3800,4,family,0.96,0.93,0.06,0.08,0.18,0.93,0.86,True,0,4,5,4
bin.64,39.09,0.0,Neural Network (Specific Model),11,None,1587,1524,1,kingdom,1.0,0.96,0.0,0.0,0.0,0.9,0.86,True,0,3,3,3
bin.67,100.0,0.37,Neural Network (Specific Model),11,None,4278,4126,6,kingdom,1.0,0.96,0.0,0.0,0.0,0.96,0.92,True,0,7,7,7
bin.68,100.0,2.09,Neural Network (Specific Model),11,None,5437,5336,3,kingdom,1.0,0.98,0.0,0.0,0.0,0.97,0.95,True,2,8,9,8
bin.69,99.98,0.24,Neural Network (Specific Model),11,None,2509,2361,2,genus,0.91,0.86,0.01,0.19,0.45,0.96,0.83,True,22,7,0,7
bin.7,90.66,20.83,Neural Network (Specific Model),11,None,4343,4219,59,genus,0.85,0.83,0.25,0.2,0.55,0.88,0.72,True,17,10,1,10
bin.72,99.99,0.54,Neural Network (Specific Model),11,None,3272,3169,2,kingdom,1.0,0.97,0.0,0.0,0.0,0.93,0.9,True,22,5,0,5
bin.73,100.0,0.53,Neural Network (Specific Model),11,None,2449,2304,1,kingdom,1.0,0.94,0.0,0.0,0.0,0.92,0.87,True,0,6,6,6
bin.74,98.06,0.83,Gradient Boost (General Model),11,None,2891,2704,1,kingdom,1.0,0.94,0.0,0.0,0.0,0.76,0.71,True,0,7,6,7
bin.75,99.99,0.37,Neural Network (Specific Model),11,None,3955,3866,7,family,0.96,0.94,0.04,0.05,0.11,0.96,0.9,True,21,5,5,5
bin.76,100.0,0.32,Gradient Boost (General Model),11,None,2250,2198,1,kingdom,1.0,0.98,0.0,0.0,0.0,0.94,0.92,True,23,5,5,5
bin.8,25.32,1.85,Neural Network (Specific Model),11,None,973,940,32,genus,0.79,0.76,0.27,0.08,0.18,0.9,0.68,True,10,1,2,1
bin.80,99.99,0.29,Neural Network (Specific Model),11,None,2570,2529,2,family,0.97,0.96,0.02,0.05,0.11,0.97,0.93,True,2,5,0,5
bin.81,80.47,0.46,Neural Network (Specific Model),11,None,2221,2126,6,genus,0.75,0.72,0.06,0.55,2.28,0.77,0.56,True,20,1,1,1
bin.82,99.89,1.78,Neural Network (Specific Model),11,None,3005,2943,3,family,0.94,0.92,0.03,0.18,0.43,0.95,0.88,True,22,6,0,6
bin.83,99.22,0.66,Neural Network (Specific Model),11,None,3565,3443,4,family,0.95,0.92,0.04,0.17,0.4,0.94,0.86,True,0,7,7,7
bin.86,99.96,0.44,Neural Network (Specific Model),11,None,2098,1973,2,order,0.97,0.91,0.02,0.07,0.14,0.89,0.81,True,24,4,4,4
bin.87,99.92,0.41,Neural Network (Specific Model),11,None,5002,4729,6,kingdom,1.0,0.94,0.0,0.0,0.0,0.88,0.83,True,0,5,5,5
bin.88,99.83,0.41,Neural Network (Specific Model),11,None,2852,2570,4,order,0.92,0.83,0.01,0.04,0.08,0.68,0.57,True,21,4,4,4
bin.90,99.99,0.1,Neural Network (Specific Model),11,None,2129,2032,1,kingdom,1.0,0.95,0.0,0.0,0.0,0.92,0.87,True,23,4,0,4
bin.95,99.99,0.02,Neural Network (Specific Model),11,None,2312,2222,1,kingdom,1.0,0.96,0.0,0.0,0.0,0.96,0.92,True,23,7,7,7
bin.97,99.04,0.06,Gradient Boost (General Model),11,None,2295,2214,1,kingdom,1.0,0.96,0.0,0.0,0.0,0.93,0.89,True,22,4,0,4
recluster_10.bin.0,54.38,16.54,Neural Network (Specific Model),11,None,2304,2264,16,genus,0.85,0.83,0.36,0.1,0.23,0.96,0.8,True,2,2,0,2
recluster_10.bin.1,78.45,26.72,Neural Network (Specific Model),11,None,3794,3686,44,family,0.94,0.92,0.15,0.03,0.05,0.94,0.86,True,20,6,0,5
recluster_10.bin.2,99.96,0.27,Neural Network (Specific Model),11,None,2847,2782,4,family,0.96,0.94,0.01,0.07,0.16,0.93,0.87,True,23,6,6,6
recluster_103.bin.0,7.4,0.0,Neural Network (Specific Model),11,None,234,214,3,genus,0.85,0.78,0.11,0.15,0.35,0.88,0.68,True,5,0,0,0
recluster_103.bin.1,8.74,3.61,Neural Network (Specific Model),11,None,467,401,5,family,0.93,0.8,0.04,0.37,1.22,0.87,0.69,True,3,0,0,0
recluster_13.bin.0,99.94,4.14,Neural Network (Specific Model),11,None,2106,2049,21,kingdom,1.0,0.97,0.0,0.0,0.0,0.95,0.93,True,18,3,3,3
recluster_13.bin.1,98.41,14.69,Neural Network (Specific Model),11,None,2510,2469,36,genus,0.93,0.91,0.04,0.54,1.79,0.86,0.78,True,22,8,9,8
recluster_17.bin.0,45.9,7.94,Gradient Boost (General Model),11,None,1412,1361,44,genus,0.93,0.9,0.87,0.45,1.1,0.96,0.86,False,9,8,8,8
recluster_17.bin.1,100.0,6.33,Neural Network (Specific Model),11,None,3240,3142,14,genus,0.96,0.93,0.98,0.03,0.05,0.96,0.9,False,22,12,12,12
recluster_26.bin.0,79.77,40.38,Gradient Boost (General Model),11,None,4112,3999,41,family,0.96,0.93,0.12,0.17,0.41,0.95,0.88,True,10,11,7,11
recluster_26.bin.1,51.48,21.1,Gradient Boost (General Model),11,None,2074,2039,22,family,0.95,0.94,0.1,0.12,0.27,0.96,0.9,True,17,7,2,7
recluster_33.bin.0,85.99,24.69,Neural Network (Specific Model),11,None,4785,4628,30,genus,0.82,0.79,0.04,0.47,1.93,0.81,0.65,True,12,7,7,7
recluster_33.bin.1,63.17,0.51,Neural Network (Specific Model),11,None,2030,1976,8,class,0.98,0.95,0.03,0.02,0.04,0.8,0.76,True,4,6,5,6
recluster_36.bin.0,96.75,12.4,Gradient Boost (General Model),11,None,3824,3748,15,genus,0.85,0.83,0.06,0.21,0.57,0.92,0.76,True,10,4,1,4
recluster_36.bin.1,54.17,1.78,Neural Network (Specific Model),11,None,2413,2319,37,genus,0.89,0.86,0.15,0.09,0.21,0.95,0.82,True,12,4,2,4
recluster_42.bin.0,62.36,8.42,Neural Network (Specific Model),11,None,2379,2340,9,family,0.97,0.95,0.02,0.05,0.12,0.96,0.91,True,19,1,0,1
recluster_42.bin.1,100.0,32.41,Neural Network (Specific Model),11,None,5762,5587,3,family,0.95,0.92,0.01,0.09,0.2,0.93,0.85,True,22,11,0,11
recluster_43.bin.0,100.0,5.79,Neural Network (Specific Model),11,None,5556,5459,4,genus,0.95,0.93,0.18,0.05,0.1,0.96,0.89,True,0,4,4,4
recluster_43.bin.1,89.62,3.27,Neural Network (Specific Model),11,None,3942,3855,8,family,0.95,0.93,0.08,0.02,0.05,0.97,0.9,True,3,5,5,5
recluster_51.bin.0,71.22,0.0,Neural Network (Specific Model),11,None,2240,2193,4,genus,0.85,0.83,0.05,0.07,0.14,0.97,0.8,True,23,5,5,5
recluster_51.bin.1,98.68,27.06,Gradient Boost (General Model),11,None,4437,4305,14,genus,0.78,0.76,0.06,0.07,0.16,0.97,0.74,True,23,7,7,7
