,Completeness,Contamination,Completeness_Model_Used,Translation_Table_Used,Additional_Notes,n_genes_called,n_genes_mapped,n_contigs,taxonomic_level,proportion_genes_retained_in_major_clades,genes_retained_index,clade_separation_score,contamination_portion,n_effective_surplus_clades,mean_hit_identity,reference_representation_score,pass.GUNC,tRNA,16S,5S,23S
bin.0,64.76,1.34,Gradient Boost (General Model),11,None,4856,3747,78,class,0.55,0.42,0.06,0.72,5.63,0.51,0.21,True,20,0,0,0
bin.1,97.61,39.02,Gradient Boost (General Model),11,None,3698,3504,100,family,0.86,0.82,0.07,0.52,2.33,0.62,0.5,True,22,4,2,2
bin.10,95.24,16.73,Gradient Boost (General Model),11,None,2787,2530,54,phylum,0.77,0.7,0.09,0.47,2.18,0.51,0.36,True,19,3,2,2
bin.101,96.94,1.17,Gradient Boost (General Model),11,None,1690,1584,4,kingdom,1.0,0.94,0.0,0.04,0.08,0.49,0.46,True,22,1,1,1
bin.103,7.02,0.0,Neural Network (Specific Model),11,None,185,174,11,genus,0.52,0.49,0.39,0.42,1.72,0.62,0.3,True,2,0,0,0
bin.104,93.49,14.12,Gradient Boost (General Model),11,None,2981,2481,40,class,0.89,0.74,0.05,0.63,3.47,0.54,0.4,True,22,2,2,2
bin.105,9.51,0.5,Neural Network (Specific Model),11,None,212,162,10,phylum,0.8,0.61,0.44,0.63,2.32,0.57,0.35,True,1,0,0,0
bin.107,12.83,0.84,Neural Network (Specific Model),11,None,485,464,25,genus,0.79,0.75,0.24,0.26,0.78,0.82,0.62,True,4,0,0,0
bin.108,18.98,0.06,Neural Network (Specific Model),11,None,393,378,9,family,0.82,0.79,0.05,0.41,1.64,0.61,0.48,True,11,2,2,2
bin.109,75.51,1.94,Gradient Boost (General Model),11,None,1582,1483,26,phylum,0.94,0.88,0.14,0.15,0.36,0.63,0.55,True,20,2,2,2
bin.11,58.4,4.05,Neural Network (Specific Model),11,None,1505,1359,35,family,0.76,0.69,0.98,0.21,0.51,0.61,0.42,False,15,0,0,0
bin.111,4.51,0.01,Neural Network (Specific Model),11,None,271,172,8,phylum,0.88,0.56,0.21,0.62,3.23,0.47,0.26,True,0,0,0,0
bin.113,6.8,0.0,Neural Network (Specific Model),11,None,266,230,7,genus,0.6,0.52,0.46,0.61,4.16,0.63,0.33,False,5,0,0,1
bin.114,10.83,0.03,Neural Network (Specific Model),11,None,556,471,24,class,0.81,0.69,0.79,0.63,2.1,0.66,0.45,False,8,0,0,0
bin.115,96.06,44.39,Gradient Boost (General Model),11,None,3494,3261,26,phylum,0.93,0.87,0.1,0.02,0.05,0.58,0.5,True,23,1,0,1
bin.118,64.06,0.4,Neural Network (Specific Model),11,None,1855,1739,24,class,0.95,0.89,0.18,0.02,0.05,0.74,0.66,True,16,0,0,0
bin.12,52.36,11.88,Neural Network (Specific Model),11,None,1331,1279,36,kingdom,0.98,0.94,0.0,0.0,0.0,0.83,0.79,True,14,0,0,0
bin.124,14.07,0.28,Neural Network (Specific Model),11,None,567,537,24,class,0.96,0.91,0.67,0.14,0.32,0.85,0.77,False,4,0,0,0
bin.125,48.68,0.64,Neural Network (Specific Model),11,None,1083,1016,23,phylum,0.9,0.85,0.23,0.14,0.34,0.57,0.49,True,13,0,0,0
bin.126,36.09,5.78,Neural Network (Specific Model),11,None,1576,1317,50,family,0.74,0.62,0.18,0.61,3.64,0.6,0.37,True,9,0,0,0
bin.127,47.45,1.56,Neural Network (Specific Model),11,None,1960,1527,45,order,0.63,0.49,0.1,0.25,0.66,0.5,0.24,True,16,3,0,3
bin.128,25.38,1.44,Neural Network (Specific Model),11,None,908,866,29,phylum,0.95,0.91,0.96,0.13,0.29,0.7,0.63,False,9,0,0,0
bin.129,93.42,3.49,Neural Network (Specific Model),11,None,2371,2315,42,kingdom,1.0,0.98,0.0,0.0,0.0,0.96,0.93,True,22,2,2,2
bin.13,34.27,3.24,Neural Network (Specific Model),11,None,2576,2303,64,phylum,0.94,0.84,0.75,0.06,0.13,0.72,0.6,False,16,1,1,1
bin.132,4.76,0.01,Neural Network (Specific Model),11,None,335,236,6,phylum,0.97,0.68,0.14,0.15,0.38,0.54,0.37,True,1,0,0,0
bin.133,64.63,9.25,Gradient Boost (General Model),11,None,2000,1803,39,phylum,0.92,0.83,0.2,0.24,0.65,0.59,0.49,True,18,1,1,1
bin.135,19.82,4.92,Neural Network (Specific Model),11,None,1134,1067,22,class,0.94,0.88,0.11,0.14,0.32,0.84,0.74,True,0,0,0,0
bin.136,72.74,6.23,Gradient Boost (General Model),11,None,1811,1715,30,order,0.82,0.78,0.45,0.14,0.33,0.85,0.66,True,17,2,3,3
bin.138,45.76,9.3,Gradient Boost (General Model),11,None,2099,1724,56,order,0.52,0.43,0.25,0.5,2.48,0.52,0.22,True,11,0,0,0
bin.14,70.78,14.27,Gradient Boost (General Model),11,None,3618,3058,90,phylum,0.78,0.66,0.11,0.07,0.16,0.56,0.37,True,18,2,2,2
bin.141,10.22,0.1,Neural Network (Specific Model),11,None,370,300,14,phylum,0.9,0.73,0.5,0.44,1.49,0.64,0.46,False,6,0,0,0
bin.142,97.7,21.18,Gradient Boost (General Model),11,None,3254,3029,58,genus,0.43,0.4,0.12,0.69,3.53,0.58,0.23,True,23,4,4,4
bin.143,93.92,43.95,Gradient Boost (General Model),11,None,6598,6376,197,genus,0.87,0.84,0.25,0.08,0.18,0.98,0.82,True,22,5,7,6
bin.145,95.51,0.01,Gradient Boost (General Model),11,None,1527,1470,1,kingdom,1.0,0.96,0.0,0.0,0.0,0.6,0.57,True,22,1,1,1
bin.146,53.82,13.97,Gradient Boost (General Model),11,None,1793,1668,47,class,0.85,0.8,0.74,0.32,0.84,0.7,0.56,False,16,2,0,0
bin.148,90.07,21.17,Gradient Boost (General Model),11,None,2670,2417,49,phylum,0.95,0.86,0.91,0.43,0.96,0.6,0.52,False,18,2,1,1
bin.149,56.02,4.24,Gradient Boost (General Model),11,None,1459,1162,31,class,0.57,0.46,0.33,0.37,1.37,0.51,0.23,True,11,0,0,0
bin.150,20.08,0.66,Neural Network (Specific Model),11,None,999,857,27,order,0.53,0.45,0.29,0.77,5.83,0.54,0.24,True,5,0,0,0
bin.151,22.45,0.29,Neural Network (Specific Model),11,None,657,590,19,phylum,0.91,0.82,0.52,0.18,0.42,0.58,0.47,False,2,0,0,0
bin.152,22.46,13.29,Neural Network (Specific Model),11,None,1713,1098,26,genus,0.64,0.41,0.22,0.84,7.64,0.66,0.27,True,8,0,0,0
bin.153,12.91,0.0,Neural Network (Specific Model),11,None,326,243,11,kingdom,1.0,0.75,0.05,0.05,0.11,0.46,0.34,True,3,0,0,0
bin.157,98.21,21.88,Gradient Boost (General Model),11,None,2641,2211,82,phylum,0.93,0.78,0.31,0.39,0.91,0.54,0.42,True,22,2,0,2
bin.158,14.87,0.38,Neural Network (Specific Model),11,None,737,619,22,class,0.62,0.52,0.11,0.66,4.66,0.53,0.28,True,5,0,0,0
bin.159,92.78,0.53,Neural Network (Specific Model),11,None,806,648,4,phylum,0.87,0.7,0.43,0.11,0.25,0.61,0.43,True,21,1,1,1
bin.16,96.4,22.73,Gradient Boost (General Model),11,None,4801,4554,44,genus,0.59,0.56,0.35,0.23,0.65,0.8,0.45,True,23,1,1,1
bin.160,74.46,14.13,Gradient Boost (General Model),11,None,2231,2034,56,class,0.86,0.78,0.89,0.49,1.43,0.66,0.52,False,20,1,0,1
bin.162,100.0,6.84,Gradient Boost (General Model),11,None,3618,3471,22,order,0.91,0.87,0.06,0.02,0.05,0.96,0.84,True,24,1,1,1
bin.165,10.29,0.0,Neural Network (Specific Model),11,None,325,295,16,phylum,0.91,0.83,0.27,0.1,0.24,0.58,0.48,True,0,1,1,1
bin.171,14.88,16.41,Neural Network (Specific Model),11,None,739,671,27,family,0.87,0.79,0.07,0.41,1.52,0.6,0.48,True,5,0,0,0
bin.173,100.0,0.55,Gradient Boost (General Model),11,None,2291,2196,1,kingdom,1.0,0.96,0.0,0.0,0.0,0.64,0.61,True,22,2,2,2
bin.175,21.45,3.11,Neural Network (Specific Model),11,None,245,208,10,family,0.75,0.64,0.63,0.09,0.2,0.55,0.35,False,5,0,0,0
bin.177,55.23,1.22,Gradient Boost (General Model),11,None,692,669,12,kingdom,1.0,0.97,0.81,0.04,0.08,0.64,0.62,False,14,1,1,1
bin.180,17.5,0.88,Neural Network (Specific Model),11,None,323,263,10,kingdom,1.0,0.81,0.08,0.03,0.07,0.52,0.43,True,11,0,0,0
bin.181,16.58,8.86,Neural Network (Specific Model),11,None,1197,1086,25,genus,0.68,0.62,0.36,0.39,1.51,0.91,0.56,True,1,0,0,0
bin.182,96.19,12.55,Gradient Boost (General Model),11,None,3257,2910,15,genus,0.55,0.49,0.83,0.15,0.36,0.6,0.29,False,24,4,3,4
bin.183,6.78,0.04,Neural Network (Specific Model),11,None,337,306,12,genus,0.45,0.41,0.31,0.59,3.76,0.54,0.22,True,0,0,0,0
bin.184,100.0,4.34,Gradient Boost (General Model),11,None,1808,1683,10,genus,0.7,0.65,0.08,0.63,3.6,0.63,0.41,True,22,2,2,2
bin.185,72.24,0.44,Gradient Boost (General Model),11,None,440,395,8,phylum,0.77,0.69,0.04,0.76,4.94,0.56,0.39,True,17,1,0,1
bin.190,19.63,0.34,Neural Network (Specific Model),11,None,427,372,14,phylum,0.96,0.84,0.13,0.23,0.6,0.54,0.45,True,12,1,1,1
bin.191,6.75,0.3,Neural Network (Specific Model),11,None,240,225,12,genus,0.72,0.68,0.53,0.09,0.21,0.77,0.52,False,1,0,0,0
bin.193,10.63,0.04,Neural Network (Specific Model),11,None,471,417,14,kingdom,1.0,0.89,0.07,0.04,0.08,0.56,0.5,True,4,0,0,0
bin.194,8.37,0.0,Neural Network (Specific Model),11,None,220,213,4,family,0.73,0.7,0.11,0.56,2.6,0.66,0.47,True,0,0,0,0
bin.198,87.34,1.5,Gradient Boost (General Model),11,None,1970,1837,9,order,0.89,0.83,0.07,0.03,0.07,0.6,0.5,True,22,2,2,2
bin.199,26.98,2.2,Neural Network (Specific Model),11,None,1137,898,17,phylum,0.9,0.71,0.76,0.45,1.46,0.62,0.44,False,6,0,0,0
bin.2,99.34,49.66,Gradient Boost (General Model),11,None,4699,4417,71,class,0.83,0.78,0.15,0.17,0.42,0.6,0.46,True,24,6,6,7
bin.201,18.31,0.69,Neural Network (Specific Model),11,None,485,433,15,genus,0.55,0.49,0.26,0.27,0.8,0.6,0.3,True,10,0,0,0
bin.203,12.24,0.16,Neural Network (Specific Model),11,None,377,354,17,order,0.74,0.69,0.21,0.21,0.57,0.59,0.41,True,5,0,0,0
bin.204,8.53,0.0,Neural Network (Specific Model),11,None,223,186,6,kingdom,0.98,0.82,0.0,0.0,0.0,0.53,0.43,True,4,0,0,0
bin.205,8.67,0.0,Neural Network (Specific Model),11,None,331,313,16,genus,0.79,0.74,0.18,0.58,3.36,0.71,0.53,True,5,0,0,0
bin.206,100.0,25.52,Gradient Boost (General Model),11,None,3177,2896,44,phylum,0.91,0.83,0.03,0.02,0.05,0.55,0.46,True,23,7,7,7
bin.207,100.0,21.39,Gradient Boost (General Model),11,None,2755,2415,22,genus,0.66,0.57,0.67,0.17,0.43,0.55,0.31,False,22,4,3,4
bin.208,12.22,0.05,Neural Network (Specific Model),11,None,446,370,18,phylum,0.84,0.7,0.6,0.24,0.66,0.61,0.42,False,6,0,0,0
bin.21,39.34,4.38,Neural Network (Specific Model),11,None,1421,1319,37,phylum,0.93,0.86,0.24,0.19,0.43,0.63,0.54,True,13,1,1,1
bin.214,100.0,56.55,Gradient Boost (General Model),11,Low confidence prediction - substantial (25%) disagreement between completeness prediction models,1693,1492,34,phylum,0.79,0.7,0.02,0.72,4.77,0.52,0.36,True,20,1,0,2
bin.215,10.74,0.19,Neural Network (Specific Model),11,None,482,437,25,genus,0.49,0.45,0.54,0.79,6.05,0.75,0.33,False,2,0,0,0
bin.216,10.88,0.4,Neural Network (Specific Model),11,None,378,283,21,phylum,0.81,0.61,0.19,0.14,0.35,0.64,0.39,True,1,0,0,0
bin.220,15.43,1.78,Neural Network (Specific Model),11,None,674,526,25,genus,0.52,0.41,0.21,0.33,1.13,0.59,0.24,True,7,1,0,0
bin.221,5.8,0.32,Neural Network (Specific Model),11,None,245,194,6,phylum,0.97,0.77,0.11,0.4,1.26,0.61,0.46,True,0,0,0,0
bin.222,8.28,0.0,Neural Network (Specific Model),11,None,273,231,13,order,0.82,0.69,0.15,0.53,2.15,0.56,0.39,True,4,0,0,0
bin.225,98.53,0.64,Neural Network (Specific Model),11,None,2347,2198,1,kingdom,1.0,0.94,0.0,0.06,0.12,0.78,0.73,True,19,2,2,2
bin.23,68.86,2.84,Gradient Boost (General Model),11,None,1804,1707,34,class,0.91,0.86,0.11,0.06,0.12,0.61,0.53,True,20,1,1,1
bin.231,8.16,0.26,Neural Network (Specific Model),11,None,248,123,4,kingdom,0.98,0.49,0.0,0.0,0.0,0.47,0.23,True,0,0,0,0
bin.241,98.5,0.08,Gradient Boost (General Model),11,None,2303,2165,5,class,0.91,0.86,0.03,0.06,0.12,0.64,0.55,True,22,3,3,3
bin.242,11.18,0.16,Neural Network (Specific Model),11,None,434,407,4,genus,0.45,0.42,0.05,0.8,7.16,0.67,0.28,True,5,1,1,1
bin.25,29.34,9.14,Neural Network (Specific Model),11,None,1766,1577,73,order,0.79,0.7,0.15,0.57,1.94,0.58,0.41,True,5,2,2,2
bin.254,56.66,0.71,Gradient Boost (General Model),11,None,1731,1586,8,family,0.7,0.64,0.04,0.7,5.32,0.59,0.38,True,18,1,1,1
bin.26,80.54,20.97,Gradient Boost (General Model),11,None,4919,4055,132,phylum,0.77,0.64,0.19,0.72,5.08,0.5,0.32,True,17,0,0,0
bin.265,18.76,0.14,Neural Network (Specific Model),11,None,692,642,2,genus,0.72,0.67,0.17,0.05,0.11,0.77,0.51,True,12,0,0,0
bin.269,89.46,3.37,Gradient Boost (General Model),11,None,1653,1421,9,genus,0.61,0.52,0.05,0.84,6.48,0.52,0.27,True,21,2,2,2
bin.27,95.62,52.96,Gradient Boost (General Model),11,None,4622,3997,109,genus,0.57,0.49,0.08,0.83,6.46,0.51,0.25,True,22,7,6,7
bin.270,7.32,0.34,Neural Network (Specific Model),11,None,299,237,5,phylum,0.89,0.7,0.02,0.53,2.04,0.48,0.34,True,1,0,0,0
bin.271,12.52,1.12,Neural Network (Specific Model),11,None,556,485,19,phylum,0.88,0.77,0.43,0.28,0.78,0.59,0.46,True,2,0,0,0
bin.274,14.42,0.12,Neural Network (Specific Model),11,None,424,378,2,phylum,0.9,0.8,0.28,0.26,0.75,0.62,0.5,True,9,0,0,0
bin.276,8.08,0.46,Neural Network (Specific Model),11,None,252,204,3,kingdom,1.0,0.81,0.0,0.0,0.0,0.58,0.47,True,0,0,0,0
bin.277,5.45,0.65,Neural Network (Specific Model),11,None,225,161,6,family,0.71,0.51,0.11,0.69,5.97,0.57,0.29,True,0,0,0,0
bin.282,94.52,1.11,Gradient Boost (General Model),11,None,2314,2057,2,phylum,0.87,0.77,0.01,0.35,1.0,0.5,0.39,True,22,3,3,3
bin.283,99.31,4.99,Gradient Boost (General Model),11,None,2034,1901,13,order,0.91,0.85,0.11,0.05,0.11,0.94,0.8,True,22,2,0,2
bin.29,88.91,30.17,Gradient Boost (General Model),11,None,6269,5393,170,class,0.57,0.49,0.24,0.78,7.06,0.51,0.25,True,23,2,1,2
bin.31,35.83,0.0,Neural Network (Specific Model),11,None,1223,1152,23,class,0.97,0.91,0.05,0.02,0.05,0.64,0.58,True,6,1,0,1
bin.320,8.68,5.45,Neural Network (Specific Model),11,None,312,290,23,phylum,0.99,0.92,0.4,0.03,0.06,0.61,0.56,True,1,0,0,0
bin.324,10.56,1.44,Neural Network (Specific Model),11,None,528,477,11,class,0.91,0.82,0.04,0.2,0.5,0.64,0.53,True,0,0,0,0
bin.33,17.09,0.05,Neural Network (Specific Model),11,None,764,737,20,family,0.93,0.9,0.35,0.1,0.22,0.94,0.85,True,9,0,0,0
bin.34,20.29,7.57,Neural Network (Specific Model),11,None,1452,1018,24,kingdom,1.0,0.7,0.0,0.0,0.0,0.44,0.31,True,2,0,0,0
bin.340,96.83,7.64,Gradient Boost (General Model),11,None,805,718,4,kingdom,0.98,0.88,0.0,0.0,0.0,0.51,0.45,True,20,1,0,1
bin.341,100.0,8.43,Gradient Boost (General Model),11,None,2775,2317,17,class,0.89,0.75,0.07,0.21,0.58,0.64,0.48,True,22,2,2,2
bin.343,97.01,0.33,Neural Network (Specific Model),11,None,1702,1573,1,kingdom,0.99,0.92,0.0,0.0,0.0,0.55,0.51,True,22,2,2,2
bin.36,51.67,10.09,Neural Network (Specific Model),11,None,1780,1641,56,family,0.79,0.73,0.3,0.62,3.53,0.64,0.46,True,18,2,2,2
bin.37,68.64,1.84,Gradient Boost (General Model),11,None,2088,1934,34,genus,0.45,0.41,0.27,0.4,1.44,0.61,0.25,True,22,2,2,2
bin.375,99.0,1.12,Gradient Boost (General Model),11,None,2576,2445,7,order,0.81,0.77,0.01,0.5,1.44,0.66,0.51,True,23,1,1,1
bin.38,13.71,2.11,Neural Network (Specific Model),11,None,664,594,23,phylum,0.91,0.81,0.2,0.27,0.79,0.58,0.47,True,8,0,0,0
bin.39,81.04,13.86,Gradient Boost (General Model),11,None,3137,2789,67,kingdom,1.0,0.89,0.4,0.04,0.07,0.56,0.5,True,20,3,3,3
bin.393,10.24,0.0,Neural Network (Specific Model),11,None,408,349,1,kingdom,1.0,0.86,0.0,0.0,0.0,0.54,0.47,True,6,0,0,0
bin.4,100.0,33.26,Gradient Boost (General Model),11,None,4898,4672,53,order,0.87,0.83,0.1,0.09,0.2,0.77,0.63,True,24,1,1,1
bin.40,38.35,20.42,Gradient Boost (General Model),11,None,3308,2993,115,genus,0.58,0.53,0.2,0.37,1.34,0.7,0.37,True,17,7,8,9
bin.406,98.7,3.49,Gradient Boost (General Model),11,None,1222,1124,2,kingdom,1.0,0.92,0.0,0.04,0.08,0.49,0.45,True,21,2,1,1
bin.41,13.88,0.01,Neural Network (Specific Model),11,None,365,292,14,phylum,0.83,0.67,0.34,0.42,1.6,0.51,0.34,True,6,0,0,0
bin.42,37.96,24.9,Neural Network (Specific Model),11,None,4402,3430,136,family,0.56,0.44,0.11,0.75,5.92,0.55,0.24,True,7,1,1,1
bin.44,25.31,0.49,Neural Network (Specific Model),11,None,1088,921,35,phylum,0.89,0.75,0.43,0.04,0.09,0.62,0.46,True,17,1,0,1
bin.45,87.76,34.64,Gradient Boost (General Model),11,None,6433,5231,155,order,0.49,0.4,0.36,0.55,2.83,0.53,0.21,True,23,2,1,2
bin.475,97.65,0.24,Neural Network (Specific Model),11,None,1599,1541,1,kingdom,1.0,0.96,0.0,0.0,0.0,0.68,0.65,True,23,2,2,2
bin.48,97.92,19.28,Gradient Boost (General Model),11,None,5047,4741,179,genus,0.85,0.8,0.52,0.57,2.54,0.87,0.69,False,22,3,5,4
bin.488,99.24,0.04,Gradient Boost (General Model),11,None,2572,2385,2,kingdom,1.0,0.92,0.0,0.0,0.0,0.57,0.53,True,23,2,2,2
bin.5,96.15,64.5,Gradient Boost (General Model),11,Low confidence prediction - substantial (25%) disagreement between completeness prediction models,9606,8417,224,order,0.76,0.66,0.15,0.45,1.54,0.56,0.37,True,23,9,4,5
bin.51,97.33,40.56,Gradient Boost (General Model),11,None,6455,5918,110,family,0.74,0.68,0.17,0.76,6.37,0.65,0.44,True,24,7,7,6
bin.53,78.78,4.17,Neural Network (Specific Model),11,None,2115,1987,28,phylum,0.97,0.91,0.3,0.03,0.05,0.6,0.55,True,19,2,2,2
bin.55,92.02,20.25,Gradient Boost (General Model),11,None,4686,4312,60,phylum,0.92,0.85,0.48,0.03,0.06,0.68,0.58,False,22,3,4,3
bin.56,34.91,24.62,Gradient Boost (General Model),11,None,5691,5195,124,phylum,0.96,0.87,0.47,0.09,0.19,0.76,0.67,False,14,1,1,1
bin.575,96.88,0.08,Gradient Boost (General Model),11,None,1147,1111,1,kingdom,1.0,0.97,0.0,0.0,0.0,0.59,0.57,True,21,1,1,1
bin.58,93.59,3.75,Neural Network (Specific Model),11,None,3137,2987,25,phylum,0.97,0.93,0.45,0.03,0.06,0.69,0.64,True,22,2,2,2
bin.59,100.0,43.29,Gradient Boost (General Model),11,None,3303,3203,51,phylum,0.95,0.92,0.13,0.05,0.11,0.77,0.71,True,23,8,8,8
bin.6,88.18,9.59,Gradient Boost (General Model),11,None,3542,3312,44,order,0.84,0.79,0.04,0.16,0.38,0.59,0.46,True,21,6,6,6
bin.60,8.82,1.28,Neural Network (Specific Model),11,None,725,558,18,phylum,0.89,0.69,0.14,0.09,0.2,0.63,0.43,True,1,0,0,0
bin.61,93.91,13.64,Gradient Boost (General Model),11,None,2074,1897,19,phylum,0.92,0.84,0.08,0.25,0.62,0.55,0.46,True,23,1,1,1
bin.62,10.49,1.92,Neural Network (Specific Model),11,None,335,289,9,genus,0.6,0.51,0.24,0.71,5.43,0.66,0.34,True,0,0,0,0
bin.66,20.55,0.78,Neural Network (Specific Model),11,None,1042,890,37,class,0.91,0.78,0.16,0.15,0.35,0.62,0.48,True,4,0,0,0
bin.67,49.18,8.4,Gradient Boost (General Model),11,None,1784,1598,40,family,0.73,0.65,0.18,0.78,5.65,0.59,0.38,True,14,1,1,1
bin.68,94.55,4.47,Gradient Boost (General Model),11,None,2231,2038,12,phylum,0.89,0.82,0.11,0.03,0.06,0.58,0.47,True,22,2,2,2
bin.69,59.51,2.05,Gradient Boost (General Model),11,None,1248,1163,26,family,0.8,0.75,0.09,0.4,1.54,0.63,0.47,True,14,1,1,1
bin.7,95.85,0.66,Gradient Boost (General Model),11,None,2298,2185,20,genus,0.43,0.41,0.05,0.65,3.53,0.6,0.25,True,23,4,4,4
bin.70,10.74,0.0,Neural Network (Specific Model),11,None,608,400,36,phylum,0.86,0.57,0.2,0.63,3.42,0.51,0.29,True,6,0,0,0
bin.71,98.36,5.36,Gradient Boost (General Model),11,None,4064,3451,19,class,0.59,0.5,0.03,0.7,5.14,0.49,0.24,True,23,2,2,2
bin.73,100.0,1.41,Gradient Boost (General Model),11,None,2346,2106,17,order,0.61,0.54,0.02,0.69,5.12,0.51,0.28,True,23,2,2,2
bin.75,46.66,6.88,Gradient Boost (General Model),11,None,1927,1724,55,class,0.9,0.81,0.06,0.24,0.65,0.57,0.46,True,13,0,0,0
bin.76,34.04,15.94,Neural Network (Specific Model),11,None,1711,1622,74,genus,0.77,0.73,0.18,0.26,0.75,0.87,0.64,True,15,0,0,0
bin.77,95.92,3.74,Gradient Boost (General Model),11,None,2610,2462,25,genus,0.69,0.65,0.06,0.24,0.64,0.64,0.42,True,23,4,5,5
bin.78,30.27,12.63,Neural Network (Specific Model),11,None,1832,911,29,order,0.95,0.47,0.14,0.57,3.27,0.49,0.23,True,1,0,0,0
bin.79,6.98,0.23,Neural Network (Specific Model),11,None,347,271,11,genus,0.56,0.44,0.25,0.67,5.12,0.85,0.37,True,0,0,0,0
bin.8,64.81,0.2,Neural Network (Specific Model),11,None,1571,1446,30,phylum,0.96,0.89,0.38,0.06,0.12,0.61,0.54,True,19,2,1,1
bin.80,85.36,0.08,Gradient Boost (General Model),11,None,1413,1363,21,order,0.92,0.89,0.22,0.08,0.18,0.67,0.6,True,18,1,2,1
bin.82,21.08,0.04,Neural Network (Specific Model),11,None,492,469,10,class,0.94,0.9,0.21,0.02,0.05,0.72,0.65,True,17,0,0,0
bin.88,57.51,12.2,Gradient Boost (General Model),11,None,3480,1927,66,kingdom,1.0,0.55,0.0,0.0,0.0,0.47,0.26,True,0,0,0,0
bin.89,85.97,13.91,Gradient Boost (General Model),11,None,3233,2833,44,phylum,0.94,0.82,0.31,0.06,0.12,0.55,0.45,True,22,4,5,5
bin.9,24.63,0.79,Neural Network (Specific Model),11,None,923,842,26,phylum,0.95,0.86,0.26,0.02,0.04,0.62,0.54,True,13,0,0,0
bin.91,36.31,6.02,Neural Network (Specific Model),11,None,1255,1178,44,genus,0.49,0.46,0.53,0.47,2.12,0.66,0.31,False,13,2,1,1
bin.92,52.8,0.19,Neural Network (Specific Model),11,None,925,886,10,class,0.96,0.92,0.04,0.09,0.19,0.68,0.62,True,17,2,2,2
bin.94,28.37,20.8,Neural Network (Specific Model),11,None,2855,2483,76,class,0.91,0.79,0.15,0.19,0.47,0.64,0.5,True,22,2,3,2
bin.95,54.1,1.19,Gradient Boost (General Model),11,None,1150,1054,32,class,0.67,0.61,0.08,0.5,2.46,0.55,0.34,True,14,0,1,1
bin.96,7.51,0.54,Neural Network (Specific Model),11,None,277,257,15,class,0.82,0.76,0.47,0.31,0.91,0.6,0.45,False,3,0,0,0
bin.97,93.4,3.31,Gradient Boost (General Model),11,None,3410,3193,46,phylum,0.87,0.82,0.07,0.02,0.05,0.58,0.47,True,22,1,1,1
bin.98,97.57,31.08,Gradient Boost (General Model),11,None,2722,2439,21,order,0.81,0.73,0.42,0.12,0.28,0.71,0.52,True,23,3,2,3
bin.99,95.04,18.8,Gradient Boost (General Model),11,None,3650,3310,29,class,0.89,0.8,0.02,0.36,1.08,0.59,0.47,True,22,1,1,1
recluster_100.bin.0,85.24,43.45,Gradient Boost (General Model),11,None,2342,2256,27,genus,0.75,0.72,0.18,0.03,0.06,0.66,0.48,True,19,3,3,2
recluster_100.bin.1,36.17,10.83,Neural Network (Specific Model),11,None,1002,940,25,class,0.91,0.86,0.21,0.05,0.11,0.63,0.54,True,17,1,1,0
recluster_100.bin.2,96.07,28.76,Gradient Boost (General Model),11,None,2492,2359,38,genus,0.62,0.59,0.28,0.04,0.08,0.65,0.38,True,22,3,3,3
recluster_100.bin.3,24.54,11.49,Neural Network (Specific Model),11,None,398,388,8,family,0.85,0.82,0.06,0.03,0.07,0.65,0.53,True,8,0,0,0
recluster_106.bin.0,93.01,14.26,Gradient Boost (General Model),11,None,2603,2151,43,order,0.6,0.5,0.08,0.12,0.28,0.55,0.27,True,21,1,0,1
recluster_106.bin.1,94.59,18.67,Gradient Boost (General Model),11,None,5629,4644,85,family,0.51,0.42,0.3,0.39,1.36,0.58,0.25,True,23,1,0,1
recluster_110.bin.0,97.12,15.1,Gradient Boost (General Model),11,None,2848,2630,29,class,0.89,0.82,0.09,0.12,0.29,0.58,0.48,True,22,2,2,4
recluster_110.bin.1,56.64,0.08,Gradient Boost (General Model),11,None,819,756,2,family,0.72,0.66,0.02,0.68,5.13,0.59,0.39,True,16,3,3,3
recluster_110.bin.2,91.73,0.17,Gradient Boost (General Model),11,None,1974,1840,7,class,0.93,0.87,0.01,0.27,0.7,0.56,0.49,True,19,3,3,3
recluster_116.bin.0,52.68,32.75,Neural Network (Specific Model),11,None,3119,2872,40,genus,0.61,0.56,0.19,0.04,0.08,0.66,0.37,True,16,0,0,0
recluster_116.bin.1,26.48,9.5,Neural Network (Specific Model),11,None,1215,1128,41,genus,0.58,0.54,0.27,0.1,0.22,0.64,0.35,True,9,7,7,7
recluster_116.bin.2,98.36,62.12,Gradient Boost (General Model),11,None,5548,5172,24,class,0.92,0.85,0.03,0.26,0.74,0.65,0.55,True,22,3,3,3
recluster_116.bin.3,98.03,4.85,Gradient Boost (General Model),11,None,3496,3278,6,family,0.74,0.69,0.01,0.15,0.36,0.65,0.45,True,22,1,2,1
recluster_119.bin.0,39.44,13.4,Gradient Boost (General Model),11,None,2363,2178,76,class,0.9,0.83,0.12,0.22,0.56,0.62,0.51,True,6,0,0,0
recluster_119.bin.1,63.73,9.73,Gradient Boost (General Model),11,None,1431,1323,25,family,0.8,0.74,0.07,0.61,3.48,0.61,0.45,True,21,2,2,2
recluster_119.bin.2,79.55,41.59,Gradient Boost (General Model),11,None,3690,3499,54,class,0.92,0.87,0.06,0.25,0.64,0.6,0.53,True,16,3,3,3
recluster_121.bin.0,76.72,35.44,Gradient Boost (General Model),11,None,2295,2152,39,genus,0.63,0.59,0.29,0.07,0.14,0.66,0.39,True,20,1,1,1
recluster_121.bin.1,77.59,57.14,Gradient Boost (General Model),11,None,3048,2786,98,genus,0.57,0.52,0.39,0.08,0.18,0.63,0.33,True,21,4,4,4
recluster_123.bin.0,99.46,21.01,Gradient Boost (General Model),11,None,4613,3900,32,order,0.49,0.41,0.23,0.59,3.13,0.54,0.22,True,23,2,1,1
recluster_123.bin.1,25.37,10.66,Neural Network (Specific Model),11,None,1858,1686,50,class,0.74,0.68,0.28,0.25,0.74,0.58,0.39,True,4,0,1,1
recluster_140.bin.0,92.17,30.45,Gradient Boost (General Model),11,None,3761,3622,48,genus,0.62,0.59,0.56,0.09,0.19,0.87,0.51,False,24,3,3,3
recluster_140.bin.1,70.13,15.26,Gradient Boost (General Model),11,None,2643,2479,19,genus,0.46,0.43,0.13,0.88,10.8,0.64,0.27,True,21,3,3,4
recluster_144.bin.0,24.35,10.14,Neural Network (Specific Model),11,None,1509,1164,39,class,0.76,0.59,0.14,0.31,0.99,0.55,0.32,True,8,0,0,0
recluster_144.bin.1,32.59,3.72,Neural Network (Specific Model),11,None,1256,1059,35,class,0.71,0.6,0.09,0.22,0.57,0.57,0.34,True,11,2,3,3
recluster_15.bin.0,61.9,11.8,Neural Network (Specific Model),11,None,2476,2397,41,order,0.96,0.92,0.27,0.1,0.23,0.9,0.83,True,18,1,1,1
recluster_15.bin.1,91.97,23.68,Gradient Boost (General Model),11,None,3555,3413,47,order,0.91,0.87,0.13,0.29,0.76,0.7,0.61,True,23,2,2,2
recluster_15.bin.2,46.03,2.82,Gradient Boost (General Model),11,None,1416,1342,28,genus,0.43,0.4,0.23,0.5,2.41,0.72,0.29,True,19,1,2,1
recluster_161.bin.0,89.58,20.72,Gradient Boost (General Model),11,None,2381,2083,51,genus,0.55,0.48,0.03,0.31,0.94,0.54,0.26,True,19,3,3,3
recluster_161.bin.1,93.19,1.04,Gradient Boost (General Model),11,None,2151,1898,10,class,0.92,0.81,0.01,0.61,2.2,0.57,0.46,True,21,2,1,2
recluster_17.bin.0,69.98,27.78,Gradient Boost (General Model),11,None,2640,2425,62,class,0.8,0.74,0.07,0.17,0.44,0.56,0.41,True,17,2,3,3
recluster_17.bin.1,45.16,34.76,Gradient Boost (General Model),11,None,3575,3187,105,class,0.78,0.7,0.07,0.18,0.45,0.57,0.4,True,20,2,3,3
recluster_17.bin.2,66.92,23.25,Gradient Boost (General Model),11,None,2379,2168,34,kingdom,1.0,0.91,0.04,0.02,0.04,0.54,0.49,True,18,1,0,1
recluster_17.bin.3,90.17,41.45,Gradient Boost (General Model),11,None,4814,4337,93,phylum,0.85,0.77,0.07,0.08,0.17,0.56,0.43,True,22,5,7,7
recluster_17.bin.4,75.5,34.06,Gradient Boost (General Model),11,None,3332,2994,79,class,0.81,0.73,0.05,0.16,0.39,0.56,0.4,True,16,5,5,6
recluster_179.bin.0,56.98,29.14,Gradient Boost (General Model),11,None,984,818,15,phylum,0.77,0.64,0.14,0.14,0.35,0.54,0.35,True,16,0,0,0
recluster_179.bin.1,59.9,22.55,Neural Network (Specific Model),11,None,921,578,7,class,0.79,0.5,0.38,0.18,0.46,0.55,0.27,True,16,1,0,1
recluster_18.bin.0,29.06,14.63,Neural Network (Specific Model),11,None,861,795,33,genus,0.56,0.52,0.21,0.11,0.25,0.62,0.32,True,15,1,1,1
recluster_18.bin.1,19.01,10.53,Neural Network (Specific Model),11,None,453,420,25,family,0.81,0.75,0.18,0.17,0.43,0.63,0.48,True,8,3,1,2
recluster_186.bin.0,10.61,2.41,Neural Network (Specific Model),11,None,283,276,8,order,0.77,0.75,0.13,0.57,2.24,0.74,0.56,True,1,0,0,0
recluster_186.bin.1,22.1,9.73,Neural Network (Specific Model),11,None,782,732,32,class,0.89,0.83,0.11,0.02,0.05,0.65,0.54,True,4,0,0,0
recluster_19.bin.0,68.56,12.77,Gradient Boost (General Model),11,None,3375,3103,67,phylum,0.89,0.82,0.42,0.08,0.17,0.64,0.52,True,19,2,2,2
recluster_19.bin.1,84.38,7.57,Gradient Boost (General Model),11,None,3223,2881,58,phylum,0.89,0.8,0.35,0.29,0.8,0.59,0.47,True,24,1,1,1
recluster_20.bin.0,67.55,27.26,Gradient Boost (General Model),11,None,2010,1939,45,order,0.94,0.91,0.1,0.05,0.1,0.93,0.85,True,17,5,3,4
recluster_20.bin.1,46.44,35.09,Gradient Boost (General Model),11,None,2499,2340,71,genus,0.81,0.76,0.11,0.2,0.53,0.9,0.69,True,13,0,0,0
recluster_20.bin.2,63.11,59.58,Neural Network (Specific Model),11,None,3749,3567,104,family,0.9,0.86,0.1,0.16,0.41,0.91,0.78,True,19,4,2,4
recluster_20.bin.3,30.11,20.11,Neural Network (Specific Model),11,None,1015,993,21,kingdom,1.0,0.98,0.0,0.0,0.0,0.96,0.94,True,12,2,1,1
recluster_20.bin.4,71.13,42.25,Gradient Boost (General Model),11,None,2308,2214,63,order,0.97,0.93,0.07,0.09,0.2,0.91,0.85,True,21,3,3,3
recluster_20.bin.5,73.05,25.38,Gradient Boost (General Model),11,None,1773,1716,39,family,0.9,0.88,0.02,0.03,0.06,0.95,0.83,True,11,0,0,0
recluster_219.bin.0,68.79,19.38,Gradient Boost (General Model),11,None,911,819,18,phylum,0.92,0.83,0.11,0.08,0.16,0.52,0.43,True,15,1,1,1
recluster_219.bin.1,35.3,18.31,Neural Network (Specific Model),11,None,1531,1247,51,genus,0.62,0.5,0.15,0.62,3.35,0.53,0.27,True,13,0,0,0
recluster_219.bin.2,62.4,30.59,Gradient Boost (General Model),11,None,1452,1044,35,phylum,0.91,0.66,0.27,0.24,0.66,0.49,0.32,True,19,0,0,0
recluster_22.bin.0,19.63,5.02,Neural Network (Specific Model),11,None,1058,1016,23,genus,0.52,0.5,0.15,0.55,1.94,0.75,0.38,True,0,0,0,0
recluster_22.bin.1,8.75,0.94,Neural Network (Specific Model),11,None,688,670,15,class,0.96,0.93,0.02,0.05,0.1,0.71,0.66,True,3,0,0,0
recluster_235.bin.0,89.82,4.92,Neural Network (Specific Model),11,None,1793,1753,2,class,0.9,0.88,0.01,0.12,0.28,0.71,0.63,True,23,3,2,4
recluster_235.bin.1,99.75,1.28,Gradient Boost (General Model),11,None,2793,2622,4,kingdom,0.99,0.93,0.0,0.0,0.0,0.59,0.55,True,23,1,1,1
recluster_24.bin.0,52.43,8.52,Neural Network (Specific Model),11,None,1999,1841,49,genus,0.6,0.55,0.31,0.28,0.83,0.72,0.4,True,17,0,1,1
recluster_24.bin.1,88.83,28.85,Gradient Boost (General Model),11,None,3979,3788,54,genus,0.56,0.54,0.2,0.24,0.71,0.71,0.38,True,21,3,2,3
recluster_275.bin.0,96.77,0.26,Gradient Boost (General Model),11,None,2929,2772,1,kingdom,1.0,0.94,0.0,0.0,0.0,0.57,0.54,True,22,1,1,1
recluster_275.bin.1,95.87,0.69,Gradient Boost (General Model),11,None,2660,2562,5,class,0.88,0.85,0.01,0.51,1.71,0.58,0.49,True,22,1,1,1
recluster_28.bin.0,77.07,44.21,Gradient Boost (General Model),11,None,5116,4770,50,genus,0.64,0.59,0.13,0.17,0.42,0.69,0.41,True,19,5,5,5
recluster_28.bin.1,29.26,4.49,Neural Network (Specific Model),11,None,1177,1061,41,genus,0.63,0.56,0.33,0.2,0.53,0.7,0.4,True,10,5,4,4
recluster_28.bin.2,74.86,25.41,Gradient Boost (General Model),11,None,3102,2904,26,class,0.86,0.81,0.08,0.06,0.13,0.67,0.54,True,23,10,7,8
recluster_28.bin.3,43.87,6.49,Neural Network (Specific Model),11,None,2065,1896,52,genus,0.68,0.63,0.25,0.17,0.45,0.71,0.45,True,20,1,1,1
recluster_3.bin.0,60.71,30.68,Gradient Boost (General Model),11,None,3525,3069,88,phylum,0.8,0.69,0.09,0.07,0.15,0.55,0.38,True,17,5,5,5
recluster_3.bin.1,86.53,32.31,Gradient Boost (General Model),11,None,3583,3229,67,kingdom,1.0,0.9,0.06,0.02,0.05,0.55,0.5,True,22,3,4,4
recluster_3.bin.2,68.73,6.24,Gradient Boost (General Model),11,None,1626,1474,21,class,0.79,0.72,0.02,0.13,0.3,0.55,0.4,True,11,0,0,0
recluster_30.bin.0,66.4,20.69,Gradient Boost (General Model),11,None,3187,2777,95,phylum,0.83,0.72,0.09,0.12,0.3,0.52,0.37,True,13,1,1,1
recluster_30.bin.1,92.76,15.21,Gradient Boost (General Model),11,None,4501,3758,41,class,0.72,0.6,0.03,0.41,1.52,0.51,0.31,True,22,6,6,6
recluster_32.bin.0,95.48,50.9,Gradient Boost (General Model),11,None,9097,7476,187,phylum,0.83,0.68,0.11,0.71,4.58,0.49,0.33,True,21,2,0,1
recluster_32.bin.1,41.23,5.48,Neural Network (Specific Model),11,None,2601,2166,46,phylum,0.83,0.69,0.12,0.73,5.4,0.49,0.34,True,19,2,0,2
recluster_35.bin.0,46.82,36.18,Gradient Boost (General Model),11,None,3853,3567,93,phylum,0.92,0.85,0.12,0.07,0.15,0.57,0.49,True,19,7,7,7
recluster_35.bin.1,98.25,72.19,Gradient Boost (General Model),11,None,4233,4015,71,genus,0.43,0.41,0.06,0.46,2.01,0.58,0.24,True,21,5,4,4
recluster_43.bin.0,93.92,41.14,Gradient Boost (General Model),11,None,4686,4087,94,order,0.82,0.71,0.13,0.33,1.02,0.58,0.41,True,23,6,6,7
recluster_43.bin.1,51.9,28.4,Gradient Boost (General Model),11,None,3081,2651,112,genus,0.55,0.48,0.3,0.12,0.28,0.6,0.29,True,21,4,5,5
recluster_46.bin.0,100.0,46.18,Gradient Boost (General Model),11,None,3930,3783,28,family,0.89,0.85,1.0,0.4,0.92,0.95,0.81,False,23,5,1,5
recluster_46.bin.1,37.96,23.5,Neural Network (Specific Model),11,None,1947,1871,67,kingdom,1.0,0.96,0.75,0.02,0.05,0.9,0.86,False,9,0,0,0
recluster_47.bin.0,95.4,8.81,Gradient Boost (General Model),11,None,814,714,8,class,0.71,0.63,0.1,0.21,0.5,0.56,0.35,True,21,1,1,1
recluster_47.bin.1,100.0,57.75,Gradient Boost (General Model),4,None,3094,2397,76,genus,0.56,0.43,0.71,0.59,3.37,0.58,0.25,False,23,2,0,5
recluster_49.bin.0,47.87,11.35,Neural Network (Specific Model),11,None,1273,1208,28,phylum,0.89,0.85,0.05,0.11,0.25,0.56,0.48,True,13,0,0,0
recluster_49.bin.1,77.8,40.66,Neural Network (Specific Model),11,None,2339,2201,22,phylum,0.92,0.86,0.04,0.11,0.25,0.57,0.49,True,22,1,1,1
recluster_50.bin.0,60.28,20.59,Neural Network (Specific Model),11,None,2563,2422,40,phylum,0.93,0.88,0.11,0.16,0.38,0.65,0.57,True,19,3,4,3
recluster_50.bin.1,48.12,22.47,Neural Network (Specific Model),11,None,2247,2078,57,class,0.9,0.83,0.19,0.2,0.48,0.64,0.53,True,15,3,5,3
recluster_50.bin.2,88.34,30.32,Gradient Boost (General Model),11,None,2634,2501,24,phylum,0.96,0.91,0.07,0.09,0.21,0.65,0.59,True,19,6,9,6
recluster_54.bin.0,56.3,1.36,Gradient Boost (General Model),11,None,1079,1040,22,class,0.96,0.92,0.09,0.05,0.1,0.64,0.59,True,17,1,1,1
recluster_54.bin.1,32.45,4.36,Neural Network (Specific Model),11,None,1196,1124,33,genus,0.53,0.5,0.41,0.7,4.43,0.65,0.32,True,11,1,0,0
recluster_57.bin.0,86.79,21.76,Gradient Boost (General Model),11,None,2734,2599,19,genus,0.51,0.49,0.09,0.36,1.29,0.63,0.31,True,24,2,2,2
recluster_57.bin.1,74.02,26.15,Gradient Boost (General Model),11,None,3750,3452,52,phylum,0.94,0.87,0.28,0.04,0.07,0.62,0.54,True,20,2,2,2
recluster_63.bin.0,96.03,75.92,Gradient Boost (General Model),11,None,7412,6611,169,order,0.88,0.79,0.14,0.32,0.91,0.64,0.5,True,22,9,7,8
recluster_63.bin.1,93.31,34.39,Gradient Boost (General Model),11,None,2615,2423,46,genus,0.74,0.69,0.34,0.03,0.06,0.69,0.47,True,19,2,2,2
recluster_65.bin.0,76.95,17.52,Gradient Boost (General Model),11,None,1265,1220,29,family,0.68,0.66,0.28,0.09,0.21,0.61,0.4,True,18,1,1,1
recluster_65.bin.1,47.67,10.75,Gradient Boost (General Model),11,None,2079,1974,33,genus,0.49,0.47,0.21,0.1,0.24,0.62,0.29,True,19,2,1,2
recluster_65.bin.2,94.46,16.2,Gradient Boost (General Model),11,None,2325,2216,8,genus,0.6,0.58,0.04,0.03,0.07,0.62,0.36,True,23,2,2,2
recluster_72.bin.0,86.28,44.45,Gradient Boost (General Model),11,None,4891,4637,100,genus,0.55,0.52,0.3,0.42,1.68,0.69,0.36,True,23,2,3,3
recluster_72.bin.1,52.48,20.14,Gradient Boost (General Model),11,None,2668,2550,47,genus,0.64,0.61,0.15,0.25,0.72,0.71,0.43,True,21,6,6,7
recluster_72.bin.2,83.56,10.38,Gradient Boost (General Model),11,None,2367,2292,27,class,0.96,0.93,0.11,0.02,0.05,0.68,0.63,True,17,6,5,6
recluster_74.bin.0,61.4,1.59,Neural Network (Specific Model),11,None,1532,1511,26,family,0.95,0.94,0.07,0.03,0.07,0.94,0.89,True,18,1,1,1
recluster_74.bin.1,97.19,28.53,Gradient Boost (General Model),11,None,4072,3834,65,family,0.84,0.79,0.42,0.24,0.68,0.68,0.54,True,24,4,5,6
recluster_74.bin.2,79.29,9.23,Gradient Boost (General Model),11,None,2904,2747,56,family,0.87,0.82,0.29,0.11,0.26,0.76,0.63,True,23,4,4,5
recluster_81.bin.0,95.55,7.76,Gradient Boost (General Model),11,None,4669,4091,33,phylum,0.87,0.76,0.07,0.21,0.57,0.56,0.43,True,23,2,1,1
recluster_81.bin.1,64.06,12.19,Gradient Boost (General Model),11,None,3956,3093,121,order,0.56,0.44,0.23,0.67,4.93,0.52,0.23,True,16,2,0,1
recluster_83.bin.0,22.49,2.53,Neural Network (Specific Model),11,None,801,479,24,phylum,0.89,0.53,0.39,0.58,2.14,0.51,0.27,True,21,1,0,1
recluster_83.bin.1,92.15,39.66,Gradient Boost (General Model),11,None,3837,3139,131,genus,0.58,0.48,0.18,0.78,6.16,0.54,0.26,True,22,5,2,5
recluster_85.bin.0,95.52,38.52,Gradient Boost (General Model),11,None,1024,871,13,kingdom,0.98,0.84,0.0,0.0,0.0,0.51,0.43,True,21,2,0,1
recluster_85.bin.1,49.48,10.74,Gradient Boost (General Model),11,None,458,374,10,kingdom,1.0,0.82,0.01,0.04,0.08,0.5,0.41,True,17,3,0,4
recluster_90.bin.0,45.54,17.0,Gradient Boost (General Model),11,None,2466,2252,40,phylum,0.88,0.8,0.17,0.1,0.23,0.65,0.52,True,18,1,1,1
recluster_90.bin.1,97.46,37.18,Gradient Boost (General Model),11,None,4069,3766,33,class,0.86,0.8,0.3,0.03,0.06,0.69,0.55,True,19,2,2,2
recluster_93.bin.0,93.05,43.98,Gradient Boost (General Model),11,None,4022,3708,77,genus,0.7,0.65,0.28,0.39,1.48,0.7,0.45,True,22,4,0,4
recluster_93.bin.1,80.88,23.6,Gradient Boost (General Model),11,None,3746,3496,59,genus,0.64,0.6,0.4,0.51,2.19,0.72,0.43,True,20,3,3,3
recluster_93.bin.2,46.22,10.52,Neural Network (Specific Model),11,None,2158,1980,59,genus,0.68,0.62,0.43,0.57,3.19,0.73,0.46,True,14,1,1,1
