,Completeness,Contamination,Completeness_Model_Used,Translation_Table_Used,Additional_Notes,n_genes_called,n_genes_mapped,n_contigs,taxonomic_level,proportion_genes_retained_in_major_clades,genes_retained_index,clade_separation_score,contamination_portion,n_effective_surplus_clades,mean_hit_identity,reference_representation_score,pass.GUNC,tRNA,16S,5S,23S
10038,58.06,7.54,Gradient Boost (General Model),11,None,1843,1699,33,genus,0.46,0.42,0.17,0.67,4.07,0.6,0.25,True,10,2,1,2
10060,82.72,8.88,Gradient Boost (General Model),11,None,2861,2517,26,phylum,0.83,0.73,0.05,0.08,0.18,0.56,0.41,True,22,2,4,4
10246,61.25,3.72,Gradient Boost (General Model),11,None,1036,889,49,phylum,0.94,0.81,0.27,0.14,0.33,0.54,0.44,True,6,0,0,0
10254,38.9,7.19,Gradient Boost (General Model),11,None,2179,1858,56,order,0.72,0.62,0.07,0.52,2.22,0.58,0.36,True,14,0,0,0
10398,8.28,0.11,Neural Network (Specific Model),11,None,271,183,1,kingdom,1.0,0.68,0.0,0.0,0.0,0.54,0.37,True,1,0,0,0
10841,12.45,1.15,Neural Network (Specific Model),11,None,966,789,28,genus,0.69,0.57,0.26,0.04,0.09,0.65,0.37,True,4,0,0,0
10989,5.84,0.82,Neural Network (Specific Model),11,None,397,372,13,family,0.91,0.85,0.12,0.07,0.14,0.84,0.71,True,2,0,0,0
11038,95.9,0.92,Neural Network (Specific Model),11,None,2396,2245,1,kingdom,1.0,0.94,0.0,0.06,0.12,0.78,0.73,True,19,2,2,2
11064,8.89,0.12,Neural Network (Specific Model),11,None,360,310,1,kingdom,1.0,0.86,0.0,0.0,0.0,0.56,0.48,True,10,0,0,0
11262,15.37,1.0,Neural Network (Specific Model),11,None,332,255,16,phylum,0.93,0.71,0.04,0.27,0.7,0.53,0.38,True,1,0,0,0
11430,44.68,6.71,Neural Network (Specific Model),11,None,2882,2207,149,kingdom,1.0,0.77,0.21,0.02,0.04,0.52,0.39,True,16,0,0,0
11550,39.4,5.85,Neural Network (Specific Model),11,None,2208,2078,51,genus,0.7,0.65,0.15,0.19,0.49,0.7,0.46,True,13,2,3,2
12044,9.01,0.0,Neural Network (Specific Model),11,None,682,537,17,order,0.64,0.5,0.1,0.6,3.09,0.53,0.26,True,4,1,1,1
12085,52.1,11.68,Gradient Boost (General Model),11,None,3533,3151,96,genus,0.68,0.61,0.19,0.08,0.18,0.7,0.42,True,21,1,0,0
12255,23.61,0.15,Neural Network (Specific Model),11,None,482,437,15,family,0.76,0.69,0.15,0.37,1.3,0.6,0.41,True,13,1,1,1
12265,5.81,0.01,Neural Network (Specific Model),11,None,475,360,13,order,0.89,0.67,0.1,0.55,1.78,0.63,0.42,True,1,0,0,0
12270,99.11,6.63,Gradient Boost (General Model),11,None,3011,2836,9,phylum,0.91,0.86,0.18,0.04,0.09,0.65,0.56,True,23,1,1,1
12271,99.99,103.03,Neural Network (Specific Model),11,None,15218,12861,231,phylum,0.94,0.79,0.76,0.48,1.64,0.58,0.46,False,24,10,8,9
1322,17.46,3.36,Neural Network (Specific Model),11,None,1619,1090,67,phylum,0.77,0.52,0.09,0.66,4.51,0.52,0.27,True,5,0,0,0
1370,96.29,76.17,Gradient Boost (General Model),11,None,5448,4696,37,order,0.79,0.68,0.1,0.34,1.05,0.59,0.4,True,23,6,6,6
1392,59.55,4.77,Gradient Boost (General Model),11,None,2791,2549,101,phylum,0.96,0.87,0.36,0.04,0.09,0.72,0.63,True,14,0,2,1
1422,93.08,0.53,Gradient Boost (General Model),11,None,2164,2033,13,order,0.91,0.86,0.04,0.3,0.89,0.6,0.52,True,16,2,2,2
1429,43.95,2.56,Neural Network (Specific Model),11,None,2181,1784,106,phylum,0.9,0.74,0.23,0.23,0.64,0.6,0.44,True,17,1,0,0
1432,67.59,0.46,Gradient Boost (General Model),11,None,983,734,30,family,0.57,0.43,0.24,0.45,1.5,0.52,0.22,True,20,1,0,1
1433,80.35,2.19,Gradient Boost (General Model),11,None,1510,1323,36,phylum,0.95,0.83,0.08,0.33,0.99,0.52,0.43,True,21,1,1,1
1442,97.07,6.13,Gradient Boost (General Model),11,None,3654,3405,11,phylum,0.95,0.88,0.14,0.08,0.18,0.63,0.56,True,22,1,2,1
1454,97.72,0.18,Gradient Boost (General Model),11,None,3307,3001,13,phylum,0.94,0.85,0.15,0.04,0.08,0.63,0.54,True,22,2,2,2
1536,34.49,0.93,Neural Network (Specific Model),11,None,1844,1583,79,phylum,0.85,0.73,0.16,0.13,0.31,0.56,0.41,True,7,1,1,1
1539,24.45,1.19,Neural Network (Specific Model),11,None,1063,897,56,kingdom,1.0,0.84,0.18,0.03,0.07,0.54,0.45,True,10,0,0,0
1540,93.9,0.96,Gradient Boost (General Model),11,None,2174,2059,1,kingdom,1.0,0.94,0.0,0.0,0.0,0.65,0.62,True,22,1,1,1
1574,23.66,2.32,Neural Network (Specific Model),11,None,1554,1372,69,family,0.77,0.68,0.07,0.54,2.98,0.62,0.42,True,15,0,0,0
1575,94.9,4.58,Gradient Boost (General Model),11,None,1693,1491,12,genus,0.58,0.51,0.03,0.81,6.49,0.5,0.26,True,22,3,2,2
1631,19.58,1.74,Neural Network (Specific Model),11,None,1454,1212,91,phylum,0.87,0.72,0.18,0.03,0.06,0.57,0.41,True,13,0,0,0
1730,92.9,1.58,Gradient Boost (General Model),11,None,2334,1939,14,order,0.62,0.52,0.05,0.16,0.41,0.55,0.28,True,22,1,0,1
1731,60.66,3.99,Gradient Boost (General Model),11,None,2327,2000,55,phylum,0.89,0.76,0.17,0.45,1.49,0.53,0.4,True,21,3,3,3
1749,51.19,1.41,Gradient Boost (General Model),11,None,652,552,25,phylum,0.84,0.71,0.03,0.78,6.97,0.53,0.38,True,10,0,0,0
1768,58.25,3.33,Neural Network (Specific Model),11,None,1410,1350,101,kingdom,1.0,0.96,0.15,0.03,0.06,0.96,0.92,True,13,1,1,0
1909,71.44,3.83,Gradient Boost (General Model),11,None,1988,1749,36,phylum,0.9,0.79,0.11,0.04,0.07,0.56,0.44,True,16,1,2,2
1951,85.44,1.65,Neural Network (Specific Model),11,None,2300,2235,22,family,0.91,0.89,0.14,0.03,0.06,0.99,0.88,True,21,2,2,2
1985,100.0,13.24,Gradient Boost (General Model),11,None,2051,1918,5,class,0.93,0.87,0.01,0.17,0.42,0.62,0.54,True,22,2,2,2
1986,15.14,0.0,Neural Network (Specific Model),11,None,711,604,26,kingdom,1.0,0.85,0.11,0.03,0.06,0.53,0.45,True,13,0,0,0
2031,9.72,0.22,Neural Network (Specific Model),11,None,312,275,1,kingdom,1.0,0.88,0.0,0.04,0.08,0.53,0.47,True,5,0,0,0
2035,17.72,0.28,Neural Network (Specific Model),11,None,1117,932,56,kingdom,1.0,0.83,0.16,0.02,0.04,0.57,0.48,True,9,1,1,1
2066,95.63,7.73,Gradient Boost (General Model),11,None,2657,2481,20,phylum,0.93,0.87,0.05,0.05,0.1,0.57,0.5,True,23,2,2,2
2166,32.89,4.02,Neural Network (Specific Model),11,None,1579,1323,64,phylum,0.93,0.78,0.21,0.04,0.08,0.56,0.44,True,15,2,1,2
2284,95.25,1.34,Gradient Boost (General Model),11,None,677,610,3,phylum,0.87,0.78,0.12,0.04,0.07,0.63,0.5,True,21,1,1,1
2400,35.97,3.46,Neural Network (Specific Model),11,None,1686,1460,80,phylum,0.97,0.84,0.22,0.06,0.12,0.61,0.51,True,4,0,0,0
2563,76.57,0.59,Gradient Boost (General Model),11,None,1611,1516,11,class,0.9,0.85,0.12,0.02,0.05,0.9,0.77,True,18,1,1,1
2690,41.3,2.94,Gradient Boost (General Model),11,None,1614,1326,70,order,0.82,0.68,0.25,0.03,0.07,0.6,0.41,True,16,0,0,0
2695,59.15,4.74,Neural Network (Specific Model),11,None,3353,3078,125,phylum,0.95,0.88,0.24,0.06,0.12,0.7,0.61,True,22,1,1,1
2727,99.96,0.13,Gradient Boost (General Model),11,None,2131,2048,5,genus,0.63,0.6,0.03,0.09,0.2,0.65,0.39,True,22,3,3,3
2833,91.38,1.78,Gradient Boost (General Model),11,None,2189,2061,27,phylum,0.96,0.9,0.1,0.03,0.06,0.64,0.57,True,20,2,2,2
2860,92.21,0.51,Neural Network (Specific Model),11,None,2258,2153,18,kingdom,1.0,0.95,0.18,0.04,0.08,0.81,0.77,True,20,1,1,1
2888,65.75,5.98,Gradient Boost (General Model),11,None,2848,2418,98,phylum,0.91,0.77,0.08,0.03,0.07,0.55,0.42,True,18,1,1,1
2917,44.7,0.21,Gradient Boost (General Model),11,None,1105,961,47,phylum,0.93,0.81,0.16,0.05,0.11,0.58,0.47,True,11,0,0,0
2949,52.82,6.79,Gradient Boost (General Model),11,None,2430,2161,88,family,0.64,0.57,0.32,0.17,0.42,0.63,0.36,True,22,2,1,2
2959,93.84,0.21,Gradient Boost (General Model),11,None,661,578,1,kingdom,0.98,0.86,0.0,0.0,0.0,0.52,0.45,True,20,1,0,2
2966,6.46,0.03,Neural Network (Specific Model),4,None,604,382,40,phylum,0.73,0.46,0.13,0.71,5.21,0.52,0.24,True,1,0,0,0
3,96.48,2.89,Gradient Boost (General Model),11,None,2065,1981,16,family,0.91,0.87,0.11,0.05,0.1,0.96,0.84,True,22,2,0,2
3011,6.54,0.0,Neural Network (Specific Model),4,None,304,265,22,phylum,0.97,0.85,0.31,0.04,0.08,0.68,0.57,True,4,0,0,0
3016,28.55,1.31,Neural Network (Specific Model),11,None,1512,902,68,phylum,0.79,0.47,0.07,0.59,2.74,0.5,0.24,True,6,0,0,0
3040,76.57,6.59,Gradient Boost (General Model),11,None,3242,2894,73,class,0.83,0.74,0.2,0.04,0.09,0.69,0.51,True,19,0,0,0
3077,57.08,2.84,Neural Network (Specific Model),11,None,841,671,32,class,0.74,0.59,0.15,0.08,0.18,0.58,0.34,True,16,1,0,1
3098,55.56,2.65,Gradient Boost (General Model),11,None,1751,1507,96,phylum,0.8,0.69,0.14,0.48,2.3,0.52,0.36,True,13,1,1,1
3455,20.32,0.42,Neural Network (Specific Model),11,None,1121,983,59,phylum,0.95,0.83,0.35,0.04,0.07,0.6,0.5,True,6,0,0,0
3593,61.85,5.91,Gradient Boost (General Model),11,None,718,580,19,phylum,0.63,0.51,0.01,0.68,5.59,0.53,0.27,True,20,1,0,1
3715,39.5,0.34,Neural Network (Specific Model),11,None,3563,3006,207,phylum,0.84,0.71,0.21,0.24,0.68,0.6,0.43,True,12,1,1,1
3762,92.06,28.71,Gradient Boost (General Model),11,None,2986,2816,82,family,0.77,0.73,0.21,0.3,0.73,0.73,0.53,True,23,3,3,5
386,97.99,2.88,Gradient Boost (General Model),11,None,2893,2703,6,phylum,0.88,0.82,0.04,0.1,0.22,0.59,0.48,True,23,1,1,1
3958,64.64,3.12,Gradient Boost (General Model),11,None,2165,1963,104,order,0.75,0.68,0.3,0.1,0.22,0.61,0.41,True,17,4,3,3
414,60.01,0.34,Gradient Boost (General Model),11,None,1895,1695,126,phylum,0.95,0.85,0.19,0.19,0.47,0.64,0.54,True,18,1,1,2
4166,100.0,58.94,Gradient Boost (General Model),11,None,6785,6469,113,class,0.91,0.87,0.26,0.03,0.06,0.84,0.74,True,24,1,1,1
4177,45.71,0.22,Gradient Boost (General Model),11,None,997,865,73,kingdom,1.0,0.87,0.49,0.02,0.04,0.56,0.48,False,14,2,0,2
4215,91.67,1.47,Gradient Boost (General Model),11,None,3744,3221,6,phylum,0.85,0.73,0.01,0.29,0.88,0.58,0.42,True,23,1,0,1
4276,14.45,0.4,Neural Network (Specific Model),11,None,1126,847,48,genus,0.61,0.46,0.16,0.07,0.16,0.62,0.28,True,14,1,1,1
4312,9.53,0.41,Neural Network (Specific Model),11,None,321,286,1,kingdom,0.99,0.88,0.0,0.0,0.0,0.61,0.54,True,3,0,0,0
4413,19.95,1.29,Neural Network (Specific Model),11,None,1155,999,43,family,0.72,0.63,0.12,0.2,0.52,0.62,0.39,True,12,0,1,1
4574,92.65,2.21,Gradient Boost (General Model),11,None,2637,2475,23,family,0.83,0.78,0.06,0.34,1.15,0.62,0.48,True,22,4,4,4
4587,37.2,0.57,Neural Network (Specific Model),11,None,884,809,34,phylum,0.94,0.86,0.08,0.05,0.1,0.58,0.49,True,15,1,1,1
4616,68.37,3.57,Gradient Boost (General Model),11,None,1474,1349,13,phylum,0.93,0.85,0.07,0.26,0.7,0.56,0.48,True,20,1,1,1
4654,47.13,0.23,Neural Network (Specific Model),11,None,1291,1163,27,phylum,0.94,0.84,0.07,0.05,0.1,0.57,0.48,True,14,3,4,3
4695,15.57,0.44,Neural Network (Specific Model),11,None,1055,815,39,genus,0.57,0.44,0.24,0.21,0.58,0.57,0.25,True,5,1,0,1
4865,99.29,0.42,Neural Network (Specific Model),11,None,1751,1674,2,class,0.93,0.89,0.01,0.05,0.11,0.69,0.61,True,23,2,2,2
4894,90.45,1.43,Neural Network (Specific Model),11,None,2059,1992,11,order,0.95,0.92,0.38,0.02,0.04,0.96,0.89,True,22,3,0,3
4924,41.13,2.85,Gradient Boost (General Model),11,None,1772,1610,82,genus,0.68,0.62,0.15,0.3,0.93,0.62,0.38,True,19,1,1,1
4943,46.25,0.34,Neural Network (Specific Model),11,None,1167,1032,6,phylum,0.88,0.78,0.23,0.14,0.34,0.55,0.43,True,10,0,0,0
5166,83.2,9.14,Gradient Boost (General Model),11,None,2796,2487,85,phylum,0.9,0.8,0.46,0.03,0.06,0.56,0.45,False,22,5,3,3
5197,29.85,5.83,Neural Network (Specific Model),11,None,1417,1291,37,family,0.79,0.72,0.15,0.11,0.26,0.67,0.48,True,10,0,0,0
5331,57.91,1.17,Neural Network (Specific Model),11,None,1754,1667,46,order,0.94,0.89,0.26,0.04,0.08,0.78,0.7,True,23,2,2,2
5389,94.53,2.78,Gradient Boost (General Model),11,None,1589,1397,3,order,0.86,0.76,0.05,0.14,0.34,0.53,0.4,True,22,2,2,2
5637,99.72,0.02,Gradient Boost (General Model),11,None,1239,1115,5,phylum,0.96,0.86,0.02,0.19,0.45,0.55,0.47,True,22,2,0,2
5752,65.46,1.74,Gradient Boost (General Model),11,None,1605,1445,48,class,0.85,0.76,0.03,0.22,0.57,0.55,0.42,True,19,2,2,1
58,84.83,3.81,Gradient Boost (General Model),11,None,2065,1941,16,family,0.8,0.76,0.04,0.4,1.51,0.67,0.51,True,21,3,3,3
5969,7.97,0.12,Neural Network (Specific Model),11,None,422,367,22,class,0.83,0.72,0.14,0.03,0.05,0.63,0.45,True,4,0,0,0
6037,12.44,0.36,Neural Network (Specific Model),11,None,540,514,29,kingdom,1.0,0.95,0.0,0.0,0.0,0.84,0.8,True,1,0,0,0
6270,6.97,0.05,Neural Network (Specific Model),11,None,397,271,22,phylum,0.75,0.51,0.2,0.35,1.18,0.55,0.28,True,5,0,0,0
6479,22.48,0.62,Neural Network (Specific Model),11,None,747,690,31,class,0.94,0.87,0.31,0.03,0.07,0.76,0.66,True,7,0,0,0
6548,29.06,0.41,Neural Network (Specific Model),11,None,1338,1209,66,class,0.93,0.84,0.18,0.05,0.1,0.74,0.62,True,14,0,0,0
6696,58.77,2.59,Gradient Boost (General Model),11,None,1799,1544,22,order,0.87,0.75,0.07,0.22,0.58,0.6,0.45,True,21,1,1,1
6731,12.51,0.0,Neural Network (Specific Model),11,None,505,468,21,genus,0.7,0.65,0.14,0.1,0.24,0.68,0.44,True,5,0,0,0
6872,60.18,5.24,Gradient Boost (General Model),11,None,1418,1192,40,phylum,0.95,0.79,0.11,0.03,0.06,0.58,0.46,True,15,0,0,0
697,56.72,5.49,Gradient Boost (General Model),11,None,2853,2277,102,order,0.71,0.57,0.16,0.07,0.15,0.58,0.33,True,19,1,1,1
7020,24.55,0.75,Neural Network (Specific Model),11,None,1223,948,49,phylum,0.79,0.61,0.19,0.08,0.18,0.59,0.36,True,10,1,0,0
706,45.23,1.47,Gradient Boost (General Model),11,None,4526,3039,152,phylum,0.77,0.52,0.05,0.72,5.61,0.49,0.25,True,17,1,2,3
7265,9.21,0.01,Neural Network (Specific Model),11,None,323,183,1,kingdom,0.99,0.56,0.0,0.0,0.0,0.51,0.29,True,0,0,0,0
7353,19.75,0.01,Neural Network (Specific Model),11,None,698,636,28,phylum,0.96,0.87,0.19,0.03,0.07,0.6,0.52,True,4,0,0,0
7374,62.33,5.79,Gradient Boost (General Model),11,None,3431,2975,55,phylum,0.85,0.74,0.06,0.22,0.61,0.57,0.42,True,16,2,1,1
7396,51.04,1.09,Neural Network (Specific Model),11,None,1308,1212,3,kingdom,0.98,0.91,0.0,0.0,0.0,0.57,0.52,True,19,1,1,1
7747,9.26,0.17,Neural Network (Specific Model),11,None,251,235,3,phylum,0.92,0.86,0.03,0.05,0.1,0.56,0.48,True,7,0,0,0
7749,96.67,5.63,Gradient Boost (General Model),11,None,2386,2188,44,phylum,0.96,0.88,0.16,0.17,0.42,0.64,0.57,True,24,3,4,3
792,40.04,6.26,Neural Network (Specific Model),11,None,2004,1695,93,class,0.88,0.75,0.26,0.11,0.24,0.6,0.44,True,14,1,0,0
8077,81.11,3.02,Gradient Boost (General Model),11,None,1578,1429,6,phylum,0.86,0.78,0.01,0.03,0.07,0.56,0.43,True,17,2,2,2
8096,7.31,0.0,Neural Network (Specific Model),11,None,391,324,22,phylum,0.96,0.8,0.21,0.02,0.05,0.65,0.52,True,6,0,0,0
8120,93.4,67.63,Gradient Boost (General Model),11,None,5564,5074,64,class,0.88,0.8,0.12,0.05,0.11,0.65,0.52,True,22,6,6,7
8255,33.57,0.25,Neural Network (Specific Model),11,None,769,665,37,genus,0.48,0.42,0.08,0.74,5.2,0.52,0.22,True,2,0,0,0
8342,71.29,2.81,Gradient Boost (General Model),11,None,1357,1223,20,order,0.86,0.77,0.09,0.69,4.22,0.54,0.42,True,17,2,2,2
8347,10.45,0.0,Neural Network (Specific Model),11,None,631,413,36,class,0.66,0.43,0.06,0.74,5.21,0.51,0.22,True,2,1,0,0
8562,34.71,5.18,Neural Network (Specific Model),11,None,2208,1989,79,genus,0.45,0.41,0.12,0.15,0.36,0.6,0.24,True,14,1,1,1
9127,52.2,3.75,Gradient Boost (General Model),11,None,1740,1621,26,family,0.79,0.73,0.15,0.11,0.25,0.65,0.48,True,18,1,1,1
935,50.41,0.49,Gradient Boost (General Model),11,None,1192,1032,40,phylum,0.75,0.65,0.04,0.74,5.97,0.51,0.33,True,18,1,0,1
9695,5.57,0.01,Neural Network (Specific Model),11,None,432,165,6,kingdom,1.0,0.38,0.0,0.04,0.09,0.49,0.19,True,19,0,0,0
990,87.92,0.04,Neural Network (Specific Model),11,None,1784,1696,7,class,0.96,0.91,0.03,0.03,0.07,0.92,0.84,True,22,2,2,2
