,Completeness,Contamination,Completeness_Model_Used,Translation_Table_Used,Additional_Notes,n_genes_called,n_genes_mapped,n_contigs,taxonomic_level,proportion_genes_retained_in_major_clades,genes_retained_index,clade_separation_score,contamination_portion,n_effective_surplus_clades,mean_hit_identity,reference_representation_score,pass.GUNC,tRNA,16S,5S,23S
METADECODER.1,76.62,10.18,Neural Network (Specific Model),11,None,5434,5126,27,kingdom,1.0,0.94,0.0,0.0,0.0,0.88,0.83,True,21,4,6,4
METADECODER.10,9.86,0.09,Neural Network (Specific Model),11,None,764,698,44,genus,0.87,0.79,0.66,0.81,6.72,0.84,0.67,False,8,0,0,0
METADECODER.11,41.36,6.07,Neural Network (Specific Model),11,None,4919,4191,342,phylum,0.97,0.83,0.93,0.39,0.9,0.8,0.66,False,11,3,2,3
METADECODER.12,55.24,8.61,Neural Network (Specific Model),11,None,2388,2230,55,genus,0.87,0.81,0.51,0.2,0.53,0.92,0.75,False,18,2,2,2
METADECODER.13,84.09,1.23,Neural Network (Specific Model),11,None,3911,3753,17,family,0.94,0.9,0.23,0.1,0.21,0.94,0.85,True,22,2,2,2
METADECODER.14,46.23,4.79,Gradient Boost (General Model),11,None,8540,7995,23,kingdom,1.0,0.94,0.0,0.0,0.0,0.92,0.86,True,23,6,6,6
METADECODER.15,45.44,1.86,Neural Network (Specific Model),11,None,1653,1559,40,genus,0.9,0.85,0.1,0.2,0.48,0.92,0.78,True,18,2,2,1
METADECODER.16,86.21,4.0,Neural Network (Specific Model),11,None,2973,2795,36,genus,0.85,0.8,0.21,0.09,0.19,0.87,0.7,True,23,6,4,5
METADECODER.17,27.71,2.28,Neural Network (Specific Model),11,None,2875,2165,35,class,0.94,0.71,0.02,0.14,0.32,0.63,0.45,True,22,3,4,4
METADECODER.18,35.38,4.27,Neural Network (Specific Model),11,None,2235,1889,50,genus,0.76,0.64,0.07,0.31,0.97,0.73,0.46,True,20,1,2,2
METADECODER.19,24.9,0.02,Neural Network (Specific Model),11,None,1320,1199,12,class,0.93,0.84,0.14,0.03,0.07,0.78,0.65,True,19,4,4,4
METADECODER.2,96.04,4.67,Neural Network (Specific Model),11,None,5342,5142,36,genus,0.95,0.91,0.36,0.1,0.22,0.94,0.86,True,23,5,4,5
METADECODER.20,95.82,1.74,Neural Network (Specific Model),11,None,3692,3564,23,genus,0.93,0.9,0.31,0.05,0.1,0.92,0.83,True,23,1,1,1
METADECODER.21,95.05,2.77,Neural Network (Specific Model),11,None,4076,3943,8,genus,0.93,0.9,0.03,0.06,0.13,0.96,0.87,True,22,4,0,4
METADECODER.22,99.98,0.7,Neural Network (Specific Model),11,None,3542,3430,10,family,0.96,0.93,0.03,0.03,0.06,0.96,0.89,True,23,7,7,7
METADECODER.23,49.83,7.77,Neural Network (Specific Model),11,None,3581,3303,110,genus,0.78,0.72,0.37,0.66,4.08,0.84,0.61,True,14,1,1,1
METADECODER.24,78.41,7.78,Neural Network (Specific Model),11,None,3917,3733,81,genus,0.87,0.83,0.21,0.44,1.65,0.81,0.67,True,22,6,5,3
METADECODER.25,75.11,4.07,Gradient Boost (General Model),11,None,2435,2198,45,class,0.95,0.86,0.12,0.03,0.05,0.74,0.64,True,19,6,2,5
METADECODER.26,36.76,6.06,Neural Network (Specific Model),11,None,1886,1799,39,genus,0.85,0.81,0.46,0.52,2.21,0.92,0.75,False,13,4,1,3
METADECODER.27,84.03,1.88,Neural Network (Specific Model),11,None,1898,1814,40,kingdom,1.0,0.96,0.0,0.0,0.0,0.95,0.9,True,23,4,0,3
METADECODER.28,98.09,5.57,Gradient Boost (General Model),11,None,4040,3804,32,genus,0.93,0.88,0.27,0.04,0.08,0.96,0.84,True,24,5,3,5
METADECODER.29,86.28,3.52,Neural Network (Specific Model),11,None,3098,2972,15,genus,0.83,0.8,0.19,0.3,0.96,0.93,0.74,True,20,4,0,4
METADECODER.3,93.32,18.06,Neural Network (Specific Model),11,None,7105,6806,83,genus,0.94,0.9,0.44,0.02,0.05,0.94,0.85,True,23,3,4,3
METADECODER.30,67.03,4.37,Neural Network (Specific Model),11,None,2087,2001,46,genus,0.86,0.83,0.18,0.03,0.06,0.94,0.78,True,18,2,2,2
METADECODER.31,35.44,9.4,Neural Network (Specific Model),11,None,4241,3429,122,order,0.92,0.74,0.95,0.38,1.2,0.79,0.59,False,21,1,2,1
METADECODER.32,97.49,1.52,Gradient Boost (General Model),11,None,3154,3073,20,genus,0.91,0.88,0.29,0.05,0.1,0.96,0.85,True,22,3,0,3
METADECODER.33,98.44,4.49,Neural Network (Specific Model),11,None,4209,3985,42,family,0.93,0.88,0.23,0.06,0.12,0.93,0.82,True,22,5,5,5
METADECODER.34,77.27,0.75,Neural Network (Specific Model),11,None,2034,1906,39,kingdom,1.0,0.94,0.0,0.0,0.0,0.92,0.87,True,21,2,0,4
METADECODER.35,90.0,6.77,Neural Network (Specific Model),11,None,4199,4067,48,kingdom,1.0,0.97,0.0,0.0,0.0,0.95,0.92,True,20,4,3,4
METADECODER.36,9.46,0.03,Neural Network (Specific Model),11,None,523,464,14,genus,0.69,0.61,0.22,0.71,4.22,0.78,0.48,True,1,0,0,0
METADECODER.37,43.28,1.53,Gradient Boost (General Model),4,None,3281,3011,26,family,0.92,0.85,0.17,0.03,0.07,0.91,0.77,True,20,2,0,2
METADECODER.38,19.29,0.02,Neural Network (Specific Model),11,None,1056,1008,26,genus,0.82,0.79,0.21,0.11,0.26,0.87,0.68,True,6,0,0,1
METADECODER.39,29.54,0.38,Neural Network (Specific Model),11,None,967,879,31,class,0.95,0.86,0.08,0.03,0.05,0.73,0.63,True,11,0,0,0
METADECODER.4,35.01,3.06,Neural Network (Specific Model),11,None,3720,3314,100,kingdom,1.0,0.89,0.0,0.0,0.0,0.91,0.81,True,16,2,1,2
METADECODER.40,91.48,1.42,Neural Network (Specific Model),11,None,3198,3012,27,genus,0.86,0.81,0.16,0.09,0.19,0.95,0.77,True,21,3,0,3
METADECODER.41,99.99,1.64,Neural Network (Specific Model),11,None,3448,3169,10,family,0.96,0.88,0.06,0.05,0.1,0.94,0.83,True,22,4,0,4
METADECODER.42,96.95,0.09,Gradient Boost (General Model),11,None,2604,2553,4,family,0.93,0.91,0.01,0.23,0.6,0.93,0.84,True,21,5,5,6
METADECODER.43,42.99,5.18,Gradient Boost (General Model),4,None,5495,5034,61,genus,0.86,0.79,0.77,0.03,0.05,0.93,0.73,False,22,6,0,6
METADECODER.44,49.55,2.91,Gradient Boost (General Model),11,None,1768,1712,28,order,0.96,0.93,0.02,0.04,0.08,0.72,0.67,True,17,0,0,0
METADECODER.45,25.46,0.38,Neural Network (Specific Model),11,None,1055,974,20,order,0.97,0.9,0.07,0.03,0.05,0.72,0.64,True,7,1,0,0
METADECODER.46,24.53,0.89,Neural Network (Specific Model),11,None,955,909,31,genus,0.96,0.92,0.04,0.08,0.16,0.95,0.87,True,6,0,0,0
METADECODER.47,66.16,9.51,Neural Network (Specific Model),11,None,2431,2348,17,genus,0.86,0.83,0.53,0.26,0.73,0.97,0.8,False,17,4,1,3
METADECODER.48,100.0,0.09,Neural Network (Specific Model),11,None,3697,3320,31,family,0.94,0.84,1.0,0.29,0.7,0.92,0.77,False,25,7,7,7
METADECODER.49,64.45,0.54,Neural Network (Specific Model),11,None,1979,1823,10,genus,0.79,0.73,0.02,0.25,0.72,0.73,0.53,True,22,3,3,3
METADECODER.5,90.46,6.08,Neural Network (Specific Model),11,None,5297,5190,51,genus,0.93,0.91,0.82,0.03,0.07,0.99,0.89,False,23,8,9,8
METADECODER.50,27.89,4.31,Neural Network (Specific Model),11,None,1883,1687,63,genus,0.78,0.7,0.56,0.78,6.39,0.85,0.6,False,11,1,0,0
METADECODER.51,93.97,0.32,Neural Network (Specific Model),11,None,2947,2857,7,family,0.92,0.89,0.01,0.57,1.77,0.74,0.66,True,22,5,5,5
METADECODER.52,32.33,1.01,Neural Network (Specific Model),11,None,991,954,13,kingdom,1.0,0.96,0.0,0.0,0.0,0.95,0.91,True,6,0,0,0
METADECODER.53,99.99,3.07,Neural Network (Specific Model),11,None,3796,3630,13,family,0.93,0.89,0.05,0.06,0.12,0.93,0.82,True,22,5,5,5
METADECODER.54,56.17,4.08,Gradient Boost (General Model),11,None,6540,6090,53,phylum,0.99,0.92,0.22,0.03,0.05,0.92,0.85,True,23,5,6,5
METADECODER.55,12.05,1.56,Neural Network (Specific Model),11,None,617,592,11,family,0.97,0.93,0.19,0.15,0.36,0.92,0.85,True,5,1,3,3
METADECODER.56,95.56,0.49,Neural Network (Specific Model),11,None,3724,3628,9,kingdom,1.0,0.97,0.0,0.0,0.0,0.94,0.91,True,22,4,4,4
METADECODER.57,89.26,2.05,Neural Network (Specific Model),11,None,3756,3612,24,kingdom,1.0,0.96,0.0,0.0,0.0,0.95,0.92,True,23,2,5,5
METADECODER.58,53.98,0.74,Neural Network (Specific Model),11,None,1507,1413,30,genus,0.94,0.88,0.39,0.07,0.14,0.96,0.84,True,14,0,0,0
METADECODER.59,100.0,0.99,Neural Network (Specific Model),11,None,2938,2696,5,genus,0.84,0.77,0.22,0.04,0.09,0.95,0.73,True,23,6,6,6
METADECODER.6,47.44,7.63,Neural Network (Specific Model),11,None,6126,5331,432,phylum,0.98,0.85,0.97,0.33,0.79,0.84,0.72,False,18,9,4,6
METADECODER.60,34.98,8.82,Neural Network (Specific Model),11,None,1795,1630,19,genus,0.74,0.68,0.07,0.64,3.28,0.72,0.49,True,11,1,1,1
METADECODER.61,54.35,0.75,Neural Network (Specific Model),11,None,1907,1819,16,genus,0.8,0.76,0.06,0.66,3.17,0.72,0.55,True,15,0,0,0
METADECODER.62,72.42,7.62,Gradient Boost (General Model),11,None,3122,2699,33,class,0.97,0.84,0.07,0.31,0.81,0.65,0.55,True,23,4,3,4
METADECODER.63,14.49,6.08,Neural Network (Specific Model),11,None,1819,1640,25,genus,0.92,0.83,0.07,0.04,0.09,0.89,0.74,True,9,2,0,1
METADECODER.64,99.99,7.02,Neural Network (Specific Model),11,None,3186,3069,28,family,0.93,0.9,0.1,0.05,0.11,0.91,0.82,True,22,6,6,6
METADECODER.65,93.65,0.75,Neural Network (Specific Model),11,None,1971,1911,12,genus,0.9,0.88,0.08,0.02,0.05,0.95,0.83,True,23,3,3,3
METADECODER.66,58.31,3.26,Neural Network (Specific Model),11,None,2800,2635,26,genus,0.83,0.78,0.25,0.03,0.06,0.95,0.74,True,22,2,2,2
METADECODER.67,99.98,1.5,Neural Network (Specific Model),11,None,2872,2614,7,order,0.95,0.86,0.05,0.22,0.52,0.94,0.81,True,22,7,1,7
METADECODER.68,26.87,0.32,Neural Network (Specific Model),11,None,918,799,22,genus,0.65,0.56,0.17,0.22,0.62,0.73,0.41,True,5,0,0,0
METADECODER.69,35.78,2.34,Neural Network (Specific Model),4,None,4568,4191,18,genus,0.89,0.82,0.24,0.04,0.08,0.9,0.74,True,23,5,4,4
METADECODER.7,77.35,7.48,Neural Network (Specific Model),11,None,5591,5263,72,genus,0.79,0.74,0.17,0.15,0.35,0.89,0.66,True,23,3,0,2
METADECODER.70,12.92,0.04,Neural Network (Specific Model),11,None,465,394,13,genus,0.86,0.73,0.69,0.1,0.22,0.9,0.65,False,3,0,0,0
METADECODER.71,98.8,0.78,Gradient Boost (General Model),11,None,2789,2689,3,family,0.87,0.84,1.0,0.07,0.15,0.96,0.8,False,23,5,5,5
METADECODER.72,24.14,5.22,Neural Network (Specific Model),11,None,1182,1132,12,kingdom,1.0,0.96,0.0,0.0,0.0,0.91,0.87,True,9,0,0,0
METADECODER.73,10.55,0.09,Neural Network (Specific Model),11,None,784,722,15,genus,0.8,0.73,0.18,0.23,0.64,0.85,0.63,True,3,0,0,0
METADECODER.74,98.29,3.64,Gradient Boost (General Model),11,None,4254,4019,6,genus,0.81,0.76,0.04,0.06,0.12,0.95,0.72,True,23,9,5,9
METADECODER.75,13.13,1.73,Neural Network (Specific Model),11,None,734,671,15,genus,0.89,0.81,0.15,0.06,0.13,0.95,0.77,True,4,0,0,0
METADECODER.76,100.0,1.31,Neural Network (Specific Model),11,None,4191,4017,5,kingdom,1.0,0.96,0.0,0.0,0.0,0.93,0.89,True,22,7,7,7
METADECODER.77,90.59,0.23,Neural Network (Specific Model),11,None,2812,2733,10,family,0.94,0.91,0.04,0.04,0.08,0.95,0.86,True,23,5,5,5
METADECODER.78,99.13,0.29,Gradient Boost (General Model),11,None,2266,2174,2,family,0.95,0.91,0.04,0.12,0.27,0.91,0.83,True,22,3,0,3
METADECODER.8,27.9,5.12,Neural Network (Specific Model),11,None,1741,1567,49,genus,0.88,0.79,0.48,0.3,0.94,0.9,0.71,False,11,1,2,2
METADECODER.9,60.39,6.38,Neural Network (Specific Model),11,None,5722,5296,149,kingdom,1.0,0.93,0.0,0.0,0.0,0.89,0.82,True,20,3,2,3
