,Completeness,Contamination,Completeness_Model_Used,Translation_Table_Used,Additional_Notes,n_genes_called,n_genes_mapped,n_contigs,taxonomic_level,proportion_genes_retained_in_major_clades,genes_retained_index,clade_separation_score,contamination_portion,n_effective_surplus_clades,mean_hit_identity,reference_representation_score,pass.GUNC,tRNA,16S,5S,23S
Metabat2.1,100.0,32.3,Neural Network (Specific Model),11,None,4635,4534,3,family,0.95,0.93,0.02,0.22,0.57,0.83,0.77,True,23,7,4,7
Metabat2.10,66.09,0.05,Neural Network (Specific Model),11,None,2494,2415,4,family,0.96,0.93,0.13,0.08,0.17,0.97,0.9,True,21,5,5,5
Metabat2.11,61.23,0.42,Neural Network (Specific Model),11,None,1335,1281,9,class,0.96,0.92,0.3,0.02,0.04,0.96,0.88,True,12,2,2,2
Metabat2.12,15.52,0.0,Neural Network (Specific Model),11,None,578,545,17,genus,0.87,0.82,0.32,0.29,0.85,0.91,0.74,True,6,1,0,1
Metabat2.13,6.85,0.0,Neural Network (Specific Model),11,None,313,309,12,family,0.98,0.96,0.03,0.08,0.17,0.97,0.93,True,1,0,0,0
Metabat2.14,99.99,0.09,Neural Network (Specific Model),11,None,2536,2439,3,class,0.98,0.94,0.01,0.25,0.59,0.94,0.88,True,22,7,7,7
Metabat2.15,37.66,0.07,Neural Network (Specific Model),11,None,686,681,10,kingdom,1.0,0.99,0.0,0.0,0.0,0.95,0.95,True,19,8,7,8
Metabat2.16,24.32,0.06,Neural Network (Specific Model),11,None,992,959,3,genus,0.95,0.92,0.26,0.03,0.07,0.93,0.86,True,17,3,3,3
Metabat2.17,6.6,0.01,Neural Network (Specific Model),11,None,332,309,4,genus,0.71,0.66,0.08,0.52,2.72,0.84,0.55,True,0,0,0,0
Metabat2.18,99.96,1.95,Neural Network (Specific Model),11,None,3835,3749,4,genus,0.85,0.83,0.03,0.16,0.4,0.95,0.79,True,23,8,8,8
Metabat2.19,52.02,0.8,Neural Network (Specific Model),11,None,760,715,5,kingdom,1.0,0.94,0.0,0.0,0.0,0.96,0.91,True,17,2,0,2
Metabat2.2,29.02,3.31,Neural Network (Specific Model),11,None,735,727,18,kingdom,1.0,0.99,0.0,0.0,0.0,0.96,0.95,True,11,2,2,2
Metabat2.20,59.08,0.06,Neural Network (Specific Model),11,None,2389,2307,14,family,0.94,0.91,0.03,0.32,0.9,0.8,0.72,True,17,3,2,3
Metabat2.21,84.48,4.24,Neural Network (Specific Model),11,None,4667,4484,56,family,0.91,0.87,0.08,0.16,0.4,0.86,0.75,True,23,5,0,5
Metabat2.22,99.7,1.46,Neural Network (Specific Model),11,None,2758,2696,2,kingdom,1.0,0.98,0.0,0.0,0.0,0.95,0.93,True,22,6,0,6
Metabat2.23,65.61,3.0,Neural Network (Specific Model),11,None,3145,2986,21,family,0.92,0.87,0.16,0.04,0.09,0.95,0.83,True,20,4,4,4
Metabat2.24,53.35,0.59,Neural Network (Specific Model),11,None,1497,1463,36,kingdom,1.0,0.98,0.0,0.0,0.0,0.95,0.93,True,15,3,3,3
Metabat2.25,59.36,11.53,Neural Network (Specific Model),11,None,2142,2084,7,class,0.99,0.96,0.01,0.03,0.05,0.78,0.75,True,21,5,4,5
Metabat2.26,28.86,0.27,Neural Network (Specific Model),11,None,680,665,7,kingdom,1.0,0.98,0.0,0.0,0.0,0.94,0.92,True,16,2,2,2
Metabat2.27,60.81,0.52,Neural Network (Specific Model),11,None,2453,2366,6,family,0.96,0.92,0.02,0.33,0.98,0.79,0.73,True,15,3,3,2
Metabat2.28,23.56,0.46,Neural Network (Specific Model),11,None,1120,1054,5,family,0.94,0.89,0.03,0.07,0.14,0.94,0.83,True,15,1,1,1
Metabat2.29,62.41,0.82,Neural Network (Specific Model),11,None,2174,2113,43,kingdom,1.0,0.97,0.0,0.0,0.0,0.95,0.92,True,20,4,0,4
Metabat2.3,20.4,0.18,Neural Network (Specific Model),11,None,746,696,13,genus,0.9,0.84,0.4,0.09,0.2,0.9,0.76,True,3,0,0,0
Metabat2.30,31.41,0.06,Neural Network (Specific Model),11,None,1124,1085,2,family,0.96,0.93,0.02,0.09,0.19,0.96,0.89,True,13,1,1,1
Metabat2.31,9.29,0.01,Neural Network (Specific Model),11,None,412,379,6,genus,0.87,0.8,0.32,0.35,1.22,0.89,0.71,True,5,2,0,2
Metabat2.32,100.0,1.79,Neural Network (Specific Model),11,None,3965,3810,1,kingdom,1.0,0.96,0.0,0.0,0.0,0.9,0.87,True,22,6,0,6
Metabat2.33,57.45,0.94,Neural Network (Specific Model),11,None,1847,1789,7,family,0.97,0.94,0.02,0.29,0.85,0.79,0.75,True,21,6,6,6
Metabat2.34,69.09,0.11,Neural Network (Specific Model),11,None,2350,2267,4,family,0.96,0.93,0.05,0.06,0.12,0.92,0.85,True,17,3,3,3
Metabat2.35,11.31,0.02,Neural Network (Specific Model),11,None,300,295,6,kingdom,1.0,0.98,0.0,0.0,0.0,0.93,0.91,True,8,1,0,0
Metabat2.36,40.56,7.21,Neural Network (Specific Model),11,None,2246,2156,68,kingdom,1.0,0.96,0.0,0.0,0.0,0.94,0.9,True,16,3,3,3
Metabat2.37,27.92,0.03,Neural Network (Specific Model),11,None,906,881,12,kingdom,1.0,0.97,0.0,0.0,0.0,0.97,0.94,True,6,1,1,1
Metabat2.38,7.2,0.0,Neural Network (Specific Model),11,None,324,284,11,genus,0.93,0.81,0.49,0.13,0.31,0.89,0.72,False,0,0,0,0
Metabat2.39,87.25,0.2,Neural Network (Specific Model),11,None,3600,3467,2,family,0.97,0.93,0.03,0.07,0.15,0.96,0.89,True,22,7,8,7
Metabat2.4,99.86,0.06,Neural Network (Specific Model),11,None,2881,2835,3,genus,0.82,0.81,0.04,0.07,0.15,0.96,0.77,True,22,5,0,5
Metabat2.40,85.25,1.72,Neural Network (Specific Model),11,None,4893,4661,28,kingdom,1.0,0.95,0.0,0.0,0.0,0.92,0.88,True,23,6,6,6
Metabat2.41,13.66,0.0,Neural Network (Specific Model),11,None,300,284,10,kingdom,1.0,0.95,0.0,0.0,0.0,0.93,0.88,True,6,0,0,0
Metabat2.42,15.47,0.11,Neural Network (Specific Model),11,None,462,258,1,kingdom,0.99,0.55,0.0,0.0,0.0,0.44,0.24,True,19,0,0,0
Metabat2.43,35.44,0.6,Neural Network (Specific Model),11,None,1248,1183,1,kingdom,1.0,0.95,0.0,0.0,0.0,0.76,0.72,True,14,0,0,0
Metabat2.44,92.67,4.79,Gradient Boost (General Model),11,None,3721,3600,11,family,0.94,0.91,0.13,0.02,0.05,0.96,0.88,True,22,4,3,4
Metabat2.45,99.98,0.02,Neural Network (Specific Model),11,None,2047,1996,1,kingdom,1.0,0.98,0.0,0.0,0.0,0.93,0.91,True,22,6,6,6
Metabat2.46,83.61,1.35,Neural Network (Specific Model),11,None,3649,3491,3,family,0.93,0.89,0.02,0.1,0.23,0.94,0.84,True,22,7,7,7
Metabat2.47,14.2,0.16,Neural Network (Specific Model),11,None,607,585,2,kingdom,1.0,0.96,0.0,0.0,0.0,0.95,0.92,True,9,0,0,0
Metabat2.48,99.99,0.34,Neural Network (Specific Model),11,None,3645,3580,3,family,0.96,0.94,0.01,0.03,0.07,0.96,0.91,True,22,4,5,4
Metabat2.49,90.77,0.09,Neural Network (Specific Model),11,None,3705,3613,3,kingdom,1.0,0.98,0.0,0.0,0.0,0.94,0.91,True,22,5,5,5
Metabat2.5,99.98,0.19,Neural Network (Specific Model),11,None,1947,1897,1,kingdom,1.0,0.97,0.0,0.0,0.0,0.93,0.91,True,22,4,0,4
Metabat2.50,73.85,18.35,Neural Network (Specific Model),11,None,3446,3311,4,class,0.98,0.94,0.01,0.02,0.04,0.78,0.73,True,23,9,10,10
Metabat2.51,75.57,0.73,Gradient Boost (General Model),11,None,2006,1940,1,kingdom,1.0,0.97,0.0,0.0,0.0,0.72,0.69,True,21,7,7,7
Metabat2.52,99.45,0.15,Neural Network (Specific Model),11,None,3491,3355,1,kingdom,1.0,0.96,0.0,0.0,0.0,0.81,0.78,True,22,7,7,7
Metabat2.53,12.67,0.0,Neural Network (Specific Model),11,None,638,617,1,kingdom,1.0,0.97,0.0,0.0,0.0,0.94,0.9,True,3,0,0,0
Metabat2.54,6.04,0.06,Neural Network (Specific Model),11,None,371,368,1,kingdom,1.0,0.99,0.0,0.0,0.0,0.97,0.96,True,0,0,0,0
Metabat2.55,78.87,102.69,Neural Network (Specific Model),11,None,10825,10600,70,genus,0.94,0.92,0.03,0.5,1.61,0.87,0.8,True,24,39,42,37
Metabat2.56,12.99,0.3,Neural Network (Specific Model),11,None,592,569,2,family,0.93,0.89,0.15,0.09,0.21,0.95,0.85,True,10,2,2,2
Metabat2.57,21.48,0.02,Neural Network (Specific Model),11,None,467,429,3,class,0.98,0.9,0.1,0.07,0.14,0.93,0.84,True,12,1,0,1
Metabat2.58,22.15,0.01,Neural Network (Specific Model),11,None,615,581,2,class,0.98,0.93,0.07,0.05,0.11,0.91,0.85,True,4,1,0,1
Metabat2.59,59.54,0.19,Neural Network (Specific Model),11,None,1826,1773,2,kingdom,1.0,0.97,0.0,0.0,0.0,0.94,0.91,True,17,2,2,2
Metabat2.6,5.57,0.34,Neural Network (Specific Model),11,None,203,179,5,family,0.92,0.81,0.16,0.54,1.4,0.88,0.71,True,0,0,0,0
Metabat2.60,97.09,0.29,Gradient Boost (General Model),11,None,3189,2975,2,genus,0.69,0.65,0.01,0.3,0.91,0.75,0.49,True,23,7,7,7
Metabat2.7,100.0,0.76,Neural Network (Specific Model),11,None,2001,1842,1,kingdom,1.0,0.92,0.0,0.0,0.0,0.93,0.86,True,23,5,0,5
Metabat2.8,99.99,0.38,Neural Network (Specific Model),11,None,2982,2810,1,kingdom,1.0,0.94,0.0,0.0,0.0,0.91,0.86,True,23,5,0,5
Metabat2.9,7.99,0.05,Neural Network (Specific Model),11,None,383,374,7,genus,0.81,0.79,0.17,0.79,5.99,0.95,0.75,True,0,0,0,0
