,Completeness,Contamination,Completeness_Model_Used,Translation_Table_Used,Additional_Notes,n_genes_called,n_genes_mapped,n_contigs,taxonomic_level,proportion_genes_retained_in_major_clades,genes_retained_index,clade_separation_score,contamination_portion,n_effective_surplus_clades,mean_hit_identity,reference_representation_score,pass.GUNC,tRNA,16S,5S,23S
10,10.65,0.0,Neural Network (Specific Model),11,None,410,397,12,family,0.96,0.93,0.05,0.03,0.07,0.97,0.91,True,5,0,0,0
100,99.99,22.96,Neural Network (Specific Model),11,None,3674,3551,31,family,0.94,0.91,0.02,0.08,0.18,0.91,0.83,True,11,7,7,7
107,99.89,1.78,Neural Network (Specific Model),11,None,3005,2943,3,family,0.94,0.92,0.03,0.18,0.43,0.95,0.88,True,22,6,0,6
108,100.0,0.5,Neural Network (Specific Model),11,None,3634,3511,3,family,0.93,0.9,0.01,0.14,0.32,0.94,0.85,True,0,7,7,7
109,6.61,0.03,Neural Network (Specific Model),11,None,214,212,6,order,1.0,0.99,0.1,0.26,0.68,0.97,0.96,True,1,0,0,0
11,99.17,62.75,Gradient Boost (General Model),11,None,6191,6007,68,family,0.95,0.93,0.12,0.14,0.34,0.95,0.88,True,22,18,9,18
116,97.89,117.63,Neural Network (Specific Model),11,None,37481,36024,54,phylum,0.99,0.96,0.95,0.22,0.53,0.92,0.88,False,23,57,48,57
117,6.04,0.01,Neural Network (Specific Model),11,None,304,293,4,class,0.95,0.92,0.06,0.05,0.11,0.79,0.72,True,1,0,0,0
119,5.27,0.0,Neural Network (Specific Model),11,None,234,230,7,family,0.93,0.91,0.03,0.06,0.13,0.91,0.83,True,5,1,0,1
12,77.48,0.94,Neural Network (Specific Model),11,None,3586,3373,54,class,0.98,0.92,0.22,0.06,0.14,0.94,0.87,True,14,3,4,4
124,85.07,22.82,Neural Network (Specific Model),11,None,6484,6280,112,genus,0.86,0.83,0.29,0.41,1.06,0.91,0.75,True,20,6,5,7
125,9.1,0.53,Neural Network (Specific Model),11,None,421,332,2,class,0.92,0.73,0.05,0.05,0.1,0.71,0.52,True,0,0,0,0
130,51.01,1.39,Neural Network (Specific Model),11,None,2077,2018,38,genus,0.87,0.85,0.21,0.09,0.2,0.96,0.81,True,7,6,6,6
131,7.51,0.03,Neural Network (Specific Model),11,None,280,275,1,kingdom,1.0,0.98,0.0,0.0,0.0,0.87,0.86,True,1,0,0,0
138,99.66,0.02,Neural Network (Specific Model),11,None,2704,2569,4,genus,0.86,0.82,0.01,0.03,0.06,0.98,0.8,True,16,5,1,5
139,3.89,0.06,Neural Network (Specific Model),11,None,248,222,1,kingdom,1.0,0.9,0.0,0.0,0.0,0.86,0.77,True,0,0,0,0
142,100.0,100.52,Neural Network (Specific Model),11,None,6201,5902,15,genus,0.93,0.88,0.98,0.3,0.73,0.93,0.82,False,24,12,4,12
151,99.95,0.26,Neural Network (Specific Model),11,None,2836,2772,3,family,0.96,0.94,0.01,0.07,0.16,0.93,0.87,True,23,6,6,6
155,61.53,4.29,Neural Network (Specific Model),11,None,2290,2252,5,family,0.96,0.95,0.02,0.06,0.12,0.95,0.9,True,19,1,0,1
156,100.0,1.42,Neural Network (Specific Model),11,None,3274,3195,1,kingdom,1.0,0.98,0.0,0.0,0.0,0.95,0.93,True,22,4,0,4
169,99.99,0.02,Neural Network (Specific Model),11,None,2312,2222,1,kingdom,1.0,0.96,0.0,0.0,0.0,0.96,0.92,True,23,7,7,7
17,10.99,0.03,Neural Network (Specific Model),11,None,326,315,13,class,0.97,0.94,0.18,0.02,0.05,0.76,0.71,True,0,1,1,1
171,99.98,0.24,Neural Network (Specific Model),11,None,2509,2361,2,genus,0.91,0.86,0.01,0.19,0.45,0.96,0.83,True,22,7,0,7
175,100.0,0.92,Neural Network (Specific Model),11,None,5070,5027,1,kingdom,1.0,0.99,0.0,0.0,0.0,0.98,0.97,True,0,8,9,8
179,100.0,1.24,Neural Network (Specific Model),11,None,3322,3101,2,genus,0.78,0.73,0.05,0.03,0.07,0.95,0.7,True,24,6,6,6
2,96.37,11.59,Neural Network (Specific Model),11,None,2466,2426,33,genus,0.94,0.92,0.05,0.54,1.8,0.86,0.79,True,22,7,8,7
20,5.11,0.65,Neural Network (Specific Model),11,None,291,289,7,genus,0.76,0.76,0.26,0.85,9.45,0.97,0.73,True,3,0,0,0
200,8.2,0.02,Neural Network (Specific Model),11,None,480,445,1,kingdom,1.0,0.93,0.0,0.0,0.0,0.88,0.81,True,0,0,0,0
201,91.56,0.23,Neural Network (Specific Model),11,None,2792,2724,1,kingdom,1.0,0.98,0.0,0.0,0.0,0.93,0.91,True,22,5,0,5
205,6.09,0.0,Neural Network (Specific Model),11,None,328,231,1,kingdom,1.0,0.7,0.0,0.0,0.0,0.8,0.57,True,0,2,2,2
22,95.18,1.03,Gradient Boost (General Model),11,None,2954,2888,11,family,0.95,0.93,0.04,0.09,0.19,0.96,0.89,True,9,6,0,6
23,72.78,0.15,Neural Network (Specific Model),11,None,2581,2487,35,family,0.96,0.92,0.12,0.02,0.05,0.93,0.86,True,18,3,0,3
236,97.23,41.86,Neural Network (Specific Model),11,None,5015,4900,45,family,0.95,0.93,0.19,0.02,0.04,0.95,0.88,True,20,5,0,5
237,8.74,0.05,Neural Network (Specific Model),11,None,356,179,3,order,0.87,0.44,0.53,0.25,0.66,0.55,0.24,False,8,0,0,0
238,91.31,0.57,Neural Network (Specific Model),11,None,3016,2900,13,family,0.93,0.9,0.13,0.09,0.19,0.95,0.86,True,24,5,0,5
239,95.23,102.97,Neural Network (Specific Model),11,None,10414,10130,72,genus,0.85,0.83,0.09,0.39,1.4,0.83,0.68,True,20,19,14,19
24,98.06,0.85,Gradient Boost (General Model),11,None,2948,2754,2,kingdom,1.0,0.93,0.0,0.0,0.0,0.76,0.71,True,0,7,6,7
240,27.36,2.63,Neural Network (Specific Model),11,None,1136,1110,24,genus,0.86,0.84,0.2,0.06,0.13,0.96,0.81,True,6,4,0,4
241,9.82,1.87,Neural Network (Specific Model),11,None,374,367,9,genus,0.95,0.93,0.03,0.02,0.05,0.96,0.9,True,0,2,0,2
245,6.82,0.0,Neural Network (Specific Model),11,None,303,288,6,family,0.93,0.88,0.12,0.5,1.4,0.83,0.73,True,0,0,0,0
247,9.98,0.33,Neural Network (Specific Model),11,None,772,716,14,genus,0.78,0.72,0.21,0.43,1.76,0.89,0.64,True,13,0,0,1
248,99.71,10.23,Neural Network (Specific Model),11,None,2924,2847,17,family,0.94,0.92,0.01,0.05,0.1,0.94,0.86,True,5,7,7,7
249,6.3,0.11,Neural Network (Specific Model),11,None,260,255,8,genus,0.79,0.78,0.17,0.21,0.57,0.89,0.69,True,3,0,0,0
26,99.84,99.27,Neural Network (Specific Model),11,None,6591,6445,17,genus,0.81,0.79,0.05,0.07,0.15,0.97,0.77,True,23,12,12,12
29,98.33,0.47,Gradient Boost (General Model),11,None,3015,2961,6,family,0.93,0.92,0.05,0.17,0.43,0.94,0.86,True,20,5,5,5
3,96.36,41.4,Gradient Boost (General Model),11,None,5897,5737,45,genus,0.87,0.85,0.1,0.17,0.45,0.93,0.79,True,14,7,3,7
34,36.8,2.81,Neural Network (Specific Model),11,None,1104,1058,1,kingdom,1.0,0.96,0.0,0.0,0.0,0.78,0.75,True,10,5,5,5
35,19.09,0.14,Neural Network (Specific Model),11,None,530,479,15,family,0.86,0.78,0.06,0.59,2.69,0.63,0.49,True,12,1,1,2
39,8.05,0.12,Neural Network (Specific Model),11,None,357,343,14,kingdom,1.0,0.96,0.0,0.0,0.0,0.96,0.92,True,4,0,0,0
4,83.6,2.56,Neural Network (Specific Model),11,None,2666,2581,34,genus,0.86,0.83,0.25,0.09,0.2,0.95,0.79,True,18,3,3,3
41,88.53,0.28,Neural Network (Specific Model),11,None,2563,2452,6,genus,0.73,0.7,0.05,0.55,2.1,0.77,0.54,True,20,1,1,1
44,99.99,0.29,Neural Network (Specific Model),11,None,2570,2529,2,family,0.97,0.96,0.02,0.05,0.11,0.97,0.93,True,2,5,0,5
5,36.48,1.88,Neural Network (Specific Model),11,None,1694,1669,51,genus,0.91,0.9,0.04,0.13,0.28,0.99,0.89,True,15,2,4,3
58,99.97,0.96,Neural Network (Specific Model),11,None,3130,3037,9,kingdom,1.0,0.97,0.0,0.0,0.0,0.95,0.92,True,22,7,8,7
6,49.83,2.09,Neural Network (Specific Model),11,None,1913,1852,43,class,0.99,0.96,0.15,0.03,0.06,0.94,0.9,True,10,3,2,3
66,99.03,0.07,Gradient Boost (General Model),11,None,2919,2848,2,genus,0.79,0.77,0.02,0.14,0.34,0.94,0.72,True,23,6,5,6
7,99.94,4.1,Neural Network (Specific Model),11,None,2097,2040,20,kingdom,1.0,0.97,0.0,0.0,0.0,0.95,0.93,True,18,3,3,3
75,99.86,45.79,Neural Network (Specific Model),11,None,7123,6793,87,genus,0.81,0.77,0.2,0.08,0.18,0.94,0.72,True,14,2,2,2
85,99.83,0.41,Neural Network (Specific Model),11,None,2852,2570,4,order,0.92,0.83,0.01,0.04,0.08,0.68,0.57,True,21,4,4,4
87,100.0,0.32,Gradient Boost (General Model),11,None,2250,2198,1,kingdom,1.0,0.98,0.0,0.0,0.0,0.94,0.92,True,23,5,5,5
92,99.99,98.45,Neural Network (Specific Model),11,None,11185,10962,53,family,0.95,0.93,0.15,0.02,0.05,0.96,0.89,True,6,9,9,9
94,61.31,8.22,Gradient Boost (General Model),11,None,1425,1371,46,family,0.98,0.94,0.85,0.06,0.12,0.95,0.89,False,20,12,11,12
95,99.04,0.06,Gradient Boost (General Model),11,None,2295,2214,1,kingdom,1.0,0.96,0.0,0.0,0.0,0.93,0.89,True,22,4,0,4
99,49.93,0.18,Gradient Boost (General Model),11,None,1082,1045,27,family,0.93,0.9,0.12,0.03,0.07,0.94,0.85,True,14,3,0,3
