,Completeness,Contamination,Completeness_Model_Used,Translation_Table_Used,Additional_Notes,n_genes_called,n_genes_mapped,n_contigs,taxonomic_level,proportion_genes_retained_in_major_clades,genes_retained_index,clade_separation_score,contamination_portion,n_effective_surplus_clades,mean_hit_identity,reference_representation_score,pass.GUNC,tRNA,16S,5S,23S
Metabat2.1,6.94,0.0,Neural Network (Specific Model),11,None,230,184,1,kingdom,1.0,0.8,0.0,0.0,0.0,0.68,0.55,True,0,0,0,0
Metabat2.10,99.72,0.29,Neural Network (Specific Model),11,None,1596,1563,2,kingdom,1.0,0.98,0.0,0.0,0.0,0.93,0.91,True,22,4,4,4
Metabat2.100,37.06,0.95,Neural Network (Specific Model),11,None,1294,1251,15,kingdom,1.0,0.97,0.0,0.0,0.0,0.93,0.9,True,15,4,4,4
Metabat2.101,34.18,1.01,Neural Network (Specific Model),11,None,1211,1182,1,kingdom,1.0,0.98,0.0,0.0,0.0,0.95,0.92,True,13,1,1,1
Metabat2.102,34.01,0.08,Neural Network (Specific Model),11,None,1127,1064,26,genus,0.92,0.87,0.34,0.03,0.06,0.97,0.84,True,13,1,0,0
Metabat2.103,99.97,1.27,Neural Network (Specific Model),11,None,2738,2642,2,kingdom,1.0,0.96,0.0,0.0,0.0,0.91,0.87,True,22,6,6,6
Metabat2.104,23.9,0.01,Neural Network (Specific Model),11,None,1065,1044,7,family,0.96,0.94,0.13,0.15,0.35,0.98,0.92,True,18,4,0,4
Metabat2.105,9.24,0.01,Neural Network (Specific Model),11,None,254,237,7,genus,0.87,0.81,0.52,0.24,0.63,0.92,0.75,False,1,0,0,0
Metabat2.106,18.71,0.07,Neural Network (Specific Model),11,None,638,593,10,family,0.94,0.87,0.26,0.17,0.42,0.87,0.76,True,9,1,0,1
Metabat2.107,35.54,0.32,Neural Network (Specific Model),11,None,1046,1009,30,family,0.93,0.9,0.11,0.03,0.06,0.93,0.84,True,14,2,2,2
Metabat2.108,55.1,8.74,Neural Network (Specific Model),11,None,1892,1840,25,genus,0.87,0.85,0.03,0.41,1.48,0.79,0.67,True,23,6,2,6
Metabat2.109,48.14,3.71,Neural Network (Specific Model),11,None,1695,1646,27,kingdom,1.0,0.97,0.0,0.0,0.0,0.96,0.94,True,18,3,3,3
Metabat2.11,10.71,0.01,Neural Network (Specific Model),11,None,476,464,2,genus,0.81,0.79,0.02,0.45,1.9,0.84,0.66,True,1,0,0,0
Metabat2.110,54.09,0.26,Neural Network (Specific Model),11,None,1665,1615,3,family,0.94,0.91,0.02,0.02,0.05,0.95,0.86,True,14,1,1,1
Metabat2.111,8.98,0.0,Neural Network (Specific Model),11,None,323,259,6,genus,0.71,0.57,0.2,0.23,0.63,0.85,0.48,True,0,0,0,0
Metabat2.112,36.19,1.1,Neural Network (Specific Model),11,None,1423,1344,4,class,0.99,0.93,0.4,0.05,0.09,0.9,0.84,True,15,1,1,1
Metabat2.113,17.72,0.01,Neural Network (Specific Model),11,None,765,750,18,genus,0.9,0.88,0.3,0.04,0.07,0.99,0.87,True,9,1,1,1
Metabat2.114,8.72,6.82,Neural Network (Specific Model),11,None,202,195,2,phylum,0.99,0.96,0.09,0.03,0.06,0.92,0.88,True,0,0,0,0
Metabat2.115,55.23,1.21,Neural Network (Specific Model),11,None,1678,1640,27,genus,0.87,0.85,0.08,0.06,0.12,0.85,0.72,True,20,4,1,4
Metabat2.116,30.72,0.0,Neural Network (Specific Model),11,None,786,771,7,genus,0.95,0.94,0.53,0.04,0.08,0.97,0.91,False,13,1,1,1
Metabat2.117,20.47,0.02,Neural Network (Specific Model),11,None,591,576,6,kingdom,1.0,0.97,0.0,0.0,0.0,0.92,0.9,True,6,1,1,1
Metabat2.118,17.67,0.0,Neural Network (Specific Model),11,None,601,597,4,kingdom,1.0,0.99,0.0,0.0,0.0,0.97,0.96,True,6,1,0,1
Metabat2.119,58.62,4.32,Neural Network (Specific Model),11,None,2052,1996,32,genus,0.81,0.79,0.17,0.02,0.05,0.96,0.76,True,18,5,0,5
Metabat2.12,11.74,0.0,Neural Network (Specific Model),11,None,425,416,7,family,0.95,0.93,0.14,0.2,0.53,0.94,0.87,True,7,0,0,0
Metabat2.120,5.13,1.93,Neural Network (Specific Model),11,None,251,243,2,kingdom,1.0,0.97,0.0,0.0,0.0,0.96,0.93,True,1,0,0,0
Metabat2.121,31.13,0.56,Neural Network (Specific Model),11,None,754,738,14,family,0.95,0.93,0.04,0.03,0.06,0.95,0.88,True,16,2,1,2
Metabat2.122,28.34,0.34,Neural Network (Specific Model),11,None,1135,1093,7,family,0.94,0.91,0.05,0.08,0.17,0.94,0.86,True,8,3,3,3
Metabat2.123,66.86,11.8,Neural Network (Specific Model),11,None,2328,2255,31,family,0.97,0.94,0.25,0.02,0.05,0.96,0.91,True,20,7,6,6
Metabat2.124,31.1,0.23,Neural Network (Specific Model),11,None,1264,1213,7,genus,0.8,0.77,0.07,0.26,0.76,0.92,0.71,True,19,3,0,3
Metabat2.125,8.68,0.04,Neural Network (Specific Model),11,None,277,269,7,genus,0.84,0.81,0.13,0.64,4.3,0.94,0.76,True,2,0,0,0
Metabat2.126,56.4,26.97,Neural Network (Specific Model),11,None,2541,2472,30,family,0.97,0.94,0.16,0.02,0.05,0.96,0.9,True,16,5,4,4
Metabat2.127,19.25,0.0,Neural Network (Specific Model),11,None,672,648,5,family,0.94,0.91,0.27,0.06,0.13,0.96,0.87,True,9,2,2,2
Metabat2.128,5.6,0.02,Neural Network (Specific Model),11,None,255,251,4,kingdom,1.0,0.98,0.0,0.0,0.0,0.99,0.98,True,0,0,0,0
Metabat2.129,8.95,0.0,Neural Network (Specific Model),11,None,405,398,6,genus,0.96,0.94,0.12,0.03,0.06,0.99,0.93,True,5,0,0,0
Metabat2.13,7.12,0.29,Neural Network (Specific Model),11,None,344,333,9,genus,0.67,0.65,0.12,0.83,8.56,0.89,0.58,True,1,0,0,0
Metabat2.130,59.49,0.38,Gradient Boost (General Model),11,None,1353,1274,3,genus,0.74,0.7,0.03,0.52,1.62,0.78,0.54,True,19,5,5,5
Metabat2.131,100.0,1.31,Neural Network (Specific Model),11,None,3531,3293,5,family,0.94,0.88,0.01,0.32,0.82,0.91,0.8,True,23,8,2,8
Metabat2.132,84.61,1.14,Neural Network (Specific Model),11,None,3358,3252,17,genus,0.83,0.8,0.09,0.11,0.25,0.95,0.77,True,22,7,6,7
Metabat2.133,8.8,0.35,Neural Network (Specific Model),11,None,380,375,4,genus,0.82,0.81,0.07,0.77,7.43,0.94,0.77,True,9,1,1,1
Metabat2.134,18.52,0.07,Neural Network (Specific Model),11,None,1028,1012,19,genus,0.95,0.94,0.09,0.04,0.08,0.99,0.93,True,2,0,0,0
Metabat2.135,91.13,1.26,Neural Network (Specific Model),11,None,2601,2422,12,class,0.93,0.87,0.03,0.04,0.08,0.71,0.61,True,21,4,4,4
Metabat2.136,9.86,0.0,Neural Network (Specific Model),11,None,410,403,2,kingdom,1.0,0.98,0.0,0.0,0.0,0.97,0.95,True,6,1,1,1
Metabat2.137,5.74,0.0,Neural Network (Specific Model),11,None,211,205,7,genus,0.95,0.92,0.12,0.15,0.36,0.91,0.84,True,0,0,0,0
Metabat2.138,99.99,0.73,Neural Network (Specific Model),11,None,2620,2560,2,kingdom,1.0,0.98,0.0,0.0,0.0,0.91,0.89,True,22,6,6,6
Metabat2.139,23.06,0.01,Neural Network (Specific Model),11,None,661,641,3,genus,0.81,0.78,0.01,0.56,3.12,0.79,0.62,True,15,1,1,1
Metabat2.14,34.88,2.67,Neural Network (Specific Model),11,None,1980,1934,46,family,0.92,0.9,0.16,0.22,0.59,0.86,0.78,True,12,1,0,1
Metabat2.140,7.44,0.04,Neural Network (Specific Model),11,None,370,353,2,order,0.94,0.9,0.08,0.05,0.09,0.82,0.74,True,0,0,0,0
Metabat2.141,9.66,0.1,Neural Network (Specific Model),11,None,339,322,1,kingdom,1.0,0.95,0.0,0.0,0.0,0.83,0.79,True,9,0,0,0
Metabat2.142,14.2,0.17,Neural Network (Specific Model),11,None,637,579,9,class,0.93,0.85,0.16,0.03,0.05,0.77,0.65,True,7,5,4,4
Metabat2.143,99.97,0.0,Neural Network (Specific Model),11,None,3272,3186,3,family,0.96,0.93,0.04,0.03,0.06,0.96,0.9,True,22,7,7,7
Metabat2.144,99.35,60.18,Gradient Boost (General Model),11,None,5007,4828,36,order,0.96,0.92,0.01,0.03,0.07,0.72,0.67,True,22,11,11,11
Metabat2.145,7.23,0.02,Neural Network (Specific Model),11,None,258,224,2,genus,0.59,0.51,0.05,0.69,5.93,0.73,0.37,True,0,0,0,0
Metabat2.146,5.37,0.01,Neural Network (Specific Model),11,None,194,182,3,genus,0.9,0.84,0.04,0.34,1.12,0.81,0.68,True,1,0,0,0
Metabat2.147,9.3,0.05,Neural Network (Specific Model),11,None,331,310,6,family,0.94,0.88,0.01,0.36,1.03,0.8,0.71,True,1,0,0,0
Metabat2.148,8.2,0.03,Neural Network (Specific Model),11,None,398,384,12,class,0.96,0.93,0.16,0.03,0.07,0.85,0.79,True,1,0,0,0
Metabat2.149,28.1,1.0,Neural Network (Specific Model),11,None,905,869,13,family,0.97,0.93,0.02,0.05,0.11,0.92,0.85,True,14,3,3,3
Metabat2.15,14.11,1.49,Neural Network (Specific Model),11,None,559,533,21,genus,0.88,0.84,0.35,0.15,0.37,0.89,0.75,True,7,1,1,1
Metabat2.150,7.56,0.0,Neural Network (Specific Model),11,None,263,251,7,genus,0.95,0.91,0.01,0.03,0.05,0.96,0.87,True,5,0,0,0
Metabat2.151,99.98,0.08,Neural Network (Specific Model),11,None,2356,2296,1,kingdom,1.0,0.97,0.0,0.0,0.0,0.94,0.92,True,23,7,7,7
Metabat2.16,39.29,1.02,Neural Network (Specific Model),11,None,1255,1192,10,genus,0.82,0.78,0.07,0.12,0.28,0.88,0.69,True,18,3,1,3
Metabat2.17,68.42,3.27,Neural Network (Specific Model),11,None,2255,2198,16,genus,0.85,0.83,0.03,0.39,1.31,0.8,0.66,True,21,7,2,6
Metabat2.18,98.91,9.77,Gradient Boost (General Model),11,None,3419,3298,5,order,0.95,0.91,0.01,0.03,0.06,0.73,0.67,True,22,10,9,10
Metabat2.19,7.26,0.01,Neural Network (Specific Model),11,None,213,209,5,genus,0.98,0.96,0.19,0.08,0.19,0.98,0.93,True,2,0,0,0
Metabat2.2,99.91,0.06,Neural Network (Specific Model),11,None,3069,2996,1,kingdom,1.0,0.98,0.0,0.0,0.0,0.93,0.91,True,22,6,6,6
Metabat2.20,98.39,3.21,Gradient Boost (General Model),11,None,3914,3698,3,class,0.98,0.93,0.03,0.02,0.04,0.93,0.86,True,22,9,5,9
Metabat2.21,9.08,0.78,Neural Network (Specific Model),11,None,315,302,7,order,0.94,0.9,0.07,0.02,0.05,0.68,0.61,True,2,0,0,0
Metabat2.22,8.14,0.01,Neural Network (Specific Model),11,None,238,234,4,genus,0.73,0.71,0.08,0.7,5.92,0.72,0.51,True,0,1,1,1
Metabat2.23,7.84,0.0,Neural Network (Specific Model),11,None,242,236,3,family,0.95,0.93,0.06,0.15,0.35,0.94,0.87,True,5,1,0,1
Metabat2.24,30.94,1.03,Neural Network (Specific Model),11,None,865,858,15,kingdom,1.0,0.99,0.0,0.0,0.0,0.99,0.98,True,7,1,0,1
Metabat2.25,24.19,0.03,Neural Network (Specific Model),11,None,677,671,4,family,0.98,0.97,0.09,0.03,0.06,0.99,0.96,True,7,1,0,1
Metabat2.26,5.72,0.0,Neural Network (Specific Model),11,None,216,195,3,genus,0.76,0.69,0.05,0.67,4.2,0.8,0.55,True,1,0,0,0
Metabat2.27,95.71,2.45,Gradient Boost (General Model),11,None,3308,3045,5,family,0.88,0.81,0.01,0.41,1.15,0.76,0.62,True,22,7,7,7
Metabat2.28,8.02,0.0,Neural Network (Specific Model),11,None,206,201,5,class,0.97,0.94,0.15,0.04,0.07,0.69,0.65,True,1,0,0,0
Metabat2.29,69.23,3.86,Gradient Boost (General Model),11,None,1889,1802,16,genus,0.78,0.75,0.04,0.41,1.68,0.73,0.55,True,12,3,3,3
Metabat2.3,8.21,0.0,Neural Network (Specific Model),11,None,253,238,1,kingdom,1.0,0.94,0.0,0.0,0.0,0.75,0.7,True,1,0,0,0
Metabat2.30,10.41,0.0,Neural Network (Specific Model),11,None,437,429,10,genus,0.91,0.89,0.13,0.06,0.14,0.99,0.88,True,9,5,5,5
Metabat2.31,100.0,0.36,Gradient Boost (General Model),11,None,2503,2425,1,kingdom,1.0,0.97,0.0,0.0,0.0,0.92,0.89,True,23,5,5,5
Metabat2.32,99.79,0.13,Neural Network (Specific Model),11,None,3346,3252,5,family,0.96,0.93,0.01,0.03,0.05,0.95,0.88,True,23,5,5,5
Metabat2.33,9.35,0.0,Neural Network (Specific Model),11,None,290,278,5,order,0.99,0.95,0.12,0.05,0.11,0.95,0.9,True,4,2,2,2
Metabat2.34,10.93,0.0,Neural Network (Specific Model),11,None,324,305,3,family,0.94,0.89,0.02,0.57,1.66,0.76,0.68,True,9,2,1,2
Metabat2.35,84.87,1.81,Gradient Boost (General Model),11,None,2764,2666,16,family,0.93,0.9,0.04,0.18,0.45,0.88,0.79,True,23,8,4,8
Metabat2.36,7.05,0.02,Neural Network (Specific Model),11,None,176,174,3,kingdom,1.0,0.99,0.0,0.0,0.0,0.95,0.94,True,3,0,0,0
Metabat2.37,8.27,0.03,Neural Network (Specific Model),11,None,270,260,5,family,0.92,0.88,0.14,0.28,0.88,0.85,0.75,True,1,1,0,1
Metabat2.38,9.48,0.0,Neural Network (Specific Model),11,None,226,216,5,genus,0.75,0.72,0.02,0.23,0.67,0.71,0.51,True,1,1,1,1
Metabat2.39,83.83,1.0,Neural Network (Specific Model),11,None,3200,3110,7,family,0.94,0.91,0.05,0.02,0.05,0.95,0.87,True,21,3,3,3
Metabat2.4,100.0,1.47,Neural Network (Specific Model),11,None,2632,2474,2,kingdom,1.0,0.94,0.0,0.0,0.0,0.92,0.87,True,22,7,1,7
Metabat2.40,44.27,0.82,Gradient Boost (General Model),11,None,1136,1116,21,genus,0.95,0.93,0.08,0.1,0.23,0.96,0.89,True,9,0,0,0
Metabat2.41,19.62,0.66,Neural Network (Specific Model),11,None,1153,1114,25,genus,0.82,0.79,0.24,0.26,0.73,0.89,0.71,True,10,1,0,1
Metabat2.42,15.6,0.0,Neural Network (Specific Model),11,None,434,404,9,class,0.98,0.91,0.04,0.11,0.26,0.67,0.61,True,9,0,0,1
Metabat2.43,24.2,0.0,Neural Network (Specific Model),11,None,939,905,10,kingdom,1.0,0.96,0.0,0.0,0.0,0.94,0.91,True,12,2,2,2
Metabat2.44,44.65,2.99,Neural Network (Specific Model),11,None,1932,1857,12,genus,0.83,0.8,0.06,0.5,2.1,0.81,0.64,True,15,5,1,5
Metabat2.45,96.74,8.62,Gradient Boost (General Model),11,None,3246,3186,17,genus,0.87,0.85,0.07,0.03,0.07,0.96,0.82,True,21,6,0,6
Metabat2.46,8.23,0.0,Neural Network (Specific Model),11,None,375,359,10,genus,0.92,0.88,0.25,0.03,0.06,0.97,0.86,True,3,0,0,0
Metabat2.47,100.0,1.11,Neural Network (Specific Model),11,None,3185,3086,3,genus,0.83,0.8,0.02,0.23,0.65,0.94,0.75,True,23,6,0,6
Metabat2.48,80.12,1.23,Neural Network (Specific Model),11,None,3061,2940,7,kingdom,1.0,0.96,0.0,0.0,0.0,0.93,0.89,True,23,3,3,3
Metabat2.49,98.42,0.07,Gradient Boost (General Model),11,None,2699,2648,3,family,0.92,0.91,0.01,0.23,0.6,0.93,0.84,True,22,7,7,7
Metabat2.5,100.0,4.86,Gradient Boost (General Model),11,None,3665,3479,2,kingdom,1.0,0.95,0.0,0.0,0.0,0.94,0.89,True,23,4,4,4
Metabat2.50,77.01,4.76,Neural Network (Specific Model),11,None,3433,3348,26,order,0.96,0.93,0.12,0.03,0.06,0.88,0.82,True,20,3,0,3
Metabat2.51,16.83,0.33,Neural Network (Specific Model),11,None,812,745,6,order,0.93,0.86,0.1,0.03,0.06,0.81,0.69,True,2,0,0,0
Metabat2.52,11.17,0.53,Neural Network (Specific Model),11,None,968,887,18,genus,0.73,0.67,0.25,0.51,2.39,0.83,0.56,True,0,0,0,0
Metabat2.53,21.44,4.74,Neural Network (Specific Model),11,None,1589,1489,12,genus,0.81,0.76,0.07,0.26,0.79,0.85,0.64,True,17,3,0,3
Metabat2.54,17.18,0.02,Neural Network (Specific Model),11,None,646,584,17,genus,0.77,0.7,0.07,0.23,0.63,0.73,0.51,True,3,0,0,0
Metabat2.55,9.9,0.0,Neural Network (Specific Model),11,None,192,178,6,kingdom,1.0,0.93,0.0,0.0,0.0,0.74,0.68,True,5,1,1,0
Metabat2.56,58.23,0.27,Neural Network (Specific Model),11,None,2529,2416,8,genus,0.94,0.9,0.09,0.12,0.28,0.95,0.85,True,21,5,5,5
Metabat2.57,12.5,0.04,Neural Network (Specific Model),11,None,609,598,6,family,0.96,0.94,0.17,0.15,0.36,0.94,0.89,True,2,0,0,0
Metabat2.58,17.62,1.18,Neural Network (Specific Model),11,None,505,490,15,phylum,0.99,0.96,0.25,0.02,0.05,0.94,0.89,True,3,2,6,4
Metabat2.59,60.64,24.3,Neural Network (Specific Model),11,None,3725,3568,66,genus,0.85,0.81,0.11,0.41,1.55,0.81,0.66,True,21,4,2,4
Metabat2.6,100.0,0.25,Neural Network (Specific Model),11,None,2471,2346,1,kingdom,1.0,0.95,0.0,0.0,0.0,0.92,0.87,True,23,6,6,6
Metabat2.60,14.69,0.21,Neural Network (Specific Model),11,None,683,644,6,genus,0.93,0.88,0.17,0.1,0.21,0.92,0.81,True,6,0,0,0
Metabat2.61,99.99,0.28,Neural Network (Specific Model),11,None,2866,2804,4,genus,0.79,0.77,0.03,0.05,0.1,0.95,0.73,True,23,6,6,6
Metabat2.62,90.58,0.09,Neural Network (Specific Model),11,None,1765,1728,4,kingdom,1.0,0.98,0.0,0.0,0.0,0.95,0.93,True,22,3,0,3
Metabat2.63,10.16,0.0,Neural Network (Specific Model),11,None,354,349,1,kingdom,1.0,0.99,0.0,0.0,0.0,0.73,0.72,True,16,2,2,2
Metabat2.64,8.69,0.01,Neural Network (Specific Model),11,None,234,217,1,kingdom,1.0,0.93,0.0,0.0,0.0,0.79,0.73,True,1,0,0,0
Metabat2.65,100.0,1.01,Gradient Boost (General Model),11,None,1898,1782,3,family,0.83,0.78,0.01,0.56,2.37,0.64,0.5,True,22,3,4,3
Metabat2.66,7.07,0.92,Neural Network (Specific Model),11,None,469,440,9,genus,0.91,0.86,0.01,0.05,0.12,0.91,0.78,True,6,0,0,0
Metabat2.67,100.0,1.17,Gradient Boost (General Model),11,None,3209,2867,9,class,0.97,0.86,0.02,0.32,0.83,0.65,0.56,True,23,9,9,9
Metabat2.68,38.16,0.08,Neural Network (Specific Model),11,None,1455,1422,2,family,0.94,0.92,0.02,0.13,0.31,0.95,0.88,True,19,5,1,5
Metabat2.69,20.89,0.16,Neural Network (Specific Model),11,None,621,603,16,kingdom,1.0,0.97,0.0,0.0,0.0,0.94,0.91,True,7,0,0,0
Metabat2.7,8.12,0.02,Neural Network (Specific Model),11,None,348,326,2,family,0.95,0.89,0.06,0.57,2.12,0.89,0.79,True,3,1,1,1
Metabat2.70,100.0,1.83,Neural Network (Specific Model),11,None,3382,3120,2,kingdom,1.0,0.92,0.0,0.0,0.0,0.93,0.86,True,22,4,0,4
Metabat2.71,90.37,4.81,Neural Network (Specific Model),11,None,2799,2716,16,family,0.94,0.91,0.15,0.08,0.18,0.96,0.88,True,22,7,7,8
Metabat2.72,7.36,0.0,Neural Network (Specific Model),11,None,352,332,7,family,0.91,0.86,0.1,0.03,0.07,0.95,0.82,True,2,0,0,0
Metabat2.73,5.0,0.01,Neural Network (Specific Model),11,None,186,181,6,genus,0.76,0.74,0.17,0.48,2.32,0.79,0.58,True,0,0,0,0
Metabat2.74,96.15,85.98,Neural Network (Specific Model),11,None,14165,13687,165,kingdom,1.0,0.97,0.0,0.0,0.0,0.92,0.89,True,23,14,13,13
Metabat2.75,9.52,0.82,Neural Network (Specific Model),11,None,331,321,6,class,0.96,0.93,0.12,0.1,0.23,0.73,0.68,True,3,0,0,0
Metabat2.76,20.04,0.08,Neural Network (Specific Model),11,None,433,428,9,family,0.95,0.94,0.18,0.03,0.06,0.96,0.9,True,4,0,0,0
Metabat2.77,16.09,0.02,Neural Network (Specific Model),11,None,673,659,5,genus,0.85,0.83,0.04,0.62,3.9,0.82,0.68,True,11,1,0,1
Metabat2.78,66.64,0.73,Neural Network (Specific Model),11,None,1877,1823,2,kingdom,1.0,0.97,0.0,0.0,0.0,0.94,0.91,True,13,1,1,1
Metabat2.79,58.27,23.33,Neural Network (Specific Model),11,None,2538,2455,39,family,0.95,0.92,0.07,0.03,0.07,0.92,0.84,True,20,3,4,3
Metabat2.8,100.0,1.22,Gradient Boost (General Model),11,None,2732,2652,4,class,0.98,0.95,0.03,0.05,0.1,0.78,0.74,True,22,4,4,4
Metabat2.80,48.53,2.95,Neural Network (Specific Model),11,None,2076,2006,39,genus,0.93,0.9,0.29,0.03,0.06,0.96,0.86,True,17,4,4,4
Metabat2.81,13.87,0.6,Neural Network (Specific Model),11,None,487,471,12,kingdom,1.0,0.97,0.0,0.0,0.0,0.98,0.95,True,3,0,0,0
Metabat2.82,8.66,0.03,Neural Network (Specific Model),11,None,280,270,11,genus,0.93,0.89,0.4,0.09,0.21,0.87,0.78,True,13,2,2,2
Metabat2.83,13.84,0.15,Neural Network (Specific Model),11,None,711,692,5,genus,0.79,0.77,0.31,0.52,2.48,0.94,0.72,True,14,2,2,2
Metabat2.84,46.67,4.53,Neural Network (Specific Model),11,None,1419,1381,8,genus,0.83,0.81,0.02,0.06,0.14,0.95,0.77,True,12,1,0,1
Metabat2.85,7.6,0.0,Neural Network (Specific Model),11,None,238,230,6,kingdom,1.0,0.97,0.0,0.0,0.0,0.97,0.94,True,0,0,0,0
Metabat2.86,9.45,0.32,Neural Network (Specific Model),11,None,414,400,10,genus,0.8,0.77,0.22,0.68,3.79,0.94,0.72,True,4,1,0,0
Metabat2.87,7.4,0.0,Neural Network (Specific Model),11,None,177,174,5,family,0.98,0.96,0.39,0.03,0.06,0.94,0.9,True,0,0,0,0
Metabat2.88,6.59,0.01,Neural Network (Specific Model),11,None,245,238,2,genus,0.83,0.81,0.05,0.47,2.08,0.86,0.69,True,2,0,0,0
Metabat2.89,82.99,0.57,Neural Network (Specific Model),11,None,2506,2428,4,family,0.92,0.89,0.01,0.58,1.81,0.74,0.66,True,17,4,4,4
Metabat2.9,39.3,0.12,Neural Network (Specific Model),11,None,1029,994,2,kingdom,1.0,0.97,0.0,0.0,0.0,0.94,0.9,True,21,5,4,5
Metabat2.90,45.28,0.78,Gradient Boost (General Model),11,None,1191,1081,19,order,0.91,0.82,0.02,0.19,0.48,0.62,0.51,True,19,4,4,3
Metabat2.91,13.84,0.17,Neural Network (Specific Model),11,None,560,542,8,family,0.94,0.91,0.02,0.02,0.05,0.96,0.88,True,4,0,0,0
Metabat2.92,11.2,0.0,Neural Network (Specific Model),11,None,300,290,3,kingdom,1.0,0.97,0.0,0.0,0.0,0.95,0.91,True,3,1,1,1
Metabat2.93,93.98,2.79,Neural Network (Specific Model),11,None,2724,2638,14,genus,0.86,0.83,0.06,0.1,0.23,0.87,0.72,True,22,7,2,7
Metabat2.94,9.03,0.0,Neural Network (Specific Model),11,None,233,226,6,family,0.96,0.93,0.03,0.13,0.32,0.86,0.8,True,8,0,0,0
Metabat2.95,99.99,0.43,Neural Network (Specific Model),11,None,1835,1765,1,kingdom,1.0,0.96,0.0,0.0,0.0,0.95,0.91,True,22,5,0,5
Metabat2.96,28.69,5.29,Neural Network (Specific Model),11,None,1378,1348,27,family,0.89,0.88,0.1,0.22,0.59,0.85,0.74,True,8,0,0,0
Metabat2.97,99.91,0.58,Neural Network (Specific Model),11,None,1912,1869,1,kingdom,1.0,0.98,0.0,0.0,0.0,0.92,0.9,True,24,5,5,5
Metabat2.98,8.65,0.09,Neural Network (Specific Model),11,None,437,427,2,family,0.93,0.91,0.04,0.21,0.56,0.91,0.83,True,4,0,0,0
Metabat2.99,4.69,0.0,Neural Network (Specific Model),11,None,227,217,8,genus,0.86,0.82,0.23,0.25,0.65,0.91,0.75,True,5,0,0,0
