,Completeness,Contamination,Completeness_Model_Used,Translation_Table_Used,Additional_Notes,n_genes_called,n_genes_mapped,n_contigs,taxonomic_level,proportion_genes_retained_in_major_clades,genes_retained_index,clade_separation_score,contamination_portion,n_effective_surplus_clades,mean_hit_identity,reference_representation_score,pass.GUNC,tRNA,16S,5S,23S
bin.11,36.37,4.79,Neural Network (Specific Model),11,None,1210,1154,43,family,0.94,0.89,1.0,0.14,0.32,0.93,0.83,False,15,2,1,1
bin.12,99.66,0.01,Neural Network (Specific Model),11,None,3373,3257,8,genus,0.93,0.9,0.13,0.03,0.05,0.93,0.83,True,22,6,6,6
bin.13,100.0,0.38,Neural Network (Specific Model),11,None,4311,4138,8,family,0.97,0.93,0.06,0.06,0.14,0.95,0.88,True,23,7,8,7
bin.15,6.75,0.0,Neural Network (Specific Model),11,None,306,302,12,family,0.98,0.97,0.09,0.1,0.21,0.96,0.93,True,1,0,0,0
bin.17,57.21,1.0,Neural Network (Specific Model),11,None,1667,1629,41,genus,0.88,0.86,0.39,0.04,0.08,0.97,0.83,True,15,3,3,3
bin.19,99.07,0.79,Gradient Boost (General Model),11,None,3254,3123,2,kingdom,1.0,0.96,0.0,0.0,0.0,0.73,0.7,True,23,7,7,7
bin.2,87.12,8.32,Neural Network (Specific Model),11,None,5259,5013,65,family,0.9,0.86,0.1,0.18,0.45,0.86,0.73,True,23,5,0,5
bin.20,100.0,1.79,Neural Network (Specific Model),11,None,3965,3810,1,kingdom,1.0,0.96,0.0,0.0,0.0,0.9,0.87,True,22,6,0,6
bin.21,70.55,9.61,Neural Network (Specific Model),11,None,2926,2854,8,kingdom,1.0,0.98,0.0,0.0,0.0,0.94,0.92,True,19,5,5,5
bin.23,99.99,0.38,Neural Network (Specific Model),11,None,2982,2810,1,kingdom,1.0,0.94,0.0,0.0,0.0,0.91,0.86,True,23,5,0,5
bin.24,92.67,4.79,Gradient Boost (General Model),11,None,3721,3600,11,family,0.94,0.91,0.13,0.02,0.05,0.96,0.88,True,22,4,3,4
bin.26,100.0,0.76,Neural Network (Specific Model),11,None,2001,1842,1,kingdom,1.0,0.92,0.0,0.0,0.0,0.93,0.86,True,23,5,0,5
bin.27,99.98,0.19,Neural Network (Specific Model),11,None,1947,1897,1,kingdom,1.0,0.97,0.0,0.0,0.0,0.93,0.91,True,22,4,0,4
bin.28,99.86,0.06,Neural Network (Specific Model),11,None,2881,2835,3,genus,0.82,0.81,0.04,0.07,0.15,0.96,0.77,True,22,5,0,5
bin.3,99.91,13.5,Neural Network (Specific Model),11,None,5072,4845,54,genus,0.81,0.78,0.76,0.11,0.25,0.96,0.75,False,23,6,6,6
bin.34,23.37,0.15,Neural Network (Specific Model),11,None,1113,1099,7,genus,0.96,0.95,0.48,0.41,1.03,0.96,0.91,False,10,1,1,1
bin.37,99.97,3.03,Neural Network (Specific Model),11,None,2660,2544,8,class,0.98,0.94,0.02,0.25,0.61,0.93,0.88,True,22,7,7,7
bin.4,95.7,1.03,Neural Network (Specific Model),11,None,1842,1725,10,class,0.98,0.92,0.14,0.04,0.07,0.94,0.87,True,22,4,0,4
bin.41,91.95,23.79,Neural Network (Specific Model),11,None,4460,4338,7,family,0.94,0.92,0.03,0.02,0.05,0.96,0.88,True,22,6,7,6
bin.42,36.32,0.1,Neural Network (Specific Model),11,None,1792,1740,4,genus,0.9,0.88,0.23,0.04,0.08,0.95,0.83,True,14,1,1,1
bin.46,83.61,1.35,Neural Network (Specific Model),11,None,3649,3491,3,family,0.93,0.89,0.02,0.1,0.23,0.94,0.84,True,22,7,7,7
bin.5,88.38,9.45,Gradient Boost (General Model),11,None,2192,2043,48,order,0.97,0.91,0.97,0.17,0.39,0.92,0.83,False,23,20,18,18
bin.50,64.02,0.04,Neural Network (Specific Model),11,None,2381,2309,3,family,0.96,0.94,0.06,0.06,0.14,0.97,0.91,True,21,5,5,5
bin.51,99.97,6.77,Neural Network (Specific Model),11,None,4435,4292,11,genus,0.83,0.8,0.11,0.23,0.64,0.93,0.75,True,23,8,8,8
bin.53,99.7,1.46,Neural Network (Specific Model),11,None,2758,2696,2,kingdom,1.0,0.98,0.0,0.0,0.0,0.95,0.93,True,22,6,0,6
bin.59,31.41,0.06,Neural Network (Specific Model),11,None,1124,1085,2,family,0.96,0.93,0.02,0.09,0.19,0.96,0.89,True,13,1,1,1
bin.6,69.52,1.13,Neural Network (Specific Model),11,None,2665,2570,51,genus,0.9,0.86,0.16,0.03,0.05,0.96,0.83,True,22,6,0,6
bin.61,12.67,0.0,Neural Network (Specific Model),11,None,638,617,1,kingdom,1.0,0.97,0.0,0.0,0.0,0.94,0.9,True,3,0,0,0
bin.62,99.98,0.02,Neural Network (Specific Model),11,None,2047,1996,1,kingdom,1.0,0.98,0.0,0.0,0.0,0.93,0.91,True,22,6,6,6
bin.64,59.87,0.34,Neural Network (Specific Model),11,None,2102,2020,4,family,0.97,0.93,0.06,0.04,0.09,0.94,0.88,True,20,2,2,2
bin.67,15.47,0.11,Neural Network (Specific Model),11,None,462,258,1,kingdom,0.99,0.55,0.0,0.0,0.0,0.44,0.24,True,19,0,0,0
bin.7,23.67,0.63,Neural Network (Specific Model),11,None,889,843,29,genus,0.89,0.85,0.21,0.22,0.58,0.91,0.78,True,6,1,0,1
bin.71,42.8,0.23,Neural Network (Specific Model),11,None,1363,1281,1,kingdom,1.0,0.94,0.0,0.0,0.0,0.76,0.71,True,20,4,4,4
bin.72,50.44,0.18,Neural Network (Specific Model),11,None,1826,1694,1,kingdom,1.0,0.93,0.0,0.0,0.0,0.75,0.7,True,15,3,3,3
recluster_0.bin.1,99.98,96.8,Neural Network (Specific Model),11,None,4164,4089,8,genus,0.94,0.93,0.01,0.55,1.74,0.86,0.8,True,24,17,17,16
recluster_0.bin.2,99.99,15.95,Neural Network (Specific Model),11,None,2327,2282,8,kingdom,1.0,0.98,0.0,0.0,0.0,0.85,0.84,True,24,6,7,6
recluster_0.bin.3,32.39,2.56,Neural Network (Specific Model),11,None,740,721,12,order,0.98,0.96,1.0,0.09,0.19,0.87,0.83,False,15,6,7,6
recluster_0.bin.4,100.0,22.71,Neural Network (Specific Model),11,None,2427,2375,13,genus,0.93,0.91,0.01,0.52,1.61,0.86,0.78,True,24,8,10,8
recluster_1.bin.0,50.86,7.53,Neural Network (Specific Model),11,None,2560,2458,81,kingdom,1.0,0.96,0.0,0.0,0.0,0.93,0.9,True,17,4,4,4
recluster_1.bin.1,81.0,1.64,Neural Network (Specific Model),11,None,4371,4157,22,kingdom,1.0,0.95,0.0,0.0,0.0,0.92,0.88,True,23,4,4,4
recluster_10.bin.0,86.8,0.89,Neural Network (Specific Model),11,None,2015,1946,16,kingdom,1.0,0.97,0.0,0.0,0.0,0.94,0.91,True,22,4,4,4
recluster_10.bin.1,59.29,9.78,Gradient Boost (General Model),11,None,1369,1323,35,phylum,1.0,0.96,0.72,0.02,0.05,0.89,0.86,False,18,7,7,7
recluster_16.bin.0,7.91,0.03,Neural Network (Specific Model),11,None,287,284,13,genus,0.91,0.9,0.07,0.2,0.46,0.99,0.89,True,5,1,1,1
recluster_16.bin.1,30.95,0.01,Neural Network (Specific Model),11,None,809,751,25,family,0.93,0.86,1.0,0.03,0.06,0.93,0.8,False,15,3,2,3
recluster_18.bin.0,67.05,16.58,Gradient Boost (General Model),11,None,2278,2216,7,class,0.99,0.96,0.01,0.03,0.05,0.79,0.76,True,19,8,7,8
recluster_18.bin.1,89.69,45.92,Neural Network (Specific Model),11,None,6529,6343,16,family,0.95,0.92,0.03,0.25,0.67,0.82,0.75,True,23,9,5,9
recluster_18.bin.2,70.13,14.58,Neural Network (Specific Model),11,None,3228,3107,5,kingdom,1.0,0.96,0.0,0.0,0.0,0.77,0.74,True,23,9,9,9
recluster_18.bin.3,44.63,0.04,Neural Network (Specific Model),11,None,1605,1548,5,genus,0.83,0.8,0.03,0.46,1.79,0.8,0.64,True,17,3,3,2
recluster_18.bin.4,90.75,37.68,Neural Network (Specific Model),11,None,5399,5212,4,genus,0.86,0.83,0.02,0.33,1.06,0.81,0.67,True,23,7,7,7
recluster_18.bin.5,33.03,3.12,Neural Network (Specific Model),11,None,1149,1101,4,genus,0.87,0.83,0.02,0.45,1.89,0.79,0.66,True,19,4,5,5
recluster_8.bin.1,8.7,0.14,Neural Network (Specific Model),11,None,217,212,5,kingdom,1.0,0.98,0.0,0.0,0.0,0.93,0.91,True,1,0,0,0
