,Completeness,Contamination,Completeness_Model_Used,Translation_Table_Used,Additional_Notes,n_genes_called,n_genes_mapped,n_contigs,taxonomic_level,proportion_genes_retained_in_major_clades,genes_retained_index,clade_separation_score,contamination_portion,n_effective_surplus_clades,mean_hit_identity,reference_representation_score,pass.GUNC,tRNA,16S,5S,23S
bin.0,98.6,52.73,Gradient Boost (General Model),11,None,5142,4606,32,phylum,0.92,0.83,0.91,0.44,0.97,0.59,0.49,False,23,5,4,5
bin.1,100.0,99.84,Gradient Boost (General Model),11,None,9203,8488,64,phylum,0.93,0.86,0.84,0.53,1.9,0.61,0.52,False,23,5,4,5
bin.2,98.0,23.5,Gradient Boost (General Model),11,None,4142,3943,20,genus,0.84,0.8,0.99,0.3,0.73,0.8,0.64,False,23,2,2,2
bin.3,100.0,119.31,Gradient Boost (General Model),11,None,369639,322682,12399,phylum,0.83,0.72,0.75,0.43,1.63,0.63,0.45,False,25,243,209,236
