,Marker lineage,# genomes,# markers,# marker sets,0,1,2,3,4,5+,Completeness,Contamination,Strain heterogeneity,n_genes_called,n_genes_mapped,n_contigs,taxonomic_level,proportion_genes_retained_in_major_clades,genes_retained_index,clade_separation_score,contamination_portion,n_effective_surplus_clades,mean_hit_identity,reference_representation_score,pass.GUNC,tRNA,16S,5S,23S
bin.0,root (UID1),5656,56,24,0,4,47,5,0,0,100.0,90.62,0.0,5142,4606,32,phylum,0.92,0.83,0.91,0.44,0.97,0.59,0.49,False,23,5,4,5
bin.1,root (UID1),5656,56,24,0,0,0,4,49,3,100.0,310.59,0.0,9203,8488,64,phylum,0.93,0.86,0.84,0.53,1.9,0.61,0.52,False,23,5,4,5
bin.2,k__Bacteria (UID203),5449,104,58,5,48,49,2,0,0,91.38,25.36,0.0,4142,3943,20,genus,0.84,0.8,0.99,0.3,0.73,0.8,0.64,False,23,2,2,2
bin.3,root (UID1),5656,56,24,0,0,0,0,0,56,100.0,12190.81,0.69,369639,322682,12399,phylum,0.83,0.72,0.75,0.43,1.63,0.63,0.45,False,25,243,209,236
