,Completeness,Contamination,Completeness_Model_Used,Translation_Table_Used,Additional_Notes,n_genes_called,n_genes_mapped,n_contigs,taxonomic_level,proportion_genes_retained_in_major_clades,genes_retained_index,clade_separation_score,contamination_portion,n_effective_surplus_clades,mean_hit_identity,reference_representation_score,pass.GUNC,tRNA,16S,5S,23S
bin.0,96.69,1.55,Gradient Boost (General Model),11,None,1701,1530,8,class,0.92,0.83,0.03,0.68,3.95,0.53,0.43,True,22,2,2,2
bin.1,100.0,0.01,Gradient Boost (General Model),11,None,1157,1047,5,family,0.81,0.73,0.01,0.38,1.0,0.55,0.41,True,22,2,0,2
bin.10,97.89,0.39,Neural Network (Specific Model),11,None,1691,1615,2,class,0.94,0.89,0.01,0.04,0.08,0.68,0.61,True,23,2,2,2
bin.100,92.45,3.26,Gradient Boost (General Model),11,None,715,632,5,kingdom,0.98,0.87,0.0,0.0,0.0,0.51,0.44,True,18,1,0,1
bin.101,36.72,1.39,Neural Network (Specific Model),11,None,916,789,32,phylum,0.83,0.72,0.05,0.57,2.83,0.52,0.37,True,11,1,1,1
bin.102,47.65,2.4,Gradient Boost (General Model),11,None,1764,1680,18,genus,0.66,0.63,0.09,0.29,0.87,0.7,0.44,True,16,1,1,1
bin.103,67.22,0.54,Gradient Boost (General Model),11,None,1589,1480,48,genus,0.68,0.63,0.2,0.03,0.07,0.6,0.38,True,11,0,0,0
bin.104,53.07,4.34,Gradient Boost (General Model),11,None,1460,1299,80,genus,0.68,0.6,0.23,0.71,4.15,0.53,0.32,True,19,0,1,0
bin.105,55.89,5.98,Gradient Boost (General Model),11,None,1909,1766,64,family,0.76,0.7,0.07,0.47,2.15,0.6,0.42,True,17,0,1,0
bin.106,41.76,0.03,Neural Network (Specific Model),11,None,892,849,31,genus,0.71,0.67,0.08,0.13,0.3,0.68,0.46,True,13,1,2,1
bin.107,59.1,0.14,Neural Network (Specific Model),11,None,1754,1646,61,class,0.93,0.87,0.33,0.02,0.05,0.73,0.64,True,15,0,0,0
bin.108,69.84,1.41,Gradient Boost (General Model),11,None,2350,2035,54,order,0.73,0.63,0.08,0.24,0.7,0.54,0.34,True,23,2,1,2
bin.109,29.54,0.63,Neural Network (Specific Model),11,None,889,812,44,order,0.85,0.78,0.08,0.33,0.94,0.64,0.5,True,12,0,0,0
bin.11,100.0,1.94,Gradient Boost (General Model),11,None,2281,2170,4,order,0.91,0.86,0.03,0.28,0.82,0.65,0.56,True,21,2,2,2
bin.110,52.75,0.98,Neural Network (Specific Model),11,None,1443,1309,58,genus,0.75,0.68,0.04,0.14,0.31,0.62,0.42,True,10,0,0,0
bin.111,51.3,0.03,Neural Network (Specific Model),11,None,1661,1520,75,family,0.76,0.69,0.11,0.54,2.13,0.59,0.41,True,15,1,0,0
bin.112,7.3,0.13,Neural Network (Specific Model),11,None,238,233,2,genus,0.83,0.82,0.36,0.63,3.71,0.87,0.71,True,3,0,1,0
bin.113,49.91,5.93,Neural Network (Specific Model),11,None,1748,1635,28,genus,0.72,0.68,0.14,0.15,0.36,0.7,0.47,True,19,1,1,1
bin.114,49.21,4.7,Gradient Boost (General Model),11,None,2031,1810,52,genus,0.57,0.51,0.21,0.04,0.08,0.64,0.32,True,12,0,0,0
bin.115,25.24,4.89,Neural Network (Specific Model),11,None,1122,998,52,genus,0.56,0.5,0.28,0.04,0.09,0.65,0.32,True,7,0,0,0
bin.116,57.04,0.21,Gradient Boost (General Model),11,None,2323,1957,55,class,0.67,0.56,0.07,0.38,1.29,0.5,0.28,True,13,1,1,1
bin.117,34.03,0.56,Neural Network (Specific Model),11,None,494,415,22,genus,0.62,0.52,0.08,0.76,5.37,0.52,0.27,True,3,0,0,0
bin.118,30.45,1.04,Neural Network (Specific Model),11,None,879,816,41,genus,0.64,0.6,0.13,0.59,2.39,0.66,0.4,True,14,1,2,1
bin.119,30.49,0.23,Neural Network (Specific Model),11,None,853,816,24,order,0.93,0.89,0.13,0.19,0.47,0.67,0.59,True,14,0,0,0
bin.12,95.61,1.7,Gradient Boost (General Model),11,None,2340,2205,9,phylum,0.97,0.92,0.04,0.03,0.07,0.65,0.6,True,22,1,2,2
bin.120,93.14,0.28,Gradient Boost (General Model),11,None,825,634,10,kingdom,1.0,0.77,0.05,0.24,0.57,0.48,0.37,True,20,1,0,0
bin.121,93.54,2.28,Neural Network (Specific Model),11,None,2302,2196,19,kingdom,1.0,0.95,0.16,0.03,0.05,0.81,0.77,True,20,1,1,1
bin.122,18.64,0.01,Neural Network (Specific Model),11,None,527,395,31,phylum,0.77,0.58,0.08,0.37,1.37,0.49,0.29,True,8,1,1,1
bin.123,71.59,0.59,Neural Network (Specific Model),11,None,1246,1218,55,class,0.98,0.96,0.06,0.03,0.06,0.98,0.94,True,14,1,1,1
bin.124,19.63,1.53,Neural Network (Specific Model),11,None,705,634,39,class,0.89,0.8,0.05,0.26,0.69,0.56,0.45,True,6,0,0,0
bin.125,93.35,0.05,Gradient Boost (General Model),11,None,1658,1565,2,phylum,0.95,0.9,0.04,0.05,0.11,0.88,0.79,True,21,1,1,1
bin.126,98.69,0.46,Neural Network (Specific Model),11,None,2390,2235,1,kingdom,1.0,0.94,0.0,0.06,0.13,0.77,0.72,True,19,2,2,2
bin.127,19.15,1.24,Neural Network (Specific Model),11,None,441,359,26,family,0.72,0.58,0.1,0.03,0.06,0.59,0.34,True,9,0,0,0
bin.128,17.33,0.31,Neural Network (Specific Model),11,None,1107,818,63,phylum,0.82,0.6,0.12,0.7,4.23,0.49,0.29,True,7,1,0,0
bin.129,13.29,0.11,Neural Network (Specific Model),11,None,428,383,11,kingdom,1.0,0.89,0.08,0.03,0.07,0.49,0.44,True,8,0,0,0
bin.13,96.15,0.1,Gradient Boost (General Model),11,None,2885,2648,6,family,0.76,0.7,0.03,0.16,0.39,0.65,0.46,True,22,2,2,2
bin.130,30.65,1.17,Neural Network (Specific Model),11,None,976,950,40,genus,0.87,0.85,0.2,0.02,0.05,0.78,0.66,True,4,0,0,0
bin.131,7.67,0.0,Neural Network (Specific Model),11,None,328,242,16,phylum,0.86,0.63,0.25,0.76,4.44,0.53,0.34,True,3,0,0,0
bin.132,17.17,0.15,Neural Network (Specific Model),11,None,481,451,4,class,0.85,0.8,0.05,0.13,0.3,0.54,0.43,True,2,0,0,0
bin.133,63.11,11.36,Gradient Boost (General Model),11,None,1688,1516,18,phylum,0.83,0.74,0.02,0.07,0.15,0.55,0.41,True,14,0,0,0
bin.134,63.26,14.6,Gradient Boost (General Model),11,None,2926,2590,78,kingdom,1.0,0.89,0.05,0.02,0.05,0.55,0.48,True,16,2,2,2
bin.135,24.37,0.2,Neural Network (Specific Model),11,None,602,552,28,family,0.85,0.78,0.11,0.41,1.63,0.61,0.47,True,7,1,1,1
bin.136,7.38,0.0,Neural Network (Specific Model),11,None,257,226,17,phylum,0.92,0.81,0.52,0.12,0.29,0.61,0.49,False,2,0,0,0
bin.137,23.69,0.28,Neural Network (Specific Model),11,None,1247,1015,60,kingdom,1.0,0.81,0.08,0.02,0.05,0.49,0.4,True,3,0,0,0
bin.138,21.64,0.3,Neural Network (Specific Model),11,None,459,422,21,genus,0.55,0.51,0.16,0.29,0.88,0.55,0.28,True,6,0,0,0
bin.139,11.78,0.0,Neural Network (Specific Model),11,None,243,237,1,kingdom,1.0,0.98,0.0,0.0,0.0,0.81,0.79,True,7,0,0,0
bin.14,94.76,5.3,Neural Network (Specific Model),11,None,3058,2929,54,phylum,0.98,0.93,0.14,0.03,0.07,0.69,0.64,True,22,4,2,2
bin.140,12.79,0.0,Neural Network (Specific Model),11,None,456,450,21,kingdom,1.0,0.98,0.0,0.0,0.0,0.95,0.94,True,2,1,1,1
bin.141,16.5,0.05,Neural Network (Specific Model),11,None,433,417,14,genus,0.74,0.72,0.24,0.3,0.87,0.62,0.44,True,11,0,0,0
bin.142,20.53,0.11,Neural Network (Specific Model),11,None,750,693,24,family,0.89,0.82,0.19,0.25,0.73,0.68,0.56,True,2,0,1,0
bin.143,18.3,0.21,Neural Network (Specific Model),11,None,818,741,36,genus,0.47,0.42,0.13,0.3,0.96,0.57,0.24,True,7,0,0,0
bin.144,27.94,0.57,Neural Network (Specific Model),11,None,1426,1109,78,order,0.54,0.42,0.13,0.68,4.62,0.5,0.21,True,9,0,0,0
bin.145,11.71,0.32,Neural Network (Specific Model),11,None,278,263,3,phylum,0.95,0.9,0.24,0.02,0.05,0.63,0.56,True,6,0,1,0
bin.146,17.25,0.05,Neural Network (Specific Model),11,None,403,378,4,family,0.87,0.81,0.01,0.46,2.03,0.59,0.48,True,16,0,0,0
bin.147,15.0,0.27,Neural Network (Specific Model),11,None,542,417,19,family,0.74,0.57,0.18,0.55,2.78,0.58,0.33,True,3,0,0,0
bin.148,23.84,0.48,Neural Network (Specific Model),11,None,747,652,27,genus,0.5,0.44,0.38,0.26,0.77,0.67,0.29,True,15,1,0,1
bin.149,13.8,0.0,Neural Network (Specific Model),11,None,567,523,32,class,0.89,0.82,0.31,0.05,0.11,0.66,0.55,True,8,0,0,0
bin.15,96.75,2.72,Gradient Boost (General Model),11,None,2193,2062,12,genus,0.43,0.4,0.03,0.42,1.71,0.58,0.24,True,22,2,2,2
bin.150,19.76,0.13,Neural Network (Specific Model),11,None,691,623,41,order,0.89,0.8,0.68,0.18,0.44,0.68,0.55,False,6,1,0,1
bin.151,15.99,0.02,Neural Network (Specific Model),11,None,888,591,54,class,0.74,0.49,0.09,0.77,5.83,0.48,0.24,True,7,0,0,0
bin.152,16.16,0.14,Neural Network (Specific Model),11,None,653,575,25,phylum,0.83,0.74,0.12,0.2,0.54,0.5,0.37,True,3,0,0,0
bin.153,17.73,0.27,Neural Network (Specific Model),11,None,844,721,37,family,0.54,0.46,0.09,0.79,6.7,0.53,0.25,True,8,0,0,0
bin.154,12.14,0.04,Neural Network (Specific Model),11,None,359,337,11,kingdom,1.0,0.94,0.0,0.0,0.0,0.65,0.61,True,0,0,0,0
bin.155,13.18,0.19,Neural Network (Specific Model),11,None,371,354,15,family,0.91,0.87,0.09,0.1,0.22,0.67,0.58,True,4,0,0,0
bin.156,15.54,0.23,Neural Network (Specific Model),11,None,577,523,17,order,0.89,0.81,0.07,0.48,1.47,0.59,0.47,True,3,0,0,0
bin.157,9.06,0.1,Neural Network (Specific Model),11,None,246,231,1,kingdom,1.0,0.93,0.0,0.0,0.0,0.64,0.6,True,5,0,0,0
bin.158,11.43,0.01,Neural Network (Specific Model),11,None,293,267,4,order,0.89,0.81,0.14,0.05,0.11,0.61,0.49,True,1,0,0,0
bin.159,5.91,0.0,Neural Network (Specific Model),11,None,315,258,23,phylum,0.82,0.67,0.11,0.22,0.62,0.5,0.34,True,4,0,0,0
bin.16,94.49,6.52,Gradient Boost (General Model),11,None,1790,1641,10,phylum,0.92,0.84,0.06,0.23,0.59,0.55,0.46,True,22,1,1,1
bin.160,9.95,0.98,Neural Network (Specific Model),11,None,398,361,16,genus,0.57,0.52,0.15,0.79,7.29,0.61,0.32,True,6,0,0,0
bin.161,16.58,0.0,Neural Network (Specific Model),11,None,462,409,32,genus,0.65,0.58,0.76,0.39,1.07,0.7,0.4,False,4,0,0,0
bin.162,21.62,0.32,Neural Network (Specific Model),11,None,933,828,77,family,0.82,0.73,1.0,0.16,0.38,0.88,0.65,False,8,0,0,0
bin.163,10.43,0.0,Neural Network (Specific Model),11,None,297,273,16,phylum,0.97,0.9,0.59,0.09,0.19,0.61,0.55,False,3,0,0,0
bin.164,12.02,0.0,Neural Network (Specific Model),11,None,488,368,26,kingdom,1.0,0.75,0.08,0.03,0.06,0.5,0.37,True,2,0,0,0
bin.165,7.94,0.0,Neural Network (Specific Model),11,None,176,163,2,genus,0.7,0.65,0.17,0.13,0.32,0.63,0.41,True,1,0,0,0
bin.166,17.96,0.16,Neural Network (Specific Model),11,None,1082,888,94,class,0.63,0.52,0.35,0.77,6.75,0.53,0.28,True,6,0,0,0
bin.167,8.36,0.0,Neural Network (Specific Model),11,None,210,198,4,genus,0.66,0.62,0.24,0.03,0.06,0.75,0.46,True,8,1,1,1
bin.168,7.17,0.07,Neural Network (Specific Model),11,None,278,162,17,class,0.74,0.43,0.25,0.44,1.83,0.48,0.21,True,2,0,0,0
bin.169,8.76,0.0,Neural Network (Specific Model),11,None,305,294,16,family,0.97,0.93,0.1,0.06,0.12,0.96,0.9,True,1,0,0,0
bin.17,96.01,0.21,Gradient Boost (General Model),11,None,1851,1791,6,genus,0.63,0.61,0.04,0.08,0.17,0.64,0.39,True,22,3,3,3
bin.170,10.4,0.19,Neural Network (Specific Model),11,None,309,252,35,class,0.68,0.56,0.06,0.8,8.04,0.5,0.28,True,2,0,1,0
bin.171,9.38,0.01,Neural Network (Specific Model),11,None,373,291,25,class,0.79,0.62,0.09,0.53,2.86,0.53,0.33,True,2,0,0,0
bin.172,9.16,0.03,Neural Network (Specific Model),11,None,399,391,11,order,0.93,0.91,0.34,0.07,0.15,0.93,0.85,True,10,0,0,0
bin.173,12.63,0.19,Neural Network (Specific Model),11,None,494,465,7,phylum,0.89,0.84,0.09,0.04,0.08,0.66,0.56,True,4,0,0,0
bin.174,9.97,0.03,Neural Network (Specific Model),11,None,243,227,10,family,0.86,0.8,0.09,0.22,0.58,0.6,0.48,True,1,0,0,0
bin.175,6.71,0.01,Neural Network (Specific Model),11,None,248,232,15,class,0.96,0.9,0.45,0.15,0.37,0.68,0.61,True,2,1,1,1
bin.176,9.07,0.22,Neural Network (Specific Model),11,None,201,196,1,kingdom,1.0,0.98,0.0,0.0,0.0,0.67,0.65,True,5,0,0,0
bin.177,14.89,0.25,Neural Network (Specific Model),11,None,374,337,18,phylum,0.87,0.78,0.13,0.18,0.46,0.5,0.39,True,1,1,0,0
bin.178,11.16,0.04,Neural Network (Specific Model),11,None,418,389,11,class,0.9,0.84,0.18,0.08,0.18,0.63,0.53,True,8,1,1,1
bin.179,10.25,0.02,Neural Network (Specific Model),11,None,405,328,6,phylum,0.84,0.68,0.07,0.04,0.08,0.57,0.39,True,1,0,0,0
bin.18,96.01,0.11,Gradient Boost (General Model),11,None,2742,2525,2,kingdom,1.0,0.92,0.0,0.0,0.0,0.57,0.53,True,23,2,2,2
bin.180,6.49,0.0,Neural Network (Specific Model),11,None,250,226,11,order,0.77,0.7,0.19,0.06,0.13,0.86,0.6,True,4,0,0,0
bin.181,5.04,0.31,Neural Network (Specific Model),11,None,286,260,19,order,0.93,0.85,0.57,0.5,1.0,0.71,0.6,False,1,0,0,0
bin.182,5.28,0.0,Neural Network (Specific Model),11,None,224,210,21,order,0.96,0.9,0.33,0.41,1.44,0.72,0.65,True,1,0,0,0
bin.183,7.25,0.01,Neural Network (Specific Model),11,None,249,117,5,kingdom,0.99,0.47,0.0,0.0,0.0,0.44,0.2,True,0,0,0,0
bin.184,5.99,0.0,Neural Network (Specific Model),11,None,264,190,18,class,0.62,0.44,0.09,0.81,8.74,0.44,0.2,True,0,0,0,0
bin.185,6.94,0.0,Neural Network (Specific Model),11,None,348,330,4,family,0.7,0.66,0.02,0.46,2.22,0.64,0.43,True,1,0,0,0
bin.186,10.67,0.68,Neural Network (Specific Model),11,None,447,403,14,family,0.61,0.55,0.07,0.76,5.34,0.59,0.33,True,4,0,0,0
bin.187,9.85,0.46,Neural Network (Specific Model),11,None,698,475,50,kingdom,1.0,0.68,0.38,0.17,0.38,0.73,0.5,True,0,0,0,0
bin.188,56.5,17.41,Gradient Boost (General Model),11,None,2272,2121,79,genus,0.53,0.5,0.25,0.39,1.49,0.63,0.31,True,14,1,2,1
bin.189,22.94,8.63,Neural Network (Specific Model),11,None,1413,1338,63,genus,0.84,0.79,0.31,0.15,0.36,0.95,0.76,True,6,0,0,0
bin.19,94.61,4.54,Gradient Boost (General Model),11,None,1661,1459,24,genus,0.61,0.53,0.05,0.82,6.52,0.5,0.27,True,22,2,2,2
bin.190,49.83,5.38,Neural Network (Specific Model),11,None,1520,1439,70,family,0.76,0.72,0.21,0.33,1.07,0.62,0.45,True,20,3,3,3
bin.191,43.31,11.36,Neural Network (Specific Model),11,None,1091,1061,47,order,0.87,0.85,0.39,0.03,0.07,0.72,0.61,True,7,1,1,2
bin.192,7.31,0.08,Neural Network (Specific Model),11,None,316,286,21,genus,0.57,0.52,0.44,0.79,8.7,0.63,0.33,True,4,1,1,2
bin.193,11.04,0.33,Neural Network (Specific Model),11,None,445,405,23,class,0.9,0.82,0.15,0.21,0.55,0.58,0.47,True,6,1,2,1
bin.194,45.73,10.39,Gradient Boost (General Model),11,None,2064,1698,92,class,0.71,0.58,0.11,0.36,1.18,0.52,0.3,True,9,0,0,0
bin.195,19.67,3.75,Neural Network (Specific Model),11,None,529,484,19,genus,0.63,0.57,0.43,0.03,0.07,0.64,0.37,True,10,0,0,0
bin.196,39.03,9.52,Gradient Boost (General Model),11,None,3445,2857,199,family,0.54,0.45,0.2,0.67,4.49,0.57,0.26,True,15,4,3,4
bin.197,5.82,0.31,Neural Network (Specific Model),11,None,185,157,7,order,0.63,0.54,0.1,0.58,3.42,0.55,0.29,True,4,0,0,0
bin.198,43.04,5.49,Gradient Boost (General Model),11,None,2451,2328,82,genus,0.58,0.55,0.48,0.29,0.92,0.83,0.46,False,14,2,2,2
bin.199,21.4,0.88,Neural Network (Specific Model),11,None,1086,937,54,genus,0.55,0.48,0.92,0.52,2.1,0.74,0.35,False,15,1,2,1
bin.2,100.0,0.17,Gradient Boost (General Model),11,None,1655,1544,2,kingdom,1.0,0.93,0.0,0.0,0.0,0.6,0.56,True,22,2,2,2
bin.20,98.28,1.01,Neural Network (Specific Model),11,None,3818,3404,32,phylum,0.87,0.78,0.02,0.2,0.51,0.56,0.44,True,22,2,1,1
bin.200,82.21,22.24,Gradient Boost (General Model),11,None,2943,2764,68,genus,0.72,0.68,0.22,0.08,0.19,0.72,0.49,True,18,2,1,1
bin.201,45.54,14.72,Gradient Boost (General Model),11,None,2470,2264,124,genus,0.59,0.54,0.32,0.19,0.47,0.69,0.38,True,19,0,0,0
bin.202,35.84,18.12,Gradient Boost (General Model),11,None,4787,3895,378,kingdom,1.0,0.81,0.64,0.12,0.27,0.56,0.46,False,18,1,1,1
bin.203,84.42,57.36,Gradient Boost (General Model),11,None,16549,13489,1149,phylum,0.84,0.68,0.7,0.54,2.12,0.62,0.42,False,23,9,8,8
bin.204,92.21,61.15,Gradient Boost (General Model),11,None,21836,17857,1506,phylum,0.86,0.71,0.73,0.37,1.2,0.64,0.45,False,25,10,11,12
bin.205,94.04,63.83,Gradient Boost (General Model),11,None,19716,15265,1394,phylum,0.83,0.64,0.69,0.27,0.75,0.62,0.4,False,23,8,7,9
bin.21,88.11,0.34,Neural Network (Specific Model),11,None,1813,1709,3,phylum,0.98,0.92,0.01,0.02,0.05,0.62,0.57,True,22,2,2,2
bin.22,94.86,0.69,Gradient Boost (General Model),11,None,2188,1849,10,kingdom,0.99,0.84,0.0,0.0,0.0,0.52,0.44,True,21,1,0,1
bin.23,95.21,0.86,Gradient Boost (General Model),11,None,2076,1977,15,genus,0.43,0.41,0.03,0.61,3.14,0.6,0.25,True,21,2,1,1
bin.24,93.63,0.87,Gradient Boost (General Model),11,None,2205,2095,10,class,0.92,0.87,0.05,0.05,0.1,0.62,0.54,True,22,2,3,3
bin.25,92.91,4.23,Gradient Boost (General Model),11,None,2355,2208,25,genus,0.68,0.64,0.17,0.15,0.38,0.68,0.44,True,23,2,1,1
bin.26,98.61,2.63,Gradient Boost (General Model),11,None,3040,2873,11,family,0.76,0.72,0.03,0.11,0.27,0.66,0.47,True,20,1,1,1
bin.27,88.33,1.44,Neural Network (Specific Model),11,None,2857,2747,18,order,0.93,0.9,0.07,0.24,0.59,0.74,0.66,True,21,3,3,3
bin.28,95.44,0.01,Neural Network (Specific Model),11,None,1747,1723,6,phylum,0.97,0.96,0.04,0.05,0.09,0.77,0.74,True,23,2,2,2
bin.29,94.41,1.66,Gradient Boost (General Model),11,None,2319,2059,3,phylum,0.87,0.77,0.01,0.35,1.0,0.5,0.39,True,22,3,3,3
bin.3,97.63,0.0,Neural Network (Specific Model),11,None,1912,1825,1,kingdom,1.0,0.95,0.0,0.0,0.0,0.65,0.62,True,22,1,1,1
bin.30,93.93,2.79,Gradient Boost (General Model),11,None,1100,944,8,phylum,0.91,0.78,0.03,0.14,0.32,0.51,0.39,True,18,1,1,1
bin.31,99.83,0.26,Neural Network (Specific Model),11,None,2158,2013,3,phylum,0.91,0.85,0.01,0.11,0.26,0.57,0.49,True,23,1,1,1
bin.32,97.97,0.0,Neural Network (Specific Model),11,None,1798,1768,8,class,0.98,0.97,0.03,0.03,0.07,0.96,0.93,True,22,3,0,3
bin.33,84.62,1.06,Neural Network (Specific Model),11,None,1775,1674,52,phylum,0.97,0.92,0.17,0.03,0.07,0.59,0.55,True,19,2,2,2
bin.34,74.4,1.47,Neural Network (Specific Model),11,None,2112,2048,50,kingdom,1.0,0.97,0.0,0.0,0.0,0.84,0.82,True,20,2,2,2
bin.35,94.15,1.57,Gradient Boost (General Model),11,None,2452,2195,47,phylum,0.8,0.72,0.05,0.48,2.29,0.52,0.37,True,22,2,1,1
bin.36,100.0,3.19,Gradient Boost (General Model),11,None,2790,2664,2,order,0.82,0.79,0.01,0.51,1.58,0.66,0.52,True,23,1,1,1
bin.37,96.41,3.19,Gradient Boost (General Model),11,None,3208,2650,41,phylum,0.77,0.64,0.01,0.71,5.16,0.45,0.29,True,23,1,1,1
bin.38,96.76,2.82,Gradient Boost (General Model),11,None,2636,2327,9,phylum,0.88,0.78,0.08,0.04,0.09,0.57,0.45,True,23,3,2,2
bin.39,97.94,4.14,Gradient Boost (General Model),11,None,3341,3046,11,class,0.85,0.77,0.08,0.07,0.15,0.68,0.53,True,24,1,1,1
bin.4,97.58,0.07,Gradient Boost (General Model),11,None,2357,2267,22,genus,0.43,0.41,0.05,0.65,3.63,0.6,0.25,True,21,3,3,3
bin.40,94.93,1.64,Gradient Boost (General Model),11,None,3734,3212,1,kingdom,0.99,0.85,0.0,0.0,0.0,0.57,0.48,True,23,1,0,1
bin.41,96.38,4.49,Gradient Boost (General Model),11,None,2550,2410,23,class,0.9,0.85,0.07,0.06,0.12,0.62,0.52,True,23,4,3,4
bin.42,96.55,7.23,Gradient Boost (General Model),11,None,2750,2381,20,genus,0.59,0.51,0.17,0.1,0.22,0.61,0.31,True,23,3,3,3
bin.43,91.59,1.15,Gradient Boost (General Model),11,None,2777,2432,46,genus,0.47,0.41,0.06,0.71,3.54,0.55,0.23,True,21,3,2,3
bin.44,94.45,1.68,Gradient Boost (General Model),11,None,1196,1087,17,phylum,0.74,0.67,0.02,0.77,5.81,0.49,0.33,True,21,1,1,1
bin.45,91.84,4.66,Gradient Boost (General Model),11,None,2421,2163,20,phylum,0.83,0.74,0.05,0.05,0.1,0.55,0.41,True,21,1,1,1
bin.46,90.02,5.8,Neural Network (Specific Model),11,None,2477,2308,45,phylum,0.95,0.89,0.13,0.15,0.34,0.64,0.57,True,22,3,4,3
bin.47,82.84,0.0,Gradient Boost (General Model),11,None,1818,1687,13,class,0.94,0.87,0.01,0.28,0.74,0.56,0.49,True,22,3,3,3
bin.48,98.46,2.35,Gradient Boost (General Model),11,None,3112,2839,11,class,0.8,0.73,0.17,0.1,0.23,0.6,0.43,True,23,1,1,1
bin.49,93.13,0.89,Gradient Boost (General Model),11,None,1861,1700,13,class,0.87,0.79,0.02,0.08,0.18,0.54,0.43,True,22,2,2,2
bin.5,93.29,0.35,Gradient Boost (General Model),11,None,1703,1489,14,class,0.9,0.78,0.04,0.68,3.92,0.51,0.4,True,22,2,2,2
bin.50,82.23,3.84,Neural Network (Specific Model),11,None,1691,1620,13,phylum,0.99,0.95,0.31,0.03,0.07,0.91,0.87,True,20,2,2,2
bin.51,93.42,1.43,Gradient Boost (General Model),11,None,2085,1878,10,phylum,0.91,0.82,0.06,0.02,0.05,0.58,0.47,True,23,2,2,2
bin.52,83.19,0.61,Gradient Boost (General Model),11,None,1286,1151,26,phylum,0.95,0.85,0.13,0.17,0.42,0.54,0.46,True,14,1,1,1
bin.53,89.95,2.06,Gradient Boost (General Model),11,None,2410,2242,40,genus,0.5,0.47,0.05,0.84,9.66,0.59,0.28,True,19,1,3,2
bin.54,98.62,11.91,Gradient Boost (General Model),11,None,3752,3606,9,order,0.88,0.84,0.01,0.08,0.18,0.78,0.66,True,23,1,1,1
bin.55,96.57,5.49,Gradient Boost (General Model),11,None,1704,1639,8,genus,0.72,0.69,0.09,0.03,0.06,0.65,0.45,True,22,1,1,0
bin.56,84.81,1.27,Neural Network (Specific Model),11,None,1900,1872,25,kingdom,1.0,0.99,0.0,0.0,0.0,0.99,0.97,True,22,1,1,1
bin.57,92.94,5.38,Gradient Boost (General Model),11,None,2221,2094,9,genus,0.66,0.63,0.08,0.03,0.07,0.69,0.43,True,22,3,3,3
bin.58,86.42,1.08,Neural Network (Specific Model),11,None,1790,1737,7,family,0.83,0.81,0.06,0.32,0.83,0.73,0.59,True,23,2,0,2
bin.59,95.45,2.01,Gradient Boost (General Model),11,None,1726,1591,11,class,0.83,0.76,0.02,0.14,0.33,0.56,0.43,True,22,2,2,2
bin.6,97.14,1.75,Gradient Boost (General Model),11,None,2222,2088,1,kingdom,1.0,0.94,0.0,0.0,0.0,0.57,0.53,True,23,1,0,1
bin.60,97.92,4.13,Gradient Boost (General Model),11,None,2573,2427,18,phylum,0.92,0.87,0.08,0.25,0.67,0.59,0.51,True,22,2,2,2
bin.61,71.54,1.35,Neural Network (Specific Model),11,None,1766,1630,45,family,0.82,0.75,0.17,0.25,0.69,0.64,0.48,True,20,1,2,2
bin.62,94.54,4.03,Gradient Boost (General Model),11,None,2257,2065,18,genus,0.7,0.64,0.17,0.04,0.07,0.69,0.44,True,22,2,1,2
bin.63,85.99,3.32,Neural Network (Specific Model),11,None,2685,2530,43,family,0.82,0.77,0.09,0.15,0.37,0.73,0.56,True,18,3,1,3
bin.64,80.12,1.06,Gradient Boost (General Model),11,None,1364,1215,41,genus,0.72,0.64,0.09,0.68,3.96,0.54,0.35,True,22,1,0,1
bin.65,85.69,0.26,Gradient Boost (General Model),11,None,1848,1671,54,phylum,0.92,0.83,0.09,0.06,0.13,0.56,0.46,True,18,1,1,1
bin.66,96.19,0.43,Gradient Boost (General Model),11,None,1173,1131,1,kingdom,1.0,0.96,0.0,0.0,0.0,0.59,0.57,True,21,1,1,1
bin.67,87.32,12.44,Gradient Boost (General Model),11,None,1951,1809,15,genus,0.59,0.54,0.19,0.08,0.18,0.65,0.35,True,21,2,2,2
bin.68,84.89,3.88,Gradient Boost (General Model),11,None,2971,2434,101,order,0.54,0.44,0.08,0.49,2.3,0.51,0.23,True,20,1,0,1
bin.69,80.3,0.04,Gradient Boost (General Model),11,None,1118,1011,37,phylum,0.94,0.85,0.02,0.11,0.25,0.54,0.46,True,19,2,2,1
bin.7,96.38,2.17,Gradient Boost (General Model),11,None,1464,1305,2,kingdom,1.0,0.89,0.0,0.0,0.0,0.52,0.46,True,22,2,2,2
bin.70,89.01,3.63,Gradient Boost (General Model),11,None,1957,1802,48,class,0.89,0.82,0.11,0.07,0.16,0.56,0.46,True,21,1,1,2
bin.71,83.3,1.57,Gradient Boost (General Model),11,None,1668,1542,43,class,0.91,0.84,0.09,0.05,0.11,0.59,0.5,True,21,2,2,2
bin.72,94.31,1.44,Gradient Boost (General Model),11,None,574,493,5,kingdom,0.98,0.84,0.0,0.0,0.0,0.51,0.43,True,20,2,0,1
bin.73,68.43,0.78,Neural Network (Specific Model),11,None,1323,1274,43,family,0.91,0.87,0.1,0.22,0.53,0.77,0.68,True,19,2,1,1
bin.74,96.73,0.12,Gradient Boost (General Model),11,None,623,544,1,kingdom,0.99,0.86,0.0,0.0,0.0,0.52,0.45,True,20,1,0,2
bin.75,97.48,0.49,Gradient Boost (General Model),11,None,651,591,1,kingdom,0.99,0.9,0.0,0.0,0.0,0.61,0.55,True,21,1,1,1
bin.76,76.14,2.47,Gradient Boost (General Model),11,None,1329,1266,33,family,0.79,0.75,0.17,0.14,0.33,0.65,0.49,True,21,2,2,2
bin.77,81.49,6.3,Gradient Boost (General Model),11,None,2097,1840,28,phylum,0.93,0.82,0.27,0.03,0.05,0.57,0.47,True,17,2,1,1
bin.78,79.84,12.75,Neural Network (Specific Model),11,None,1843,1665,42,phylum,0.92,0.83,0.04,0.12,0.28,0.56,0.46,True,17,1,1,1
bin.79,76.3,1.05,Gradient Boost (General Model),11,None,1541,1424,46,class,0.86,0.79,0.12,0.07,0.15,0.58,0.46,True,17,2,1,1
bin.8,99.93,0.98,Gradient Boost (General Model),11,None,2139,1957,11,phylum,0.92,0.85,0.01,0.02,0.05,0.54,0.46,True,23,5,3,4
bin.80,71.2,0.45,Neural Network (Specific Model),11,None,1619,1480,58,phylum,0.93,0.85,0.17,0.09,0.19,0.58,0.5,True,14,2,2,2
bin.81,62.85,1.54,Gradient Boost (General Model),11,None,1466,1397,26,phylum,0.92,0.87,0.1,0.02,0.05,0.58,0.5,True,15,0,0,0
bin.82,65.21,1.29,Gradient Boost (General Model),11,None,1471,1388,33,class,0.92,0.87,0.12,0.4,1.27,0.58,0.51,True,16,1,1,1
bin.83,69.31,1.28,Gradient Boost (General Model),11,None,1530,1333,53,genus,0.53,0.46,0.02,0.28,0.78,0.54,0.25,True,16,1,1,1
bin.84,74.92,2.48,Gradient Boost (General Model),11,None,1919,1673,32,phylum,0.91,0.79,0.07,0.19,0.51,0.54,0.43,True,22,2,3,4
bin.85,90.46,4.9,Gradient Boost (General Model),11,None,976,813,18,order,0.74,0.62,0.1,0.08,0.16,0.56,0.34,True,22,1,0,1
bin.86,66.43,0.05,Gradient Boost (General Model),11,None,663,609,24,order,0.92,0.84,0.06,0.24,0.67,0.55,0.47,True,7,0,0,0
bin.87,56.8,0.36,Gradient Boost (General Model),11,None,1984,1637,63,phylum,0.83,0.68,0.11,0.14,0.34,0.53,0.36,True,17,1,1,1
bin.88,62.87,4.11,Gradient Boost (General Model),11,None,2001,1873,48,kingdom,1.0,0.94,0.09,0.02,0.04,0.54,0.5,True,19,1,1,1
bin.89,61.17,0.47,Gradient Boost (General Model),11,None,1117,1017,36,phylum,0.78,0.71,0.11,0.45,1.95,0.54,0.39,True,18,3,1,1
bin.9,98.69,1.6,Gradient Boost (General Model),11,None,1888,1828,10,class,0.94,0.91,0.06,0.04,0.09,0.95,0.87,True,22,2,0,2
bin.90,72.16,15.23,Gradient Boost (General Model),11,None,3079,2891,80,genus,0.46,0.44,0.07,0.1,0.23,0.58,0.25,True,21,1,1,1
bin.91,67.92,0.94,Neural Network (Specific Model),11,None,1658,1618,44,kingdom,1.0,0.98,0.0,0.0,0.0,0.97,0.95,True,18,1,1,1
bin.92,56.43,1.57,Gradient Boost (General Model),11,None,2214,1873,68,class,0.59,0.5,0.04,0.68,4.86,0.49,0.24,True,15,2,2,2
bin.93,89.37,2.52,Gradient Boost (General Model),11,None,2761,2673,36,kingdom,1.0,0.97,0.0,0.0,0.0,0.95,0.92,True,20,1,1,1
bin.94,56.14,2.12,Gradient Boost (General Model),11,None,2906,2671,145,phylum,0.87,0.8,0.14,0.18,0.46,0.61,0.49,True,13,1,1,1
bin.95,69.44,8.1,Gradient Boost (General Model),11,None,2058,1932,41,genus,0.6,0.57,0.42,0.04,0.09,0.62,0.35,True,21,3,3,3
bin.96,64.04,1.07,Gradient Boost (General Model),11,None,1554,1331,56,phylum,0.94,0.8,0.09,0.2,0.49,0.51,0.41,True,13,1,1,1
bin.97,51.24,0.04,Neural Network (Specific Model),11,None,1595,1540,54,family,0.91,0.88,0.15,0.09,0.2,0.84,0.74,True,8,0,0,0
bin.98,43.2,0.55,Gradient Boost (General Model),11,None,1434,1313,53,class,0.87,0.8,0.06,0.08,0.18,0.56,0.45,True,13,2,1,1
bin.99,56.24,0.02,Gradient Boost (General Model),11,None,710,589,27,phylum,0.94,0.78,0.11,0.12,0.27,0.51,0.4,True,18,0,0,0
