,Completeness,Contamination,Completeness_Model_Used,Translation_Table_Used,Additional_Notes,n_genes_called,n_genes_mapped,n_contigs,taxonomic_level,proportion_genes_retained_in_major_clades,genes_retained_index,clade_separation_score,contamination_portion,n_effective_surplus_clades,mean_hit_identity,reference_representation_score,pass.GUNC,tRNA,16S,5S,23S
METADECODER.1,40.71,11.28,Gradient Boost (General Model),11,None,5582,4229,431,phylum,0.86,0.65,0.66,0.31,0.84,0.62,0.41,False,13,0,1,0
METADECODER.10,97.99,1.43,Gradient Boost (General Model),11,None,2580,2440,5,order,0.77,0.73,0.06,0.09,0.19,0.61,0.44,True,23,3,3,3
METADECODER.100,82.25,8.13,Gradient Boost (General Model),11,None,6264,4842,134,class,0.58,0.45,0.09,0.76,7.45,0.5,0.22,True,21,1,1,1
METADECODER.101,36.01,6.54,Neural Network (Specific Model),11,None,2622,1916,201,order,0.69,0.51,0.59,0.55,2.23,0.68,0.34,False,20,2,1,1
METADECODER.102,25.76,1.25,Neural Network (Specific Model),11,None,1674,1342,66,kingdom,1.0,0.8,0.09,0.04,0.09,0.53,0.43,True,11,0,0,0
METADECODER.103,92.67,2.73,Gradient Boost (General Model),11,None,2205,1962,22,genus,0.61,0.55,0.13,0.05,0.12,0.61,0.33,True,20,2,1,1
METADECODER.104,51.6,3.7,Gradient Boost (General Model),11,None,1930,1631,77,phylum,0.91,0.77,0.69,0.2,0.53,0.59,0.46,False,19,2,2,2
METADECODER.105,11.77,0.53,Neural Network (Specific Model),11,None,685,645,17,genus,0.57,0.53,0.35,0.8,8.14,0.76,0.4,True,2,0,0,0
METADECODER.106,27.0,20.0,Neural Network (Specific Model),11,None,1971,1687,128,class,0.85,0.73,0.3,0.12,0.28,0.72,0.52,True,8,0,0,0
METADECODER.107,98.35,0.18,Gradient Boost (General Model),11,None,3132,2767,17,phylum,0.95,0.84,0.11,0.05,0.11,0.57,0.48,True,23,2,2,2
METADECODER.108,83.0,3.45,Gradient Boost (General Model),11,None,2833,2641,51,family,0.83,0.77,0.18,0.17,0.43,0.65,0.5,True,21,1,1,1
METADECODER.109,36.01,10.05,Neural Network (Specific Model),11,None,2808,2484,103,genus,0.46,0.4,0.24,0.74,6.2,0.71,0.29,True,4,0,0,0
METADECODER.11,47.56,14.45,Gradient Boost (General Model),11,None,2970,2735,157,genus,0.7,0.64,0.29,0.28,0.87,0.82,0.52,True,13,2,1,1
METADECODER.110,38.55,1.44,Neural Network (Specific Model),11,None,1404,1342,41,genus,0.9,0.86,0.13,0.39,1.25,0.85,0.73,True,10,1,0,0
METADECODER.111,24.9,2.8,Neural Network (Specific Model),11,None,2049,1620,87,kingdom,1.0,0.79,0.11,0.04,0.08,0.53,0.42,True,17,3,2,2
METADECODER.112,91.81,3.18,Gradient Boost (General Model),11,None,2572,2308,24,genus,0.45,0.41,0.08,0.7,4.62,0.6,0.25,True,18,2,2,2
METADECODER.113,34.2,3.3,Neural Network (Specific Model),11,None,3365,2769,315,phylum,0.88,0.73,0.75,0.22,0.56,0.65,0.47,False,15,1,1,1
METADECODER.114,40.93,3.12,Gradient Boost (General Model),11,None,1851,1632,73,phylum,0.93,0.82,0.26,0.02,0.04,0.57,0.47,True,12,1,1,1
METADECODER.115,84.35,2.34,Neural Network (Specific Model),11,None,2648,2557,25,order,0.96,0.93,0.23,0.03,0.06,0.81,0.75,True,20,2,1,2
METADECODER.116,84.01,2.3,Gradient Boost (General Model),11,None,2414,2289,63,class,0.88,0.84,0.23,0.03,0.06,0.65,0.55,True,21,1,0,1
METADECODER.117,19.91,2.22,Neural Network (Specific Model),11,None,972,760,57,phylum,0.93,0.72,0.47,0.17,0.44,0.67,0.49,False,4,1,0,1
METADECODER.118,88.54,9.04,Gradient Boost (General Model),11,None,3850,3616,61,genus,0.61,0.58,0.18,0.27,0.81,0.7,0.41,True,24,3,3,3
METADECODER.119,80.9,2.38,Neural Network (Specific Model),11,None,2052,1896,55,order,0.87,0.81,0.26,0.12,0.27,0.64,0.52,True,20,0,1,0
METADECODER.12,40.78,5.35,Gradient Boost (General Model),11,None,2209,2017,68,genus,0.48,0.44,0.14,0.76,7.34,0.63,0.27,True,16,0,0,0
METADECODER.120,12.35,0.33,Neural Network (Specific Model),11,None,855,680,90,phylum,0.96,0.77,0.45,0.03,0.07,0.8,0.61,True,5,0,0,0
METADECODER.121,82.61,1.47,Gradient Boost (General Model),11,None,1859,1529,50,class,0.74,0.61,0.09,0.32,1.07,0.51,0.31,True,20,2,1,1
METADECODER.122,42.69,7.15,Neural Network (Specific Model),11,None,887,855,28,family,0.87,0.83,0.21,0.25,0.6,0.74,0.62,True,10,1,0,0
METADECODER.123,87.69,0.71,Gradient Boost (General Model),11,None,664,582,5,class,0.71,0.62,0.04,0.75,4.36,0.53,0.33,True,20,1,0,1
METADECODER.124,83.3,16.44,Gradient Boost (General Model),11,None,4063,3304,74,phylum,0.79,0.64,0.09,0.09,0.21,0.54,0.35,True,23,3,3,3
METADECODER.125,29.97,4.37,Neural Network (Specific Model),11,None,1643,1387,62,phylum,0.95,0.8,0.08,0.07,0.15,0.55,0.44,True,14,0,0,0
METADECODER.126,20.82,0.07,Neural Network (Specific Model),11,None,1504,1339,61,genus,0.77,0.68,1.0,0.16,0.36,0.77,0.53,False,11,0,0,0
METADECODER.127,16.55,0.19,Neural Network (Specific Model),11,None,855,767,32,genus,0.83,0.74,0.13,0.22,0.62,0.65,0.48,True,7,0,0,0
METADECODER.128,21.04,2.38,Neural Network (Specific Model),11,None,1727,1224,84,class,0.67,0.47,0.2,0.76,6.44,0.52,0.25,True,8,0,0,0
METADECODER.129,75.78,1.09,Gradient Boost (General Model),11,None,2639,1985,54,class,0.61,0.46,0.05,0.36,1.27,0.46,0.21,True,17,1,1,1
METADECODER.13,50.54,30.13,Gradient Boost (General Model),11,Low confidence prediction - substantial (35%) disagreement between completeness prediction models,14455,10774,940,phylum,0.87,0.65,0.45,0.16,0.39,0.59,0.38,False,21,13,15,14
METADECODER.130,23.63,0.86,Neural Network (Specific Model),11,None,962,894,27,class,0.94,0.88,0.3,0.13,0.3,0.68,0.6,True,10,1,3,3
METADECODER.131,92.64,2.42,Gradient Boost (General Model),11,None,3952,3329,68,phylum,0.8,0.68,0.06,0.19,0.48,0.51,0.34,True,23,3,4,4
METADECODER.132,24.0,10.3,Neural Network (Specific Model),11,None,1707,1180,64,phylum,0.87,0.6,0.35,0.63,2.88,0.53,0.32,True,6,1,0,0
METADECODER.133,90.54,2.55,Gradient Boost (General Model),11,None,3448,3154,26,family,0.7,0.64,0.11,0.22,0.59,0.64,0.41,True,22,2,2,2
METADECODER.134,36.48,0.51,Neural Network (Specific Model),11,None,791,732,19,class,0.94,0.87,0.11,0.1,0.23,0.63,0.55,True,19,1,1,1
METADECODER.135,44.79,2.93,Gradient Boost (General Model),11,None,2085,1942,62,genus,0.72,0.67,0.31,0.2,0.54,0.69,0.47,True,14,1,1,1
METADECODER.136,94.26,2.07,Gradient Boost (General Model),11,None,1952,1741,28,order,0.9,0.8,0.09,0.7,3.64,0.53,0.43,True,20,2,2,2
METADECODER.137,98.85,5.98,Gradient Boost (General Model),11,None,2699,2332,14,order,0.57,0.5,0.04,0.62,3.79,0.54,0.27,True,23,3,3,3
METADECODER.138,97.9,2.9,Gradient Boost (General Model),11,None,2667,2526,20,class,0.9,0.85,0.06,0.06,0.13,0.61,0.52,True,23,4,3,4
METADECODER.139,9.46,0.31,Neural Network (Specific Model),11,None,608,490,30,phylum,0.87,0.7,0.15,0.17,0.44,0.55,0.38,True,1,0,0,0
METADECODER.14,88.01,24.26,Gradient Boost (General Model),11,None,4171,3708,86,phylum,0.84,0.75,0.05,0.12,0.29,0.55,0.41,True,22,2,2,2
METADECODER.140,15.86,0.66,Neural Network (Specific Model),11,None,838,639,52,family,0.59,0.45,0.51,0.82,6.75,0.64,0.29,False,4,0,0,0
METADECODER.141,21.87,5.65,Neural Network (Specific Model),11,None,1258,1180,46,phylum,0.92,0.86,0.24,0.07,0.16,0.61,0.53,True,7,0,1,0
METADECODER.142,92.83,5.51,Gradient Boost (General Model),11,None,4232,3568,86,class,0.68,0.57,0.08,0.41,1.54,0.51,0.29,True,23,2,4,4
METADECODER.143,72.64,2.8,Gradient Boost (General Model),11,None,3137,2780,78,class,0.9,0.8,0.05,0.22,0.57,0.56,0.45,True,20,0,0,0
METADECODER.144,75.27,4.39,Gradient Boost (General Model),11,None,1647,1545,29,genus,0.53,0.5,0.25,0.04,0.09,0.62,0.31,True,19,1,1,1
METADECODER.145,74.65,15.19,Neural Network (Specific Model),11,None,3485,3323,35,genus,0.55,0.53,0.17,0.22,0.63,0.77,0.4,True,17,2,1,2
METADECODER.146,39.19,1.43,Neural Network (Specific Model),11,None,2442,2182,89,phylum,0.87,0.78,0.1,0.18,0.47,0.6,0.46,True,16,0,0,0
METADECODER.147,97.14,31.41,Gradient Boost (General Model),11,None,4732,4430,61,genus,0.63,0.59,0.12,0.13,0.31,0.71,0.42,True,23,4,2,3
METADECODER.148,11.28,0.28,Neural Network (Specific Model),11,None,976,710,46,family,0.58,0.42,0.45,0.7,4.33,0.69,0.29,False,14,1,2,2
METADECODER.149,80.08,7.05,Gradient Boost (General Model),11,None,2705,2516,66,class,0.96,0.9,0.19,0.03,0.06,0.64,0.57,True,18,1,0,1
METADECODER.15,63.54,5.64,Gradient Boost (General Model),11,None,2882,2595,59,genus,0.46,0.42,0.23,0.06,0.14,0.62,0.26,True,17,1,1,1
METADECODER.150,19.53,0.11,Neural Network (Specific Model),11,None,976,706,28,phylum,0.72,0.52,0.08,0.66,3.31,0.5,0.26,True,5,0,0,0
METADECODER.151,28.46,1.88,Neural Network (Specific Model),11,None,1509,1396,40,genus,0.45,0.42,0.2,0.75,6.23,0.65,0.27,True,12,2,2,2
METADECODER.152,54.57,1.51,Gradient Boost (General Model),11,None,1719,1559,44,phylum,0.84,0.76,0.08,0.05,0.1,0.55,0.42,True,18,0,0,0
METADECODER.153,34.8,4.36,Neural Network (Specific Model),11,None,2538,2023,140,kingdom,1.0,0.8,0.37,0.03,0.05,0.57,0.46,True,10,1,1,1
METADECODER.154,97.3,8.59,Gradient Boost (General Model),11,None,1837,1743,19,genus,0.71,0.68,0.17,0.03,0.06,0.65,0.44,True,21,2,2,2
METADECODER.155,7.83,0.02,Neural Network (Specific Model),11,None,279,250,11,class,0.78,0.7,0.14,0.03,0.06,0.6,0.42,True,5,0,0,0
METADECODER.156,54.44,0.76,Gradient Boost (General Model),11,None,2293,1643,68,order,0.6,0.43,0.15,0.28,0.76,0.51,0.22,True,18,2,0,1
METADECODER.157,91.65,13.9,Gradient Boost (General Model),11,None,4778,4354,175,genus,0.6,0.55,0.19,0.3,0.9,0.68,0.37,True,23,2,3,3
METADECODER.158,93.24,0.59,Gradient Boost (General Model),11,None,2627,2487,24,order,0.94,0.89,0.14,0.08,0.17,0.66,0.58,True,20,2,2,2
METADECODER.159,23.43,0.68,Neural Network (Specific Model),11,None,944,745,31,kingdom,1.0,0.79,0.12,0.04,0.08,0.52,0.41,True,3,0,0,0
METADECODER.16,90.6,4.39,Gradient Boost (General Model),11,None,3553,3271,40,order,0.85,0.78,0.04,0.15,0.35,0.58,0.46,True,22,4,4,4
METADECODER.160,20.23,4.05,Neural Network (Specific Model),11,None,1327,953,53,phylum,0.84,0.6,0.54,0.41,1.49,0.6,0.36,False,2,1,0,0
METADECODER.161,32.8,0.2,Neural Network (Specific Model),11,None,1251,1163,30,genus,0.59,0.55,0.35,0.26,0.74,0.7,0.38,True,11,2,1,1
METADECODER.162,32.41,2.85,Neural Network (Specific Model),11,None,2913,2426,217,phylum,0.89,0.74,0.6,0.1,0.22,0.66,0.49,False,14,3,2,2
METADECODER.163,87.94,1.28,Gradient Boost (General Model),11,None,874,762,8,kingdom,0.99,0.86,0.0,0.0,0.0,0.55,0.47,True,21,1,1,1
METADECODER.164,84.37,2.58,Gradient Boost (General Model),11,None,1081,935,7,genus,0.65,0.56,0.02,0.75,5.12,0.51,0.29,True,18,2,0,2
METADECODER.165,44.84,0.0,Neural Network (Specific Model),11,None,930,887,7,order,0.91,0.87,0.1,0.02,0.05,0.66,0.57,True,16,1,2,1
METADECODER.166,97.96,5.36,Gradient Boost (General Model),11,None,4412,3745,29,class,0.59,0.5,0.05,0.72,5.21,0.49,0.25,True,23,2,2,2
METADECODER.167,41.53,1.72,Gradient Boost (General Model),11,None,2140,1915,102,genus,0.66,0.59,0.97,0.04,0.09,0.73,0.43,False,14,1,1,1
METADECODER.168,21.43,0.06,Neural Network (Specific Model),11,None,947,830,40,class,0.79,0.69,0.24,0.13,0.3,0.64,0.44,True,10,1,1,0
METADECODER.169,58.22,13.44,Neural Network (Specific Model),11,None,3219,3010,80,genus,0.74,0.69,0.61,0.11,0.24,0.92,0.63,False,8,2,2,2
METADECODER.17,35.87,13.32,Neural Network (Specific Model),11,None,2403,1734,146,phylum,0.82,0.59,0.41,0.23,0.64,0.61,0.36,True,12,1,0,0
METADECODER.170,43.25,3.27,Gradient Boost (General Model),11,None,705,537,17,class,0.72,0.54,0.29,0.11,0.25,0.56,0.3,True,12,1,0,1
METADECODER.171,44.63,2.93,Gradient Boost (General Model),11,None,1586,1384,34,class,0.9,0.79,0.08,0.03,0.07,0.57,0.45,True,18,1,1,1
METADECODER.172,23.94,7.8,Neural Network (Specific Model),11,None,1406,1302,37,genus,0.51,0.47,0.22,0.69,3.82,0.64,0.3,True,13,2,2,2
METADECODER.173,13.17,0.07,Neural Network (Specific Model),11,None,819,627,67,phylum,0.83,0.63,0.15,0.51,2.26,0.5,0.31,True,5,0,0,0
METADECODER.174,94.38,3.28,Neural Network (Specific Model),11,None,2395,2278,16,kingdom,1.0,0.95,0.08,0.03,0.05,0.81,0.77,True,20,1,1,1
METADECODER.175,75.83,0.67,Gradient Boost (General Model),11,None,1626,1488,57,class,0.93,0.85,0.64,0.03,0.06,0.62,0.53,False,20,2,0,1
METADECODER.176,85.68,3.57,Gradient Boost (General Model),11,None,2341,2188,28,genus,0.61,0.57,0.07,0.26,0.73,0.64,0.36,True,22,2,2,2
METADECODER.177,92.47,1.82,Neural Network (Specific Model),11,None,2364,2230,30,phylum,0.95,0.9,0.15,0.13,0.29,0.64,0.58,True,22,3,3,3
METADECODER.178,100.0,4.32,Gradient Boost (General Model),11,None,2186,1993,11,class,0.88,0.8,0.01,0.22,0.56,0.54,0.43,True,23,5,5,5
METADECODER.179,72.1,14.04,Gradient Boost (General Model),11,None,2866,2699,40,family,0.8,0.76,0.04,0.49,2.4,0.6,0.45,True,22,3,3,3
METADECODER.18,67.98,2.29,Gradient Boost (General Model),11,None,4421,3590,180,phylum,0.83,0.68,0.07,0.67,4.13,0.48,0.33,True,16,0,0,0
METADECODER.180,97.29,6.77,Gradient Boost (General Model),11,None,2690,2445,34,class,0.84,0.76,0.08,0.08,0.16,0.58,0.44,True,22,3,3,3
METADECODER.181,96.19,3.35,Gradient Boost (General Model),11,None,1602,1443,15,genus,0.68,0.61,0.08,0.68,3.67,0.54,0.33,True,21,2,0,2
METADECODER.182,92.31,1.33,Gradient Boost (General Model),11,None,3112,2904,39,phylum,0.9,0.84,0.06,0.03,0.06,0.63,0.52,True,23,1,1,1
METADECODER.183,11.33,0.0,Neural Network (Specific Model),11,None,327,314,5,family,0.75,0.72,0.07,0.48,1.0,0.69,0.5,True,13,1,1,2
METADECODER.184,9.9,1.18,Neural Network (Specific Model),11,None,436,387,16,genus,0.52,0.47,0.37,0.37,1.39,0.65,0.3,True,4,0,0,0
METADECODER.185,84.76,3.95,Gradient Boost (General Model),11,None,2522,2364,22,genus,0.5,0.47,0.1,0.4,1.53,0.63,0.29,True,20,3,2,2
METADECODER.186,10.25,0.02,Neural Network (Specific Model),11,None,884,717,39,order,0.51,0.41,0.15,0.71,5.69,0.55,0.23,True,3,1,0,0
METADECODER.187,66.95,5.23,Gradient Boost (General Model),11,None,2324,2125,67,phylum,0.89,0.81,0.09,0.04,0.08,0.62,0.5,True,19,1,0,1
METADECODER.188,55.32,13.23,Gradient Boost (General Model),11,None,2902,2155,95,order,0.83,0.62,0.11,0.56,1.64,0.58,0.36,True,6,0,0,0
METADECODER.189,85.16,0.03,Neural Network (Specific Model),11,None,1489,1326,14,phylum,0.95,0.85,0.01,0.12,0.28,0.53,0.45,True,23,3,3,2
METADECODER.19,50.97,4.68,Neural Network (Specific Model),11,None,1956,1862,39,genus,0.75,0.72,0.59,0.03,0.06,0.95,0.69,False,21,1,2,3
METADECODER.190,93.96,5.61,Gradient Boost (General Model),11,None,2475,2327,18,phylum,0.91,0.85,0.15,0.03,0.06,0.63,0.54,True,22,2,2,2
METADECODER.191,94.44,2.13,Gradient Boost (General Model),11,None,1655,1545,3,genus,0.7,0.66,0.02,0.49,2.27,0.56,0.37,True,23,1,1,1
METADECODER.192,12.72,4.13,Neural Network (Specific Model),11,None,733,698,21,family,0.89,0.85,0.17,0.43,1.78,0.83,0.7,True,6,1,0,0
METADECODER.193,98.59,7.93,Gradient Boost (General Model),11,None,931,807,8,kingdom,1.0,0.87,0.03,0.02,0.05,0.51,0.45,True,20,1,0,1
METADECODER.194,16.45,0.47,Neural Network (Specific Model),11,None,990,908,42,genus,0.52,0.48,0.76,0.36,1.16,0.69,0.33,False,10,0,1,0
METADECODER.195,35.23,1.91,Neural Network (Specific Model),11,None,1740,1654,57,genus,0.67,0.64,0.68,0.16,0.39,0.8,0.51,False,9,2,1,1
METADECODER.196,67.65,2.76,Gradient Boost (General Model),11,None,2013,1830,55,phylum,0.97,0.88,0.73,0.02,0.04,0.65,0.58,False,18,3,0,2
METADECODER.197,20.34,1.14,Neural Network (Specific Model),11,None,350,295,8,phylum,0.81,0.68,0.02,0.81,7.89,0.51,0.35,True,4,0,0,0
METADECODER.198,10.7,0.75,Neural Network (Specific Model),11,None,233,221,10,genus,0.67,0.64,0.4,0.03,0.07,0.64,0.41,True,11,0,0,0
METADECODER.199,31.74,3.59,Neural Network (Specific Model),11,None,1155,976,25,phylum,0.86,0.73,0.11,0.14,0.32,0.56,0.41,True,11,0,0,0
METADECODER.2,74.3,0.56,Gradient Boost (General Model),11,None,2191,2006,50,phylum,0.97,0.89,0.65,0.08,0.17,0.62,0.55,False,20,1,1,1
METADECODER.20,40.08,6.46,Gradient Boost (General Model),11,None,4310,3709,164,phylum,0.9,0.77,0.22,0.03,0.06,0.62,0.48,True,17,1,2,1
METADECODER.200,10.65,0.04,Neural Network (Specific Model),11,None,682,498,33,class,0.58,0.42,0.05,0.67,4.76,0.49,0.21,True,4,2,0,0
METADECODER.201,21.51,0.59,Neural Network (Specific Model),11,None,757,667,25,phylum,0.89,0.78,0.07,0.11,0.25,0.56,0.44,True,5,0,0,0
METADECODER.202,93.85,3.25,Gradient Boost (General Model),11,None,3467,3002,17,phylum,0.81,0.7,0.02,0.2,0.54,0.5,0.35,True,22,4,4,4
METADECODER.203,25.28,0.89,Neural Network (Specific Model),11,None,879,813,24,genus,0.65,0.6,0.18,0.09,0.2,0.65,0.39,True,11,1,1,1
METADECODER.204,8.65,0.04,Neural Network (Specific Model),11,None,629,540,19,family,0.73,0.63,0.12,0.14,0.33,0.62,0.39,True,5,0,0,0
METADECODER.205,92.75,0.0,Gradient Boost (General Model),11,None,1996,1874,8,class,0.93,0.88,0.01,0.27,0.71,0.56,0.49,True,22,3,3,3
METADECODER.206,7.95,0.86,Neural Network (Specific Model),11,None,428,378,14,genus,0.61,0.54,0.24,0.36,1.25,0.63,0.34,True,2,0,0,0
METADECODER.207,98.53,2.38,Gradient Boost (General Model),11,None,2545,2331,12,kingdom,1.0,0.92,0.03,0.02,0.04,0.57,0.52,True,24,4,4,4
METADECODER.208,32.1,0.24,Neural Network (Specific Model),11,None,1021,916,34,order,0.86,0.78,0.19,0.49,1.69,0.62,0.48,True,10,0,0,0
METADECODER.209,97.89,6.88,Gradient Boost (General Model),11,None,2476,2331,26,family,0.86,0.81,0.04,0.41,1.7,0.66,0.53,True,23,2,0,1
METADECODER.21,41.2,5.91,Gradient Boost (General Model),11,None,3341,2358,194,phylum,0.92,0.65,0.36,0.34,1.12,0.57,0.37,True,20,1,0,0
METADECODER.210,17.84,2.01,Neural Network (Specific Model),11,None,752,651,17,order,0.68,0.59,0.14,0.62,2.58,0.57,0.34,True,5,2,2,2
METADECODER.211,91.54,0.86,Gradient Boost (General Model),11,None,2337,2128,11,phylum,0.78,0.71,0.02,0.5,2.53,0.54,0.38,True,22,2,2,2
METADECODER.212,36.73,0.21,Neural Network (Specific Model),11,None,2336,2165,65,order,0.95,0.88,0.28,0.02,0.05,0.8,0.71,True,12,2,2,2
METADECODER.213,15.65,2.97,Neural Network (Specific Model),11,None,1265,749,54,phylum,0.8,0.47,0.2,0.7,4.24,0.51,0.24,True,10,1,0,1
METADECODER.214,95.34,3.16,Gradient Boost (General Model),11,None,5228,4768,56,phylum,0.88,0.8,0.08,0.22,0.61,0.6,0.48,True,22,1,1,1
METADECODER.215,92.59,0.93,Gradient Boost (General Model),11,None,1071,802,26,family,0.64,0.48,0.02,0.68,4.51,0.5,0.24,True,22,2,1,1
METADECODER.216,86.86,2.98,Gradient Boost (General Model),11,None,1387,1236,18,genus,0.6,0.53,0.04,0.81,6.08,0.5,0.27,True,20,2,1,2
METADECODER.217,20.25,0.46,Neural Network (Specific Model),11,None,936,825,32,class,0.9,0.79,0.11,0.07,0.16,0.58,0.46,True,8,0,1,0
METADECODER.218,100.0,0.61,Gradient Boost (General Model),11,None,2629,2416,13,class,0.93,0.85,0.02,0.23,0.63,0.62,0.53,True,22,2,2,2
METADECODER.219,10.1,0.28,Neural Network (Specific Model),11,None,790,706,29,genus,0.46,0.42,0.19,0.55,2.71,0.63,0.26,True,1,0,0,0
METADECODER.22,37.5,21.8,Gradient Boost (General Model),11,Low confidence prediction - substantial (49%) disagreement between completeness prediction models,14268,10083,891,phylum,0.88,0.62,0.72,0.45,1.19,0.61,0.38,False,23,6,6,7
METADECODER.220,92.37,6.33,Gradient Boost (General Model),11,None,3860,3249,54,class,0.68,0.57,0.05,0.36,1.2,0.51,0.29,True,22,5,4,5
METADECODER.221,25.82,1.28,Neural Network (Specific Model),11,None,669,651,7,phylum,0.93,0.91,0.05,0.12,0.28,0.71,0.65,True,10,2,1,2
METADECODER.222,10.24,0.01,Neural Network (Specific Model),11,None,395,380,13,family,0.9,0.87,0.27,0.06,0.14,0.78,0.67,True,10,0,0,0
METADECODER.223,65.34,7.57,Gradient Boost (General Model),11,None,2924,2781,42,genus,0.59,0.56,0.15,0.27,0.79,0.7,0.39,True,20,3,3,3
METADECODER.224,51.83,2.64,Gradient Boost (General Model),11,None,1643,1595,72,family,0.95,0.92,0.27,0.03,0.05,0.97,0.89,True,14,2,2,2
METADECODER.225,13.09,0.09,Neural Network (Specific Model),11,None,489,460,21,phylum,0.93,0.88,0.42,0.03,0.07,0.69,0.6,True,2,0,0,0
METADECODER.226,94.55,2.51,Gradient Boost (General Model),11,None,1992,1830,19,class,0.84,0.78,0.04,0.17,0.43,0.57,0.44,True,22,2,2,2
METADECODER.227,97.35,1.26,Neural Network (Specific Model),11,None,3876,3435,23,phylum,0.87,0.77,0.01,0.19,0.5,0.56,0.44,True,23,1,1,1
METADECODER.228,18.6,0.96,Neural Network (Specific Model),11,None,777,702,15,genus,0.68,0.62,0.24,0.07,0.15,0.61,0.38,True,1,0,0,0
METADECODER.229,97.28,0.17,Gradient Boost (General Model),11,None,1207,1112,2,kingdom,1.0,0.92,0.0,0.04,0.08,0.49,0.45,True,22,1,1,1
METADECODER.23,43.57,11.39,Gradient Boost (General Model),11,None,5549,3938,370,order,0.58,0.41,0.65,0.42,1.68,0.63,0.26,False,19,3,3,3
METADECODER.230,94.86,2.63,Gradient Boost (General Model),11,None,1970,1854,10,phylum,0.86,0.81,0.03,0.34,1.05,0.6,0.48,True,23,2,2,2
METADECODER.231,37.48,1.15,Neural Network (Specific Model),11,None,1564,1454,35,genus,0.71,0.66,0.18,0.23,0.64,0.68,0.45,True,12,1,0,0
METADECODER.232,20.27,1.17,Neural Network (Specific Model),11,None,711,660,16,class,0.88,0.82,0.05,0.05,0.11,0.6,0.49,True,16,0,0,0
METADECODER.233,36.74,2.33,Neural Network (Specific Model),11,None,1319,1128,51,genus,0.58,0.49,0.36,0.28,0.87,0.62,0.31,True,9,0,0,0
METADECODER.234,86.83,5.63,Gradient Boost (General Model),11,None,2636,2327,55,phylum,0.89,0.78,0.14,0.26,0.73,0.59,0.46,True,22,1,1,1
METADECODER.235,91.46,9.89,Gradient Boost (General Model),11,None,1611,1330,27,genus,0.58,0.48,0.16,0.57,2.84,0.53,0.26,True,22,1,1,1
METADECODER.236,97.64,0.87,Gradient Boost (General Model),11,None,1961,1820,3,family,0.68,0.63,0.01,0.71,3.95,0.55,0.35,True,22,2,2,2
METADECODER.237,65.14,3.23,Neural Network (Specific Model),11,None,1766,1648,30,genus,0.46,0.43,0.06,0.77,7.55,0.61,0.26,True,22,3,2,3
METADECODER.238,93.19,1.14,Gradient Boost (General Model),11,None,1220,1029,18,family,0.78,0.66,0.07,0.59,3.2,0.51,0.33,True,22,1,1,1
METADECODER.239,83.12,3.66,Neural Network (Specific Model),11,None,1892,1788,8,phylum,0.92,0.87,0.07,0.14,0.32,0.62,0.54,True,22,2,2,2
METADECODER.24,98.3,9.13,Gradient Boost (General Model),11,None,3108,2931,41,class,0.92,0.87,0.08,0.26,0.68,0.61,0.53,True,24,4,4,4
METADECODER.240,72.12,1.97,Gradient Boost (General Model),4,None,1027,720,15,phylum,0.83,0.58,0.02,0.18,0.46,0.52,0.3,True,15,0,0,0
METADECODER.241,95.87,3.16,Neural Network (Specific Model),11,None,1772,1640,8,kingdom,0.99,0.92,0.0,0.0,0.0,0.55,0.5,True,22,2,2,2
METADECODER.242,16.16,1.69,Neural Network (Specific Model),11,None,1410,1217,47,genus,0.5,0.43,0.17,0.65,2.53,0.61,0.26,True,15,1,0,0
METADECODER.243,15.35,0.49,Neural Network (Specific Model),11,None,1034,936,44,class,0.94,0.85,0.33,0.1,0.21,0.67,0.57,True,6,0,0,0
METADECODER.244,76.98,3.71,Gradient Boost (General Model),11,None,3521,3249,50,genus,0.45,0.41,0.17,0.18,0.45,0.59,0.24,True,21,1,0,0
METADECODER.245,25.06,0.21,Neural Network (Specific Model),11,None,1245,1044,49,phylum,0.82,0.69,0.1,0.65,2.87,0.54,0.37,True,11,0,0,0
METADECODER.246,96.59,0.76,Gradient Boost (General Model),11,None,2210,1954,2,kingdom,1.0,0.88,0.0,0.0,0.0,0.56,0.5,True,21,2,1,2
METADECODER.247,94.38,1.36,Gradient Boost (General Model),11,None,2049,1924,10,genus,0.7,0.65,0.04,0.61,2.77,0.61,0.4,True,21,3,2,3
METADECODER.248,82.12,4.62,Neural Network (Specific Model),11,None,1613,1549,23,class,0.97,0.94,0.06,0.03,0.05,0.93,0.87,True,20,0,0,0
METADECODER.249,90.04,4.32,Neural Network (Specific Model),11,None,2627,2497,19,order,0.91,0.87,0.13,0.28,0.74,0.66,0.57,True,23,1,1,1
METADECODER.25,39.86,6.59,Neural Network (Specific Model),11,None,2013,1895,55,genus,0.78,0.74,0.76,0.26,0.69,0.8,0.59,False,10,0,0,0
METADECODER.250,95.03,0.73,Neural Network (Specific Model),11,None,2121,1920,12,phylum,0.96,0.87,0.08,0.15,0.37,0.58,0.5,True,21,2,1,2
METADECODER.251,99.29,1.68,Gradient Boost (General Model),11,None,2009,1936,9,order,0.93,0.9,0.03,0.09,0.19,0.63,0.57,True,22,3,3,3
METADECODER.252,55.37,5.8,Gradient Boost (General Model),11,None,2375,2245,54,genus,0.88,0.83,0.12,0.13,0.3,0.94,0.79,True,21,2,1,1
METADECODER.253,86.66,9.89,Gradient Boost (General Model),11,None,1869,1765,17,genus,0.62,0.59,0.11,0.08,0.17,0.65,0.38,True,19,3,3,3
METADECODER.254,22.87,0.45,Neural Network (Specific Model),11,None,551,525,31,family,0.84,0.8,0.48,0.26,0.64,0.71,0.57,False,12,0,0,0
METADECODER.255,98.07,4.38,Gradient Boost (General Model),11,None,1994,1764,18,genus,0.62,0.55,0.04,0.82,6.36,0.52,0.29,True,22,2,2,2
METADECODER.256,97.9,1.34,Neural Network (Specific Model),11,None,2812,2550,35,phylum,0.89,0.8,0.04,0.13,0.29,0.59,0.47,True,22,1,1,1
METADECODER.257,17.38,3.04,Neural Network (Specific Model),11,None,689,641,11,genus,0.47,0.44,0.16,0.81,8.35,0.68,0.3,True,5,1,1,1
METADECODER.258,86.15,8.36,Gradient Boost (General Model),11,None,2701,2408,54,class,0.79,0.7,0.06,0.16,0.39,0.55,0.39,True,21,2,2,2
METADECODER.259,94.24,5.33,Gradient Boost (General Model),11,None,2178,1925,17,phylum,0.93,0.82,0.05,0.2,0.49,0.53,0.43,True,22,2,2,2
METADECODER.26,36.48,0.45,Gradient Boost (General Model),11,None,2949,2166,76,class,0.55,0.41,0.05,0.71,5.83,0.47,0.19,True,18,1,1,1
METADECODER.260,19.03,0.0,Neural Network (Specific Model),11,None,476,459,5,family,0.84,0.81,0.24,0.4,1.02,0.71,0.58,True,5,0,0,0
METADECODER.261,99.94,0.33,Gradient Boost (General Model),11,None,1711,1638,8,class,0.88,0.84,0.12,0.03,0.07,0.63,0.53,True,22,2,2,2
METADECODER.262,99.77,1.72,Gradient Boost (General Model),11,None,2449,2265,30,order,0.88,0.81,0.08,0.13,0.32,0.58,0.47,True,23,2,2,4
METADECODER.263,93.08,1.24,Gradient Boost (General Model),11,None,2306,1907,20,phylum,0.85,0.7,0.02,0.38,1.38,0.53,0.37,True,21,1,0,1
METADECODER.264,15.31,0.53,Neural Network (Specific Model),11,None,930,844,34,family,0.79,0.72,0.09,0.75,5.17,0.62,0.45,True,9,1,1,1
METADECODER.265,99.83,1.13,Neural Network (Specific Model),11,None,2320,2253,23,order,0.92,0.9,0.18,0.03,0.07,0.79,0.71,True,23,2,2,2
METADECODER.266,88.15,1.81,Gradient Boost (General Model),11,None,2429,2374,48,family,0.94,0.92,0.11,0.04,0.09,0.94,0.87,True,23,2,2,2
METADECODER.267,96.02,2.42,Gradient Boost (General Model),11,None,3083,2708,20,phylum,0.94,0.83,0.03,0.03,0.06,0.54,0.45,True,23,3,3,3
METADECODER.268,15.72,0.05,Neural Network (Specific Model),11,None,964,736,32,phylum,0.84,0.64,0.11,0.48,1.83,0.55,0.35,True,6,1,0,0
METADECODER.269,96.42,0.19,Gradient Boost (General Model),11,None,1400,1232,4,order,0.83,0.73,0.35,0.08,0.18,0.6,0.44,True,21,1,1,1
METADECODER.27,56.65,13.84,Gradient Boost (General Model),11,None,3029,2693,116,genus,0.71,0.63,0.27,0.13,0.3,0.71,0.45,True,22,1,1,1
METADECODER.270,94.08,0.94,Gradient Boost (General Model),11,None,3356,2845,15,phylum,0.83,0.71,0.01,0.66,3.89,0.5,0.35,True,22,1,0,1
METADECODER.271,96.94,1.85,Gradient Boost (General Model),11,None,2020,1792,25,class,0.92,0.82,0.01,0.59,2.02,0.55,0.45,True,22,1,2,2
METADECODER.272,85.49,0.0,Neural Network (Specific Model),11,None,1053,952,7,phylum,0.96,0.87,0.02,0.19,0.45,0.55,0.48,True,20,1,0,0
METADECODER.273,96.82,9.6,Gradient Boost (General Model),11,None,2949,2819,13,class,0.86,0.82,0.05,0.06,0.14,0.68,0.56,True,24,5,5,5
METADECODER.274,14.92,0.43,Neural Network (Specific Model),11,None,673,542,28,genus,0.65,0.52,0.12,0.1,0.23,0.61,0.32,True,10,0,0,0
METADECODER.275,98.07,0.32,Neural Network (Specific Model),11,None,815,692,3,kingdom,0.99,0.84,0.0,0.0,0.0,0.53,0.45,True,22,1,0,1
METADECODER.276,95.01,1.19,Gradient Boost (General Model),11,None,3006,2853,15,class,0.93,0.88,0.03,0.15,0.36,0.72,0.63,True,22,2,2,2
METADECODER.277,97.11,0.28,Neural Network (Specific Model),11,None,1665,1594,3,class,0.94,0.9,0.01,0.04,0.09,0.68,0.62,True,23,2,2,2
METADECODER.278,56.46,1.3,Neural Network (Specific Model),11,None,1115,1015,42,phylum,0.9,0.82,0.15,0.25,0.7,0.58,0.47,True,16,1,1,1
METADECODER.279,25.48,0.04,Neural Network (Specific Model),11,None,1137,999,36,phylum,0.9,0.8,0.12,0.13,0.3,0.58,0.46,True,9,0,0,0
METADECODER.28,64.43,8.99,Gradient Boost (General Model),11,None,3872,3574,140,order,0.91,0.84,0.4,0.46,1.12,0.7,0.59,True,17,2,1,1
METADECODER.280,99.98,0.77,Neural Network (Specific Model),11,None,2570,2425,5,class,0.95,0.9,0.01,0.05,0.12,0.73,0.66,True,24,2,2,2
METADECODER.281,58.1,5.69,Gradient Boost (General Model),11,None,1964,1890,41,genus,0.63,0.6,0.46,0.19,0.51,0.76,0.46,False,19,1,1,1
METADECODER.282,52.91,0.01,Gradient Boost (General Model),11,None,1058,1003,7,order,0.9,0.85,0.06,0.04,0.09,0.66,0.56,True,16,1,0,1
METADECODER.283,97.95,5.06,Gradient Boost (General Model),11,None,2683,2523,12,phylum,0.84,0.79,0.04,0.1,0.23,0.54,0.43,True,22,4,4,4
METADECODER.284,98.5,2.87,Neural Network (Specific Model),11,None,2161,2105,25,genus,0.9,0.88,0.44,0.04,0.09,0.97,0.85,True,22,3,0,3
METADECODER.285,8.75,0.13,Neural Network (Specific Model),11,None,703,602,19,phylum,0.92,0.79,0.5,0.18,0.44,0.64,0.5,False,4,0,0,0
METADECODER.286,95.16,0.01,Gradient Boost (General Model),11,None,564,490,1,kingdom,1.0,0.87,0.0,0.02,0.05,0.51,0.44,True,21,2,0,1
METADECODER.287,63.57,6.42,Gradient Boost (General Model),11,None,1604,1534,19,order,0.93,0.89,0.14,0.17,0.4,0.75,0.66,True,18,1,1,1
METADECODER.288,92.47,1.08,Gradient Boost (General Model),11,None,2693,2627,12,kingdom,1.0,0.97,0.0,0.0,0.0,0.95,0.92,True,21,0,0,0
METADECODER.289,97.77,3.32,Neural Network (Specific Model),11,None,2150,1954,21,phylum,0.98,0.89,0.29,0.02,0.04,0.95,0.85,True,20,0,2,1
METADECODER.29,64.15,16.11,Gradient Boost (General Model),11,None,6485,5767,205,order,0.86,0.77,0.21,0.18,0.43,0.62,0.48,True,21,1,2,2
METADECODER.290,94.47,7.69,Gradient Boost (General Model),11,None,3166,2908,5,class,0.89,0.82,0.01,0.35,1.04,0.59,0.48,True,22,1,1,1
METADECODER.291,79.17,2.57,Gradient Boost (General Model),11,None,1793,1717,13,family,0.81,0.78,0.06,0.36,1.25,0.62,0.49,True,23,2,2,2
METADECODER.292,100.0,0.34,Gradient Boost (General Model),11,None,1671,1555,4,kingdom,1.0,0.93,0.0,0.0,0.0,0.6,0.56,True,22,2,2,2
METADECODER.293,91.75,0.97,Gradient Boost (General Model),11,None,2415,2076,16,class,0.65,0.56,0.04,0.53,2.8,0.52,0.29,True,20,1,2,2
METADECODER.294,97.52,2.2,Neural Network (Specific Model),11,None,2854,2761,2,kingdom,1.0,0.97,0.0,0.0,0.0,0.68,0.66,True,22,3,2,2
METADECODER.295,9.09,0.04,Neural Network (Specific Model),11,None,321,268,7,genus,0.59,0.49,0.08,0.16,0.39,0.66,0.33,True,1,0,0,0
METADECODER.296,10.99,0.2,Neural Network (Specific Model),11,None,646,485,17,order,0.59,0.45,0.36,0.2,0.52,0.5,0.22,True,5,0,0,0
METADECODER.297,12.19,0.67,Neural Network (Specific Model),11,None,777,731,25,genus,0.69,0.65,0.28,0.43,1.86,0.71,0.46,True,4,0,0,0
METADECODER.298,97.25,7.74,Gradient Boost (General Model),11,None,3265,2827,26,genus,0.49,0.43,0.16,0.07,0.16,0.61,0.26,True,22,2,3,1
METADECODER.299,50.44,2.96,Gradient Boost (General Model),11,None,556,473,12,phylum,0.75,0.64,0.05,0.75,5.07,0.58,0.37,True,15,1,0,2
METADECODER.3,79.39,4.88,Gradient Boost (General Model),11,None,3623,2751,89,phylum,0.81,0.61,0.04,0.44,1.65,0.49,0.3,True,22,1,0,0
METADECODER.30,42.04,5.63,Neural Network (Specific Model),11,None,3986,2790,188,phylum,0.92,0.64,0.55,0.39,1.24,0.56,0.36,False,16,1,1,1
METADECODER.300,97.94,1.95,Gradient Boost (General Model),11,None,3155,2908,11,order,0.79,0.73,0.03,0.12,0.27,0.7,0.51,True,23,1,1,1
METADECODER.301,93.76,1.45,Gradient Boost (General Model),11,None,3698,3186,2,kingdom,0.99,0.86,0.0,0.0,0.0,0.57,0.49,True,23,1,0,1
METADECODER.302,98.52,1.89,Neural Network (Specific Model),11,None,2311,2283,11,family,0.95,0.94,0.1,0.02,0.04,0.98,0.92,True,22,2,2,2
METADECODER.303,9.05,0.0,Neural Network (Specific Model),11,None,564,393,26,kingdom,1.0,0.7,0.88,0.47,0.99,0.61,0.42,False,4,0,0,0
METADECODER.304,100.0,0.8,Gradient Boost (General Model),11,None,2509,2340,9,genus,0.59,0.55,0.09,0.4,1.47,0.66,0.36,True,22,2,2,2
METADECODER.305,11.46,0.02,Neural Network (Specific Model),11,None,333,298,5,genus,0.59,0.53,0.19,0.24,0.69,0.62,0.33,True,8,0,0,0
METADECODER.306,97.62,1.18,Gradient Boost (General Model),11,None,2022,1780,1,kingdom,0.99,0.87,0.0,0.0,0.0,0.54,0.47,True,22,3,3,3
METADECODER.307,91.18,3.38,Gradient Boost (General Model),11,None,2181,2018,17,order,0.9,0.83,0.09,0.22,0.59,0.65,0.54,True,21,2,3,2
METADECODER.308,9.29,0.08,Neural Network (Specific Model),11,None,457,395,16,order,0.89,0.77,0.17,0.13,0.32,0.66,0.51,True,2,0,0,0
METADECODER.309,7.79,0.0,Neural Network (Specific Model),11,None,272,254,6,phylum,0.96,0.9,0.16,0.02,0.05,0.63,0.57,True,5,0,0,0
METADECODER.31,40.05,17.71,Gradient Boost (General Model),11,None,7309,6586,313,phylum,0.94,0.85,0.66,0.1,0.23,0.71,0.6,False,19,1,2,2
METADECODER.310,9.57,0.08,Neural Network (Specific Model),11,None,300,257,15,genus,0.63,0.54,0.35,0.24,0.68,0.63,0.34,True,8,0,0,0
METADECODER.311,96.72,0.42,Gradient Boost (General Model),11,None,2468,2342,22,genus,0.71,0.67,0.06,0.24,0.63,0.64,0.43,True,22,2,2,2
METADECODER.312,99.49,0.18,Gradient Boost (General Model),11,None,1231,1108,6,genus,0.78,0.7,0.02,0.35,0.94,0.55,0.39,True,22,2,0,2
METADECODER.313,14.89,0.01,Neural Network (Specific Model),11,None,374,361,12,order,0.96,0.93,0.11,0.05,0.1,0.71,0.65,True,2,0,0,0
METADECODER.314,61.56,7.77,Neural Network (Specific Model),11,None,1024,819,19,class,0.8,0.64,0.25,0.04,0.09,0.58,0.37,True,20,1,0,1
METADECODER.315,96.33,2.22,Gradient Boost (General Model),11,None,2790,2641,6,genus,0.67,0.64,0.03,0.15,0.38,0.67,0.43,True,23,5,4,4
METADECODER.316,98.0,1.43,Neural Network (Specific Model),11,None,2368,2176,5,phylum,0.9,0.83,0.07,0.14,0.33,0.57,0.47,True,22,1,1,1
METADECODER.317,98.19,3.38,Gradient Boost (General Model),11,None,3203,3010,12,family,0.73,0.69,0.05,0.1,0.22,0.66,0.45,True,21,1,2,1
METADECODER.318,63.66,2.44,Neural Network (Specific Model),11,None,1891,1850,4,kingdom,1.0,0.98,0.0,0.0,0.0,0.84,0.82,True,24,3,3,3
METADECODER.319,99.01,3.08,Gradient Boost (General Model),11,None,2863,2718,4,class,0.89,0.84,0.01,0.06,0.13,0.65,0.55,True,24,1,1,1
METADECODER.32,80.61,1.31,Gradient Boost (General Model),11,None,2809,2160,90,order,0.55,0.42,0.05,0.29,0.9,0.52,0.22,True,19,1,1,1
METADECODER.320,86.41,1.11,Gradient Boost (General Model),11,None,1545,1433,16,family,0.73,0.68,0.05,0.46,1.88,0.56,0.38,True,23,2,2,2
METADECODER.321,15.12,0.84,Neural Network (Specific Model),11,None,653,479,25,phylum,0.95,0.7,0.12,0.37,1.0,0.5,0.35,True,2,0,0,0
METADECODER.322,7.98,0.0,Neural Network (Specific Model),11,None,218,208,1,kingdom,0.99,0.94,0.0,0.0,0.0,0.73,0.69,True,5,1,1,1
METADECODER.323,36.6,6.93,Neural Network (Specific Model),11,None,1046,939,12,genus,0.6,0.54,0.1,0.09,0.2,0.6,0.32,True,15,1,1,1
METADECODER.324,90.53,1.1,Gradient Boost (General Model),11,None,1948,1851,15,genus,0.56,0.54,0.19,0.34,1.2,0.62,0.33,True,23,2,2,2
METADECODER.325,99.01,2.14,Neural Network (Specific Model),11,None,2434,2296,7,genus,0.63,0.6,0.08,0.7,5.65,0.63,0.38,True,22,2,2,2
METADECODER.326,92.29,3.69,Neural Network (Specific Model),11,None,1806,1716,5,family,0.84,0.8,0.01,0.49,2.05,0.63,0.5,True,22,2,2,2
METADECODER.327,99.74,1.01,Gradient Boost (General Model),11,None,2834,2644,6,class,0.82,0.76,0.03,0.06,0.12,0.6,0.46,True,23,1,1,1
METADECODER.328,96.58,0.07,Gradient Boost (General Model),11,None,1718,1588,2,kingdom,1.0,0.92,0.18,0.08,0.17,0.86,0.79,True,21,1,1,1
METADECODER.329,94.52,1.04,Gradient Boost (General Model),11,None,2305,2046,2,phylum,0.89,0.79,0.01,0.36,1.08,0.5,0.39,True,22,3,3,3
METADECODER.33,76.3,3.61,Gradient Boost (General Model),11,None,3051,2399,92,phylum,0.85,0.67,0.07,0.18,0.47,0.51,0.34,True,20,1,1,1
METADECODER.330,13.42,0.5,Neural Network (Specific Model),11,None,421,404,9,class,0.92,0.89,0.1,0.04,0.08,0.61,0.54,True,3,0,0,0
METADECODER.331,88.85,2.33,Gradient Boost (General Model),11,None,1864,1717,6,kingdom,1.0,0.92,0.01,0.04,0.08,0.49,0.45,True,22,1,1,1
METADECODER.332,94.83,0.29,Neural Network (Specific Model),11,None,1661,1610,5,class,0.97,0.94,0.03,0.02,0.05,0.77,0.72,True,23,2,2,2
METADECODER.333,95.3,2.38,Gradient Boost (General Model),11,None,1609,1377,2,phylum,0.94,0.81,0.13,0.07,0.15,0.52,0.42,True,22,2,2,2
METADECODER.334,95.49,7.95,Gradient Boost (General Model),11,None,3508,3367,3,order,0.89,0.85,0.01,0.08,0.18,0.8,0.68,True,24,1,1,1
METADECODER.335,25.83,0.0,Neural Network (Specific Model),11,None,452,442,7,phylum,0.95,0.93,0.24,0.09,0.21,0.73,0.68,True,9,1,0,0
METADECODER.336,10.65,0.0,Neural Network (Specific Model),11,None,385,373,1,kingdom,0.99,0.96,0.0,0.0,0.0,0.69,0.66,True,0,0,0,0
METADECODER.337,95.43,0.4,Gradient Boost (General Model),11,None,2686,2573,2,kingdom,1.0,0.96,0.0,0.0,0.0,0.57,0.55,True,22,1,1,1
METADECODER.338,96.81,2.74,Gradient Boost (General Model),11,None,2224,2084,2,kingdom,1.0,0.93,0.0,0.0,0.0,0.57,0.53,True,23,1,0,1
METADECODER.339,97.2,1.17,Gradient Boost (General Model),11,None,3269,2718,1,kingdom,1.0,0.83,0.0,0.03,0.06,0.45,0.38,True,23,1,1,1
METADECODER.34,97.19,4.72,Gradient Boost (General Model),11,None,2172,2045,22,order,0.87,0.82,0.02,0.6,2.5,0.57,0.47,True,23,2,2,2
METADECODER.340,99.36,1.54,Gradient Boost (General Model),11,None,1850,1790,7,class,0.94,0.91,0.04,0.05,0.1,0.95,0.87,True,22,2,0,2
METADECODER.341,95.46,0.44,Gradient Boost (General Model),11,None,1415,1365,3,class,0.89,0.86,0.01,0.37,0.99,0.58,0.49,True,22,1,1,1
METADECODER.342,97.08,0.12,Gradient Boost (General Model),11,None,623,540,2,kingdom,0.99,0.85,0.0,0.0,0.0,0.52,0.44,True,20,1,0,2
METADECODER.343,98.16,0.55,Gradient Boost (General Model),11,None,668,604,2,kingdom,0.99,0.89,0.0,0.0,0.0,0.61,0.54,True,21,1,1,1
METADECODER.344,41.35,2.8,Neural Network (Specific Model),11,None,1179,1092,4,kingdom,1.0,0.93,0.03,0.03,0.07,0.55,0.51,True,10,1,0,0
METADECODER.345,88.14,3.22,Gradient Boost (General Model),11,None,626,536,4,class,0.61,0.53,0.01,0.64,4.77,0.52,0.27,True,19,2,0,2
METADECODER.346,92.52,0.22,Gradient Boost (General Model),11,None,874,664,1,kingdom,1.0,0.76,0.0,0.23,0.55,0.47,0.36,True,20,1,0,1
METADECODER.347,96.07,0.09,Neural Network (Specific Model),11,None,1912,1824,1,kingdom,1.0,0.95,0.0,0.0,0.0,0.65,0.62,True,22,1,1,1
METADECODER.348,46.49,0.79,Gradient Boost (General Model),11,None,1019,986,2,genus,0.68,0.66,0.09,0.17,0.42,0.83,0.55,True,11,1,1,1
METADECODER.349,95.93,1.79,Neural Network (Specific Model),11,None,2377,2221,1,kingdom,1.0,0.93,0.0,0.06,0.13,0.77,0.72,True,19,2,2,2
METADECODER.35,55.51,2.48,Gradient Boost (General Model),11,None,1084,858,50,phylum,0.91,0.72,0.29,0.22,0.54,0.51,0.36,True,21,0,0,0
METADECODER.36,23.73,1.07,Neural Network (Specific Model),11,None,981,933,37,order,0.93,0.89,0.29,0.13,0.29,0.72,0.64,True,11,0,0,0
METADECODER.37,90.18,2.29,Gradient Boost (General Model),11,None,4066,3114,60,order,0.53,0.4,0.03,0.72,5.08,0.49,0.2,True,23,1,0,1
METADECODER.38,93.81,2.44,Gradient Boost (General Model),11,None,2166,1958,14,phylum,0.9,0.81,0.07,0.03,0.05,0.58,0.47,True,23,2,2,2
METADECODER.39,39.12,7.5,Neural Network (Specific Model),11,None,3126,2613,96,order,0.65,0.54,0.18,0.58,2.25,0.58,0.31,True,11,1,1,1
METADECODER.4,85.4,2.05,Gradient Boost (General Model),11,None,2089,1992,38,class,0.89,0.85,0.13,0.09,0.2,0.88,0.75,True,21,2,2,3
METADECODER.40,39.61,1.27,Gradient Boost (General Model),11,None,2995,2258,92,phylum,0.77,0.58,0.06,0.7,5.24,0.45,0.26,True,12,0,0,0
METADECODER.41,34.73,2.12,Neural Network (Specific Model),11,None,808,703,46,class,0.93,0.81,0.07,0.08,0.17,0.6,0.48,True,14,0,0,0
METADECODER.42,40.21,1.2,Neural Network (Specific Model),11,None,2048,1706,76,class,0.73,0.61,0.11,0.17,0.39,0.54,0.33,True,18,1,1,1
METADECODER.43,92.07,4.34,Gradient Boost (General Model),11,None,3039,2691,84,genus,0.6,0.53,0.2,0.29,0.83,0.61,0.33,True,22,2,3,1
METADECODER.44,15.86,1.45,Neural Network (Specific Model),11,None,1629,1347,140,phylum,0.9,0.75,0.56,0.06,0.13,0.67,0.5,False,5,0,0,0
METADECODER.45,58.23,2.32,Gradient Boost (General Model),11,None,3653,2891,118,phylum,0.8,0.63,0.07,0.56,2.65,0.5,0.32,True,19,1,0,1
METADECODER.46,89.01,15.12,Gradient Boost (General Model),11,None,4454,4063,131,order,0.87,0.8,0.2,0.36,1.07,0.68,0.54,True,23,1,1,1
METADECODER.47,46.77,19.48,Neural Network (Specific Model),11,None,4638,3604,288,phylum,0.83,0.64,0.63,0.31,1.02,0.64,0.41,False,14,0,0,0
METADECODER.48,83.42,4.42,Gradient Boost (General Model),11,None,5156,4303,76,phylum,0.81,0.67,0.04,0.72,5.66,0.5,0.33,True,21,3,0,3
METADECODER.49,24.28,7.07,Neural Network (Specific Model),11,None,1465,1203,39,phylum,0.79,0.65,0.08,0.09,0.21,0.56,0.36,True,12,0,0,0
METADECODER.5,27.15,0.3,Neural Network (Specific Model),11,None,809,720,34,order,0.84,0.75,0.19,0.03,0.06,0.6,0.45,True,13,1,1,1
METADECODER.50,21.1,6.69,Neural Network (Specific Model),11,None,1959,1367,84,phylum,0.84,0.59,0.39,0.29,0.87,0.53,0.31,True,9,0,0,0
METADECODER.51,46.9,6.45,Gradient Boost (General Model),11,None,1714,1588,49,genus,0.64,0.59,0.45,0.05,0.11,0.63,0.37,False,18,0,0,0
METADECODER.52,91.16,0.31,Gradient Boost (General Model),11,None,2402,2174,53,class,0.91,0.82,0.05,0.28,0.75,0.57,0.47,True,21,2,2,2
METADECODER.53,49.72,2.37,Gradient Boost (General Model),11,None,1950,1832,55,genus,0.69,0.64,0.28,0.07,0.16,0.7,0.45,True,17,1,1,1
METADECODER.54,45.22,7.58,Gradient Boost (General Model),11,None,3651,2888,171,order,0.56,0.45,0.23,0.14,0.34,0.59,0.26,True,17,0,0,0
METADECODER.55,25.23,0.32,Neural Network (Specific Model),11,None,2095,1565,78,class,0.68,0.51,0.14,0.78,7.17,0.52,0.26,True,11,0,0,0
METADECODER.56,16.69,1.74,Neural Network (Specific Model),11,None,916,828,29,genus,0.58,0.52,0.21,0.63,4.08,0.62,0.32,True,16,1,1,1
METADECODER.57,88.6,4.7,Neural Network (Specific Model),11,None,3301,3087,80,phylum,0.96,0.9,0.68,0.03,0.05,0.67,0.6,False,22,2,2,2
METADECODER.58,74.86,2.7,Gradient Boost (General Model),11,None,2733,2194,97,class,0.59,0.47,0.06,0.76,6.3,0.49,0.23,True,21,1,1,1
METADECODER.59,25.45,1.68,Neural Network (Specific Model),11,None,1182,1045,66,family,0.68,0.6,0.41,0.36,1.16,0.63,0.38,True,9,0,0,0
METADECODER.6,38.04,15.56,Gradient Boost (General Model),11,Low confidence prediction - substantial (26%) disagreement between completeness prediction models,5679,3689,251,phylum,0.88,0.57,0.39,0.26,0.7,0.58,0.33,True,24,0,0,0
METADECODER.60,55.89,5.49,Gradient Boost (General Model),11,None,2352,1874,81,family,0.51,0.41,0.13,0.81,5.91,0.53,0.22,True,13,0,0,0
METADECODER.61,44.38,16.68,Gradient Boost (General Model),11,None,4215,3605,140,phylum,0.8,0.69,0.11,0.11,0.26,0.56,0.38,True,15,3,3,2
METADECODER.62,93.7,0.7,Gradient Boost (General Model),11,None,1586,1442,19,phylum,0.95,0.87,0.08,0.19,0.46,0.53,0.46,True,22,2,2,2
METADECODER.63,18.0,4.64,Neural Network (Specific Model),11,None,1161,522,60,kingdom,1.0,0.45,0.12,0.42,0.95,0.45,0.2,True,3,0,0,0
METADECODER.64,44.76,3.82,Gradient Boost (General Model),11,None,1980,1746,54,class,0.92,0.81,0.04,0.1,0.23,0.64,0.52,True,19,1,1,1
METADECODER.65,95.91,3.03,Gradient Boost (General Model),11,None,2685,2375,3,kingdom,0.99,0.88,0.0,0.0,0.0,0.53,0.47,True,23,2,1,2
METADECODER.66,38.25,3.76,Neural Network (Specific Model),11,None,2349,1487,153,phylum,0.91,0.57,0.63,0.32,0.99,0.56,0.32,False,16,1,0,1
METADECODER.67,76.1,9.68,Gradient Boost (General Model),11,None,2742,2497,67,family,0.64,0.58,0.07,0.66,4.12,0.58,0.34,True,19,2,1,2
METADECODER.68,52.96,4.84,Gradient Boost (General Model),11,None,3099,2765,126,phylum,0.93,0.83,0.71,0.05,0.11,0.64,0.53,False,18,1,1,1
METADECODER.69,31.89,5.84,Neural Network (Specific Model),11,None,2473,2267,148,phylum,0.96,0.88,0.74,0.03,0.05,0.78,0.68,False,7,0,1,0
METADECODER.7,11.94,0.01,Neural Network (Specific Model),11,None,552,427,42,family,0.67,0.52,0.35,0.74,5.54,0.62,0.32,True,2,0,0,0
METADECODER.70,54.47,4.48,Gradient Boost (General Model),11,None,4927,3828,170,order,0.56,0.44,0.29,0.2,0.53,0.53,0.23,True,19,0,1,1
METADECODER.71,35.97,9.41,Neural Network (Specific Model),11,None,2840,1762,117,order,0.7,0.43,0.19,0.28,0.82,0.56,0.24,True,13,1,0,1
METADECODER.72,23.21,1.28,Neural Network (Specific Model),11,None,743,659,39,genus,0.83,0.73,0.17,0.05,0.1,0.64,0.47,True,10,2,1,1
METADECODER.73,30.61,13.0,Neural Network (Specific Model),11,None,3381,2546,232,order,0.58,0.44,0.23,0.59,2.69,0.53,0.23,True,7,0,0,0
METADECODER.74,96.67,3.94,Gradient Boost (General Model),11,None,2684,2605,34,family,0.91,0.89,0.12,0.06,0.12,0.77,0.68,True,19,2,2,2
METADECODER.75,48.87,1.49,Gradient Boost (General Model),11,None,1013,894,34,genus,0.6,0.53,0.35,0.47,1.56,0.62,0.33,True,16,1,0,1
METADECODER.76,21.76,6.27,Neural Network (Specific Model),11,None,1749,1390,83,phylum,0.86,0.69,0.46,0.65,2.46,0.59,0.41,False,4,1,0,0
METADECODER.77,12.84,0.89,Neural Network (Specific Model),11,None,1014,594,78,phylum,0.89,0.52,0.16,0.67,4.67,0.48,0.25,True,5,0,0,0
METADECODER.78,64.58,2.73,Neural Network (Specific Model),11,None,1780,1656,49,order,0.89,0.83,0.21,0.12,0.27,0.67,0.56,True,18,1,1,1
METADECODER.79,92.3,1.33,Gradient Boost (General Model),11,None,1626,1427,8,class,0.91,0.8,0.02,0.71,4.17,0.51,0.41,True,22,2,2,2
METADECODER.8,100.0,1.97,Gradient Boost (General Model),11,None,3065,2884,7,genus,0.45,0.43,0.02,0.15,0.38,0.58,0.25,True,21,1,1,1
METADECODER.80,41.38,7.39,Neural Network (Specific Model),11,None,3777,2999,207,phylum,0.92,0.73,0.57,0.08,0.19,0.63,0.46,False,16,0,1,0
METADECODER.81,10.39,1.41,Neural Network (Specific Model),11,None,819,588,34,class,0.69,0.49,0.16,0.78,6.97,0.51,0.25,True,7,1,1,1
METADECODER.82,13.4,2.72,Neural Network (Specific Model),11,None,1227,998,76,phylum,0.84,0.68,0.66,0.28,0.87,0.64,0.43,False,16,1,0,1
METADECODER.83,99.87,13.12,Neural Network (Specific Model),11,None,3722,3616,99,genus,0.88,0.86,0.4,0.04,0.09,0.98,0.84,True,22,1,2,2
METADECODER.84,75.28,2.7,Neural Network (Specific Model),11,None,1922,1650,39,order,0.82,0.71,0.1,0.06,0.13,0.57,0.4,True,15,1,1,1
METADECODER.85,34.16,2.84,Neural Network (Specific Model),11,None,2182,1664,87,phylum,0.81,0.62,0.06,0.72,5.86,0.47,0.29,True,19,1,0,0
METADECODER.86,98.32,2.12,Gradient Boost (General Model),11,None,2416,2274,18,genus,0.5,0.47,0.02,0.84,9.05,0.59,0.28,True,23,3,2,2
METADECODER.87,55.84,1.81,Neural Network (Specific Model),11,None,2797,2504,55,class,0.89,0.8,0.12,0.11,0.24,0.62,0.49,True,17,1,1,1
METADECODER.88,23.46,0.81,Neural Network (Specific Model),11,None,1432,1283,56,genus,0.52,0.47,0.51,0.48,2.16,0.67,0.31,False,13,1,1,1
METADECODER.89,94.94,29.09,Gradient Boost (General Model),11,None,4121,3647,78,phylum,0.85,0.76,0.09,0.11,0.26,0.55,0.42,True,21,4,4,4
METADECODER.9,32.02,11.58,Gradient Boost (General Model),11,None,4966,3095,349,phylum,0.88,0.55,0.59,0.49,1.97,0.56,0.31,False,19,2,1,2
METADECODER.90,44.77,0.82,Gradient Boost (General Model),11,None,2377,2059,82,class,0.67,0.58,0.05,0.75,6.17,0.51,0.3,True,18,0,0,0
METADECODER.91,73.46,6.51,Gradient Boost (General Model),11,None,1733,1340,59,order,0.79,0.61,0.15,0.08,0.19,0.55,0.34,True,15,1,1,1
METADECODER.92,40.64,0.89,Neural Network (Specific Model),11,None,1130,1046,36,genus,0.84,0.78,0.74,0.05,0.11,0.78,0.61,False,10,0,0,0
METADECODER.93,76.89,15.04,Gradient Boost (General Model),11,None,3205,2872,66,genus,0.62,0.55,0.15,0.05,0.11,0.62,0.34,True,19,2,3,2
METADECODER.94,80.0,30.38,Neural Network (Specific Model),11,None,5997,5095,291,kingdom,1.0,0.85,0.4,0.04,0.09,0.84,0.71,True,19,0,0,0
METADECODER.95,48.17,3.18,Gradient Boost (General Model),11,None,2447,2200,76,genus,0.54,0.49,0.14,0.71,4.55,0.63,0.31,True,17,0,2,0
METADECODER.96,75.64,0.73,Gradient Boost (General Model),11,None,2188,2092,73,family,0.87,0.83,0.41,0.04,0.08,0.69,0.57,True,13,1,2,1
METADECODER.97,54.6,0.23,Gradient Boost (General Model),11,None,496,428,9,phylum,0.75,0.65,0.02,0.76,5.62,0.52,0.34,True,10,1,0,1
METADECODER.98,13.59,1.13,Neural Network (Specific Model),11,None,1231,814,78,phylum,0.86,0.57,0.21,0.67,3.55,0.52,0.3,True,5,0,1,0
METADECODER.99,32.92,0.95,Neural Network (Specific Model),11,None,1321,1213,33,phylum,0.9,0.83,0.09,0.09,0.2,0.56,0.46,True,16,1,1,1
