,Completeness,Contamination,Completeness_Model_Used,Translation_Table_Used,Additional_Notes,n_genes_called,n_genes_mapped,n_contigs,taxonomic_level,proportion_genes_retained_in_major_clades,genes_retained_index,clade_separation_score,contamination_portion,n_effective_surplus_clades,mean_hit_identity,reference_representation_score,pass.GUNC,tRNA,16S,5S,23S
bin.0,100.0,0.34,Gradient Boost (General Model),11,None,1671,1555,4,kingdom,1.0,0.93,0.0,0.0,0.0,0.6,0.56,True,22,2,2,2
bin.1,96.07,0.09,Neural Network (Specific Model),11,None,1912,1824,1,kingdom,1.0,0.95,0.0,0.0,0.0,0.65,0.62,True,22,1,1,1
bin.10,94.83,0.29,Neural Network (Specific Model),11,None,1661,1610,5,class,0.97,0.94,0.03,0.02,0.05,0.77,0.72,True,23,2,2,2
bin.100,94.23,14.78,Gradient Boost (General Model),11,None,2039,1919,19,genus,0.63,0.6,0.13,0.07,0.15,0.65,0.39,True,22,3,3,3
bin.101,90.11,0.85,Gradient Boost (General Model),11,None,1028,774,22,phylum,0.94,0.7,0.02,0.15,0.37,0.49,0.35,True,22,2,1,1
bin.102,90.19,3.21,Gradient Boost (General Model),11,None,2882,2567,75,genus,0.62,0.55,0.18,0.28,0.8,0.61,0.34,True,21,2,2,1
bin.103,94.28,2.55,Gradient Boost (General Model),11,None,2473,2410,25,family,0.92,0.89,0.09,0.05,0.11,0.77,0.69,True,19,2,2,2
bin.104,92.56,0.75,Gradient Boost (General Model),11,None,2048,1804,5,class,0.84,0.74,0.07,0.05,0.11,0.59,0.43,True,21,2,3,1
bin.105,96.01,12.73,Gradient Boost (General Model),11,None,2623,2318,24,genus,0.6,0.53,0.11,0.06,0.12,0.61,0.32,True,23,4,3,3
bin.106,87.19,1.68,Neural Network (Specific Model),11,None,2758,2577,46,order,0.91,0.85,0.13,0.04,0.09,0.64,0.55,True,22,2,2,2
bin.107,96.52,0.15,Gradient Boost (General Model),11,None,1168,1125,1,kingdom,1.0,0.96,0.0,0.0,0.0,0.59,0.57,True,21,1,1,1
bin.108,84.59,0.66,Gradient Boost (General Model),11,None,1359,1258,12,family,0.73,0.68,0.04,0.44,1.76,0.56,0.38,True,23,2,2,2
bin.109,88.85,2.33,Gradient Boost (General Model),11,None,1864,1717,6,kingdom,1.0,0.92,0.01,0.04,0.08,0.49,0.45,True,22,1,1,1
bin.11,92.02,0.5,Neural Network (Specific Model),11,None,1785,1695,4,family,0.84,0.8,0.01,0.49,2.09,0.63,0.5,True,22,2,2,2
bin.110,88.9,0.43,Gradient Boost (General Model),11,None,1914,1787,9,order,0.91,0.85,0.07,0.2,0.51,0.65,0.56,True,21,2,3,2
bin.111,87.5,2.06,Gradient Boost (General Model),11,None,4305,3960,42,phylum,0.87,0.8,0.04,0.18,0.45,0.61,0.48,True,19,1,1,1
bin.112,78.73,2.25,Gradient Boost (General Model),11,None,1430,1301,14,class,0.85,0.77,0.02,0.16,0.38,0.55,0.42,True,15,1,1,1
bin.113,90.98,0.78,Gradient Boost (General Model),11,None,2259,1995,11,class,0.68,0.6,0.01,0.62,4.0,0.51,0.3,True,22,2,2,2
bin.114,91.37,0.19,Gradient Boost (General Model),11,None,2608,2547,8,kingdom,1.0,0.98,0.0,0.0,0.0,0.95,0.93,True,21,0,0,0
bin.115,77.85,0.96,Gradient Boost (General Model),11,None,2430,2233,3,class,0.9,0.82,0.01,0.34,1.02,0.59,0.49,True,19,1,1,1
bin.116,85.6,2.05,Gradient Boost (General Model),11,None,2097,1999,39,class,0.89,0.85,0.13,0.09,0.2,0.88,0.75,True,21,2,2,3
bin.117,82.5,4.02,Gradient Boost (General Model),11,None,1947,1823,27,genus,0.47,0.44,0.05,0.8,7.9,0.62,0.27,True,23,4,3,4
bin.118,78.25,0.77,Gradient Boost (General Model),11,None,1807,1727,13,family,0.81,0.77,0.08,0.37,1.3,0.62,0.48,True,23,2,2,2
bin.119,78.15,2.88,Gradient Boost (General Model),11,None,2197,2073,4,order,0.85,0.81,0.01,0.18,0.45,0.68,0.55,True,22,2,0,1
bin.12,95.3,2.35,Gradient Boost (General Model),11,None,1529,1355,1,kingdom,0.99,0.88,0.0,0.0,0.0,0.52,0.46,True,22,2,2,2
bin.120,86.57,3.6,Gradient Boost (General Model),11,None,2295,2152,27,genus,0.61,0.57,0.06,0.26,0.72,0.64,0.37,True,22,2,2,2
bin.121,85.22,3.59,Gradient Boost (General Model),11,None,2239,1990,41,order,0.8,0.71,0.11,0.61,2.48,0.59,0.42,True,22,1,1,1
bin.122,89.23,1.08,Gradient Boost (General Model),11,None,3020,2814,38,class,0.84,0.78,0.06,0.03,0.06,0.63,0.49,True,23,1,1,1
bin.123,74.93,3.78,Gradient Boost (General Model),11,None,2716,2226,76,phylum,0.86,0.7,0.07,0.18,0.46,0.52,0.36,True,20,1,1,1
bin.124,80.34,8.21,Neural Network (Specific Model),11,None,2712,2672,31,order,0.97,0.95,0.13,0.05,0.11,0.94,0.9,True,22,1,0,1
bin.125,77.1,1.59,Gradient Boost (General Model),11,None,1845,1691,6,kingdom,1.0,0.92,0.01,0.02,0.04,0.55,0.5,True,20,0,0,0
bin.126,95.16,0.01,Gradient Boost (General Model),11,None,564,490,1,kingdom,1.0,0.87,0.0,0.02,0.05,0.51,0.44,True,21,2,0,1
bin.127,84.29,2.37,Gradient Boost (General Model),11,None,2574,1949,47,class,0.6,0.46,0.04,0.34,1.2,0.47,0.21,True,20,0,0,0
bin.128,73.5,8.52,Gradient Boost (General Model),11,None,3522,3123,86,class,0.9,0.8,0.06,0.22,0.56,0.57,0.45,True,20,0,0,0
bin.129,82.99,1.9,Gradient Boost (General Model),11,None,2058,1872,65,genus,0.72,0.66,0.64,0.29,0.76,0.73,0.48,False,21,1,0,1
bin.13,100.0,4.32,Gradient Boost (General Model),11,None,2186,1993,11,class,0.88,0.8,0.01,0.22,0.56,0.54,0.43,True,23,5,5,5
bin.130,74.61,1.14,Gradient Boost (General Model),11,None,1825,1733,43,phylum,0.93,0.88,0.14,0.02,0.05,0.65,0.58,True,20,0,0,0
bin.131,72.76,2.81,Gradient Boost (General Model),11,None,2680,2157,106,class,0.57,0.46,0.06,0.74,5.79,0.49,0.23,True,21,1,1,1
bin.132,87.94,1.28,Gradient Boost (General Model),11,None,874,762,8,kingdom,0.99,0.86,0.0,0.0,0.0,0.55,0.47,True,21,1,1,1
bin.133,88.91,1.91,Gradient Boost (General Model),11,None,3822,2948,49,order,0.53,0.41,0.03,0.72,5.04,0.49,0.2,True,22,1,0,1
bin.134,77.76,4.82,Gradient Boost (General Model),11,None,5850,4489,126,class,0.57,0.44,0.06,0.75,6.88,0.49,0.22,True,20,1,1,1
bin.135,79.55,6.12,Gradient Boost (General Model),11,None,2449,2291,57,class,0.96,0.9,0.19,0.03,0.05,0.64,0.58,True,18,1,0,1
bin.136,74.38,0.6,Gradient Boost (General Model),11,None,1569,1436,52,family,0.88,0.81,0.04,0.61,2.28,0.63,0.51,True,19,2,0,1
bin.137,76.11,0.53,Neural Network (Specific Model),11,None,1865,1610,41,order,0.82,0.71,0.09,0.06,0.13,0.57,0.4,True,15,1,1,1
bin.138,78.48,4.36,Gradient Boost (General Model),11,None,3690,3404,55,phylum,0.93,0.85,0.11,0.08,0.17,0.58,0.5,True,21,1,0,0
bin.139,80.76,4.89,Gradient Boost (General Model),11,None,3600,2731,90,order,0.53,0.4,0.05,0.73,3.74,0.49,0.2,True,22,1,0,0
bin.14,91.66,0.92,Gradient Boost (General Model),11,None,2300,2098,9,phylum,0.78,0.71,0.02,0.51,2.56,0.54,0.38,True,22,2,2,2
bin.140,61.61,2.37,Neural Network (Specific Model),11,None,1792,1751,4,family,0.94,0.91,0.02,0.02,0.04,0.86,0.79,True,23,4,4,4
bin.141,72.61,2.68,Gradient Boost (General Model),11,None,2046,1871,63,family,0.86,0.79,0.11,0.36,1.2,0.67,0.53,True,18,3,0,2
bin.142,84.5,1.73,Neural Network (Specific Model),11,None,2279,2198,10,order,0.92,0.88,0.04,0.25,0.63,0.67,0.59,True,22,1,1,1
bin.143,98.16,0.55,Gradient Boost (General Model),11,None,668,604,2,kingdom,0.99,0.89,0.0,0.0,0.0,0.61,0.54,True,21,1,1,1
bin.144,97.08,0.12,Gradient Boost (General Model),11,None,623,540,2,kingdom,0.99,0.85,0.0,0.0,0.0,0.52,0.44,True,20,1,0,2
bin.145,73.09,0.73,Gradient Boost (General Model),11,None,2100,2009,66,family,0.87,0.83,0.42,0.04,0.08,0.69,0.57,True,11,1,2,1
bin.146,77.63,6.02,Gradient Boost (General Model),11,None,1629,1383,56,order,0.84,0.71,0.15,0.1,0.23,0.56,0.4,True,15,1,1,1
bin.147,66.86,0.3,Gradient Boost (General Model),11,None,1347,1277,9,family,0.83,0.79,0.03,0.45,1.91,0.63,0.49,True,19,2,2,2
bin.148,61.09,2.46,Neural Network (Specific Model),11,None,1631,1529,40,order,0.91,0.85,0.13,0.11,0.23,0.68,0.57,True,18,1,1,1
bin.149,82.61,1.49,Gradient Boost (General Model),11,None,1862,1530,51,class,0.74,0.61,0.09,0.32,1.07,0.51,0.31,True,20,2,1,1
bin.15,96.42,0.17,Neural Network (Specific Model),11,None,2118,2001,2,kingdom,1.0,0.94,0.0,0.0,0.0,0.59,0.56,True,22,2,2,2
bin.150,69.98,1.02,Gradient Boost (General Model),11,None,3546,2939,117,phylum,0.83,0.69,0.05,0.67,4.16,0.48,0.33,True,16,0,0,0
bin.151,97.14,0.26,Neural Network (Specific Model),11,None,789,671,2,kingdom,0.99,0.84,0.0,0.0,0.0,0.53,0.45,True,22,1,0,1
bin.152,74.06,3.25,Gradient Boost (General Model),11,None,1749,1647,22,family,0.89,0.83,0.1,0.13,0.29,0.65,0.54,True,18,1,1,1
bin.153,63.24,5.45,Gradient Boost (General Model),11,None,2215,2019,47,family,0.63,0.58,0.06,0.67,4.25,0.58,0.33,True,18,2,1,2
bin.154,88.14,3.22,Gradient Boost (General Model),11,None,626,536,4,class,0.61,0.53,0.01,0.64,4.77,0.52,0.27,True,19,2,0,2
bin.155,78.94,0.27,Gradient Boost (General Model),11,None,570,493,4,family,0.68,0.59,0.05,0.73,4.07,0.54,0.32,True,19,1,0,1
bin.156,74.86,0.54,Gradient Boost (General Model),11,None,1977,1808,42,phylum,0.98,0.89,0.1,0.03,0.05,0.6,0.54,True,20,1,1,1
bin.157,87.46,2.57,Gradient Boost (General Model),11,None,2220,2173,38,family,0.95,0.93,0.03,0.03,0.07,0.95,0.88,True,23,2,2,2
bin.158,66.88,3.51,Neural Network (Specific Model),11,None,2666,2551,52,genus,0.66,0.63,0.15,0.1,0.22,0.78,0.49,True,21,2,2,2
bin.159,61.4,12.83,Gradient Boost (General Model),11,None,5577,4130,190,phylum,0.77,0.57,0.05,0.7,5.03,0.47,0.27,True,21,2,1,1
bin.16,96.81,2.74,Gradient Boost (General Model),11,None,2224,2084,2,kingdom,1.0,0.93,0.0,0.0,0.0,0.57,0.53,True,23,1,0,1
bin.160,66.59,4.85,Neural Network (Specific Model),11,None,2081,1911,52,class,0.83,0.76,0.08,0.03,0.07,0.62,0.48,True,18,1,0,1
bin.161,96.29,0.23,Gradient Boost (General Model),11,None,749,661,2,kingdom,1.0,0.88,0.02,0.02,0.05,0.51,0.45,True,20,1,0,1
bin.162,61.8,0.95,Gradient Boost (General Model),11,None,2745,2036,76,order,0.61,0.45,0.17,0.25,0.66,0.51,0.23,True,20,1,0,1
bin.163,52.75,1.11,Neural Network (Specific Model),11,None,1010,925,35,phylum,0.91,0.83,0.09,0.22,0.61,0.58,0.48,True,15,1,1,1
bin.164,55.09,1.44,Gradient Boost (General Model),11,None,1614,1467,39,phylum,0.84,0.76,0.08,0.05,0.11,0.55,0.42,True,18,0,0,0
bin.165,54.17,1.22,Neural Network (Specific Model),11,None,2500,2252,46,class,0.9,0.81,0.12,0.1,0.23,0.62,0.5,True,17,1,1,1
bin.166,57.31,2.68,Gradient Boost (General Model),11,None,1035,830,46,phylum,0.91,0.73,0.27,0.2,0.5,0.51,0.37,True,21,0,0,0
bin.167,47.97,1.14,Gradient Boost (General Model),11,None,1510,1412,12,class,0.93,0.87,0.03,0.1,0.22,0.62,0.54,True,20,1,1,1
bin.168,71.39,0.33,Gradient Boost (General Model),11,None,1516,1408,26,family,0.86,0.8,0.12,0.28,0.73,0.65,0.52,True,19,0,1,0
bin.169,43.68,3.81,Gradient Boost (General Model),11,None,2078,1816,61,phylum,0.97,0.85,0.59,0.03,0.05,0.64,0.54,False,19,0,0,0
bin.17,98.58,0.13,Gradient Boost (General Model),11,None,2749,2535,3,genus,0.63,0.58,0.01,0.47,1.63,0.58,0.34,True,23,2,2,2
bin.170,66.64,1.39,Gradient Boost (General Model),11,None,2757,2105,87,order,0.54,0.42,0.04,0.29,0.92,0.51,0.21,True,19,1,1,1
bin.171,78.82,5.93,Gradient Boost (General Model),11,None,2186,2058,10,class,0.93,0.88,0.02,0.06,0.13,0.59,0.52,True,19,2,2,2
bin.172,61.58,1.34,Gradient Boost (General Model),11,None,1310,1227,30,class,0.94,0.88,0.05,0.07,0.14,0.6,0.53,True,14,1,1,1
bin.173,56.96,2.09,Gradient Boost (General Model),11,None,3444,2733,105,phylum,0.79,0.63,0.06,0.57,2.77,0.5,0.31,True,20,1,0,1
bin.174,50.0,1.8,Gradient Boost (General Model),11,None,1649,1560,42,genus,0.72,0.68,0.26,0.03,0.07,0.7,0.48,True,17,1,1,1
bin.175,67.44,4.06,Gradient Boost (General Model),11,None,2792,2621,25,genus,0.62,0.58,0.09,0.25,0.69,0.7,0.4,True,21,2,2,2
bin.176,43.03,4.06,Gradient Boost (General Model),11,None,1696,1390,52,genus,0.61,0.5,0.11,0.81,6.39,0.55,0.27,True,19,1,0,0
bin.177,46.75,1.17,Neural Network (Specific Model),11,None,1008,981,2,class,0.91,0.89,0.01,0.02,0.05,0.69,0.61,True,16,1,0,1
bin.178,63.39,9.68,Gradient Boost (General Model),11,None,2388,2264,8,class,0.85,0.81,0.03,0.07,0.16,0.68,0.55,True,21,4,5,5
bin.179,55.76,5.39,Gradient Boost (General Model),11,None,2321,2188,51,genus,0.89,0.84,0.11,0.13,0.3,0.94,0.79,True,21,2,1,1
bin.18,95.87,0.87,Gradient Boost (General Model),11,None,3232,2744,14,order,0.55,0.47,0.01,0.48,2.25,0.5,0.24,True,21,0,0,0
bin.180,39.09,0.64,Neural Network (Specific Model),11,None,935,852,26,family,0.85,0.77,0.42,0.09,0.2,0.63,0.49,True,19,1,1,1
bin.181,34.84,1.79,Neural Network (Specific Model),11,None,739,643,38,class,0.94,0.81,0.07,0.07,0.16,0.6,0.49,True,14,0,0,0
bin.182,54.91,2.12,Neural Network (Specific Model),11,None,707,571,9,phylum,0.87,0.71,0.11,0.04,0.09,0.58,0.41,True,17,0,0,0
bin.183,67.2,2.68,Gradient Boost (General Model),11,None,794,674,17,phylum,0.76,0.64,0.02,0.77,6.53,0.52,0.34,True,16,1,0,1
bin.184,63.38,3.04,Gradient Boost (General Model),11,None,4526,3748,78,phylum,0.8,0.66,0.03,0.75,6.23,0.49,0.33,True,22,3,0,3
bin.185,50.54,6.28,Gradient Boost (General Model),11,None,3588,2963,148,family,0.64,0.53,1.0,0.44,0.97,0.68,0.36,False,18,0,0,0
bin.186,19.33,1.81,Neural Network (Specific Model),11,None,515,476,22,genus,0.87,0.8,0.16,0.04,0.09,0.65,0.52,True,4,1,0,0
bin.187,47.09,4.23,Neural Network (Specific Model),11,None,1994,1904,52,family,0.91,0.87,0.24,0.09,0.2,0.74,0.64,True,14,0,0,0
bin.188,30.52,0.22,Neural Network (Specific Model),11,None,929,816,30,family,0.84,0.74,0.11,0.3,0.96,0.59,0.44,True,15,1,1,1
bin.189,31.49,0.43,Neural Network (Specific Model),11,None,1142,979,28,phylum,0.88,0.76,0.18,0.14,0.32,0.57,0.43,True,10,0,0,0
bin.19,94.13,3.39,Gradient Boost (General Model),11,None,2126,2019,19,class,0.93,0.88,0.03,0.28,0.73,0.6,0.53,True,20,2,2,2
bin.190,37.05,3.62,Neural Network (Specific Model),11,None,1887,1784,53,genus,0.72,0.68,0.15,0.14,0.33,0.76,0.51,True,13,0,0,0
bin.191,61.03,11.3,Gradient Boost (General Model),11,None,3550,3225,67,class,0.89,0.81,0.15,0.09,0.21,0.62,0.5,True,21,1,1,1
bin.192,39.32,2.88,Gradient Boost (General Model),11,None,2145,1936,61,order,0.86,0.78,0.09,0.2,0.52,0.62,0.48,True,16,0,0,0
bin.193,52.83,17.12,Gradient Boost (General Model),11,None,4122,3554,115,phylum,0.82,0.71,0.09,0.09,0.21,0.56,0.4,True,17,3,2,2
bin.194,51.84,10.12,Neural Network (Specific Model),11,None,1065,834,31,class,0.72,0.56,0.21,0.09,0.2,0.57,0.32,True,14,2,0,2
bin.195,37.18,0.08,Neural Network (Specific Model),11,None,930,900,7,family,0.78,0.76,0.14,0.42,1.08,0.71,0.54,True,20,4,2,4
bin.196,41.52,1.06,Neural Network (Specific Model),11,None,3868,3029,132,order,0.58,0.45,0.13,0.11,0.24,0.54,0.24,True,15,0,0,0
bin.197,47.45,9.9,Gradient Boost (General Model),11,None,4158,3541,172,phylum,0.85,0.72,0.36,0.4,1.44,0.57,0.41,True,19,0,1,1
bin.198,29.1,8.11,Neural Network (Specific Model),11,None,2205,1980,62,genus,0.49,0.44,0.14,0.6,2.13,0.62,0.27,True,18,1,1,1
bin.199,38.05,2.63,Neural Network (Specific Model),11,None,1161,1125,4,genus,0.71,0.69,0.12,0.19,0.47,0.83,0.57,True,12,0,0,0
bin.2,97.52,2.2,Neural Network (Specific Model),11,None,2854,2761,2,kingdom,1.0,0.97,0.0,0.0,0.0,0.68,0.66,True,22,3,2,2
bin.20,99.36,1.54,Gradient Boost (General Model),11,None,1850,1790,7,class,0.94,0.91,0.04,0.05,0.1,0.95,0.87,True,22,2,0,2
bin.200,25.54,0.04,Neural Network (Specific Model),11,None,657,615,2,class,0.86,0.81,0.01,0.12,0.27,0.55,0.44,True,10,0,0,0
bin.201,23.81,0.62,Neural Network (Specific Model),11,None,867,734,32,kingdom,1.0,0.85,0.12,0.04,0.08,0.53,0.45,True,4,0,0,0
bin.202,31.13,0.9,Neural Network (Specific Model),11,None,1201,1141,46,family,0.91,0.87,0.2,0.21,0.6,0.84,0.73,True,9,0,0,0
bin.203,36.22,0.47,Neural Network (Specific Model),11,None,1313,1256,36,class,0.97,0.93,0.09,0.04,0.09,0.85,0.79,True,11,1,1,0
bin.204,39.36,1.92,Neural Network (Specific Model),11,None,1421,1239,29,class,0.89,0.78,0.09,0.04,0.08,0.57,0.44,True,14,1,1,1
bin.205,82.85,23.88,Gradient Boost (General Model),4,None,1646,1251,37,family,0.76,0.58,0.9,0.46,0.99,0.59,0.34,False,17,1,0,1
bin.206,42.09,0.55,Neural Network (Specific Model),11,None,2965,2241,91,phylum,0.77,0.58,0.06,0.7,5.28,0.45,0.26,True,12,0,0,0
bin.207,24.06,0.86,Neural Network (Specific Model),11,None,622,554,28,family,0.81,0.72,0.22,0.21,0.56,0.61,0.44,True,5,0,0,0
bin.208,26.73,0.13,Neural Network (Specific Model),11,None,635,609,4,kingdom,0.99,0.95,0.0,0.0,0.0,0.6,0.57,True,6,1,2,1
bin.209,92.52,0.22,Gradient Boost (General Model),11,None,874,664,1,kingdom,1.0,0.76,0.0,0.23,0.55,0.47,0.36,True,20,1,0,1
bin.21,99.98,0.77,Neural Network (Specific Model),11,None,2570,2425,5,class,0.95,0.9,0.01,0.05,0.12,0.73,0.66,True,24,2,2,2
bin.210,50.14,3.01,Gradient Boost (General Model),11,None,2138,1765,76,family,0.54,0.45,0.1,0.81,6.27,0.53,0.24,True,16,0,0,0
bin.211,35.5,1.0,Neural Network (Specific Model),11,None,1711,1503,48,class,0.68,0.6,0.03,0.76,6.54,0.51,0.31,True,20,1,1,1
bin.212,94.42,2.8,Neural Network (Specific Model),11,None,2381,2266,15,kingdom,1.0,0.95,0.08,0.03,0.05,0.81,0.77,True,20,1,1,1
bin.213,42.39,5.0,Neural Network (Specific Model),11,None,2357,2010,108,phylum,0.83,0.71,0.25,0.37,1.25,0.58,0.41,True,15,1,1,0
bin.214,20.02,0.46,Neural Network (Specific Model),11,None,913,806,27,class,0.91,0.8,0.11,0.11,0.25,0.59,0.47,True,8,0,0,0
bin.215,39.87,1.98,Gradient Boost (General Model),11,None,1711,1590,40,genus,0.74,0.68,0.18,0.19,0.49,0.69,0.47,True,14,1,1,1
bin.216,96.54,2.43,Neural Network (Specific Model),11,None,1946,1881,13,kingdom,1.0,0.97,0.14,0.03,0.06,0.95,0.92,True,19,0,2,0
bin.217,38.86,5.35,Neural Network (Specific Model),11,None,1252,1182,31,genus,0.69,0.65,0.49,0.06,0.14,0.63,0.41,False,18,0,0,0
bin.218,96.62,0.06,Gradient Boost (General Model),11,None,1645,1558,1,kingdom,1.0,0.95,0.0,0.06,0.13,0.86,0.81,True,21,1,1,1
bin.219,95.93,1.79,Neural Network (Specific Model),11,None,2377,2221,1,kingdom,1.0,0.93,0.0,0.06,0.13,0.77,0.72,True,19,2,2,2
bin.22,95.43,0.4,Gradient Boost (General Model),11,None,2686,2573,2,kingdom,1.0,0.96,0.0,0.0,0.0,0.57,0.55,True,22,1,1,1
bin.220,30.12,0.95,Neural Network (Specific Model),11,None,1199,1108,29,phylum,0.9,0.83,0.1,0.09,0.2,0.56,0.46,True,14,1,1,1
bin.221,35.28,1.97,Neural Network (Specific Model),11,None,1523,1337,52,order,0.88,0.77,0.14,0.12,0.28,0.57,0.44,True,6,1,1,1
bin.222,30.68,1.68,Neural Network (Specific Model),11,None,1349,1236,9,order,0.74,0.68,0.06,0.43,1.56,0.59,0.4,True,8,1,1,1
bin.223,54.23,9.62,Gradient Boost (General Model),11,None,2256,2073,31,genus,0.55,0.5,0.15,0.09,0.2,0.61,0.31,True,19,1,1,1
bin.224,59.41,4.56,Gradient Boost (General Model),11,None,865,804,20,family,0.63,0.59,0.22,0.12,0.29,0.6,0.36,True,14,1,1,1
bin.225,48.1,1.54,Gradient Boost (General Model),11,None,466,399,11,order,0.77,0.66,0.07,0.77,5.27,0.58,0.38,True,16,1,0,2
bin.226,28.09,0.13,Neural Network (Specific Model),11,None,1464,1355,66,family,0.88,0.82,0.3,0.03,0.05,0.74,0.6,True,12,0,0,0
bin.227,17.05,0.31,Neural Network (Specific Model),11,None,298,289,2,class,0.95,0.92,0.06,0.03,0.06,0.61,0.57,True,9,0,0,0
bin.228,84.36,3.93,Gradient Boost (General Model),11,None,2408,2260,19,genus,0.5,0.47,0.09,0.4,1.49,0.63,0.3,True,20,3,2,2
bin.229,13.13,1.13,Neural Network (Specific Model),11,None,464,446,5,genus,0.55,0.53,0.02,0.8,9.14,0.61,0.32,True,8,0,0,0
bin.23,96.7,0.96,Gradient Boost (General Model),11,None,1384,1258,11,genus,0.7,0.63,0.04,0.65,3.13,0.54,0.34,True,21,2,0,2
bin.230,37.88,2.75,Neural Network (Specific Model),11,None,1032,966,1,kingdom,1.0,0.94,0.0,0.03,0.06,0.56,0.52,True,10,1,0,0
bin.231,46.27,2.83,Gradient Boost (General Model),11,None,1439,1399,55,order,0.97,0.94,0.19,0.04,0.09,0.96,0.91,True,12,2,2,2
bin.232,15.03,0.43,Neural Network (Specific Model),11,None,334,287,12,phylum,0.78,0.67,0.05,0.83,9.63,0.54,0.36,True,11,0,0,0
bin.233,73.04,22.19,Neural Network (Specific Model),11,None,3804,3543,174,kingdom,0.99,0.92,0.0,0.0,0.0,0.88,0.81,True,19,0,0,0
bin.234,42.02,2.69,Neural Network (Specific Model),11,None,1744,1632,56,genus,0.52,0.48,0.15,0.78,7.91,0.63,0.31,True,15,0,0,0
bin.235,33.69,3.44,Neural Network (Specific Model),11,None,1612,1496,40,genus,0.69,0.64,0.18,0.12,0.27,0.7,0.45,True,9,1,0,0
bin.236,31.87,0.16,Neural Network (Specific Model),11,None,1001,901,34,order,0.87,0.78,0.19,0.47,1.61,0.62,0.49,True,10,0,0,0
bin.237,26.57,2.64,Neural Network (Specific Model),11,None,1230,1155,45,genus,0.71,0.67,0.54,0.1,0.24,0.72,0.48,False,14,0,0,0
bin.238,24.03,0.76,Neural Network (Specific Model),11,None,1702,1574,42,family,0.95,0.88,0.17,0.18,0.45,0.82,0.72,True,9,0,0,0
bin.239,17.29,0.31,Neural Network (Specific Model),4,None,1657,1252,72,class,0.65,0.49,0.07,0.8,6.96,0.51,0.25,True,12,0,0,0
bin.24,83.4,2.13,Neural Network (Specific Model),11,None,1708,1638,20,order,0.97,0.94,0.05,0.07,0.16,0.93,0.87,True,22,1,0,0
bin.240,32.71,2.52,Neural Network (Specific Model),11,None,2445,1867,96,phylum,0.8,0.61,0.19,0.14,0.34,0.54,0.33,True,9,0,0,0
bin.241,42.54,3.82,Gradient Boost (General Model),11,None,2444,1931,97,order,0.52,0.41,0.33,0.63,3.27,0.58,0.24,True,9,0,0,0
bin.242,27.57,0.21,Neural Network (Specific Model),11,None,878,783,40,order,0.83,0.74,0.19,0.03,0.06,0.6,0.44,True,15,1,1,1
bin.243,28.91,0.04,Neural Network (Specific Model),11,None,731,670,1,kingdom,0.99,0.91,0.0,0.0,0.0,0.59,0.54,True,9,0,0,0
bin.244,15.11,0.66,Neural Network (Specific Model),11,None,716,646,22,genus,0.61,0.55,0.14,0.63,4.29,0.62,0.34,True,8,0,0,0
bin.245,21.18,0.03,Neural Network (Specific Model),11,None,1041,869,25,class,0.76,0.64,0.07,0.19,0.46,0.53,0.34,True,11,0,0,0
bin.246,29.85,4.29,Neural Network (Specific Model),11,None,1564,1318,58,phylum,0.95,0.8,0.09,0.06,0.14,0.55,0.44,True,14,0,0,0
bin.247,7.7,0.33,Neural Network (Specific Model),11,None,208,200,1,kingdom,1.0,0.96,0.0,0.0,0.0,0.62,0.59,True,3,1,1,1
bin.248,9.32,0.31,Neural Network (Specific Model),11,None,300,263,11,family,0.6,0.53,0.05,0.72,3.8,0.61,0.32,True,2,1,1,1
bin.249,13.36,0.0,Neural Network (Specific Model),11,None,327,314,1,kingdom,1.0,0.96,0.0,0.0,0.0,0.67,0.64,True,6,0,0,0
bin.25,97.3,4.63,Gradient Boost (General Model),11,None,2114,1994,20,genus,0.43,0.4,0.03,0.43,1.74,0.58,0.23,True,23,2,2,2
bin.250,16.49,0.0,Neural Network (Specific Model),11,None,237,229,3,kingdom,1.0,0.97,0.0,0.0,0.0,0.75,0.73,True,8,0,0,0
bin.251,12.59,0.1,Neural Network (Specific Model),11,None,357,342,20,phylum,0.96,0.92,0.45,0.11,0.26,0.71,0.65,True,6,0,0,0
bin.252,14.11,0.35,Neural Network (Specific Model),11,None,333,299,1,kingdom,0.99,0.89,0.0,0.0,0.0,0.62,0.55,True,10,1,1,1
bin.253,14.3,0.02,Neural Network (Specific Model),11,None,809,668,27,order,0.52,0.43,0.15,0.32,1.01,0.58,0.25,True,8,1,0,0
bin.254,15.05,0.0,Neural Network (Specific Model),11,None,320,307,1,kingdom,1.0,0.96,0.0,0.0,0.0,0.65,0.62,True,3,0,0,0
bin.255,11.55,0.0,Neural Network (Specific Model),11,None,525,468,18,order,0.91,0.81,0.29,0.08,0.18,0.62,0.51,True,7,0,0,0
bin.256,13.06,1.87,Neural Network (Specific Model),11,None,685,609,27,order,0.77,0.68,0.29,0.09,0.18,0.62,0.42,True,7,0,0,0
bin.257,13.88,1.64,Neural Network (Specific Model),11,None,826,734,43,family,0.74,0.66,0.08,0.55,3.03,0.62,0.4,True,12,0,2,0
bin.258,17.5,0.33,Neural Network (Specific Model),11,None,381,366,4,family,0.75,0.72,0.14,0.42,1.06,0.71,0.51,True,4,0,0,0
bin.259,33.72,0.61,Neural Network (Specific Model),11,None,1770,1495,70,phylum,0.91,0.77,0.23,0.19,0.49,0.59,0.45,True,11,0,1,0
bin.26,90.26,0.56,Neural Network (Specific Model),11,None,2091,2070,7,kingdom,1.0,0.99,0.0,0.0,0.0,0.97,0.96,True,21,2,2,2
bin.260,11.26,0.32,Neural Network (Specific Model),11,None,519,480,21,genus,0.66,0.61,0.32,0.11,0.25,0.66,0.4,True,10,0,0,0
bin.261,14.38,0.17,Neural Network (Specific Model),11,None,834,743,32,class,0.9,0.8,0.19,0.31,0.87,0.64,0.52,True,7,0,0,0
bin.262,21.57,0.9,Neural Network (Specific Model),11,None,1335,1091,51,kingdom,1.0,0.82,0.1,0.04,0.09,0.53,0.44,True,10,0,0,0
bin.263,23.02,1.12,Neural Network (Specific Model),11,None,1291,1234,38,family,0.86,0.82,0.26,0.08,0.17,0.8,0.66,True,8,1,1,1
bin.264,35.99,19.52,Neural Network (Specific Model),11,None,3787,3019,257,genus,0.78,0.62,0.32,0.1,0.22,0.81,0.51,True,11,0,0,0
bin.265,11.38,0.31,Neural Network (Specific Model),11,None,342,331,21,genus,0.84,0.81,0.49,0.04,0.07,0.94,0.77,False,6,1,1,1
bin.266,11.69,0.18,Neural Network (Specific Model),11,None,687,639,18,class,0.93,0.87,0.14,0.08,0.17,0.62,0.53,True,7,0,0,0
bin.267,18.17,0.72,Neural Network (Specific Model),11,None,572,478,24,family,0.73,0.61,0.09,0.68,4.53,0.55,0.34,True,8,0,0,0
bin.268,13.88,0.04,Neural Network (Specific Model),11,None,385,334,1,kingdom,0.98,0.85,0.0,0.0,0.0,0.49,0.41,True,5,0,0,0
bin.269,14.11,0.14,Neural Network (Specific Model),11,None,538,502,21,genus,0.54,0.5,0.45,0.48,2.16,0.77,0.38,False,5,0,0,0
bin.27,95.72,1.51,Gradient Boost (General Model),11,None,2704,2608,15,class,0.97,0.93,0.07,0.05,0.11,0.68,0.63,True,23,4,4,4
bin.270,13.58,0.21,Neural Network (Specific Model),11,None,674,623,12,phylum,0.96,0.88,0.19,0.08,0.17,0.63,0.56,True,9,0,0,0
bin.271,10.37,0.01,Neural Network (Specific Model),11,None,571,436,45,phylum,0.84,0.64,0.12,0.49,2.16,0.49,0.31,True,2,0,0,0
bin.272,24.11,0.24,Neural Network (Specific Model),11,None,906,833,28,genus,0.67,0.62,0.2,0.09,0.19,0.65,0.4,True,12,1,1,1
bin.273,20.33,0.57,Neural Network (Specific Model),11,None,859,788,23,class,0.9,0.83,0.09,0.2,0.5,0.62,0.51,True,21,2,2,2
bin.274,10.71,0.0,Neural Network (Specific Model),11,None,191,182,1,kingdom,1.0,0.95,0.0,0.0,0.0,0.63,0.6,True,4,0,0,0
bin.275,11.18,0.05,Neural Network (Specific Model),11,None,211,198,13,genus,0.77,0.73,0.21,0.54,2.68,0.66,0.48,True,4,0,0,0
bin.276,9.94,0.09,Neural Network (Specific Model),11,None,442,405,16,class,0.96,0.88,0.15,0.04,0.08,0.69,0.61,True,5,0,0,0
bin.277,12.61,0.28,Neural Network (Specific Model),11,None,820,744,28,class,0.95,0.86,0.32,0.11,0.24,0.67,0.57,True,4,0,0,0
bin.278,5.94,0.0,Neural Network (Specific Model),11,None,200,176,1,kingdom,0.98,0.86,0.0,0.0,0.0,0.52,0.45,True,1,0,0,0
bin.279,7.98,0.0,Neural Network (Specific Model),11,None,218,208,1,kingdom,0.99,0.94,0.0,0.0,0.0,0.73,0.69,True,5,1,1,1
bin.28,98.83,1.29,Neural Network (Specific Model),11,None,3992,3529,28,phylum,0.87,0.77,0.02,0.19,0.5,0.56,0.43,True,23,2,1,1
bin.280,9.9,1.58,Neural Network (Specific Model),11,None,397,347,18,phylum,0.91,0.8,0.19,0.19,0.5,0.54,0.43,True,1,0,0,0
bin.281,7.42,0.16,Neural Network (Specific Model),11,None,398,365,16,phylum,0.92,0.84,0.27,0.07,0.15,0.58,0.49,True,4,0,0,0
bin.282,19.29,0.09,Neural Network (Specific Model),11,None,1008,941,15,genus,0.67,0.62,0.15,0.23,0.66,0.69,0.43,True,4,1,0,0
bin.283,7.49,0.05,Neural Network (Specific Model),11,None,274,232,1,kingdom,0.99,0.84,0.0,0.0,0.0,0.48,0.4,True,1,0,0,0
bin.284,9.4,0.03,Neural Network (Specific Model),11,None,639,469,30,phylum,0.81,0.59,0.03,0.66,4.55,0.49,0.29,True,3,2,0,0
bin.285,18.83,0.22,Neural Network (Specific Model),11,None,1147,977,37,class,0.81,0.69,0.21,0.19,0.45,0.57,0.39,True,9,0,0,0
bin.286,4.48,0.01,Neural Network (Specific Model),11,None,186,166,2,family,0.86,0.76,0.03,0.56,2.28,0.65,0.5,True,1,1,1,1
bin.287,7.36,0.01,Neural Network (Specific Model),11,None,244,195,4,class,0.81,0.65,0.06,0.34,1.09,0.52,0.34,True,3,1,1,1
bin.288,9.75,0.02,Neural Network (Specific Model),11,None,342,308,8,genus,0.7,0.63,0.25,0.2,0.56,0.65,0.41,True,5,0,0,0
bin.289,8.65,0.07,Neural Network (Specific Model),11,None,260,232,1,kingdom,0.99,0.88,0.0,0.0,0.0,0.56,0.49,True,1,0,0,0
bin.29,89.13,0.9,Gradient Boost (General Model),11,None,1427,1251,5,class,0.91,0.8,0.01,0.72,4.15,0.51,0.41,True,22,2,2,2
bin.290,10.65,0.01,Neural Network (Specific Model),11,None,252,218,4,genus,0.57,0.49,0.11,0.4,1.55,0.64,0.31,True,1,0,0,0
bin.291,7.37,0.05,Neural Network (Specific Model),11,None,462,399,13,phylum,0.9,0.78,0.09,0.03,0.06,0.6,0.47,True,3,0,0,0
bin.292,10.46,0.01,Neural Network (Specific Model),11,None,368,331,1,kingdom,1.0,0.9,0.0,0.04,0.09,0.53,0.48,True,5,0,0,0
bin.293,9.41,0.14,Neural Network (Specific Model),11,None,374,325,16,order,0.83,0.72,0.12,0.41,1.38,0.61,0.44,True,0,0,0,0
bin.294,5.71,0.22,Neural Network (Specific Model),11,None,201,182,3,genus,0.45,0.41,0.03,0.43,1.76,0.6,0.25,True,0,0,0,0
bin.295,7.77,0.17,Neural Network (Specific Model),11,None,295,266,8,phylum,0.89,0.8,0.03,0.07,0.16,0.57,0.45,True,5,0,0,0
bin.296,9.24,0.0,Neural Network (Specific Model),11,None,210,188,3,kingdom,0.99,0.89,0.0,0.0,0.0,0.54,0.48,True,3,0,0,0
bin.297,10.27,0.02,Neural Network (Specific Model),11,None,265,228,2,family,0.86,0.74,0.12,0.03,0.05,0.61,0.45,True,3,0,0,0
bin.298,6.89,0.07,Neural Network (Specific Model),11,None,431,386,8,class,0.91,0.82,0.1,0.09,0.2,0.61,0.5,True,5,0,0,0
bin.299,8.58,0.0,Neural Network (Specific Model),11,None,478,411,23,genus,0.51,0.44,0.19,0.33,1.04,0.57,0.25,True,7,0,0,0
bin.3,99.83,0.17,Gradient Boost (General Model),11,None,1223,1102,5,genus,0.78,0.7,0.02,0.35,0.94,0.55,0.39,True,22,2,0,2
bin.30,95.13,2.36,Gradient Boost (General Model),11,None,1596,1491,2,phylum,0.93,0.87,0.01,0.2,0.49,0.56,0.48,True,23,1,1,1
bin.300,15.73,0.37,Neural Network (Specific Model),11,None,476,441,18,genus,0.48,0.44,0.32,0.25,0.74,0.6,0.27,True,10,0,0,0
bin.301,14.35,0.83,Neural Network (Specific Model),11,None,797,751,29,genus,0.86,0.81,0.27,0.13,0.31,0.97,0.79,True,8,0,0,0
bin.302,16.73,6.55,Neural Network (Specific Model),11,None,1129,1064,43,phylum,0.96,0.91,0.58,0.03,0.05,0.87,0.79,False,2,0,0,0
bin.303,7.87,0.0,Neural Network (Specific Model),11,None,294,277,10,order,0.93,0.87,0.2,0.38,0.95,0.74,0.65,True,1,1,1,1
bin.304,5.52,0.01,Neural Network (Specific Model),11,None,380,195,22,kingdom,0.98,0.51,0.0,0.0,0.0,0.48,0.24,True,6,1,0,0
bin.305,7.97,0.01,Neural Network (Specific Model),11,None,400,334,14,class,0.66,0.55,0.08,0.76,6.7,0.52,0.29,True,2,1,0,0
bin.306,7.59,0.0,Neural Network (Specific Model),11,None,292,231,7,family,0.79,0.63,0.04,0.72,6.06,0.61,0.39,True,3,0,0,0
bin.307,9.75,0.03,Neural Network (Specific Model),11,None,338,295,2,phylum,0.94,0.82,0.05,0.06,0.13,0.58,0.48,True,1,0,0,0
bin.308,9.72,0.0,Neural Network (Specific Model),11,None,369,350,9,genus,0.63,0.6,0.4,0.26,0.79,0.76,0.45,True,5,0,0,0
bin.309,11.7,0.63,Neural Network (Specific Model),11,None,349,329,5,genus,0.64,0.6,0.13,0.15,0.37,0.71,0.43,True,15,2,1,1
bin.31,97.11,0.28,Neural Network (Specific Model),11,None,1665,1594,3,class,0.94,0.9,0.01,0.04,0.09,0.68,0.62,True,23,2,2,2
bin.310,7.27,0.03,Neural Network (Specific Model),11,None,383,338,6,family,0.66,0.58,0.05,0.62,3.92,0.57,0.33,True,2,0,0,0
bin.311,8.65,1.14,Neural Network (Specific Model),11,None,586,470,26,order,0.56,0.45,0.2,0.55,3.15,0.53,0.24,True,3,1,1,1
bin.312,12.96,0.11,Neural Network (Specific Model),11,None,494,441,13,family,0.66,0.59,0.1,0.58,3.33,0.59,0.35,True,3,0,0,0
bin.313,7.55,0.06,Neural Network (Specific Model),11,None,233,217,1,kingdom,1.0,0.93,0.0,0.0,0.0,0.65,0.61,True,1,0,0,0
bin.314,3.97,0.0,Neural Network (Specific Model),11,None,317,248,24,phylum,0.83,0.65,0.07,0.54,2.57,0.52,0.34,True,0,0,0,0
bin.315,9.05,0.0,Neural Network (Specific Model),11,None,291,277,2,genus,0.65,0.62,0.02,0.46,1.93,0.68,0.42,True,1,0,0,0
bin.316,8.21,0.13,Neural Network (Specific Model),11,None,350,305,1,kingdom,0.99,0.86,0.0,0.0,0.0,0.54,0.46,True,0,0,0,0
bin.317,7.14,0.02,Neural Network (Specific Model),11,None,500,367,37,class,0.7,0.51,0.2,0.57,3.09,0.51,0.26,True,5,0,1,0
bin.318,12.61,0.52,Neural Network (Specific Model),11,None,583,480,43,genus,0.54,0.44,0.12,0.71,5.66,0.54,0.24,True,2,0,0,0
bin.319,13.57,0.73,Neural Network (Specific Model),11,None,1235,981,44,order,0.59,0.47,0.09,0.69,5.07,0.54,0.25,True,8,0,0,0
bin.32,100.0,0.65,Gradient Boost (General Model),11,None,2659,2444,14,class,0.93,0.85,0.02,0.23,0.63,0.62,0.53,True,22,2,2,2
bin.320,5.94,0.48,Neural Network (Specific Model),11,None,221,194,21,genus,0.54,0.47,0.37,0.69,5.3,0.76,0.36,True,1,0,0,0
bin.321,5.56,0.22,Neural Network (Specific Model),11,None,330,223,15,class,0.65,0.44,0.13,0.78,7.69,0.49,0.21,True,6,0,0,0
bin.322,5.1,0.0,Neural Network (Specific Model),11,None,273,254,8,genus,0.68,0.63,0.14,0.48,1.91,0.87,0.55,True,0,0,0,0
bin.323,10.08,0.05,Neural Network (Specific Model),11,None,477,357,17,phylum,0.85,0.63,0.03,0.62,3.32,0.52,0.33,True,7,0,0,0
bin.324,9.88,1.05,Neural Network (Specific Model),11,None,564,448,19,phylum,0.88,0.7,0.05,0.32,1.04,0.52,0.37,True,1,0,0,0
bin.325,5.02,0.01,Neural Network (Specific Model),11,None,231,203,5,genus,0.5,0.44,0.3,0.73,4.74,0.71,0.31,True,0,0,0,0
bin.326,5.0,0.0,Neural Network (Specific Model),11,None,307,175,13,phylum,0.84,0.48,0.12,0.52,2.71,0.5,0.24,True,3,0,0,0
bin.327,4.24,0.25,Neural Network (Specific Model),11,None,240,110,8,kingdom,0.99,0.45,0.0,0.0,0.0,0.5,0.22,True,0,0,0,0
bin.328,6.32,0.01,Neural Network (Specific Model),11,None,178,160,2,genus,0.48,0.43,0.04,0.69,4.16,0.64,0.28,True,9,0,0,0
bin.329,7.01,0.0,Neural Network (Specific Model),11,None,254,121,2,kingdom,0.99,0.47,0.0,0.0,0.0,0.45,0.21,True,0,0,0,0
bin.33,96.07,0.74,Gradient Boost (General Model),11,None,2763,2453,11,phylum,0.94,0.83,0.02,0.03,0.06,0.54,0.45,True,22,3,3,3
bin.330,6.81,0.7,Neural Network (Specific Model),11,None,167,162,6,family,0.87,0.84,0.17,0.4,1.59,0.83,0.7,True,1,0,0,0
bin.331,5.9,0.01,Neural Network (Specific Model),11,None,205,164,7,genus,0.56,0.45,0.22,0.42,1.75,0.58,0.26,True,5,0,0,0
bin.332,10.05,0.02,Neural Network (Specific Model),11,None,259,254,2,genus,0.9,0.88,0.19,0.33,1.07,0.93,0.83,True,0,0,0,0
bin.333,5.41,0.02,Neural Network (Specific Model),11,None,272,233,6,class,0.86,0.74,0.22,0.24,0.71,0.59,0.43,True,0,0,0,0
bin.334,6.34,0.0,Neural Network (Specific Model),11,None,221,216,4,class,0.96,0.94,0.16,0.04,0.08,0.91,0.86,True,1,0,0,0
bin.335,8.46,0.02,Neural Network (Specific Model),11,None,372,257,12,class,0.62,0.43,0.02,0.64,4.08,0.48,0.2,True,0,0,0,0
bin.336,7.56,0.37,Neural Network (Specific Model),11,None,370,282,14,family,0.55,0.42,0.2,0.28,0.88,0.59,0.25,True,0,0,0,0
bin.337,26.21,3.35,Neural Network (Specific Model),11,None,2010,1746,108,genus,0.51,0.45,0.83,0.65,3.13,0.74,0.33,False,18,2,2,2
bin.338,7.4,0.0,Neural Network (Specific Model),11,None,493,466,16,genus,0.62,0.58,0.36,0.41,1.7,0.69,0.4,True,2,0,0,0
bin.339,6.15,0.0,Neural Network (Specific Model),11,None,264,231,1,kingdom,0.99,0.87,0.0,0.0,0.0,0.56,0.48,True,3,0,0,0
bin.34,94.79,4.78,Neural Network (Specific Model),11,None,2479,2433,47,kingdom,1.0,0.98,0.0,0.0,0.0,0.98,0.96,True,22,1,1,1
bin.340,10.49,0.01,Neural Network (Specific Model),11,None,409,392,1,kingdom,0.99,0.95,0.0,0.0,0.0,0.67,0.64,True,5,1,1,1
bin.341,7.65,0.01,Neural Network (Specific Model),11,None,561,419,16,family,0.55,0.41,0.21,0.66,3.39,0.61,0.25,True,2,0,0,0
bin.342,10.83,0.21,Neural Network (Specific Model),11,None,544,501,23,genus,0.61,0.56,0.28,0.46,1.87,0.79,0.44,True,0,0,0,0
bin.343,13.28,1.12,Neural Network (Specific Model),11,None,765,705,34,genus,0.61,0.56,0.19,0.4,1.56,0.69,0.39,True,4,1,1,1
bin.344,16.97,5.65,Neural Network (Specific Model),11,None,1262,553,71,kingdom,1.0,0.44,0.09,0.43,0.96,0.45,0.2,True,5,0,0,0
bin.345,53.87,13.41,Gradient Boost (General Model),11,None,3634,3296,108,genus,0.63,0.57,0.24,0.17,0.42,0.7,0.4,True,19,0,1,1
bin.346,29.78,2.97,Neural Network (Specific Model),11,None,1644,1418,89,genus,0.47,0.41,0.36,0.29,0.86,0.66,0.27,True,12,0,1,0
bin.347,43.53,1.74,Neural Network (Specific Model),11,None,1069,1020,11,order,0.91,0.86,0.08,0.03,0.06,0.66,0.57,True,17,2,2,2
bin.348,57.45,14.27,Gradient Boost (General Model),11,None,4712,4314,161,order,0.89,0.81,0.42,0.26,0.73,0.67,0.55,True,20,2,3,3
bin.349,13.38,6.56,Neural Network (Specific Model),11,None,385,379,14,phylum,0.97,0.95,0.19,0.07,0.16,0.73,0.69,True,2,0,0,0
bin.35,98.23,2.24,Gradient Boost (General Model),11,None,2370,2248,3,phylum,0.91,0.87,0.01,0.03,0.05,0.64,0.56,True,23,5,4,4
bin.350,79.4,16.43,Gradient Boost (General Model),11,None,1815,1738,61,family,0.86,0.82,0.21,0.29,0.74,0.73,0.6,True,14,2,1,2
bin.351,9.54,1.14,Neural Network (Specific Model),11,None,379,303,21,genus,0.54,0.43,0.06,0.78,5.33,0.53,0.23,True,7,0,0,0
bin.352,4.26,0.07,Neural Network (Specific Model),11,None,256,238,10,genus,0.62,0.58,0.18,0.34,1.15,0.66,0.38,True,3,0,0,0
bin.353,58.61,40.43,Gradient Boost (General Model),11,None,6061,5393,123,genus,0.49,0.44,0.24,0.07,0.14,0.63,0.27,True,22,0,0,0
bin.354,37.75,3.61,Neural Network (Specific Model),11,None,1928,1610,99,family,0.62,0.52,0.24,0.31,1.01,0.6,0.31,True,14,1,1,1
bin.355,13.54,3.11,Neural Network (Specific Model),11,None,876,804,36,genus,0.59,0.54,0.16,0.57,2.13,0.67,0.36,True,8,1,1,1
bin.356,35.23,16.39,Neural Network (Specific Model),11,None,1687,1512,32,class,0.79,0.71,0.07,0.24,0.67,0.56,0.4,True,13,3,3,3
bin.357,14.22,5.37,Neural Network (Specific Model),11,None,545,506,18,family,0.83,0.77,0.09,0.32,1.1,0.84,0.65,True,5,1,0,0
bin.358,62.04,48.06,Gradient Boost (General Model),11,None,13988,11549,667,phylum,0.82,0.68,0.26,0.2,0.51,0.55,0.37,True,22,6,7,6
bin.359,86.58,48.8,Gradient Boost (General Model),11,None,21227,16439,1318,kingdom,1.0,0.77,0.59,0.05,0.1,0.58,0.45,False,25,7,7,6
bin.36,95.2,2.01,Gradient Boost (General Model),11,None,1908,1695,20,family,0.74,0.66,0.02,0.5,2.48,0.55,0.36,True,22,1,2,2
bin.360,100.0,106.91,Gradient Boost (General Model),11,None,48224,38826,2824,phylum,0.85,0.68,0.71,0.27,0.81,0.64,0.43,False,24,28,16,27
bin.361,100.0,82.38,Gradient Boost (General Model),11,None,52787,40666,3436,phylum,0.84,0.64,0.72,0.27,0.75,0.63,0.41,False,25,23,31,25
bin.362,92.46,57.58,Gradient Boost (General Model),11,None,33246,24657,2444,phylum,0.81,0.6,0.69,0.23,0.62,0.62,0.37,False,25,14,15,14
bin.37,98.32,1.7,Gradient Boost (General Model),11,None,2340,2204,13,genus,0.5,0.48,0.02,0.85,9.09,0.59,0.28,True,23,3,2,2
bin.38,98.53,1.37,Gradient Boost (General Model),11,None,2444,2244,7,kingdom,1.0,0.92,0.02,0.02,0.04,0.57,0.52,True,24,4,4,4
bin.39,94.39,1.97,Gradient Boost (General Model),11,None,3358,2918,13,phylum,0.81,0.7,0.02,0.2,0.54,0.49,0.35,True,22,4,4,4
bin.4,97.56,2.74,Gradient Boost (General Model),11,None,1781,1598,12,phylum,0.97,0.87,0.03,0.32,0.95,0.52,0.45,True,22,2,2,2
bin.40,98.48,0.97,Gradient Boost (General Model),11,None,1830,1757,5,class,0.92,0.89,0.08,0.41,1.38,0.6,0.53,True,22,2,2,2
bin.41,92.75,0.0,Gradient Boost (General Model),11,None,1978,1860,7,class,0.94,0.88,0.01,0.27,0.71,0.56,0.5,True,22,3,3,3
bin.42,100.0,1.83,Gradient Boost (General Model),11,None,3044,2864,6,class,0.88,0.83,0.01,0.56,1.95,0.58,0.48,True,21,1,1,1
bin.43,96.01,1.53,Neural Network (Specific Model),11,None,2182,1975,14,phylum,0.96,0.87,0.15,0.17,0.42,0.58,0.5,True,21,3,2,3
bin.44,93.08,1.37,Gradient Boost (General Model),11,None,2277,1906,19,class,0.7,0.58,0.02,0.25,0.7,0.55,0.32,True,21,1,0,1
bin.45,83.8,3.6,Neural Network (Specific Model),11,None,1912,1806,8,phylum,0.92,0.87,0.06,0.14,0.32,0.62,0.54,True,22,2,2,2
bin.46,93.19,0.82,Gradient Boost (General Model),11,None,1179,994,15,genus,0.61,0.52,0.07,0.52,2.13,0.51,0.26,True,22,1,1,1
bin.47,88.51,0.16,Gradient Boost (General Model),11,None,1834,1723,10,order,0.9,0.85,0.05,0.03,0.07,0.59,0.5,True,21,3,2,3
bin.48,98.78,1.35,Gradient Boost (General Model),11,None,2199,2033,21,order,0.86,0.8,0.1,0.11,0.26,0.57,0.46,True,23,2,2,4
bin.49,91.77,1.84,Neural Network (Specific Model),11,None,2505,2351,37,phylum,0.94,0.88,0.23,0.16,0.38,0.64,0.57,True,24,3,3,3
bin.5,94.11,2.29,Gradient Boost (General Model),11,None,2062,1828,12,phylum,0.93,0.83,0.04,0.19,0.47,0.52,0.43,True,22,2,2,2
bin.50,100.0,3.74,Gradient Boost (General Model),11,None,2270,2136,17,family,0.85,0.8,0.03,0.39,1.5,0.66,0.53,True,23,2,0,1
bin.51,94.84,0.0,Gradient Boost (General Model),11,None,1974,1877,13,family,0.85,0.81,0.05,0.3,0.92,0.62,0.5,True,22,2,2,2
bin.52,99.74,1.01,Gradient Boost (General Model),11,None,2834,2644,6,class,0.82,0.76,0.03,0.06,0.12,0.6,0.46,True,23,1,1,1
bin.53,98.15,10.92,Gradient Boost (General Model),11,None,3893,3740,4,order,0.88,0.84,0.01,0.08,0.19,0.79,0.67,True,24,1,1,1
bin.54,95.02,1.04,Gradient Boost (General Model),11,None,1686,1603,1,kingdom,1.0,0.95,0.0,0.03,0.06,0.59,0.56,True,23,2,2,2
bin.55,97.62,1.18,Gradient Boost (General Model),11,None,2022,1780,1,kingdom,0.99,0.87,0.0,0.0,0.0,0.54,0.47,True,22,3,3,3
bin.56,96.45,0.74,Gradient Boost (General Model),11,None,1861,1726,2,family,0.68,0.63,0.01,0.71,3.92,0.55,0.35,True,21,1,1,1
bin.57,97.9,2.2,Gradient Boost (General Model),11,None,2083,1953,11,phylum,0.9,0.84,0.04,0.02,0.05,0.57,0.48,True,22,2,2,2
bin.58,98.87,0.09,Gradient Boost (General Model),11,None,2213,2112,5,order,0.92,0.88,0.03,0.3,0.89,0.65,0.57,True,22,1,1,1
bin.59,94.52,1.04,Gradient Boost (General Model),11,None,2305,2046,2,phylum,0.89,0.79,0.01,0.36,1.08,0.5,0.39,True,22,3,3,3
bin.6,99.29,1.11,Gradient Boost (General Model),11,None,1964,1897,7,order,0.93,0.9,0.03,0.09,0.19,0.63,0.57,True,22,3,3,3
bin.60,96.42,1.58,Gradient Boost (General Model),11,None,2949,2782,7,class,0.91,0.86,0.03,0.26,0.72,0.65,0.56,True,21,1,2,1
bin.61,91.85,2.68,Gradient Boost (General Model),11,None,3602,3026,35,class,0.68,0.57,0.05,0.36,1.21,0.51,0.29,True,22,5,4,5
bin.62,91.49,0.62,Gradient Boost (General Model),11,None,2289,2163,34,class,0.91,0.86,0.09,0.05,0.11,0.61,0.53,True,23,1,2,2
bin.63,91.55,3.55,Neural Network (Specific Model),11,None,3023,2907,37,order,0.95,0.92,0.22,0.03,0.07,0.8,0.74,True,22,2,1,2
bin.64,90.09,2.28,Gradient Boost (General Model),11,None,3048,2664,32,phylum,0.82,0.71,0.05,0.2,0.52,0.51,0.36,True,19,1,2,2
bin.65,85.49,0.0,Neural Network (Specific Model),11,None,1053,952,7,phylum,0.96,0.87,0.02,0.19,0.45,0.55,0.48,True,20,1,0,0
bin.66,97.93,1.42,Neural Network (Specific Model),11,None,2264,2106,3,phylum,0.9,0.84,0.02,0.12,0.29,0.57,0.48,True,22,1,1,1
bin.67,90.42,0.17,Gradient Boost (General Model),11,None,2577,2386,5,family,0.77,0.71,0.02,0.16,0.39,0.66,0.47,True,22,2,2,2
bin.68,99.01,3.0,Gradient Boost (General Model),11,None,2849,2705,3,class,0.89,0.84,0.01,0.06,0.13,0.65,0.55,True,24,1,1,1
bin.69,96.44,0.8,Gradient Boost (General Model),11,None,2901,2694,5,phylum,0.91,0.85,0.01,0.05,0.1,0.68,0.58,True,22,1,1,1
bin.7,96.59,0.76,Gradient Boost (General Model),11,None,2210,1954,2,kingdom,1.0,0.88,0.0,0.0,0.0,0.56,0.5,True,21,2,1,2
bin.70,100.0,0.14,Gradient Boost (General Model),11,None,1527,1476,3,kingdom,0.99,0.96,0.0,0.0,0.0,0.62,0.6,True,22,2,2,2
bin.71,97.95,5.06,Gradient Boost (General Model),11,None,2676,2516,11,phylum,0.84,0.79,0.04,0.1,0.23,0.54,0.43,True,22,4,4,4
bin.72,97.73,4.08,Gradient Boost (General Model),11,None,2599,2472,18,class,0.9,0.86,0.05,0.06,0.13,0.61,0.53,True,23,4,3,4
bin.73,91.32,1.79,Gradient Boost (General Model),11,None,2029,1925,14,genus,0.47,0.45,0.04,0.66,3.99,0.6,0.27,True,10,1,1,1
bin.74,92.09,0.14,Gradient Boost (General Model),11,None,996,856,4,phylum,0.92,0.79,0.01,0.08,0.18,0.51,0.4,True,22,1,1,1
bin.75,95.21,0.72,Gradient Boost (General Model),11,None,1742,1595,10,order,0.8,0.74,0.02,0.59,2.66,0.56,0.41,True,22,2,2,2
bin.76,98.94,1.33,Neural Network (Specific Model),11,None,1844,1816,11,genus,0.95,0.93,0.32,0.03,0.05,0.97,0.91,True,22,3,0,3
bin.77,93.76,1.45,Gradient Boost (General Model),11,None,3698,3186,2,kingdom,0.99,0.86,0.0,0.0,0.0,0.57,0.49,True,23,1,0,1
bin.78,96.35,0.58,Gradient Boost (General Model),11,None,1610,1532,7,order,0.91,0.86,0.06,0.2,0.52,0.63,0.55,True,21,2,2,2
bin.79,94.14,0.06,Neural Network (Specific Model),11,None,1747,1725,4,phylum,0.97,0.96,0.01,0.03,0.06,0.78,0.75,True,23,2,2,2
bin.8,96.38,1.16,Gradient Boost (General Model),11,None,3035,2879,16,class,0.93,0.88,0.03,0.15,0.37,0.72,0.63,True,22,2,2,2
bin.80,95.65,0.13,Neural Network (Specific Model),11,None,1692,1569,5,kingdom,0.99,0.92,0.0,0.0,0.0,0.55,0.51,True,22,2,2,2
bin.81,97.2,1.17,Gradient Boost (General Model),11,None,3269,2718,1,kingdom,1.0,0.83,0.0,0.03,0.06,0.45,0.38,True,23,1,1,1
bin.82,98.82,7.82,Gradient Boost (General Model),11,None,3994,3692,43,phylum,0.88,0.82,0.49,0.03,0.05,0.58,0.47,False,22,4,4,4
bin.83,85.84,1.53,Gradient Boost (General Model),11,None,1495,1357,16,genus,0.72,0.65,0.07,0.64,2.97,0.54,0.35,True,19,1,1,1
bin.84,87.1,1.32,Gradient Boost (General Model),11,None,1695,1523,20,genus,0.7,0.63,0.07,0.69,3.55,0.54,0.34,True,22,2,2,2
bin.85,93.22,0.68,Gradient Boost (General Model),11,None,2337,2047,17,class,0.65,0.57,0.03,0.52,2.72,0.52,0.3,True,20,1,2,2
bin.86,98.0,5.07,Gradient Boost (General Model),11,None,4185,3612,20,order,0.47,0.4,0.07,0.78,6.55,0.5,0.2,True,23,2,2,2
bin.87,89.86,4.3,Gradient Boost (General Model),11,None,3373,2855,19,class,0.75,0.63,0.02,0.18,0.44,0.55,0.35,True,22,3,3,3
bin.88,86.8,2.76,Gradient Boost (General Model),11,None,1313,1178,13,genus,0.6,0.53,0.03,0.8,6.05,0.5,0.27,True,20,2,1,2
bin.89,94.09,3.04,Gradient Boost (General Model),11,None,2630,2331,2,kingdom,0.99,0.88,0.0,0.0,0.0,0.53,0.47,True,23,2,1,2
bin.9,84.4,0.91,Neural Network (Specific Model),11,None,2778,2683,13,order,0.93,0.9,0.05,0.23,0.57,0.74,0.67,True,21,1,1,1
bin.90,83.76,1.9,Gradient Boost (General Model),11,None,968,851,5,class,0.93,0.82,0.01,0.74,4.55,0.51,0.42,True,18,2,0,2
bin.91,97.28,0.17,Gradient Boost (General Model),11,None,1207,1112,2,kingdom,1.0,0.92,0.0,0.04,0.08,0.49,0.45,True,22,1,1,1
bin.92,82.66,0.0,Neural Network (Specific Model),11,None,1388,1237,11,kingdom,1.0,0.89,0.0,0.0,0.0,0.53,0.47,True,23,3,3,2
bin.93,92.76,0.2,Gradient Boost (General Model),11,None,1982,1803,5,order,0.86,0.78,0.03,0.26,0.73,0.59,0.46,True,23,1,1,1
bin.94,96.55,1.03,Neural Network (Specific Model),11,None,2406,2219,21,phylum,0.9,0.83,0.02,0.12,0.27,0.59,0.49,True,21,1,1,1
bin.95,92.38,7.15,Gradient Boost (General Model),11,None,4321,3687,86,phylum,0.84,0.71,0.07,0.25,0.75,0.5,0.36,True,23,3,4,4
bin.96,93.24,0.76,Gradient Boost (General Model),11,None,2584,2450,24,class,0.96,0.91,0.07,0.05,0.11,0.65,0.59,True,20,2,2,2
bin.97,94.06,1.14,Gradient Boost (General Model),11,None,2185,2071,12,order,0.88,0.83,0.07,0.26,0.73,0.64,0.54,True,22,2,2,2
bin.98,97.99,1.39,Gradient Boost (General Model),11,None,2561,2424,4,order,0.77,0.73,0.06,0.09,0.19,0.61,0.44,True,23,3,3,3
bin.99,85.2,0.32,Gradient Boost (General Model),11,None,2219,2020,42,class,0.91,0.83,0.05,0.27,0.74,0.57,0.47,True,20,2,2,2
