,Marker lineage,# genomes,# markers,# marker sets,0,1,2,3,4,5+,Completeness,Contamination,Strain heterogeneity,n_genes_called,n_genes_mapped,n_contigs,taxonomic_level,proportion_genes_retained_in_major_clades,genes_retained_index,clade_separation_score,contamination_portion,n_effective_surplus_clades,mean_hit_identity,reference_representation_score,pass.GUNC,tRNA,16S,5S,23S
bin.0,c__Deltaproteobacteria (UID3218),61,284,169,0,284,0,0,0,0,100.0,0.0,0.0,3811,3622,3,genus,0.93,0.89,0.03,0.04,0.08,0.96,0.85,True,23,4,4,4
bin.1,root (UID1),5656,56,24,0,0,0,0,23,33,100.0,368.13,13.38,10942,10532,108,genus,0.91,0.87,0.98,0.57,2.12,0.95,0.83,False,24,20,9,19
bin.2,o__Selenomonadales (UID1024),64,334,167,0,332,2,0,0,0,100.0,0.8,0.0,2356,2296,1,kingdom,1.0,0.97,0.0,0.0,0.0,0.94,0.92,True,23,7,7,7
bin.3,o__Clostridiales (UID1212),172,257,149,4,250,3,0,0,0,98.66,1.48,66.67,3635,3504,12,family,0.91,0.88,0.08,0.02,0.05,0.95,0.84,True,23,3,3,3
bin.4,o__Clostridiales (UID1212),172,263,149,46,131,78,8,0,0,80.09,37.88,1.96,4916,4757,94,class,0.98,0.95,1.0,0.36,0.86,0.93,0.88,False,23,9,8,9
bin.5,root (UID1),5656,56,24,0,0,56,0,0,0,100.0,100.0,100.0,5382,5226,6,family,0.93,0.9,0.01,0.05,0.1,0.92,0.83,True,22,12,12,12
bin.6,root (UID1),5656,56,24,0,0,0,0,0,56,100.0,5328.67,15.66,201152,192976,2232,phylum,0.98,0.94,0.98,0.3,0.72,0.87,0.82,False,24,363,252,360
bin.7,p__Firmicutes (UID1022),100,295,158,0,135,158,1,1,0,100.0,69.25,96.41,4452,4183,57,genus,0.86,0.81,0.33,0.04,0.09,0.95,0.77,True,23,11,11,11
