,Marker lineage,# genomes,# markers,# marker sets,0,1,2,3,4,5+,Completeness,Contamination,Strain heterogeneity,n_genes_called,n_genes_mapped,n_contigs,taxonomic_level,proportion_genes_retained_in_major_clades,genes_retained_index,clade_separation_score,contamination_portion,n_effective_surplus_clades,mean_hit_identity,reference_representation_score,pass.GUNC,tRNA,16S,5S,23S
bin.0,root (UID1),5656,56,24,0,0,0,0,1,55,100.0,404.17,49.65,21718,20763,309,class,0.98,0.94,1.0,0.11,0.25,0.93,0.87,False,23,26,28,29
bin.1,o__Clostridiales (UID1226),155,278,158,45,232,1,0,0,0,84.18,0.63,0.0,3831,3602,6,class,0.97,0.91,0.05,0.02,0.04,0.93,0.84,True,21,9,5,9
bin.2,root (UID1),5656,56,24,0,0,0,0,0,56,100.0,703.84,2.38,25831,24602,275,class,0.99,0.94,0.98,0.75,4.49,0.93,0.87,False,25,34,23,34
bin.3,root (UID1),5656,56,24,0,0,0,0,0,56,100.0,3465.16,11.52,184464,171002,2680,order,0.9,0.83,0.98,0.42,1.06,0.88,0.73,False,25,181,128,171
