,Completeness,Contamination,Completeness_Model_Used,Translation_Table_Used,Additional_Notes,n_genes_called,n_genes_mapped,n_contigs,taxonomic_level,proportion_genes_retained_in_major_clades,genes_retained_index,clade_separation_score,contamination_portion,n_effective_surplus_clades,mean_hit_identity,reference_representation_score,pass.GUNC,tRNA,16S,5S,23S
bin.0,99.98,1.42,Neural Network (Specific Model),11,None,2685,2519,3,kingdom,1.0,0.94,0.0,0.0,0.0,0.92,0.86,True,22,7,1,7
bin.1,99.98,2.35,Neural Network (Specific Model),11,None,3524,3398,5,family,0.92,0.89,0.04,0.06,0.13,0.93,0.83,True,22,5,5,5
bin.10,99.01,0.45,Gradient Boost (General Model),11,None,2550,2469,1,kingdom,1.0,0.97,0.0,0.0,0.0,0.92,0.89,True,23,5,5,5
bin.11,98.39,3.0,Gradient Boost (General Model),11,None,4097,3866,4,genus,0.82,0.77,0.03,0.08,0.18,0.95,0.73,True,22,9,5,9
bin.12,90.03,0.48,Neural Network (Specific Model),11,None,1934,1877,10,genus,0.91,0.88,0.08,0.02,0.05,0.95,0.83,True,23,3,3,3
bin.13,99.13,0.2,Gradient Boost (General Model),11,None,2203,2131,1,kingdom,1.0,0.97,0.0,0.0,0.0,0.9,0.87,True,22,3,0,3
bin.14,97.64,1.37,Gradient Boost (General Model),11,None,2985,2928,12,genus,0.91,0.89,0.04,0.03,0.07,0.97,0.86,True,22,3,0,3
bin.15,99.38,0.63,Neural Network (Specific Model),11,None,3196,2932,7,family,0.96,0.88,0.05,0.05,0.1,0.94,0.83,True,22,4,0,4
bin.16,88.25,1.23,Neural Network (Specific Model),11,None,3055,2875,21,genus,0.87,0.82,0.08,0.08,0.17,0.95,0.78,True,21,3,0,3
bin.17,98.09,5.67,Gradient Boost (General Model),11,None,4001,3774,29,genus,0.94,0.88,0.26,0.04,0.08,0.96,0.84,True,23,5,3,5
bin.18,95.05,2.77,Neural Network (Specific Model),11,None,4076,3943,8,genus,0.93,0.9,0.03,0.06,0.13,0.96,0.87,True,22,4,0,4
bin.19,97.1,2.04,Neural Network (Specific Model),11,None,3597,3470,22,genus,0.94,0.9,0.04,0.03,0.06,0.92,0.83,True,23,1,1,1
bin.2,99.96,0.01,Neural Network (Specific Model),11,None,3343,3243,5,family,0.96,0.93,0.03,0.03,0.06,0.96,0.9,True,22,7,7,7
bin.20,90.59,0.23,Neural Network (Specific Model),11,None,2812,2733,10,family,0.94,0.91,0.04,0.04,0.08,0.95,0.86,True,23,5,5,5
bin.21,88.87,1.86,Neural Network (Specific Model),11,None,5009,4905,39,kingdom,1.0,0.98,0.0,0.0,0.0,0.98,0.96,True,23,8,9,8
bin.22,97.69,1.44,Gradient Boost (General Model),11,None,3189,2936,17,family,0.88,0.81,0.05,0.39,1.1,0.74,0.6,True,23,6,6,6
bin.23,95.75,0.23,Neural Network (Specific Model),11,None,3489,3379,9,family,0.95,0.92,0.05,0.03,0.06,0.95,0.88,True,23,6,6,7
bin.24,86.64,4.62,Neural Network (Specific Model),11,None,3463,3329,40,class,0.98,0.94,0.04,0.02,0.05,0.79,0.75,True,22,5,5,2
bin.25,84.01,3.98,Neural Network (Specific Model),11,None,3539,3367,35,kingdom,1.0,0.95,0.0,0.0,0.0,0.93,0.88,True,20,1,1,1
bin.26,85.01,4.03,Neural Network (Specific Model),11,None,2784,2639,31,genus,0.86,0.81,0.15,0.05,0.12,0.88,0.71,True,23,6,4,5
bin.27,83.56,0.18,Neural Network (Specific Model),11,None,2518,2436,5,family,0.92,0.89,0.01,0.57,1.75,0.73,0.65,True,17,3,3,3
bin.28,92.87,0.62,Neural Network (Specific Model),11,None,3640,3542,10,kingdom,1.0,0.97,0.0,0.0,0.0,0.94,0.91,True,22,4,4,4
bin.29,76.85,0.85,Neural Network (Specific Model),11,None,1936,1833,34,kingdom,1.0,0.95,0.0,0.0,0.0,0.93,0.88,True,21,2,0,4
bin.3,99.97,4.97,Neural Network (Specific Model),11,None,4192,4045,39,family,0.96,0.93,0.26,0.02,0.04,0.97,0.9,True,22,3,8,8
bin.30,81.47,1.57,Neural Network (Specific Model),11,None,1767,1692,34,kingdom,1.0,0.96,0.0,0.0,0.0,0.95,0.91,True,22,3,0,2
bin.31,81.58,1.02,Neural Network (Specific Model),11,None,3474,3337,13,family,0.94,0.91,0.07,0.06,0.14,0.94,0.85,True,22,2,2,2
bin.32,83.51,2.53,Neural Network (Specific Model),11,None,2864,2778,27,genus,0.85,0.83,0.19,0.08,0.19,0.97,0.8,True,20,3,1,3
bin.33,79.04,6.94,Gradient Boost (General Model),11,None,3071,2667,32,class,0.97,0.84,0.07,0.3,0.8,0.66,0.55,True,23,4,3,4
bin.34,75.11,3.62,Gradient Boost (General Model),11,None,2383,2148,43,class,0.95,0.86,0.12,0.03,0.06,0.74,0.64,True,19,6,2,5
bin.35,58.58,0.3,Neural Network (Specific Model),11,None,1714,1654,6,genus,0.86,0.83,0.03,0.16,0.4,0.95,0.78,True,12,2,0,2
bin.36,72.27,1.15,Neural Network (Specific Model),11,None,4691,4432,12,kingdom,1.0,0.94,0.0,0.0,0.0,0.88,0.83,True,21,5,5,5
bin.37,56.17,4.33,Gradient Boost (General Model),11,None,6335,5906,49,phylum,0.99,0.93,0.17,0.02,0.04,0.92,0.85,True,23,5,6,5
bin.38,53.57,0.57,Neural Network (Specific Model),11,None,1466,1380,26,genus,0.92,0.87,0.1,0.02,0.05,0.96,0.84,True,14,0,0,0
bin.39,70.48,0.26,Neural Network (Specific Model),11,None,3532,3436,20,kingdom,1.0,0.97,0.0,0.0,0.0,0.93,0.9,True,15,0,2,0
bin.4,100.0,0.26,Neural Network (Specific Model),11,None,2569,2419,1,kingdom,1.0,0.94,0.0,0.0,0.0,0.91,0.86,True,23,6,6,6
bin.40,49.91,2.84,Neural Network (Specific Model),11,None,2015,1900,63,genus,0.92,0.87,0.91,0.11,0.26,0.95,0.83,False,16,1,1,2
bin.41,58.97,1.51,Neural Network (Specific Model),11,None,1842,1768,41,genus,0.88,0.84,0.19,0.03,0.07,0.94,0.79,True,17,1,1,1
bin.42,64.08,3.94,Neural Network (Specific Model),11,None,4515,4269,51,family,0.91,0.86,0.1,0.16,0.41,0.85,0.74,True,19,1,0,1
bin.43,47.35,2.67,Neural Network (Specific Model),11,None,1875,1775,48,genus,0.88,0.83,0.31,0.29,0.71,0.92,0.77,True,12,1,1,0
bin.44,45.37,8.01,Gradient Boost (General Model),4,None,5431,5039,52,kingdom,1.0,0.93,0.0,0.0,0.0,0.91,0.84,True,23,4,0,4
bin.45,53.8,0.28,Neural Network (Specific Model),11,None,1893,1866,13,kingdom,1.0,0.99,0.0,0.0,0.0,0.96,0.94,True,14,2,1,2
bin.46,29.38,0.34,Neural Network (Specific Model),11,None,1014,922,34,genus,0.79,0.71,0.08,0.47,2.0,0.75,0.54,True,11,0,0,0
bin.47,54.66,3.57,Neural Network (Specific Model),11,None,3997,3743,83,kingdom,1.0,0.94,0.0,0.0,0.0,0.91,0.85,True,18,2,1,2
bin.48,45.44,8.56,Gradient Boost (General Model),11,None,9216,8644,29,kingdom,1.0,0.94,0.0,0.0,0.0,0.93,0.87,True,23,5,5,5
bin.49,32.42,3.28,Neural Network (Specific Model),11,None,1547,1477,15,genus,0.8,0.77,0.28,0.45,1.98,0.92,0.71,True,19,3,0,2
bin.5,99.98,0.09,Neural Network (Specific Model),11,None,2418,2358,1,kingdom,1.0,0.98,0.0,0.0,0.0,0.95,0.92,True,23,7,7,7
bin.50,35.66,2.34,Neural Network (Specific Model),4,None,4546,4172,17,genus,0.89,0.82,0.24,0.04,0.08,0.9,0.74,True,23,4,3,4
bin.51,31.1,0.88,Neural Network (Specific Model),11,None,1496,1448,48,genus,0.79,0.77,0.27,0.26,0.73,0.84,0.64,True,19,2,2,3
bin.52,26.29,0.35,Neural Network (Specific Model),11,None,848,742,21,genus,0.66,0.58,0.15,0.21,0.55,0.74,0.43,True,4,0,0,0
bin.53,24.62,0.95,Neural Network (Specific Model),11,None,890,846,29,genus,0.96,0.91,0.04,0.08,0.17,0.95,0.86,True,6,0,0,0
bin.54,11.65,0.02,Neural Network (Specific Model),11,None,376,358,1,kingdom,1.0,0.95,0.0,0.0,0.0,0.72,0.68,True,1,0,0,0
bin.55,13.98,0.0,Neural Network (Specific Model),11,None,590,540,16,genus,0.81,0.74,0.26,0.08,0.18,0.86,0.64,True,2,1,0,0
bin.56,27.43,2.25,Neural Network (Specific Model),11,None,2845,2148,34,class,0.94,0.71,0.02,0.14,0.33,0.63,0.45,True,22,3,4,4
bin.57,24.96,2.09,Neural Network (Specific Model),11,None,1262,1232,9,kingdom,1.0,0.98,0.0,0.0,0.0,0.96,0.93,True,11,0,0,0
bin.58,17.83,0.01,Neural Network (Specific Model),11,None,559,506,1,kingdom,1.0,0.91,0.0,0.0,0.0,0.72,0.66,True,1,0,0,0
bin.59,21.4,0.74,Neural Network (Specific Model),11,None,929,900,7,genus,0.87,0.84,0.13,0.2,0.51,0.89,0.75,True,14,2,0,1
bin.6,100.0,1.47,Neural Network (Specific Model),11,None,4201,4030,5,kingdom,1.0,0.96,0.0,0.0,0.0,0.93,0.89,True,22,7,7,7
bin.60,22.75,1.82,Neural Network (Specific Model),11,None,1768,1476,39,genus,0.76,0.63,0.06,0.31,0.95,0.72,0.46,True,13,1,2,2
bin.61,12.53,0.18,Neural Network (Specific Model),11,None,381,372,1,kingdom,1.0,0.98,0.0,0.0,0.0,0.94,0.92,True,4,2,1,2
bin.62,17.1,1.41,Neural Network (Specific Model),11,None,962,917,3,kingdom,1.0,0.95,0.0,0.0,0.0,0.91,0.86,True,5,0,2,0
bin.63,8.07,0.3,Neural Network (Specific Model),11,None,719,658,3,kingdom,1.0,0.91,0.0,0.0,0.0,0.89,0.82,True,5,2,0,2
bin.64,13.24,0.1,Neural Network (Specific Model),11,None,419,385,14,family,0.91,0.84,0.27,0.03,0.06,0.92,0.78,True,4,0,0,0
bin.65,13.18,0.0,Neural Network (Specific Model),11,None,520,515,2,kingdom,1.0,0.99,0.0,0.0,0.0,0.97,0.96,True,3,0,0,0
bin.66,6.03,0.23,Neural Network (Specific Model),11,None,230,217,1,kingdom,1.0,0.94,0.0,0.0,0.0,0.76,0.71,True,1,0,0,0
bin.67,10.26,0.08,Neural Network (Specific Model),11,None,423,414,3,order,0.96,0.94,0.02,0.06,0.12,0.71,0.67,True,7,0,0,0
bin.68,12.13,0.01,Neural Network (Specific Model),11,None,512,473,19,family,0.97,0.9,0.23,0.13,0.29,0.93,0.83,True,5,0,0,0
bin.69,18.02,0.14,Neural Network (Specific Model),11,None,845,761,4,genus,0.86,0.78,0.12,0.1,0.22,0.88,0.68,True,12,1,0,1
bin.7,99.96,0.66,Neural Network (Specific Model),11,None,2510,2449,12,family,0.95,0.92,0.04,0.04,0.08,0.93,0.86,True,22,5,5,5
bin.70,16.8,6.07,Neural Network (Specific Model),11,None,1925,1732,28,genus,0.93,0.84,0.32,0.09,0.19,0.89,0.75,True,9,2,0,1
bin.71,46.11,15.94,Neural Network (Specific Model),11,None,5111,4755,251,class,0.94,0.88,0.98,0.29,0.7,0.9,0.79,False,12,3,1,1
bin.72,7.67,0.0,Neural Network (Specific Model),11,None,378,358,5,family,0.98,0.93,0.08,0.32,0.99,0.86,0.8,True,2,0,0,0
bin.73,6.85,0.0,Neural Network (Specific Model),11,None,334,325,2,kingdom,1.0,0.97,0.0,0.0,0.0,0.95,0.93,True,5,1,1,1
bin.74,9.23,0.03,Neural Network (Specific Model),11,None,452,417,2,genus,0.79,0.73,0.03,0.64,3.29,0.7,0.51,True,3,0,0,0
bin.75,7.25,0.0,Neural Network (Specific Model),11,None,217,200,1,kingdom,0.99,0.91,0.0,0.0,0.0,0.69,0.63,True,0,0,0,0
bin.76,7.6,0.01,Neural Network (Specific Model),11,None,279,275,1,kingdom,1.0,0.98,0.0,0.0,0.0,0.7,0.69,True,7,0,0,0
bin.77,16.32,0.02,Neural Network (Specific Model),11,None,522,483,2,class,0.96,0.89,0.03,0.02,0.04,0.71,0.64,True,8,0,0,0
bin.78,15.83,0.39,Neural Network (Specific Model),11,None,588,540,2,kingdom,1.0,0.92,0.0,0.0,0.0,0.71,0.65,True,8,0,0,0
bin.79,15.52,0.22,Neural Network (Specific Model),11,None,1323,1155,41,genus,0.77,0.67,0.41,0.47,2.13,0.83,0.56,True,4,0,0,0
bin.8,91.29,1.54,Neural Network (Specific Model),11,None,3140,3031,22,family,0.97,0.94,0.19,0.04,0.08,0.96,0.89,True,22,4,4,4
bin.80,7.57,0.0,Neural Network (Specific Model),11,None,316,301,3,genus,0.83,0.79,0.05,0.27,0.79,0.93,0.73,True,8,1,1,1
bin.81,5.97,0.0,Neural Network (Specific Model),11,None,273,263,1,kingdom,1.0,0.96,0.0,0.0,0.0,0.97,0.93,True,1,0,0,0
bin.82,6.57,0.02,Neural Network (Specific Model),11,None,383,357,5,genus,0.86,0.8,0.06,0.07,0.15,0.88,0.71,True,4,0,0,0
bin.83,8.13,0.11,Neural Network (Specific Model),11,None,410,402,17,genus,0.87,0.85,0.68,0.48,1.42,0.97,0.83,False,1,0,0,0
bin.84,7.88,0.01,Neural Network (Specific Model),11,None,411,393,3,kingdom,1.0,0.96,0.0,0.0,0.0,0.95,0.9,True,2,0,0,0
bin.85,9.46,3.6,Neural Network (Specific Model),11,None,1193,900,27,kingdom,1.0,0.75,0.0,0.0,0.0,0.8,0.61,True,13,0,0,0
bin.86,7.08,0.0,Neural Network (Specific Model),11,None,234,187,1,kingdom,1.0,0.8,0.0,0.0,0.0,0.68,0.55,True,0,0,0,0
bin.87,6.91,0.0,Neural Network (Specific Model),11,None,359,344,15,family,0.95,0.91,0.23,0.11,0.24,0.95,0.86,True,4,0,0,0
bin.88,4.31,0.0,Neural Network (Specific Model),11,None,596,534,10,genus,0.92,0.83,0.02,0.51,1.85,0.8,0.66,True,5,0,0,0
bin.89,8.9,0.42,Neural Network (Specific Model),11,None,691,648,12,genus,0.88,0.82,0.17,0.08,0.17,0.89,0.74,True,6,1,1,1
bin.9,98.34,0.05,Gradient Boost (General Model),11,None,2666,2614,5,family,0.93,0.91,0.01,0.23,0.6,0.93,0.84,True,22,6,6,7
bin.90,51.15,8.32,Gradient Boost (General Model),11,None,1697,1622,22,order,0.96,0.91,0.02,0.04,0.07,0.72,0.65,True,10,0,0,0
bin.91,19.73,2.51,Neural Network (Specific Model),11,None,565,550,14,family,0.94,0.91,0.03,0.55,1.8,0.74,0.67,True,7,1,0,0
bin.92,26.69,4.06,Neural Network (Specific Model),11,None,1002,948,23,genus,0.79,0.75,0.18,0.67,3.99,0.76,0.57,True,8,1,1,1
bin.93,28.88,4.93,Neural Network (Specific Model),11,None,2066,1949,42,family,0.96,0.91,0.27,0.03,0.06,0.94,0.86,True,11,0,0,0
bin.94,29.77,4.01,Neural Network (Specific Model),4,None,1889,1705,26,family,0.95,0.86,0.11,0.06,0.12,0.91,0.78,True,15,1,0,1
bin.95,28.9,5.59,Neural Network (Specific Model),11,None,2274,2104,68,genus,0.77,0.71,0.39,0.74,5.95,0.85,0.61,True,8,3,1,2
bin.96,22.25,4.73,Neural Network (Specific Model),11,None,2033,1849,57,family,0.95,0.87,0.17,0.02,0.04,0.89,0.77,True,16,0,1,0
bin.97,23.74,3.61,Neural Network (Specific Model),11,None,1897,1755,61,kingdom,1.0,0.93,0.0,0.0,0.0,0.92,0.85,True,8,5,3,5
bin.98,11.5,0.04,Neural Network (Specific Model),11,None,831,768,30,kingdom,1.0,0.92,0.0,0.0,0.0,0.9,0.83,True,4,0,0,0
bin.99,56.02,21.71,Gradient Boost (General Model),11,Low confidence prediction - substantial (34%) disagreement between completeness prediction models,15470,13552,659,class,0.93,0.82,0.97,0.46,0.99,0.83,0.68,False,23,11,9,9
