,Completeness,Contamination,Completeness_Model_Used,Translation_Table_Used,Additional_Notes,n_genes_called,n_genes_mapped,n_contigs,taxonomic_level,proportion_genes_retained_in_major_clades,genes_retained_index,clade_separation_score,contamination_portion,n_effective_surplus_clades,mean_hit_identity,reference_representation_score,pass.GUNC,tRNA,16S,5S,23S
106,97.09,0.09,Gradient Boost (General Model),11,None,3152,2938,2,genus,0.7,0.65,0.01,0.3,0.9,0.75,0.49,True,23,7,7,7
11,90.89,4.47,Gradient Boost (General Model),11,None,3570,3474,10,family,0.95,0.92,0.14,0.02,0.05,0.96,0.89,True,22,0,0,0
118,49.95,0.05,Neural Network (Specific Model),11,None,1082,1010,5,class,0.98,0.92,0.08,0.06,0.12,0.92,0.85,True,15,2,0,2
130,99.97,0.32,Neural Network (Specific Model),11,None,3590,3525,3,family,0.96,0.94,0.01,0.03,0.07,0.96,0.91,True,22,4,5,4
138,15.9,0.45,Neural Network (Specific Model),11,None,529,504,19,genus,0.91,0.87,0.23,0.16,0.41,0.93,0.81,True,1,0,0,0
152,99.41,0.21,Neural Network (Specific Model),11,None,3176,3061,9,family,0.94,0.91,0.14,0.02,0.04,0.95,0.87,True,22,5,5,5
156,99.98,0.02,Neural Network (Specific Model),11,None,2047,1996,1,kingdom,1.0,0.98,0.0,0.0,0.0,0.93,0.91,True,22,6,6,6
163,99.44,0.15,Neural Network (Specific Model),11,None,3481,3345,1,kingdom,1.0,0.96,0.0,0.0,0.0,0.81,0.78,True,22,7,7,7
166,99.99,0.38,Neural Network (Specific Model),11,None,2982,2810,1,kingdom,1.0,0.94,0.0,0.0,0.0,0.91,0.86,True,23,5,0,5
17,85.17,4.76,Neural Network (Specific Model),11,None,4868,4671,59,family,0.9,0.87,0.09,0.17,0.42,0.86,0.75,True,23,5,0,5
178,15.47,0.11,Neural Network (Specific Model),11,None,462,258,1,kingdom,0.99,0.55,0.0,0.0,0.0,0.44,0.24,True,19,0,0,0
20,99.89,1.03,Neural Network (Specific Model),11,None,3582,3464,6,family,0.96,0.93,0.06,0.07,0.16,0.97,0.9,True,23,6,6,6
227,99.98,0.19,Neural Network (Specific Model),11,None,1947,1897,1,kingdom,1.0,0.97,0.0,0.0,0.0,0.93,0.91,True,22,4,0,4
230,99.07,0.75,Gradient Boost (General Model),11,None,3187,3056,2,kingdom,1.0,0.96,0.0,0.0,0.0,0.73,0.7,True,23,7,7,7
250,48.41,0.91,Neural Network (Specific Model),11,None,1443,1409,29,genus,0.89,0.87,0.67,0.12,0.27,0.97,0.85,False,18,3,2,3
274,7.34,0.0,Neural Network (Specific Model),11,None,213,210,1,kingdom,1.0,0.99,0.0,0.0,0.0,0.95,0.94,True,2,0,0,0
279,37.33,0.75,Neural Network (Specific Model),11,None,601,556,1,kingdom,1.0,0.93,0.0,0.0,0.0,0.96,0.89,True,15,2,0,2
289,60.55,0.25,Neural Network (Specific Model),11,None,2132,2083,2,kingdom,1.0,0.98,0.0,0.0,0.0,0.94,0.92,True,17,4,4,4
300,6.04,0.06,Neural Network (Specific Model),11,None,371,368,1,kingdom,1.0,0.99,0.0,0.0,0.0,0.97,0.96,True,0,0,0,0
306,99.99,0.06,Neural Network (Specific Model),11,None,2528,2432,5,class,0.98,0.94,0.01,0.25,0.6,0.94,0.88,True,22,7,7,7
308,99.7,1.46,Neural Network (Specific Model),11,None,2758,2696,2,kingdom,1.0,0.98,0.0,0.0,0.0,0.95,0.93,True,22,6,0,6
320,8.41,0.0,Neural Network (Specific Model),11,None,300,296,1,kingdom,1.0,0.99,0.0,0.0,0.0,0.84,0.83,True,0,0,0,0
321,82.07,1.86,Neural Network (Specific Model),11,None,4510,4308,18,kingdom,1.0,0.95,0.0,0.0,0.0,0.93,0.88,True,23,4,4,4
34,26.53,0.02,Neural Network (Specific Model),11,None,644,621,19,kingdom,1.0,0.96,0.0,0.0,0.0,0.93,0.89,True,14,1,0,0
35,52.33,4.45,Neural Network (Specific Model),11,None,1507,1450,26,genus,0.92,0.88,0.26,0.04,0.08,0.94,0.83,True,20,8,7,8
362,100.0,1.79,Neural Network (Specific Model),11,None,3965,3810,1,kingdom,1.0,0.96,0.0,0.0,0.0,0.9,0.87,True,22,6,0,6
37,34.74,0.0,Neural Network (Specific Model),11,None,1533,1494,1,kingdom,1.0,0.97,0.0,0.0,0.0,0.93,0.91,True,14,1,1,1
389,99.98,0.12,Neural Network (Specific Model),11,None,3078,3019,1,kingdom,1.0,0.98,0.0,0.0,0.0,0.84,0.82,True,23,6,3,6
390,47.8,0.03,Neural Network (Specific Model),11,None,1702,1650,30,kingdom,1.0,0.97,0.0,0.0,0.0,0.96,0.93,True,20,2,0,2
406,87.92,108.45,Neural Network (Specific Model),11,None,12533,12118,28,class,0.98,0.95,0.01,0.02,0.04,0.79,0.75,True,23,25,22,24
413,100.0,0.76,Neural Network (Specific Model),11,None,2001,1842,1,kingdom,1.0,0.92,0.0,0.0,0.0,0.93,0.86,True,23,5,0,5
441,32.36,0.12,Neural Network (Specific Model),11,None,771,757,12,kingdom,1.0,0.98,0.0,0.0,0.0,0.96,0.94,True,14,3,3,3
442,82.42,100.02,Neural Network (Specific Model),11,None,9833,9643,43,genus,0.94,0.92,0.01,0.53,1.67,0.86,0.79,True,24,33,37,32
443,8.84,0.0,Neural Network (Specific Model),11,None,279,273,5,family,0.97,0.95,0.07,0.03,0.05,0.96,0.91,True,4,0,0,0
445,99.58,0.13,Neural Network (Specific Model),11,None,3480,3354,13,genus,0.92,0.89,0.23,0.03,0.07,0.93,0.82,True,22,6,6,6
447,100.0,0.34,Neural Network (Specific Model),11,None,4154,4000,3,family,0.97,0.93,0.05,0.06,0.13,0.96,0.89,True,23,7,8,7
55,98.59,2.3,Neural Network (Specific Model),11,None,4151,3961,34,class,0.98,0.94,0.19,0.08,0.17,0.95,0.89,True,20,5,5,5
60,9.32,0.0,Neural Network (Specific Model),11,None,354,312,13,genus,0.91,0.81,0.5,0.11,0.23,0.91,0.73,False,0,0,0,0
67,99.99,1.33,Neural Network (Specific Model),11,None,4274,4095,4,family,0.95,0.91,0.02,0.12,0.27,0.94,0.86,True,22,7,7,7
81,7.6,0.03,Neural Network (Specific Model),11,None,246,246,12,kingdom,1.0,1.0,0.0,0.0,0.0,0.99,0.99,True,5,2,2,2
84,86.86,3.13,Neural Network (Specific Model),11,None,2059,1989,18,kingdom,1.0,0.97,0.0,0.0,0.0,0.94,0.91,True,22,4,4,4
90,98.59,0.01,Neural Network (Specific Model),11,None,2660,2621,2,family,0.95,0.94,0.01,0.05,0.1,0.94,0.88,True,21,4,0,4
95,99.95,1.96,Neural Network (Specific Model),11,None,3793,3707,4,genus,0.83,0.82,0.03,0.14,0.34,0.95,0.78,True,23,8,8,8
