,Completeness,Contamination,Completeness_Model_Used,Translation_Table_Used,Additional_Notes,n_genes_called,n_genes_mapped,n_contigs,taxonomic_level,proportion_genes_retained_in_major_clades,genes_retained_index,clade_separation_score,contamination_portion,n_effective_surplus_clades,mean_hit_identity,reference_representation_score,pass.GUNC,tRNA,16S,5S,23S
METADECODER.1,100.0,0.02,Neural Network (Specific Model),11,None,2322,2231,1,kingdom,1.0,0.96,0.0,0.0,0.0,0.95,0.92,True,23,7,7,7
METADECODER.10,4.15,0.02,Neural Network (Specific Model),11,None,687,612,9,class,0.97,0.87,0.98,0.49,1.56,0.86,0.74,False,7,0,0,0
METADECODER.11,15.53,0.83,Neural Network (Specific Model),11,None,1182,1099,29,genus,0.93,0.86,0.17,0.03,0.05,0.93,0.8,True,7,1,0,1
METADECODER.12,90.38,1.23,Neural Network (Specific Model),11,None,4942,4837,41,genus,0.94,0.92,0.01,0.13,0.3,0.99,0.9,True,23,4,2,4
METADECODER.13,43.56,7.52,Gradient Boost (General Model),11,None,5266,4915,34,genus,0.89,0.83,0.02,0.49,1.68,0.85,0.71,True,24,5,8,5
METADECODER.14,65.17,4.87,Gradient Boost (General Model),11,None,3263,3092,35,class,0.98,0.93,0.09,0.05,0.1,0.92,0.86,True,21,4,4,4
METADECODER.15,69.33,9.79,Neural Network (Specific Model),4,Low confidence prediction - substantial (35%) disagreement between completeness prediction models,11151,9951,187,genus,0.93,0.83,0.6,0.11,0.24,0.91,0.76,False,22,4,4,5
METADECODER.16,27.54,1.1,Neural Network (Specific Model),11,None,1711,1619,27,genus,0.87,0.82,0.36,0.53,2.05,0.88,0.72,True,10,1,1,1
METADECODER.17,30.3,3.74,Neural Network (Specific Model),11,None,1818,1634,27,class,0.95,0.85,0.78,0.03,0.06,0.85,0.72,False,17,2,1,2
METADECODER.18,50.37,4.98,Gradient Boost (General Model),11,None,5490,5174,21,kingdom,1.0,0.94,0.0,0.0,0.0,0.94,0.88,True,23,6,6,6
METADECODER.19,41.77,5.9,Neural Network (Specific Model),11,None,1828,1751,22,genus,0.79,0.76,0.62,0.71,3.27,0.96,0.73,False,7,1,0,1
METADECODER.2,13.22,1.59,Neural Network (Specific Model),11,None,981,909,12,genus,0.7,0.65,0.32,0.79,7.71,0.89,0.57,True,10,0,0,1
METADECODER.20,58.27,5.92,Neural Network (Specific Model),11,None,3691,3369,59,genus,0.84,0.77,0.57,0.29,0.87,0.92,0.71,False,19,7,4,7
METADECODER.21,73.78,1.12,Neural Network (Specific Model),11,None,1739,1618,23,kingdom,1.0,0.93,0.0,0.0,0.0,0.91,0.85,True,20,3,0,3
METADECODER.22,99.98,0.48,Gradient Boost (General Model),11,None,2810,2702,5,family,0.87,0.83,1.0,0.13,0.3,0.96,0.8,False,23,5,5,5
METADECODER.23,67.33,4.27,Neural Network (Specific Model),11,None,4183,3970,47,order,0.96,0.91,0.28,0.04,0.09,0.85,0.77,True,24,2,0,3
METADECODER.24,90.15,11.78,Neural Network (Specific Model),11,None,6007,5629,51,genus,0.76,0.72,0.39,0.12,0.27,0.93,0.67,True,23,1,1,1
METADECODER.25,19.21,1.62,Neural Network (Specific Model),11,None,984,930,20,genus,0.72,0.68,0.27,0.24,0.71,0.9,0.62,True,5,0,0,0
METADECODER.26,98.66,3.44,Gradient Boost (General Model),11,None,3495,3387,12,genus,0.87,0.84,0.09,0.03,0.05,0.97,0.81,True,23,7,4,7
METADECODER.27,51.94,0.09,Gradient Boost (General Model),11,None,2065,1932,41,family,0.92,0.86,0.26,0.09,0.2,0.92,0.79,True,17,1,1,1
METADECODER.28,84.84,6.76,Neural Network (Specific Model),11,None,5604,5432,28,family,0.95,0.92,0.08,0.3,0.84,0.89,0.82,True,22,4,4,4
METADECODER.29,100.0,2.1,Neural Network (Specific Model),11,None,3145,2996,10,family,0.89,0.85,0.06,0.18,0.46,0.77,0.65,True,22,5,5,5
METADECODER.3,74.19,2.91,Gradient Boost (General Model),11,None,5530,5131,23,genus,0.87,0.8,0.1,0.04,0.08,0.94,0.76,True,23,4,0,4
METADECODER.30,42.63,0.02,Neural Network (Specific Model),11,None,1504,1479,6,family,0.96,0.94,0.34,0.03,0.06,0.97,0.91,True,13,2,2,2
METADECODER.31,99.99,0.52,Neural Network (Specific Model),11,None,4909,4639,5,family,0.96,0.9,0.01,0.05,0.1,0.89,0.81,True,23,5,5,5
METADECODER.32,77.38,1.82,Neural Network (Specific Model),11,None,2950,2872,6,genus,0.86,0.84,0.1,0.06,0.13,0.96,0.81,True,21,4,0,4
METADECODER.33,23.83,2.87,Neural Network (Specific Model),11,None,1830,1700,5,genus,0.86,0.8,0.03,0.15,0.39,0.93,0.74,True,17,1,1,1
METADECODER.34,84.78,12.54,Gradient Boost (General Model),11,None,5851,5551,4,family,0.93,0.88,0.01,0.05,0.11,0.92,0.81,True,23,7,5,7
METADECODER.35,67.73,4.07,Gradient Boost (General Model),11,None,6259,5887,27,family,0.94,0.89,0.1,0.05,0.1,0.91,0.81,True,23,6,6,6
METADECODER.36,84.23,0.19,Neural Network (Specific Model),11,None,2976,2889,14,family,0.95,0.92,0.05,0.06,0.12,0.94,0.87,True,23,6,6,6
METADECODER.37,100.0,0.53,Neural Network (Specific Model),11,None,2467,2318,1,kingdom,1.0,0.94,0.0,0.0,0.0,0.92,0.86,True,23,6,6,6
METADECODER.38,81.68,4.11,Gradient Boost (General Model),11,None,3560,3378,3,genus,0.88,0.84,0.11,0.02,0.05,0.94,0.79,True,22,5,2,5
METADECODER.39,41.74,1.48,Gradient Boost (General Model),11,None,4263,3921,15,genus,0.97,0.89,1.0,0.03,0.05,0.93,0.83,False,19,3,4,4
METADECODER.4,29.49,2.92,Neural Network (Specific Model),4,None,2969,2462,166,phylum,0.98,0.82,0.94,0.31,0.79,0.82,0.67,False,13,1,0,1
METADECODER.40,100.0,0.61,Neural Network (Specific Model),11,None,3655,3532,7,family,0.93,0.9,0.06,0.14,0.31,0.94,0.85,True,23,7,7,7
METADECODER.41,99.98,9.03,Neural Network (Specific Model),11,None,4786,4536,51,genus,0.79,0.75,0.09,0.48,2.05,0.8,0.6,True,22,8,7,8
METADECODER.42,99.98,0.08,Neural Network (Specific Model),11,None,4539,4336,3,family,0.95,0.9,0.01,0.08,0.17,0.93,0.84,True,22,7,7,7
METADECODER.43,99.79,1.6,Neural Network (Specific Model),11,None,3389,3284,5,genus,0.83,0.8,0.09,0.1,0.23,0.96,0.77,True,22,5,0,5
METADECODER.44,43.78,0.09,Neural Network (Specific Model),11,None,1685,1640,7,kingdom,1.0,0.97,0.0,0.0,0.0,0.95,0.92,True,16,1,1,1
METADECODER.45,96.0,5.9,Neural Network (Specific Model),11,None,5306,5115,2,kingdom,1.0,0.96,0.0,0.0,0.0,0.93,0.89,True,22,7,1,7
METADECODER.46,97.16,2.02,Neural Network (Specific Model),11,None,5723,5564,5,genus,0.94,0.91,0.43,0.03,0.06,0.95,0.87,True,22,4,4,4
METADECODER.47,99.98,0.24,Neural Network (Specific Model),11,None,2549,2398,2,kingdom,1.0,0.94,0.0,0.0,0.0,0.92,0.87,True,22,7,0,7
METADECODER.48,100.0,0.92,Neural Network (Specific Model),11,None,5100,5053,1,kingdom,1.0,0.99,0.0,0.0,0.0,0.98,0.97,True,24,8,9,8
METADECODER.49,99.94,1.63,Neural Network (Specific Model),11,None,2201,2096,5,kingdom,1.0,0.95,0.0,0.0,0.0,0.91,0.87,True,23,4,0,4
METADECODER.5,21.19,0.53,Neural Network (Specific Model),11,None,1275,1177,34,kingdom,1.0,0.92,0.0,0.0,0.0,0.92,0.85,True,14,2,0,2
METADECODER.50,98.88,0.43,Gradient Boost (General Model),11,None,2673,2385,4,genus,0.81,0.73,0.26,0.04,0.08,0.94,0.68,True,23,4,0,4
METADECODER.51,99.89,1.58,Neural Network (Specific Model),11,None,2114,1984,2,kingdom,1.0,0.94,0.0,0.0,0.0,0.88,0.83,True,24,4,4,4
METADECODER.52,99.96,0.32,Neural Network (Specific Model),11,None,2883,2781,6,genus,0.83,0.8,0.17,0.03,0.06,0.95,0.76,True,23,6,6,6
METADECODER.53,57.16,4.35,Gradient Boost (General Model),11,None,2860,2736,5,family,0.96,0.91,0.08,0.1,0.21,0.93,0.85,True,18,4,4,4
METADECODER.54,80.19,4.64,Neural Network (Specific Model),11,None,4368,4219,1,kingdom,1.0,0.97,0.0,0.0,0.0,0.94,0.91,True,24,7,8,7
METADECODER.55,41.38,2.42,Gradient Boost (General Model),11,None,5183,4944,8,family,0.97,0.92,0.02,0.05,0.11,0.94,0.87,True,22,5,2,5
METADECODER.56,99.97,1.27,Neural Network (Specific Model),11,None,4230,4121,6,genus,0.94,0.92,0.08,0.05,0.11,0.96,0.88,True,23,5,6,5
METADECODER.57,97.3,0.56,Neural Network (Specific Model),11,None,2394,2338,4,kingdom,1.0,0.98,0.0,0.0,0.0,0.93,0.91,True,22,6,6,6
METADECODER.58,99.97,1.87,Neural Network (Specific Model),11,None,4494,4310,2,family,0.92,0.88,0.01,0.12,0.26,0.93,0.82,True,22,7,8,7
METADECODER.59,95.78,0.94,Neural Network (Specific Model),11,None,3389,3300,5,genus,0.93,0.9,0.06,0.03,0.06,0.96,0.87,True,22,5,5,5
METADECODER.6,42.98,2.2,Gradient Boost (General Model),11,None,3010,2911,33,kingdom,1.0,0.97,0.0,0.0,0.0,0.96,0.93,True,13,1,1,1
METADECODER.60,99.99,0.24,Neural Network (Specific Model),11,None,2595,2553,2,genus,0.91,0.9,0.03,0.09,0.19,0.97,0.87,True,22,5,0,5
METADECODER.61,94.29,2.33,Neural Network (Specific Model),11,None,3268,3194,8,genus,0.9,0.88,0.19,0.12,0.27,0.96,0.84,True,22,6,0,6
METADECODER.62,99.96,2.46,Neural Network (Specific Model),11,None,4008,3876,6,genus,0.95,0.92,0.06,0.08,0.17,0.93,0.85,True,23,4,4,4
METADECODER.63,99.78,0.88,Neural Network (Specific Model),11,None,2950,2745,9,genus,0.86,0.8,0.25,0.06,0.14,0.97,0.77,True,23,5,1,5
METADECODER.64,12.91,0.09,Neural Network (Specific Model),11,None,686,648,1,kingdom,1.0,0.94,0.0,0.0,0.0,0.94,0.89,True,5,0,0,0
METADECODER.65,97.5,0.93,Gradient Boost (General Model),11,None,2739,2543,3,class,0.95,0.89,0.01,0.02,0.05,0.76,0.67,True,22,7,6,7
METADECODER.66,98.08,0.0,Gradient Boost (General Model),11,None,2800,2726,3,family,0.95,0.92,0.02,0.25,0.65,0.92,0.85,True,23,6,5,6
METADECODER.67,96.28,0.01,Gradient Boost (General Model),11,None,2491,2450,3,family,0.94,0.92,0.02,0.13,0.31,0.94,0.87,True,23,5,5,5
METADECODER.68,100.0,1.32,Gradient Boost (General Model),11,None,3039,2725,6,family,0.81,0.73,0.02,0.41,1.55,0.7,0.51,True,22,4,4,4
METADECODER.7,71.68,14.12,Gradient Boost (General Model),4,None,6195,5515,124,genus,0.82,0.73,0.54,0.32,1.07,0.86,0.62,False,22,7,1,6
METADECODER.8,99.99,8.15,Neural Network (Specific Model),11,None,3124,3012,18,family,0.93,0.9,0.02,0.1,0.23,0.91,0.81,True,22,6,6,6
METADECODER.9,42.12,3.02,Neural Network (Specific Model),4,None,4368,3691,224,phylum,0.99,0.84,0.95,0.42,1.11,0.85,0.71,False,18,3,2,3
