,Completeness,Contamination,Completeness_Model_Used,Translation_Table_Used,Additional_Notes,n_genes_called,n_genes_mapped,n_contigs,taxonomic_level,proportion_genes_retained_in_major_clades,genes_retained_index,clade_separation_score,contamination_portion,n_effective_surplus_clades,mean_hit_identity,reference_representation_score,pass.GUNC,tRNA,16S,5S,23S
1005,15.93,0.0,Neural Network (Specific Model),11,None,477,424,12,order,0.84,0.75,0.16,0.5,1.66,0.62,0.47,True,5,0,0,0
1013,4.7,0.05,Neural Network (Specific Model),11,None,240,192,5,phylum,0.92,0.73,0.01,0.3,0.97,0.52,0.38,True,0,0,0,0
1024,96.21,6.46,Gradient Boost (General Model),11,None,2740,2655,32,genus,0.84,0.81,0.11,0.03,0.06,0.88,0.71,True,24,2,2,2
1102,94.43,1.28,Gradient Boost (General Model),11,None,2040,1793,15,class,0.81,0.71,0.03,0.09,0.21,0.55,0.39,True,20,3,3,3
1113,35.86,1.96,Neural Network (Specific Model),11,None,681,626,11,family,0.83,0.76,0.03,0.47,1.89,0.59,0.45,True,14,1,1,1
1145,13.22,0.01,Neural Network (Specific Model),11,None,450,394,12,phylum,0.86,0.75,0.04,0.66,3.46,0.52,0.39,True,5,0,0,0
116,88.1,18.44,Gradient Boost (General Model),11,None,2102,1862,44,kingdom,1.0,0.88,0.0,0.0,0.0,0.55,0.48,True,19,3,3,3
1179,23.92,0.12,Neural Network (Specific Model),11,None,857,736,18,order,0.47,0.4,0.05,0.73,5.37,0.52,0.21,True,6,0,0,0
119,84.9,0.07,Gradient Boost (General Model),11,None,1391,1343,20,order,0.93,0.89,0.22,0.08,0.18,0.67,0.6,True,17,1,2,1
13,100.0,94.1,Gradient Boost (General Model),11,None,5517,5256,68,phylum,0.83,0.79,0.08,0.33,0.98,0.59,0.47,True,23,4,4,4
1306,85.65,2.89,Gradient Boost (General Model),4,None,799,588,12,kingdom,1.0,0.74,0.12,0.03,0.05,0.49,0.36,True,21,1,0,2
133,63.66,1.32,Gradient Boost (General Model),11,None,2882,2513,69,class,0.53,0.47,0.04,0.75,5.87,0.5,0.23,True,15,1,0,1
1353,28.9,0.36,Neural Network (Specific Model),11,None,1032,925,17,genus,0.65,0.58,0.07,0.74,5.48,0.61,0.35,True,8,0,0,0
1364,96.96,2.89,Gradient Boost (General Model),11,None,2646,2348,2,kingdom,0.99,0.88,0.0,0.0,0.0,0.53,0.47,True,23,2,1,2
1366,5.73,0.33,Neural Network (Specific Model),11,None,246,201,6,family,0.9,0.73,0.03,0.62,2.85,0.62,0.45,True,0,0,0,0
1378,97.06,61.43,Gradient Boost (General Model),11,None,1628,1427,11,kingdom,0.98,0.86,0.0,0.0,0.0,0.51,0.44,True,20,2,0,2
1381,93.59,8.82,Neural Network (Specific Model),11,None,3151,3035,22,class,0.94,0.9,0.03,0.2,0.5,0.69,0.63,True,22,2,2,2
1388,98.41,47.94,Gradient Boost (General Model),11,None,3367,3259,3,genus,0.59,0.57,0.01,0.1,0.23,0.65,0.38,True,22,5,5,5
147,53.99,1.28,Gradient Boost (General Model),11,None,1351,1056,26,class,0.53,0.41,0.08,0.26,0.75,0.48,0.2,True,11,0,0,0
15,36.13,0.22,Neural Network (Specific Model),11,None,1611,1229,38,phylum,0.79,0.6,0.03,0.44,1.64,0.49,0.3,True,13,0,0,0
155,26.37,0.03,Neural Network (Specific Model),11,None,665,635,18,order,0.96,0.92,0.11,0.07,0.15,0.64,0.59,True,3,1,1,1
1575,69.59,12.59,Gradient Boost (General Model),11,None,2283,1936,51,phylum,0.82,0.69,0.06,0.06,0.13,0.55,0.38,True,18,2,2,2
1646,98.7,4.49,Gradient Boost (General Model),11,None,1299,1193,6,kingdom,1.0,0.92,0.0,0.04,0.07,0.49,0.45,True,21,2,1,1
17,19.44,0.21,Neural Network (Specific Model),11,None,534,494,14,phylum,0.94,0.87,0.11,0.09,0.19,0.58,0.5,True,2,0,0,0
172,95.14,14.64,Gradient Boost (General Model),11,None,2816,2551,58,phylum,0.75,0.68,0.06,0.46,2.0,0.51,0.34,True,19,3,2,2
1794,7.28,0.0,Neural Network (Specific Model),11,None,192,183,8,phylum,0.92,0.88,0.33,0.02,0.05,0.63,0.55,True,0,0,0,0
185,45.26,0.87,Neural Network (Specific Model),11,None,1839,1431,41,order,0.62,0.48,0.08,0.27,0.73,0.5,0.24,True,15,3,0,3
1854,8.39,0.07,Neural Network (Specific Model),11,None,450,427,11,family,0.93,0.89,0.17,0.17,0.42,0.82,0.73,True,8,0,0,0
1868,48.65,0.64,Neural Network (Specific Model),11,None,1078,1011,23,phylum,0.9,0.85,0.23,0.14,0.32,0.57,0.48,True,13,0,0,0
1880,8.37,0.02,Neural Network (Specific Model),11,None,232,220,7,order,0.88,0.84,0.16,0.06,0.12,0.62,0.52,True,1,0,0,0
190,16.59,0.44,Neural Network (Specific Model),11,None,553,481,19,class,0.71,0.62,0.11,0.82,7.43,0.52,0.32,True,7,0,0,0
1913,96.95,1.82,Gradient Boost (General Model),11,None,2227,1970,12,family,0.73,0.64,0.01,0.54,2.82,0.58,0.37,True,21,2,1,2
1972,13.74,0.05,Neural Network (Specific Model),11,None,331,247,11,phylum,0.83,0.62,0.04,0.6,3.83,0.47,0.29,True,6,0,0,0
2066,94.52,1.09,Gradient Boost (General Model),11,None,2242,1984,2,phylum,0.87,0.77,0.01,0.32,0.92,0.49,0.38,True,22,3,3,3
2070,12.72,0.19,Neural Network (Specific Model),11,None,284,253,1,kingdom,1.0,0.89,0.0,0.0,0.0,0.6,0.53,True,4,0,0,0
209,72.21,1.63,Gradient Boost (General Model),11,None,3357,2636,50,phylum,0.81,0.64,0.02,0.5,2.13,0.48,0.31,True,22,1,0,1
2142,46.72,0.68,Gradient Boost (General Model),11,None,1619,1469,24,phylum,0.92,0.83,0.06,0.03,0.05,0.63,0.53,True,16,1,1,1
2185,7.28,1.03,Neural Network (Specific Model),11,None,202,186,9,class,0.94,0.87,0.08,0.37,1.21,0.68,0.59,True,0,0,0,0
219,22.33,9.27,Neural Network (Specific Model),11,None,1409,547,21,kingdom,1.0,0.39,0.0,0.05,0.1,0.39,0.15,True,0,0,0,0
221,81.57,4.66,Neural Network (Specific Model),11,None,1709,1636,12,class,0.94,0.9,0.08,0.04,0.07,0.66,0.59,True,19,1,2,1
222,53.89,1.18,Gradient Boost (General Model),11,None,1103,1039,32,class,0.67,0.63,0.08,0.5,2.48,0.55,0.35,True,14,0,1,1
227,10.89,0.03,Neural Network (Specific Model),11,None,432,393,12,kingdom,1.0,0.91,0.07,0.04,0.07,0.56,0.51,True,4,0,0,0
2295,22.69,0.05,Neural Network (Specific Model),11,None,651,620,15,genus,0.74,0.7,0.27,0.03,0.06,0.71,0.49,True,13,0,0,0
233,79.23,0.21,Gradient Boost (General Model),11,None,3774,3148,52,class,0.67,0.56,0.02,0.81,6.43,0.5,0.28,True,23,1,0,1
2359,7.83,0.0,Neural Network (Specific Model),11,None,198,155,1,kingdom,1.0,0.78,0.0,0.05,0.09,0.56,0.44,True,0,0,0,0
241,100.0,6.71,Gradient Boost (General Model),11,None,2149,2048,1,kingdom,1.0,0.95,0.0,0.0,0.0,0.65,0.61,True,22,2,2,2
2470,95.11,82.13,Gradient Boost (General Model),11,None,1480,1242,26,kingdom,1.0,0.84,0.04,0.02,0.05,0.51,0.43,True,21,5,0,5
251,46.02,0.66,Gradient Boost (General Model),11,None,1297,1176,20,order,0.82,0.75,0.07,0.56,2.27,0.59,0.44,True,16,0,0,0
2543,12.19,0.0,Neural Network (Specific Model),11,None,355,325,1,kingdom,1.0,0.91,0.0,0.0,0.0,0.54,0.5,True,6,0,0,0
260,95.8,17.12,Gradient Boost (General Model),11,None,2793,2632,36,phylum,0.88,0.83,0.05,0.14,0.32,0.54,0.44,True,23,4,4,4
262,49.06,3.49,Neural Network (Specific Model),11,None,1497,1436,20,order,0.86,0.82,0.13,0.05,0.1,0.88,0.72,True,16,2,2,2
272,17.95,0.41,Neural Network (Specific Model),11,None,284,262,10,family,0.62,0.57,0.14,0.25,0.72,0.6,0.34,True,9,0,0,0
2798,19.42,0.07,Neural Network (Specific Model),11,None,626,580,13,genus,0.72,0.66,0.09,0.43,1.74,0.63,0.42,True,10,0,0,0
287,13.57,0.01,Neural Network (Specific Model),11,None,412,370,10,order,0.81,0.73,0.02,0.44,1.66,0.57,0.42,True,8,0,0,0
297,33.93,0.97,Neural Network (Specific Model),11,None,1465,1176,35,class,0.63,0.5,0.08,0.72,6.49,0.45,0.23,True,9,0,0,0
2973,52.57,0.91,Neural Network (Specific Model),11,None,1255,1162,24,phylum,0.92,0.85,0.09,0.03,0.07,0.57,0.49,True,17,0,0,0
3,100.0,1.56,Gradient Boost (General Model),11,None,2291,2055,13,class,0.69,0.62,0.01,0.6,3.82,0.51,0.31,True,23,2,2,2
30,81.16,0.18,Neural Network (Specific Model),11,None,2647,2393,35,family,0.75,0.68,0.07,0.54,2.09,0.6,0.4,True,24,1,1,1
304,95.8,0.17,Neural Network (Specific Model),11,None,1650,1598,6,class,0.97,0.94,0.08,0.02,0.05,0.77,0.72,True,22,2,2,2
3081,8.16,0.26,Neural Network (Specific Model),11,None,248,123,4,kingdom,0.98,0.49,0.0,0.0,0.0,0.47,0.23,True,0,0,0,0
3200,94.68,0.12,Gradient Boost (General Model),11,None,746,655,5,kingdom,0.99,0.87,0.0,0.0,0.0,0.54,0.47,True,21,1,1,1
3225,5.99,0.08,Neural Network (Specific Model),11,None,443,380,12,kingdom,1.0,0.86,0.0,0.0,0.0,0.65,0.56,True,1,0,0,0
3359,74.32,3.51,Neural Network (Specific Model),11,None,1846,1746,19,class,0.94,0.89,0.04,0.13,0.3,0.59,0.53,True,19,2,2,2
3468,7.07,0.4,Neural Network (Specific Model),11,None,266,230,10,phylum,0.97,0.84,0.21,0.22,0.56,0.54,0.45,True,12,1,1,1
38,31.48,0.03,Neural Network (Specific Model),11,None,659,606,14,class,0.84,0.77,0.03,0.15,0.38,0.55,0.43,True,10,1,1,1
3851,7.09,0.14,Neural Network (Specific Model),11,None,396,369,1,kingdom,1.0,0.93,0.0,0.0,0.0,0.77,0.72,True,0,0,0,0
3891,7.68,0.17,Neural Network (Specific Model),11,None,340,118,1,kingdom,1.0,0.35,0.0,0.03,0.07,0.42,0.15,True,17,0,0,0
3905,13.64,0.12,Neural Network (Specific Model),11,None,314,305,1,kingdom,1.0,0.97,0.0,0.0,0.0,0.73,0.7,True,0,0,0,0
397,40.82,0.67,Neural Network (Specific Model),11,None,2086,1692,49,kingdom,1.0,0.81,0.05,0.05,0.1,0.46,0.38,True,7,0,0,0
3976,95.69,29.45,Gradient Boost (General Model),11,None,4157,3775,37,family,0.73,0.66,0.03,0.19,0.49,0.59,0.39,True,22,1,1,1
4152,96.19,0.2,Neural Network (Specific Model),11,None,1584,1526,1,kingdom,1.0,0.96,0.0,0.0,0.0,0.68,0.65,True,23,2,2,2
4235,98.69,2.52,Gradient Boost (General Model),11,None,1826,1778,7,class,0.95,0.92,0.1,0.05,0.1,0.95,0.87,True,22,2,0,2
4296,23.15,0.7,Neural Network (Specific Model),11,None,1143,969,19,order,0.5,0.42,0.22,0.67,4.69,0.56,0.23,True,5,0,0,0
463,56.31,0.22,Gradient Boost (General Model),11,None,1899,1627,43,class,0.7,0.6,0.04,0.57,3.5,0.51,0.3,True,15,1,0,1
4681,10.45,0.11,Neural Network (Specific Model),11,None,379,144,1,kingdom,1.0,0.38,0.0,0.03,0.06,0.42,0.16,True,18,0,0,0
469,92.27,3.12,Gradient Boost (General Model),11,None,2280,2192,19,order,0.91,0.88,0.06,0.23,0.6,0.67,0.59,True,23,2,2,2
474,12.05,0.0,Neural Network (Specific Model),11,None,311,259,10,phylum,0.83,0.69,0.04,0.15,0.38,0.5,0.35,True,5,0,0,0
4749,56.62,5.13,Gradient Boost (General Model),11,None,1618,1413,45,phylum,0.85,0.74,0.09,0.12,0.28,0.52,0.38,True,14,0,0,0
4764,98.55,0.28,Gradient Boost (General Model),11,None,1908,1828,2,class,0.93,0.89,0.04,0.4,1.32,0.61,0.54,True,22,2,2,2
4810,19.3,0.05,Neural Network (Specific Model),11,None,794,767,21,genus,0.93,0.9,0.16,0.09,0.21,0.97,0.87,True,11,0,0,0
4850,95.7,11.82,Gradient Boost (General Model),11,None,2226,1966,20,class,0.91,0.8,0.03,0.65,3.69,0.53,0.43,True,22,2,2,2
494,89.49,88.76,Neural Network (Specific Model),11,None,8686,8187,161,phylum,0.94,0.89,0.14,0.13,0.3,0.64,0.57,True,24,12,19,13
4942,27.79,0.09,Neural Network (Specific Model),11,None,1054,920,27,kingdom,1.0,0.87,0.07,0.02,0.04,0.49,0.43,True,3,1,1,1
5,53.42,9.28,Neural Network (Specific Model),11,None,1290,1239,38,kingdom,0.98,0.94,0.0,0.0,0.0,0.84,0.79,True,14,0,0,0
5051,100.0,0.55,Gradient Boost (General Model),11,None,2291,2196,1,kingdom,1.0,0.96,0.0,0.0,0.0,0.64,0.61,True,22,2,2,2
5138,96.78,11.39,Gradient Boost (General Model),11,None,3472,3264,39,family,0.8,0.75,0.06,0.16,0.4,0.72,0.54,True,22,2,1,2
5208,100.0,50.09,Gradient Boost (General Model),11,None,4847,4570,91,order,0.76,0.71,0.15,0.09,0.21,0.6,0.43,True,24,4,4,4
5240,98.19,4.75,Gradient Boost (General Model),11,None,3869,3338,15,class,0.59,0.51,0.02,0.69,5.09,0.49,0.25,True,23,2,2,2
536,85.5,7.74,Gradient Boost (General Model),11,None,3296,3081,36,family,0.75,0.7,0.03,0.74,4.45,0.58,0.41,True,21,4,4,4
5366,6.18,0.0,Neural Network (Specific Model),11,None,242,229,1,kingdom,1.0,0.95,0.0,0.03,0.05,0.64,0.61,True,4,0,0,0
5386,98.53,0.64,Neural Network (Specific Model),11,None,2347,2198,1,kingdom,1.0,0.94,0.0,0.06,0.12,0.78,0.73,True,19,2,2,2
540,72.24,0.34,Gradient Boost (General Model),11,None,437,392,7,phylum,0.77,0.69,0.04,0.76,4.92,0.56,0.39,True,17,1,0,1
5424,58.66,0.24,Neural Network (Specific Model),11,None,1378,1272,23,phylum,0.98,0.9,0.11,0.03,0.07,0.61,0.55,True,17,2,1,1
564,34.46,0.02,Neural Network (Specific Model),11,None,1244,1168,25,class,0.97,0.91,0.05,0.02,0.05,0.64,0.58,True,8,2,0,2
5707,54.75,0.54,Neural Network (Specific Model),11,None,1060,1010,13,order,0.91,0.87,0.05,0.1,0.22,0.68,0.6,True,17,2,2,2
5790,67.45,2.24,Gradient Boost (General Model),11,None,1369,1223,23,genus,0.56,0.5,0.05,0.78,6.49,0.54,0.27,True,21,2,2,2
58,87.34,1.5,Gradient Boost (General Model),11,None,1970,1837,9,order,0.89,0.83,0.07,0.03,0.07,0.6,0.5,True,22,2,2,2
580,10.16,0.0,Neural Network (Specific Model),11,None,329,272,9,family,0.57,0.47,0.02,0.26,0.79,0.52,0.25,True,6,0,0,0
5877,10.29,0.0,Neural Network (Specific Model),11,None,399,340,1,kingdom,1.0,0.85,0.0,0.0,0.0,0.54,0.46,True,6,0,0,0
6042,40.67,3.23,Gradient Boost (General Model),11,None,1105,1012,26,phylum,0.97,0.89,0.83,0.07,0.14,0.61,0.54,False,16,0,0,0
6088,76.98,6.69,Gradient Boost (General Model),11,None,2315,2106,39,genus,0.55,0.5,0.1,0.04,0.09,0.61,0.3,True,20,3,3,3
6092,98.21,105.0,Gradient Boost (General Model),11,None,10715,9983,146,genus,0.67,0.62,0.14,0.15,0.37,0.7,0.43,True,23,18,13,14
6104,97.58,0.47,Gradient Boost (General Model),11,None,671,601,1,kingdom,0.99,0.89,0.0,0.0,0.0,0.61,0.54,True,21,1,1,1
6121,64.15,4.24,Gradient Boost (General Model),11,None,2210,1929,27,family,0.78,0.68,0.03,0.72,5.0,0.56,0.38,True,19,1,1,1
6135,53.85,17.4,Gradient Boost (General Model),11,None,2396,2273,77,class,0.87,0.82,0.12,0.06,0.13,0.65,0.53,True,11,0,0,0
6140,96.97,61.83,Gradient Boost (General Model),11,None,5036,4778,31,family,0.8,0.76,0.06,0.56,3.06,0.64,0.49,True,24,4,4,4
6190,23.8,0.02,Neural Network (Specific Model),11,None,402,385,6,family,0.85,0.82,0.11,0.03,0.06,0.67,0.55,True,7,1,1,1
6199,100.0,0.87,Gradient Boost (General Model),11,None,2131,1948,7,order,0.85,0.78,0.01,0.41,1.52,0.56,0.43,True,23,3,3,3
6213,90.48,1.89,Neural Network (Specific Model),11,None,1999,1964,30,kingdom,1.0,0.98,0.0,0.0,0.0,0.97,0.96,True,21,1,1,1
6217,98.65,61.49,Gradient Boost (General Model),11,None,5733,5294,58,phylum,0.9,0.83,0.05,0.05,0.11,0.67,0.56,True,23,2,2,2
623,99.75,1.11,Gradient Boost (General Model),11,None,2779,2608,4,kingdom,0.99,0.93,0.0,0.0,0.0,0.59,0.54,True,23,1,1,1
6231,15.96,0.04,Neural Network (Specific Model),11,None,636,572,16,kingdom,1.0,0.9,0.12,0.03,0.06,0.51,0.46,True,6,0,0,0
6252,25.63,1.3,Neural Network (Specific Model),11,None,833,781,21,phylum,0.87,0.82,0.14,0.04,0.08,0.64,0.53,True,10,0,0,0
6284,75.12,3.12,Gradient Boost (General Model),11,None,4607,3923,89,phylum,0.84,0.71,0.02,0.75,5.64,0.47,0.34,True,18,0,0,0
6321,7.45,0.24,Neural Network (Specific Model),11,None,421,366,10,genus,0.62,0.54,0.14,0.7,4.75,0.66,0.35,True,3,0,0,0
6355,94.88,1.0,Gradient Boost (General Model),11,None,2237,2046,7,family,0.72,0.66,0.01,0.69,5.24,0.57,0.38,True,21,4,4,4
6416,89.98,3.16,Gradient Boost (General Model),11,None,2508,2349,24,family,0.88,0.82,0.09,0.14,0.33,0.65,0.54,True,24,3,3,4
6454,11.83,0.01,Neural Network (Specific Model),11,None,481,416,15,class,0.75,0.65,0.08,0.37,1.18,0.52,0.34,True,2,1,1,1
6493,89.44,101.03,Neural Network (Specific Model),11,None,5090,4948,28,phylum,0.95,0.92,0.05,0.12,0.27,0.71,0.65,True,23,8,4,7
6511,96.88,0.08,Gradient Boost (General Model),11,None,1147,1111,1,kingdom,1.0,0.97,0.0,0.0,0.0,0.59,0.57,True,21,1,1,1
652,95.02,23.3,Gradient Boost (General Model),11,None,3450,3253,33,family,0.79,0.74,0.03,0.5,2.43,0.61,0.45,True,23,3,3,4
6527,75.11,12.78,Gradient Boost (General Model),11,None,2535,2453,41,family,0.92,0.89,0.16,0.05,0.1,0.77,0.69,True,21,5,5,6
6531,14.62,0.08,Neural Network (Specific Model),11,None,709,559,23,class,0.72,0.57,0.05,0.8,7.53,0.49,0.28,True,7,1,0,0
6548,5.28,0.34,Neural Network (Specific Model),11,None,206,180,6,phylum,0.99,0.87,0.04,0.03,0.07,0.62,0.54,True,1,0,0,0
6553,99.88,41.49,Neural Network (Specific Model),11,None,2860,2603,21,phylum,0.92,0.84,0.01,0.13,0.3,0.56,0.47,True,22,2,2,2
6559,7.07,0.05,Neural Network (Specific Model),11,None,221,202,1,kingdom,0.98,0.9,0.0,0.0,0.0,0.66,0.59,True,4,0,0,0
6583,96.62,3.53,Gradient Boost (General Model),11,None,1580,1525,9,family,0.79,0.77,0.04,0.12,0.28,0.64,0.49,True,22,2,2,2
659,82.45,0.74,Neural Network (Specific Model),11,None,2547,2381,26,order,0.89,0.83,0.24,0.03,0.07,0.75,0.62,True,22,0,0,0
6657,95.04,20.87,Gradient Boost (General Model),11,None,4562,3936,26,family,0.62,0.53,0.02,0.3,0.97,0.59,0.32,True,23,1,0,1
6736,96.33,5.34,Gradient Boost (General Model),11,None,2644,2498,31,family,0.83,0.79,0.06,0.33,1.13,0.63,0.49,True,23,4,4,4
6781,7.82,1.08,Neural Network (Specific Model),11,None,625,611,21,class,0.95,0.93,0.05,0.07,0.14,0.72,0.67,True,3,0,0,0
6817,95.93,0.07,Gradient Boost (General Model),11,None,1636,1554,1,kingdom,1.0,0.95,0.0,0.06,0.13,0.86,0.82,True,21,1,1,1
6855,8.64,0.01,Neural Network (Specific Model),11,None,275,260,8,family,0.85,0.8,0.09,0.22,0.58,0.64,0.51,True,3,0,0,0
6863,12.73,0.0,Neural Network (Specific Model),11,None,251,236,6,phylum,0.94,0.88,0.35,0.02,0.05,0.59,0.52,True,7,0,0,0
6870,94.25,50.04,Gradient Boost (General Model),11,None,5086,4394,154,genus,0.59,0.51,0.09,0.83,6.44,0.51,0.26,True,22,7,6,7
6871,90.12,52.29,Gradient Boost (General Model),11,None,5433,5170,91,genus,0.42,0.4,0.07,0.66,3.57,0.6,0.24,True,16,3,3,3
6890,12.17,1.44,Neural Network (Specific Model),11,None,657,639,12,family,0.84,0.82,0.24,0.14,0.33,0.89,0.73,True,1,0,0,0
6903,33.62,0.36,Neural Network (Specific Model),11,None,585,514,13,family,0.79,0.7,0.03,0.67,3.78,0.53,0.37,True,18,1,0,1
694,96.42,2.64,Gradient Boost (General Model),11,None,3943,3477,16,phylum,0.87,0.77,0.01,0.19,0.5,0.56,0.43,True,22,2,1,1
6947,8.81,0.04,Neural Network (Specific Model),11,None,225,217,1,kingdom,1.0,0.96,0.0,0.0,0.0,0.61,0.59,True,0,0,0,0
7026,6.84,0.21,Neural Network (Specific Model),11,None,396,164,6,kingdom,1.0,0.41,0.0,0.0,0.0,0.45,0.19,True,3,0,0,0
7079,15.66,4.02,Neural Network (Specific Model),11,None,443,378,14,phylum,0.91,0.78,0.04,0.02,0.05,0.51,0.4,True,2,1,1,1
7085,98.76,104.8,Gradient Boost (General Model),11,None,11882,11053,78,family,0.75,0.69,0.05,0.15,0.38,0.65,0.45,True,22,10,11,10
712,5.07,0.17,Neural Network (Specific Model),4,None,150,123,7,class,0.86,0.71,0.28,0.1,0.24,0.64,0.45,True,0,0,0,0
7129,100.0,0.35,Gradient Boost (General Model),11,None,1669,1555,1,kingdom,1.0,0.93,0.0,0.0,0.0,0.61,0.56,True,22,2,2,2
715,62.75,0.67,Neural Network (Specific Model),11,None,678,503,10,kingdom,1.0,0.74,0.04,0.24,0.58,0.47,0.35,True,16,1,0,1
7159,8.91,1.81,Neural Network (Specific Model),11,None,498,451,16,kingdom,1.0,0.91,0.0,0.0,0.0,0.63,0.57,True,2,0,0,0
7271,56.8,5.0,Neural Network (Specific Model),11,None,2142,2114,25,family,0.9,0.89,0.25,0.06,0.13,0.94,0.84,True,18,1,1,1
73,99.46,83.67,Gradient Boost (General Model),11,None,8787,8327,47,family,0.68,0.64,0.03,0.41,1.62,0.58,0.37,True,22,3,3,3
7307,10.49,0.0,Neural Network (Specific Model),11,None,219,177,8,kingdom,0.99,0.8,0.0,0.0,0.0,0.5,0.4,True,1,0,0,0
7314,86.24,49.2,Gradient Boost (General Model),11,None,6431,6170,110,genus,0.65,0.63,0.12,0.28,0.84,0.7,0.44,True,23,12,11,12
7392,91.98,59.32,Gradient Boost (General Model),11,None,3963,3727,76,genus,0.76,0.72,0.11,0.29,0.91,0.68,0.48,True,22,4,0,4
7475,87.15,56.57,Gradient Boost (General Model),11,None,3728,3591,73,family,0.82,0.79,0.08,0.07,0.14,0.65,0.52,True,22,5,5,3
7569,65.9,1.9,Gradient Boost (General Model),11,None,1039,919,7,family,0.73,0.65,0.05,0.42,1.69,0.53,0.35,True,10,2,1,1
760,97.78,1.02,Gradient Boost (General Model),11,None,2108,1954,3,class,0.86,0.8,0.01,0.08,0.18,0.56,0.44,True,22,2,2,2
7656,96.37,72.25,Gradient Boost (General Model),11,None,6066,5732,126,phylum,0.91,0.86,0.07,0.03,0.06,0.56,0.49,True,22,6,6,6
773,98.02,1.02,Gradient Boost (General Model),11,None,3263,2725,1,kingdom,1.0,0.84,0.0,0.03,0.06,0.45,0.38,True,23,1,1,1
7777,51.5,5.17,Gradient Boost (General Model),11,None,1015,908,1,kingdom,1.0,0.89,0.0,0.0,0.0,0.55,0.49,True,12,1,2,2
7790,63.96,6.08,Gradient Boost (General Model),11,None,1516,1459,35,genus,0.77,0.74,0.33,0.1,0.24,0.82,0.61,True,16,1,1,2
783,41.01,3.77,Neural Network (Specific Model),11,None,913,840,23,family,0.88,0.81,0.05,0.28,0.83,0.68,0.55,True,11,1,0,1
79,65.35,0.46,Gradient Boost (General Model),11,None,4544,3501,66,phylum,0.73,0.56,0.03,0.68,4.7,0.49,0.28,True,20,0,0,0
7912,97.78,21.8,Gradient Boost (General Model),11,None,3980,3829,33,order,0.93,0.89,0.16,0.28,0.7,0.73,0.65,True,23,1,1,1
7936,8.75,0.02,Neural Network (Specific Model),11,None,248,235,1,kingdom,1.0,0.94,0.0,0.0,0.0,0.59,0.55,True,7,1,1,1
7944,81.44,2.68,Gradient Boost (General Model),11,None,1854,1764,29,class,0.9,0.86,0.07,0.05,0.11,0.62,0.53,True,20,3,4,4
7945,95.29,0.43,Gradient Boost (General Model),11,None,1903,1770,4,phylum,0.91,0.84,0.11,0.02,0.05,0.58,0.49,True,21,2,2,2
7947,91.54,5.51,Gradient Boost (General Model),11,None,3600,3050,15,phylum,0.83,0.7,0.02,0.23,0.64,0.5,0.35,True,22,4,4,4
7948,99.08,25.42,Gradient Boost (General Model),11,None,3041,2975,45,phylum,0.96,0.94,0.1,0.04,0.09,0.78,0.73,True,19,4,4,4
7951,7.93,1.21,Neural Network (Specific Model),11,None,344,303,4,kingdom,1.0,0.88,0.0,0.0,0.0,0.66,0.58,True,1,0,0,0
7957,7.6,6.59,Neural Network (Specific Model),11,None,408,349,26,kingdom,1.0,0.86,0.0,0.0,0.0,0.58,0.49,True,2,0,0,0
7958,34.09,16.94,Neural Network (Specific Model),11,None,1973,1933,45,order,0.93,0.91,0.14,0.26,0.7,0.91,0.83,True,0,0,0,0
7961,100.0,21.53,Gradient Boost (General Model),11,None,3955,3848,29,order,0.92,0.89,0.05,0.02,0.05,0.94,0.84,True,23,1,1,1
7968,68.09,0.5,Gradient Boost (General Model),11,None,1408,1287,16,order,0.87,0.8,0.03,0.11,0.25,0.55,0.44,True,21,2,2,2
7979,97.64,31.87,Gradient Boost (General Model),11,None,3364,3173,40,phylum,0.94,0.89,0.03,0.04,0.08,0.57,0.51,True,23,4,6,4
7983,96.97,5.64,Gradient Boost (General Model),11,None,2258,2103,19,phylum,0.93,0.86,0.04,0.03,0.07,0.57,0.5,True,22,2,2,4
7990,6.72,3.81,Neural Network (Specific Model),11,None,275,261,12,class,0.92,0.88,0.07,0.1,0.21,0.66,0.58,True,3,1,1,1
7992,7.22,0.0,Neural Network (Specific Model),11,None,182,169,5,class,0.93,0.87,0.11,0.19,0.44,0.59,0.51,True,1,0,0,0
7996,96.03,52.55,Gradient Boost (General Model),11,None,3461,3187,40,class,0.93,0.85,0.02,0.27,0.7,0.57,0.48,True,19,3,3,3
8006,53.37,1.03,Gradient Boost (General Model),11,None,1284,1265,20,family,0.96,0.94,0.08,0.03,0.06,0.94,0.89,True,12,1,1,1
8007,100.0,66.91,Gradient Boost (General Model),11,None,1977,1745,49,phylum,0.73,0.64,0.08,0.73,4.84,0.52,0.34,True,19,1,0,2
8012,96.95,65.18,Gradient Boost (General Model),11,None,1916,1610,31,class,0.75,0.63,0.12,0.06,0.13,0.56,0.35,True,22,1,0,1
8015,93.42,21.03,Gradient Boost (General Model),11,None,2062,1926,24,phylum,0.92,0.86,0.04,0.22,0.53,0.55,0.48,True,23,1,1,1
8021,9.75,0.01,Neural Network (Specific Model),11,None,223,189,4,genus,0.7,0.59,0.04,0.8,6.91,0.52,0.31,True,1,0,0,0
8023,30.35,0.33,Neural Network (Specific Model),11,None,855,788,13,family,0.84,0.77,0.07,0.38,1.39,0.63,0.48,True,14,1,1,1
8026,6.63,0.1,Neural Network (Specific Model),11,None,199,182,5,class,0.9,0.82,0.07,0.12,0.28,0.6,0.49,True,0,0,0,0
8031,17.41,0.0,Neural Network (Specific Model),11,None,503,461,17,class,0.9,0.82,0.06,0.22,0.56,0.57,0.46,True,2,0,0,0
8034,24.84,0.01,Neural Network (Specific Model),11,None,638,619,1,kingdom,1.0,0.97,0.0,0.0,0.0,0.69,0.67,True,11,1,1,1
8042,13.78,1.83,Neural Network (Specific Model),11,None,1055,729,19,kingdom,1.0,0.69,0.0,0.0,0.0,0.44,0.3,True,2,0,0,0
8046,81.65,1.82,Neural Network (Specific Model),11,None,1753,1716,14,genus,0.93,0.91,0.25,0.03,0.07,0.97,0.88,True,20,2,0,2
8049,13.61,0.68,Neural Network (Specific Model),11,None,306,293,9,order,0.91,0.88,0.25,0.09,0.21,0.62,0.54,True,7,0,0,0
8057,4.9,0.66,Neural Network (Specific Model),11,None,205,163,6,kingdom,0.99,0.79,0.0,0.0,0.0,0.53,0.42,True,1,0,0,0
8067,4.52,0.77,Neural Network (Specific Model),11,None,351,348,9,class,0.95,0.94,0.05,0.13,0.31,0.96,0.9,True,0,0,0,0
8070,96.06,12.0,Gradient Boost (General Model),11,None,1297,1179,20,phylum,0.96,0.88,0.02,0.19,0.44,0.54,0.48,True,18,1,0,1
8073,87.46,0.4,Gradient Boost (General Model),11,None,2007,1709,21,class,0.71,0.6,0.02,0.23,0.64,0.55,0.33,True,21,1,0,1
8076,25.31,27.3,Neural Network (Specific Model),11,None,1514,1455,48,genus,0.89,0.86,0.33,0.07,0.15,0.94,0.81,True,9,2,0,2
8078,19.73,1.05,Neural Network (Specific Model),11,None,964,882,15,genus,0.5,0.46,0.07,0.42,1.7,0.61,0.28,True,7,0,0,0
8085,4.72,0.73,Neural Network (Specific Model),11,None,235,205,2,kingdom,1.0,0.87,0.0,0.05,0.1,0.56,0.49,True,7,0,0,0
8089,4.25,0.84,Neural Network (Specific Model),11,None,238,206,17,order,0.75,0.65,0.03,0.29,0.88,0.47,0.31,True,0,0,0,0
8098,10.34,0.0,Neural Network (Specific Model),11,None,355,323,13,class,0.79,0.72,0.21,0.07,0.14,0.59,0.42,True,3,0,0,0
8110,5.7,0.02,Neural Network (Specific Model),11,None,341,284,5,phylum,0.92,0.77,0.05,0.15,0.35,0.56,0.43,True,3,0,0,0
8129,13.26,0.05,Neural Network (Specific Model),11,None,326,308,13,phylum,0.94,0.89,0.05,0.09,0.2,0.6,0.53,True,5,0,0,0
8130,20.65,5.43,Neural Network (Specific Model),11,None,389,359,29,genus,0.78,0.72,0.22,0.09,0.19,0.61,0.44,True,3,0,0,0
8131,20.5,0.23,Neural Network (Specific Model),11,None,1008,938,32,phylum,0.88,0.82,0.08,0.18,0.46,0.6,0.49,True,6,0,0,0
8135,19.72,1.55,Neural Network (Specific Model),11,None,1030,864,32,phylum,0.8,0.67,0.12,0.69,4.27,0.53,0.35,True,7,0,0,0
8136,58.6,12.61,Gradient Boost (General Model),11,None,1671,1561,52,genus,0.64,0.59,0.36,0.09,0.19,0.65,0.39,True,21,3,4,4
8140,7.25,1.09,Neural Network (Specific Model),11,None,254,250,7,family,0.88,0.87,0.1,0.59,2.58,0.85,0.74,True,0,0,0,0
8153,19.17,0.53,Neural Network (Specific Model),11,None,378,358,7,genus,0.68,0.64,0.3,0.48,2.01,0.63,0.41,True,14,0,0,0
8159,21.38,0.08,Neural Network (Specific Model),11,None,507,488,10,genus,0.45,0.44,0.06,0.78,7.29,0.62,0.27,True,11,2,2,2
8160,11.81,0.0,Neural Network (Specific Model),11,None,591,530,20,phylum,0.88,0.79,0.09,0.17,0.42,0.59,0.47,True,3,1,1,1
8176,98.37,11.1,Gradient Boost (General Model),11,None,3595,3469,21,order,0.88,0.85,0.04,0.08,0.18,0.77,0.66,True,22,1,1,1
8180,9.21,1.35,Neural Network (Specific Model),11,None,247,234,6,phylum,0.94,0.89,0.2,0.04,0.08,0.52,0.46,True,0,0,0,0
8185,8.78,0.0,Neural Network (Specific Model),11,None,223,209,3,family,0.83,0.78,0.01,0.72,4.42,0.6,0.47,True,2,0,1,0
8189,62.37,11.81,Gradient Boost (General Model),11,None,2473,1330,50,kingdom,1.0,0.54,0.0,0.0,0.0,0.47,0.25,True,0,0,0,0
8192,37.2,21.58,Neural Network (Specific Model),11,None,1963,1748,24,kingdom,1.0,0.89,0.02,0.02,0.05,0.54,0.48,True,16,2,2,2
8202,6.14,4.81,Neural Network (Specific Model),11,None,221,209,4,kingdom,1.0,0.95,0.0,0.0,0.0,0.9,0.85,True,1,0,0,0
8209,6.71,2.53,Neural Network (Specific Model),11,None,160,148,5,kingdom,1.0,0.92,0.0,0.0,0.0,0.87,0.8,True,2,0,0,0
8210,81.68,67.31,Gradient Boost (General Model),11,None,5667,5120,108,class,0.8,0.72,0.08,0.17,0.43,0.54,0.39,True,16,5,7,7
8211,3.86,0.01,Neural Network (Specific Model),11,None,288,193,21,kingdom,1.0,0.67,0.0,0.0,0.0,0.4,0.27,True,0,0,0,0
8215,100.0,111.35,Gradient Boost (General Model),11,Low confidence prediction - substantial (40%) disagreement between completeness prediction models,8783,8461,263,class,0.96,0.93,0.1,0.03,0.05,0.92,0.85,True,22,5,5,5
8222,5.88,0.0,Neural Network (Specific Model),11,None,216,200,5,genus,0.64,0.6,0.3,0.49,2.36,0.67,0.4,True,7,0,0,0
8232,5.05,5.53,Neural Network (Specific Model),11,None,255,236,8,kingdom,1.0,0.93,0.0,0.0,0.0,0.57,0.53,True,0,0,0,0
8235,7.26,0.57,Neural Network (Specific Model),11,None,714,479,21,kingdom,1.0,0.67,0.0,0.0,0.0,0.52,0.35,True,0,0,0,0
8243,99.95,45.99,Neural Network (Specific Model),11,None,3575,3319,51,phylum,0.9,0.83,0.09,0.13,0.31,0.56,0.47,True,22,1,1,1
8250,94.07,65.54,Gradient Boost (General Model),11,None,6146,5417,108,order,0.8,0.71,0.14,0.35,1.1,0.58,0.41,True,22,4,4,4
8254,20.7,14.46,Neural Network (Specific Model),11,None,617,502,38,genus,0.64,0.52,0.17,0.6,2.72,0.49,0.25,True,9,0,0,0
8256,64.93,9.64,Gradient Boost (General Model),11,None,1952,1773,47,phylum,0.84,0.76,0.06,0.05,0.1,0.55,0.42,True,18,0,0,0
8257,56.33,6.28,Gradient Boost (General Model),11,None,657,583,20,class,0.92,0.81,0.05,0.57,2.58,0.5,0.41,True,17,1,1,1
8258,78.78,1.01,Neural Network (Specific Model),11,None,1787,1760,40,kingdom,1.0,0.98,0.0,0.0,0.0,0.98,0.97,True,18,1,1,1
8259,96.11,0.61,Gradient Boost (General Model),11,None,2261,2122,27,order,0.89,0.84,0.06,0.28,0.8,0.59,0.5,True,21,4,4,4
8262,26.72,13.4,Neural Network (Specific Model),11,None,873,834,37,family,0.86,0.82,0.07,0.53,2.39,0.6,0.5,True,9,0,0,0
8264,62.44,19.65,Gradient Boost (General Model),11,None,1575,1464,43,genus,0.58,0.54,0.23,0.05,0.1,0.65,0.35,True,21,1,1,1
8266,5.61,0.01,Neural Network (Specific Model),11,None,169,168,4,kingdom,1.0,0.99,0.0,0.0,0.0,0.96,0.96,True,3,0,0,0
8269,14.84,6.34,Neural Network (Specific Model),11,None,1064,949,21,family,0.62,0.55,0.08,0.72,5.87,0.56,0.31,True,0,0,0,0
8270,10.16,0.0,Neural Network (Specific Model),11,None,242,219,8,genus,0.58,0.52,0.22,0.34,1.15,0.61,0.32,True,2,0,0,0
8272,94.11,0.0,Gradient Boost (General Model),11,None,1519,1395,9,class,0.82,0.75,0.01,0.11,0.26,0.55,0.41,True,21,2,2,2
8273,82.87,10.93,Gradient Boost (General Model),11,None,1651,1577,9,order,0.93,0.89,0.05,0.16,0.39,0.66,0.59,True,18,0,0,0
8274,6.09,6.83,Neural Network (Specific Model),11,None,286,251,9,kingdom,0.98,0.86,0.0,0.0,0.0,0.66,0.57,True,2,0,0,0
8276,75.68,6.97,Gradient Boost (General Model),11,None,1676,1568,23,family,0.81,0.76,0.14,0.11,0.25,0.67,0.51,True,18,3,3,3
8278,100.0,99.71,Neural Network (Specific Model),11,None,8808,8255,35,phylum,0.95,0.89,0.79,0.32,0.86,0.6,0.53,False,23,6,3,4
8299,19.08,20.14,Neural Network (Specific Model),11,None,633,600,20,family,0.88,0.83,0.12,0.03,0.05,0.7,0.58,True,3,0,0,0
8306,22.62,6.58,Neural Network (Specific Model),11,None,476,448,14,genus,0.73,0.68,0.35,0.06,0.13,0.62,0.43,True,14,0,0,0
8327,22.55,0.04,Neural Network (Specific Model),11,None,564,544,5,kingdom,1.0,0.96,0.0,0.0,0.0,0.58,0.56,True,10,0,1,1
8344,28.51,4.2,Neural Network (Specific Model),11,None,626,541,15,class,0.87,0.75,0.19,0.56,2.65,0.53,0.39,True,10,0,0,0
8352,6.78,0.0,Neural Network (Specific Model),11,None,192,178,2,kingdom,1.0,0.93,0.11,0.03,0.07,0.55,0.51,True,1,0,0,0
8372,5.86,0.01,Neural Network (Specific Model),11,None,254,196,3,kingdom,1.0,0.77,0.06,0.04,0.08,0.55,0.42,True,1,0,0,0
85,55.47,15.44,Gradient Boost (General Model),11,None,2822,2537,68,genus,0.5,0.45,0.21,0.07,0.14,0.64,0.29,True,14,1,1,1
852,22.78,0.42,Neural Network (Specific Model),11,None,1583,1300,55,class,0.69,0.57,0.11,0.23,0.64,0.53,0.3,True,9,1,1,1
86,34.24,0.05,Neural Network (Specific Model),11,None,1622,1312,37,phylum,0.81,0.65,0.03,0.69,5.23,0.46,0.3,True,10,0,0,0
868,89.25,1.83,Gradient Boost (General Model),11,None,1600,1379,7,order,0.86,0.74,0.04,0.69,4.07,0.52,0.39,True,21,2,2,2
879,21.08,0.04,Neural Network (Specific Model),11,None,492,469,10,class,0.94,0.9,0.21,0.02,0.05,0.72,0.65,True,17,0,0,0
880,7.43,0.08,Neural Network (Specific Model),11,None,220,210,6,genus,0.71,0.68,0.14,0.59,3.57,0.61,0.41,True,5,0,0,0
888,54.83,1.91,Gradient Boost (General Model),11,None,1167,1124,24,order,0.93,0.9,0.09,0.05,0.1,0.65,0.58,True,16,1,1,1
904,5.4,0.09,Neural Network (Specific Model),11,None,295,223,3,kingdom,0.99,0.75,0.0,0.0,0.0,0.52,0.39,True,0,0,0,0
913,96.94,1.17,Gradient Boost (General Model),11,None,1690,1584,4,kingdom,1.0,0.94,0.0,0.04,0.08,0.49,0.46,True,22,1,1,1
944,34.62,1.52,Neural Network (Specific Model),11,None,250,217,7,phylum,0.78,0.68,0.02,0.72,3.89,0.54,0.37,True,11,0,0,1
96,77.01,2.0,Gradient Boost (General Model),11,None,1456,1375,23,phylum,0.92,0.87,0.1,0.11,0.25,0.63,0.55,True,19,2,2,2
97,10.49,1.91,Neural Network (Specific Model),11,None,521,248,9,kingdom,1.0,0.47,0.0,0.0,0.0,0.41,0.19,True,2,0,0,0
982,18.67,0.21,Neural Network (Specific Model),11,None,686,620,19,family,0.76,0.69,0.18,0.32,1.05,0.61,0.42,True,17,1,0,1
