,Completeness,Contamination,Completeness_Model_Used,Translation_Table_Used,Additional_Notes,n_genes_called,n_genes_mapped,n_contigs,taxonomic_level,proportion_genes_retained_in_major_clades,genes_retained_index,clade_separation_score,contamination_portion,n_effective_surplus_clades,mean_hit_identity,reference_representation_score,pass.GUNC,tRNA,16S,5S,23S
bin.0,99.93,0.19,Neural Network (Specific Model),11,None,2376,2228,1,kingdom,1.0,0.94,0.0,0.0,0.0,0.92,0.86,True,22,5,0,5
bin.1,99.99,0.24,Neural Network (Specific Model),11,None,2595,2553,2,genus,0.91,0.9,0.03,0.09,0.19,0.97,0.87,True,22,5,0,5
bin.10,100.0,0.59,Neural Network (Specific Model),11,None,3574,3452,6,genus,0.92,0.89,0.02,0.19,0.47,0.94,0.84,True,23,7,7,7
bin.11,97.3,0.56,Neural Network (Specific Model),11,None,2394,2338,4,kingdom,1.0,0.98,0.0,0.0,0.0,0.93,0.91,True,22,6,6,6
bin.12,100.0,1.31,Gradient Boost (General Model),11,None,2964,2659,5,class,0.94,0.84,0.01,0.05,0.1,0.68,0.57,True,21,4,4,4
bin.13,99.89,1.58,Neural Network (Specific Model),11,None,2114,1984,2,kingdom,1.0,0.94,0.0,0.0,0.0,0.88,0.83,True,24,4,4,4
bin.14,98.59,0.05,Gradient Boost (General Model),11,None,2284,2196,2,family,0.95,0.91,0.02,0.11,0.25,0.94,0.85,True,22,4,0,4
bin.15,99.98,0.08,Neural Network (Specific Model),11,None,4539,4336,3,family,0.95,0.9,0.01,0.08,0.17,0.93,0.84,True,22,7,7,7
bin.16,99.98,0.98,Neural Network (Specific Model),11,None,4124,4022,5,genus,0.92,0.9,0.05,0.03,0.06,0.96,0.87,True,23,5,5,5
bin.17,89.51,0.56,Neural Network (Specific Model),11,None,3379,3276,15,class,0.98,0.95,0.02,0.02,0.04,0.8,0.76,True,22,6,5,6
bin.18,100.0,0.02,Neural Network (Specific Model),11,None,2322,2231,1,kingdom,1.0,0.96,0.0,0.0,0.0,0.95,0.92,True,23,7,7,7
bin.19,97.5,0.93,Gradient Boost (General Model),11,None,2739,2543,3,class,0.95,0.89,0.01,0.02,0.05,0.76,0.67,True,22,7,6,7
bin.2,99.99,0.52,Neural Network (Specific Model),11,None,4882,4612,4,family,0.96,0.9,0.01,0.05,0.1,0.89,0.81,True,23,5,5,5
bin.20,99.96,0.32,Neural Network (Specific Model),11,None,2883,2781,6,genus,0.83,0.8,0.17,0.03,0.06,0.95,0.76,True,23,6,6,6
bin.21,99.94,2.46,Neural Network (Specific Model),11,None,3981,3851,5,genus,0.95,0.92,0.04,0.07,0.16,0.93,0.85,True,23,4,4,4
bin.22,96.76,1.9,Neural Network (Specific Model),11,None,5545,5418,2,kingdom,1.0,0.98,0.0,0.0,0.0,0.93,0.91,True,22,4,4,4
bin.23,97.92,1.75,Gradient Boost (General Model),11,None,3395,3288,10,genus,0.87,0.84,0.09,0.03,0.06,0.97,0.81,True,23,7,4,7
bin.24,98.08,0.0,Gradient Boost (General Model),11,None,2800,2726,3,family,0.95,0.92,0.02,0.25,0.65,0.92,0.85,True,23,6,5,6
bin.25,99.64,0.66,Neural Network (Specific Model),11,None,2730,2588,7,family,0.96,0.91,0.03,0.1,0.22,0.96,0.87,True,22,5,1,5
bin.26,96.28,0.01,Gradient Boost (General Model),11,None,2491,2450,3,family,0.94,0.92,0.02,0.13,0.31,0.94,0.87,True,23,5,5,5
bin.27,99.61,1.09,Neural Network (Specific Model),11,None,3245,3148,4,genus,0.84,0.82,0.08,0.1,0.21,0.96,0.78,True,22,5,0,5
bin.28,99.94,1.63,Neural Network (Specific Model),11,None,2201,2096,5,kingdom,1.0,0.95,0.0,0.0,0.0,0.91,0.87,True,23,4,0,4
bin.29,96.0,5.9,Neural Network (Specific Model),11,None,5306,5115,2,kingdom,1.0,0.96,0.0,0.0,0.0,0.93,0.89,True,22,7,1,7
bin.3,100.0,0.32,Gradient Boost (General Model),11,None,2252,2199,1,kingdom,1.0,0.98,0.0,0.0,0.0,0.94,0.92,True,23,5,5,5
bin.30,94.29,2.33,Neural Network (Specific Model),11,None,3268,3194,8,genus,0.9,0.88,0.19,0.12,0.27,0.96,0.84,True,22,6,0,6
bin.31,82.06,2.77,Neural Network (Specific Model),11,None,4117,3902,17,genus,0.84,0.8,0.21,0.06,0.12,0.95,0.76,True,18,0,0,0
bin.32,80.19,4.64,Neural Network (Specific Model),11,None,4368,4219,1,kingdom,1.0,0.97,0.0,0.0,0.0,0.94,0.91,True,24,7,8,7
bin.33,77.04,1.59,Neural Network (Specific Model),11,None,2813,2740,3,genus,0.86,0.84,0.05,0.06,0.13,0.96,0.81,True,21,4,0,4
bin.34,90.82,10.28,Gradient Boost (General Model),11,None,3751,3645,12,family,0.94,0.91,0.19,0.15,0.36,0.94,0.86,True,23,6,6,6
bin.35,76.83,1.23,Gradient Boost (General Model),11,None,3331,3132,35,genus,0.86,0.81,0.19,0.08,0.18,0.95,0.77,True,21,7,5,7
bin.36,74.91,5.15,Neural Network (Specific Model),11,None,4813,4682,22,family,0.93,0.91,0.08,0.28,0.73,0.89,0.81,True,22,4,4,4
bin.37,76.79,8.58,Neural Network (Specific Model),11,None,5016,4763,57,order,0.96,0.91,0.26,0.04,0.08,0.85,0.77,True,21,1,0,1
bin.38,74.21,2.89,Gradient Boost (General Model),11,None,5005,4698,12,family,0.95,0.89,0.08,0.02,0.05,0.93,0.83,True,23,4,0,4
bin.39,81.68,4.11,Gradient Boost (General Model),11,None,3560,3378,3,genus,0.88,0.84,0.11,0.02,0.05,0.94,0.79,True,22,5,2,5
bin.4,100.0,0.53,Neural Network (Specific Model),11,None,2467,2318,1,kingdom,1.0,0.94,0.0,0.0,0.0,0.92,0.86,True,23,6,6,6
bin.40,84.39,5.39,Gradient Boost (General Model),11,None,4587,4350,9,genus,0.87,0.83,0.07,0.06,0.14,0.94,0.78,True,22,5,5,5
bin.41,66.91,0.97,Neural Network (Specific Model),11,None,1507,1405,20,kingdom,1.0,0.93,0.0,0.0,0.0,0.91,0.85,True,18,3,0,3
bin.42,94.92,0.15,Neural Network (Specific Model),11,None,3946,3853,13,genus,0.96,0.94,0.3,0.04,0.07,0.97,0.91,True,22,3,3,3
bin.43,67.25,4.2,Gradient Boost (General Model),11,None,5356,5077,5,kingdom,1.0,0.95,0.0,0.0,0.0,0.9,0.85,True,23,6,6,6
bin.44,88.57,1.16,Neural Network (Specific Model),11,None,4723,4631,28,genus,0.94,0.92,0.01,0.13,0.3,0.99,0.91,True,23,3,2,3
bin.45,59.7,5.39,Gradient Boost (General Model),11,None,2875,2722,32,class,0.98,0.93,0.11,0.05,0.1,0.93,0.86,True,20,3,3,3
bin.46,51.84,0.09,Gradient Boost (General Model),11,None,2026,1895,40,family,0.92,0.86,0.21,0.08,0.18,0.92,0.79,True,17,1,1,1
bin.47,64.59,5.65,Gradient Boost (General Model),4,None,3578,3233,58,genus,0.83,0.75,0.17,0.08,0.18,0.85,0.64,True,20,6,1,5
bin.48,49.69,5.08,Gradient Boost (General Model),11,None,5191,4911,18,kingdom,1.0,0.95,0.0,0.0,0.0,0.94,0.89,True,23,5,5,5
bin.49,47.76,3.92,Gradient Boost (General Model),11,None,5251,5010,8,family,0.97,0.92,0.02,0.05,0.11,0.94,0.87,True,22,5,2,5
bin.5,95.56,0.94,Neural Network (Specific Model),11,None,3316,3230,3,family,0.94,0.91,0.02,0.03,0.07,0.96,0.88,True,22,5,5,5
bin.50,43.45,5.41,Gradient Boost (General Model),11,None,4739,4438,17,genus,0.91,0.85,0.01,0.51,1.83,0.85,0.72,True,24,5,7,5
bin.51,34.0,4.56,Neural Network (Specific Model),11,None,2472,2310,3,genus,0.84,0.78,0.03,0.06,0.12,0.94,0.73,True,22,4,4,4
bin.52,41.32,1.73,Gradient Boost (General Model),11,None,3995,3759,13,kingdom,1.0,0.94,0.0,0.0,0.0,0.93,0.87,True,17,3,4,4
bin.53,39.93,2.16,Gradient Boost (General Model),11,None,2978,2880,32,kingdom,1.0,0.97,0.0,0.0,0.0,0.96,0.93,True,13,1,1,1
bin.54,42.49,9.7,Gradient Boost (General Model),11,None,3379,3241,1,kingdom,1.0,0.96,0.0,0.0,0.0,0.91,0.87,True,16,3,1,3
bin.55,24.47,0.64,Neural Network (Specific Model),11,None,1661,1560,14,genus,0.82,0.77,0.34,0.53,2.06,0.89,0.69,True,11,1,1,1
bin.56,16.26,0.03,Neural Network (Specific Model),4,None,646,588,10,kingdom,1.0,0.91,0.0,0.0,0.0,0.91,0.82,True,5,0,0,0
bin.57,18.54,0.59,Neural Network (Specific Model),11,None,1034,946,26,family,0.99,0.9,0.35,0.02,0.04,0.91,0.82,True,14,2,0,2
bin.58,35.05,3.14,Neural Network (Specific Model),4,None,3105,2858,26,kingdom,1.0,0.92,0.0,0.0,0.0,0.92,0.85,True,17,1,1,1
bin.59,7.48,0.02,Neural Network (Specific Model),11,None,269,259,1,kingdom,1.0,0.96,0.0,0.0,0.0,0.93,0.9,True,2,0,0,0
bin.6,99.97,1.87,Neural Network (Specific Model),11,None,4494,4310,2,family,0.92,0.88,0.01,0.12,0.26,0.93,0.82,True,22,7,8,7
bin.60,8.64,0.17,Neural Network (Specific Model),11,None,286,272,9,kingdom,1.0,0.95,0.0,0.0,0.0,0.95,0.9,True,0,0,0,0
bin.61,12.4,0.0,Neural Network (Specific Model),11,None,490,460,12,genus,0.91,0.86,0.34,0.03,0.06,0.96,0.82,True,2,1,0,1
bin.62,12.77,0.37,Neural Network (Specific Model),11,None,1094,1020,27,kingdom,1.0,0.93,0.0,0.0,0.0,0.94,0.87,True,11,0,0,1
bin.63,7.46,0.26,Neural Network (Specific Model),11,None,318,304,9,genus,0.92,0.88,0.1,0.04,0.09,0.93,0.82,True,8,0,0,0
bin.64,8.55,0.0,Neural Network (Specific Model),11,None,433,402,12,kingdom,1.0,0.93,0.0,0.0,0.0,0.91,0.84,True,6,0,0,0
bin.65,3.85,0.0,Neural Network (Specific Model),11,None,374,277,8,kingdom,1.0,0.74,0.0,0.0,0.0,0.79,0.59,True,5,0,0,0
bin.66,4.57,0.0,Neural Network (Specific Model),4,None,438,411,1,kingdom,1.0,0.94,0.0,0.0,0.0,0.94,0.88,True,1,0,0,0
bin.67,15.4,0.01,Neural Network (Specific Model),11,None,310,293,4,kingdom,1.0,0.95,0.0,0.0,0.0,0.87,0.83,True,4,0,0,0
bin.68,5.34,0.01,Neural Network (Specific Model),4,None,524,483,3,kingdom,1.0,0.92,0.0,0.0,0.0,0.92,0.85,True,3,0,1,1
bin.69,6.64,0.0,Neural Network (Specific Model),11,None,199,158,3,genus,0.73,0.58,0.09,0.81,8.44,0.72,0.41,True,0,0,0,0
bin.7,100.0,0.92,Neural Network (Specific Model),11,None,5100,5053,1,kingdom,1.0,0.99,0.0,0.0,0.0,0.98,0.97,True,24,8,9,8
bin.70,4.03,0.06,Neural Network (Specific Model),11,None,249,223,1,kingdom,1.0,0.9,0.0,0.0,0.0,0.86,0.77,True,0,0,0,0
bin.8,99.97,2.88,Neural Network (Specific Model),11,None,2931,2828,9,family,0.93,0.9,0.02,0.1,0.23,0.91,0.82,True,22,6,6,6
bin.9,100.0,2.29,Neural Network (Specific Model),11,None,3116,2967,8,family,0.89,0.85,0.06,0.18,0.45,0.77,0.66,True,22,5,5,5
