,Completeness,Contamination,Completeness_Model_Used,Translation_Table_Used,Additional_Notes,n_genes_called,n_genes_mapped,n_contigs,taxonomic_level,proportion_genes_retained_in_major_clades,genes_retained_index,clade_separation_score,contamination_portion,n_effective_surplus_clades,mean_hit_identity,reference_representation_score,pass.GUNC,tRNA,16S,5S,23S
bin.0,97.4,2.0,Neural Network (Specific Model),11,None,1940,1834,10,order,0.95,0.89,0.03,0.09,0.19,0.92,0.82,True,22,2,2,2
bin.1,97.13,0.9,Gradient Boost (General Model),11,None,2171,2035,2,kingdom,1.0,0.94,0.0,0.0,0.0,0.57,0.53,True,23,1,0,1
bin.10,94.86,3.15,Gradient Boost (General Model),11,None,1626,1434,9,class,0.91,0.8,0.02,0.7,3.98,0.51,0.41,True,22,3,2,2
bin.100,18.13,1.69,Neural Network (Specific Model),11,None,1160,1045,52,family,0.83,0.75,0.17,0.5,2.45,0.65,0.49,True,15,0,0,0
bin.101,25.92,4.2,Neural Network (Specific Model),11,None,1398,1312,52,genus,0.75,0.7,0.25,0.12,0.27,0.83,0.58,True,15,0,0,0
bin.102,17.67,1.88,Neural Network (Specific Model),11,None,1316,1163,85,family,0.74,0.66,0.38,0.56,2.05,0.65,0.43,True,10,0,0,0
bin.103,41.5,0.09,Gradient Boost (General Model),11,None,646,469,18,kingdom,1.0,0.73,0.05,0.27,0.66,0.48,0.35,True,18,1,0,1
bin.104,22.11,0.59,Neural Network (Specific Model),11,None,949,898,60,genus,0.86,0.81,0.25,0.05,0.1,0.86,0.7,True,6,0,0,0
bin.105,25.21,0.71,Neural Network (Specific Model),11,None,758,714,35,family,0.92,0.87,0.24,0.23,0.55,0.77,0.67,True,10,0,0,0
bin.106,31.27,4.67,Neural Network (Specific Model),11,None,1526,1331,94,order,0.84,0.73,0.82,0.19,0.46,0.61,0.44,False,12,2,1,1
bin.107,25.86,1.49,Neural Network (Specific Model),11,None,820,678,60,genus,0.55,0.45,0.17,0.75,6.35,0.53,0.24,True,16,0,0,0
bin.108,39.84,2.91,Neural Network (Specific Model),11,None,2795,2076,123,phylum,0.83,0.62,0.1,0.26,0.79,0.52,0.32,True,7,1,2,1
bin.109,16.69,0.08,Neural Network (Specific Model),11,None,549,444,20,genus,0.52,0.42,0.21,0.44,1.94,0.57,0.24,True,5,1,1,1
bin.11,93.73,2.5,Gradient Boost (General Model),11,None,2642,2358,17,order,0.89,0.79,0.06,0.27,0.78,0.6,0.48,True,16,2,2,2
bin.110,18.12,0.45,Neural Network (Specific Model),11,None,1213,1002,70,phylum,0.88,0.73,0.16,0.06,0.13,0.56,0.41,True,10,0,0,0
bin.111,24.9,0.98,Neural Network (Specific Model),11,None,456,379,14,phylum,0.81,0.68,0.03,0.78,6.46,0.53,0.36,True,9,1,0,1
bin.112,22.29,0.59,Neural Network (Specific Model),11,None,970,828,50,kingdom,1.0,0.85,0.2,0.03,0.07,0.54,0.46,True,9,0,0,0
bin.113,62.08,3.46,Gradient Boost (General Model),11,None,1211,1157,84,class,0.98,0.93,0.09,0.02,0.05,0.98,0.91,True,13,1,1,0
bin.114,16.06,0.0,Neural Network (Specific Model),11,None,723,615,28,kingdom,1.0,0.85,0.1,0.03,0.06,0.53,0.45,True,13,0,0,0
bin.115,14.53,0.25,Neural Network (Specific Model),11,None,1100,843,46,genus,0.58,0.45,0.19,0.04,0.08,0.61,0.28,True,7,1,1,1
bin.116,22.2,3.55,Neural Network (Specific Model),11,None,1089,979,32,phylum,0.92,0.83,0.15,0.03,0.05,0.6,0.5,True,7,0,0,0
bin.117,35.89,5.04,Neural Network (Specific Model),11,None,2994,2647,154,family,0.67,0.59,0.13,0.53,2.8,0.59,0.35,True,14,1,1,1
bin.118,8.24,0.0,Neural Network (Specific Model),11,None,224,214,2,class,0.86,0.82,0.03,0.44,1.81,0.66,0.54,True,10,1,1,2
bin.119,9.53,0.41,Neural Network (Specific Model),11,None,321,286,1,kingdom,0.99,0.88,0.0,0.0,0.0,0.61,0.54,True,3,0,0,0
bin.12,96.36,2.68,Gradient Boost (General Model),11,None,2043,1960,15,family,0.91,0.88,0.11,0.05,0.1,0.96,0.84,True,22,2,0,2
bin.120,31.23,3.88,Neural Network (Specific Model),11,None,1629,1416,77,genus,0.72,0.63,0.14,0.17,0.39,0.62,0.39,True,8,0,0,0
bin.121,22.24,3.22,Neural Network (Specific Model),11,None,2142,1402,109,phylum,0.74,0.48,0.15,0.66,4.23,0.53,0.26,True,11,1,0,1
bin.122,20.05,0.21,Neural Network (Specific Model),11,None,907,794,47,class,0.88,0.77,0.27,0.11,0.25,0.61,0.47,True,14,0,0,0
bin.123,13.64,0.71,Neural Network (Specific Model),11,None,887,860,45,kingdom,1.0,0.97,0.0,0.0,0.0,0.96,0.93,True,12,0,0,0
bin.124,11.51,0.13,Neural Network (Specific Model),4,None,1225,871,91,class,0.67,0.47,0.61,0.48,1.83,0.61,0.29,False,9,1,0,0
bin.125,9.08,0.1,Neural Network (Specific Model),11,None,417,277,22,phylum,0.75,0.5,0.11,0.37,1.3,0.5,0.25,True,6,0,0,0
bin.126,10.66,0.09,Neural Network (Specific Model),11,None,417,360,2,genus,0.57,0.49,0.15,0.74,4.38,0.63,0.31,True,10,0,0,0
bin.127,14.03,0.38,Neural Network (Specific Model),11,None,339,298,22,order,0.92,0.81,0.19,0.02,0.04,0.65,0.52,True,4,0,0,0
bin.128,10.67,0.03,Neural Network (Specific Model),11,None,717,587,48,phylum,0.92,0.76,0.53,0.11,0.25,0.63,0.48,False,7,0,0,0
bin.129,9.72,0.22,Neural Network (Specific Model),11,None,312,275,1,kingdom,1.0,0.88,0.0,0.04,0.08,0.53,0.47,True,5,0,0,0
bin.13,97.72,0.15,Gradient Boost (General Model),11,None,3277,2975,11,phylum,0.94,0.85,0.15,0.04,0.07,0.63,0.54,True,22,2,2,2
bin.130,9.86,0.01,Neural Network (Specific Model),11,None,365,309,20,order,0.9,0.76,0.32,0.05,0.12,0.62,0.47,True,1,0,0,0
bin.131,10.77,0.0,Neural Network (Specific Model),11,None,735,476,51,phylum,0.83,0.54,0.12,0.48,2.07,0.51,0.28,True,3,1,0,0
bin.132,11.74,0.0,Neural Network (Specific Model),11,None,432,399,17,genus,0.73,0.67,0.09,0.09,0.19,0.68,0.46,True,1,0,0,0
bin.133,11.26,0.4,Neural Network (Specific Model),11,None,629,522,14,class,0.7,0.58,0.08,0.21,0.56,0.56,0.33,True,6,0,0,0
bin.134,8.85,0.0,Neural Network (Specific Model),11,None,189,179,10,genus,0.8,0.76,0.51,0.35,1.26,0.63,0.48,False,9,0,0,0
bin.135,8.28,0.11,Neural Network (Specific Model),11,None,271,183,1,kingdom,1.0,0.68,0.0,0.0,0.0,0.54,0.37,True,1,0,0,0
bin.136,12.68,0.05,Neural Network (Specific Model),11,None,568,411,55,class,0.6,0.43,0.07,0.78,8.07,0.52,0.23,True,6,0,0,0
bin.137,12.02,0.06,Neural Network (Specific Model),11,None,778,608,28,class,0.81,0.63,0.17,0.4,1.36,0.57,0.36,True,2,0,0,0
bin.138,6.25,0.01,Neural Network (Specific Model),11,None,330,286,23,genus,0.63,0.55,0.17,0.29,0.89,0.63,0.35,True,3,0,0,0
bin.139,7.88,0.0,Neural Network (Specific Model),11,None,184,162,2,genus,0.52,0.46,0.02,0.31,0.9,0.58,0.26,True,3,0,0,0
bin.14,100.0,13.24,Gradient Boost (General Model),11,None,2051,1918,5,class,0.93,0.87,0.01,0.17,0.42,0.62,0.54,True,22,2,2,2
bin.140,6.86,0.0,Neural Network (Specific Model),11,None,546,408,37,phylum,0.79,0.59,0.09,0.25,0.72,0.54,0.32,True,1,0,0,0
bin.141,9.4,0.1,Neural Network (Specific Model),11,None,469,390,31,order,0.85,0.71,0.11,0.32,0.91,0.57,0.4,True,8,0,0,0
bin.142,6.29,0.0,Neural Network (Specific Model),11,None,210,193,5,genus,0.48,0.44,0.48,0.31,1.01,0.71,0.32,False,2,0,0,0
bin.143,5.27,0.0,Neural Network (Specific Model),11,None,393,302,23,family,0.62,0.48,0.19,0.72,5.85,0.59,0.28,True,2,0,0,0
bin.144,5.86,0.04,Neural Network (Specific Model),11,None,277,256,14,family,0.86,0.8,0.58,0.09,0.2,0.84,0.67,False,1,0,0,0
bin.145,8.05,0.0,Neural Network (Specific Model),11,None,437,336,18,order,0.58,0.45,0.11,0.79,7.85,0.54,0.24,True,8,0,0,0
bin.146,10.2,0.02,Neural Network (Specific Model),4,None,1183,1001,103,kingdom,1.0,0.85,0.21,0.05,0.11,0.86,0.73,True,8,0,0,0
bin.147,46.45,12.12,Gradient Boost (General Model),11,None,4489,3886,201,genus,0.64,0.56,0.3,0.15,0.36,0.7,0.39,True,18,0,0,0
bin.148,14.38,1.24,Neural Network (Specific Model),11,None,1163,988,85,genus,0.53,0.45,0.39,0.31,1.0,0.68,0.31,True,10,0,0,0
bin.149,18.8,1.4,Neural Network (Specific Model),11,None,627,572,29,genus,0.74,0.67,0.24,0.32,0.99,0.73,0.49,True,11,0,0,0
bin.15,93.9,0.96,Gradient Boost (General Model),11,None,2174,2059,1,kingdom,1.0,0.94,0.0,0.0,0.0,0.65,0.62,True,22,1,1,1
bin.150,9.87,0.31,Neural Network (Specific Model),11,None,486,416,12,order,0.72,0.62,0.18,0.34,1.04,0.58,0.36,True,0,0,0,0
bin.151,83.4,26.52,Gradient Boost (General Model),11,None,10725,8341,703,kingdom,1.0,0.78,0.75,0.1,0.23,0.61,0.47,False,23,3,2,3
bin.152,84.11,33.35,Gradient Boost (General Model),11,None,14774,11354,1038,kingdom,1.0,0.77,0.67,0.09,0.19,0.61,0.47,False,24,10,7,9
bin.153,100.0,63.1,Gradient Boost (General Model),11,None,26250,20356,1901,class,0.68,0.52,0.63,0.45,1.9,0.66,0.35,False,25,18,15,16
bin.154,100.0,81.84,Gradient Boost (General Model),11,None,35509,27276,2464,phylum,0.85,0.65,0.61,0.37,1.27,0.63,0.41,False,24,25,20,20
bin.155,100.0,82.76,Gradient Boost (General Model),11,None,28396,21252,1999,phylum,0.84,0.63,0.58,0.36,1.23,0.61,0.38,False,23,11,8,11
bin.16,96.95,1.76,Neural Network (Specific Model),11,None,2267,2107,4,phylum,0.9,0.83,0.02,0.11,0.24,0.57,0.48,True,23,1,1,1
bin.17,97.01,6.13,Gradient Boost (General Model),11,None,3618,3373,10,phylum,0.95,0.88,0.14,0.08,0.18,0.64,0.56,True,22,1,2,1
bin.18,98.88,3.17,Gradient Boost (General Model),11,None,2789,2663,3,family,0.76,0.73,0.02,0.49,1.39,0.66,0.48,True,23,1,1,1
bin.19,95.48,8.49,Gradient Boost (General Model),11,None,1964,1828,13,genus,0.6,0.56,0.06,0.07,0.15,0.65,0.36,True,23,2,2,2
bin.2,97.78,1.56,Gradient Boost (General Model),11,None,2704,2492,2,kingdom,0.99,0.92,0.0,0.0,0.0,0.58,0.53,True,23,2,2,2
bin.20,94.22,2.31,Gradient Boost (General Model),11,None,2614,2458,24,class,0.9,0.85,0.05,0.05,0.11,0.62,0.52,True,23,4,4,4
bin.21,90.54,2.63,Gradient Boost (General Model),11,None,2228,2093,24,phylum,0.96,0.9,0.24,0.04,0.09,0.64,0.57,True,21,2,2,2
bin.22,97.99,2.91,Gradient Boost (General Model),11,None,2893,2703,6,phylum,0.88,0.82,0.04,0.1,0.22,0.59,0.48,True,23,1,1,1
bin.23,91.67,1.47,Gradient Boost (General Model),11,None,3744,3221,6,phylum,0.85,0.73,0.01,0.29,0.88,0.58,0.42,True,23,1,0,1
bin.24,99.24,4.12,Gradient Boost (General Model),11,None,3706,3556,8,phylum,0.93,0.89,0.1,0.03,0.07,0.75,0.67,True,24,1,1,1
bin.25,90.87,1.23,Neural Network (Specific Model),11,None,2040,1974,10,order,0.95,0.92,0.38,0.02,0.04,0.96,0.88,True,22,3,0,3
bin.26,84.88,4.35,Gradient Boost (General Model),11,None,2079,1954,17,family,0.81,0.76,0.04,0.4,1.51,0.67,0.51,True,21,3,3,3
bin.27,91.39,2.89,Gradient Boost (General Model),11,None,2686,2348,14,order,0.78,0.68,0.09,0.34,1.05,0.58,0.4,True,23,3,3,3
bin.28,97.15,10.68,Gradient Boost (General Model),11,None,1413,1182,30,genus,0.61,0.51,0.09,0.59,2.83,0.52,0.26,True,18,1,1,1
bin.29,89.76,4.05,Neural Network (Specific Model),11,None,2596,2514,39,family,0.92,0.89,0.21,0.03,0.07,0.99,0.87,True,21,2,2,2
bin.3,99.72,0.02,Gradient Boost (General Model),11,None,1239,1115,5,phylum,0.96,0.86,0.02,0.19,0.45,0.55,0.47,True,22,2,0,2
bin.30,90.21,3.75,Gradient Boost (General Model),11,None,2301,2114,40,phylum,0.96,0.88,0.16,0.18,0.45,0.64,0.57,True,23,3,4,3
bin.31,92.35,4.4,Gradient Boost (General Model),11,None,2313,1973,10,order,0.82,0.7,0.09,0.33,1.0,0.59,0.41,True,23,3,3,3
bin.32,92.81,9.32,Gradient Boost (General Model),11,None,2933,2646,22,genus,0.65,0.58,0.18,0.03,0.07,0.68,0.4,True,21,2,1,2
bin.33,77.88,0.04,Gradient Boost (General Model),11,None,1142,1012,23,genus,0.6,0.53,0.05,0.81,6.73,0.51,0.27,True,19,1,1,1
bin.34,96.88,0.12,Gradient Boost (General Model),11,None,1162,1120,1,kingdom,1.0,0.96,0.0,0.0,0.0,0.59,0.57,True,21,1,1,1
bin.35,82.02,5.61,Gradient Boost (General Model),11,None,2377,2119,17,phylum,0.84,0.75,0.04,0.07,0.16,0.56,0.42,True,21,2,4,4
bin.36,80.64,5.57,Gradient Boost (General Model),11,None,1633,1446,32,class,0.91,0.81,0.1,0.67,4.01,0.55,0.44,True,20,2,2,2
bin.37,83.77,5.77,Gradient Boost (General Model),11,None,1789,1632,21,phylum,0.93,0.85,0.1,0.23,0.62,0.56,0.48,True,21,1,1,1
bin.38,80.06,1.56,Gradient Boost (General Model),11,None,2113,1910,51,phylum,0.9,0.82,0.47,0.04,0.08,0.56,0.46,False,21,5,3,3
bin.39,81.19,6.28,Gradient Boost (General Model),11,None,2677,2317,67,phylum,0.89,0.77,0.2,0.48,1.68,0.53,0.41,True,21,3,3,3
bin.4,99.29,0.42,Neural Network (Specific Model),11,None,1751,1674,2,class,0.93,0.89,0.01,0.05,0.11,0.69,0.61,True,23,2,2,2
bin.40,89.54,5.06,Gradient Boost (General Model),11,None,2498,2207,23,class,0.79,0.69,0.06,0.12,0.28,0.57,0.4,True,17,2,2,2
bin.41,70.35,5.8,Gradient Boost (General Model),11,None,2074,1908,39,class,0.92,0.85,0.06,0.28,0.74,0.6,0.51,True,18,2,1,2
bin.42,84.26,9.33,Gradient Boost (General Model),11,None,4280,3619,95,phylum,0.86,0.72,0.09,0.23,0.64,0.57,0.41,True,20,3,1,1
bin.43,75.05,5.18,Gradient Boost (General Model),11,None,2151,1821,82,phylum,0.94,0.79,0.14,0.04,0.07,0.59,0.46,True,17,0,0,1
bin.44,93.84,0.21,Gradient Boost (General Model),11,None,661,578,1,kingdom,0.98,0.86,0.0,0.0,0.0,0.52,0.45,True,20,1,0,2
bin.45,74.05,5.84,Gradient Boost (General Model),11,None,2502,2298,36,phylum,0.9,0.82,0.13,0.02,0.05,0.64,0.53,True,19,2,3,3
bin.46,69.08,4.67,Gradient Boost (General Model),11,None,2016,1783,35,phylum,0.9,0.8,0.24,0.05,0.11,0.56,0.45,True,16,1,2,2
bin.47,74.41,9.3,Gradient Boost (General Model),11,None,1666,1586,24,family,0.8,0.76,0.16,0.31,0.79,0.74,0.56,True,16,2,1,2
bin.48,94.24,1.29,Gradient Boost (General Model),11,None,677,610,3,phylum,0.87,0.78,0.12,0.04,0.07,0.63,0.5,True,21,1,1,1
bin.49,71.2,4.37,Gradient Boost (General Model),11,None,2813,2674,83,class,0.96,0.91,0.5,0.03,0.06,0.96,0.87,False,20,0,0,0
bin.5,99.96,0.13,Gradient Boost (General Model),11,None,2131,2048,5,genus,0.63,0.6,0.03,0.09,0.2,0.65,0.39,True,22,3,3,3
bin.50,68.44,5.34,Gradient Boost (General Model),11,None,1868,1744,21,family,0.8,0.74,0.11,0.1,0.24,0.66,0.49,True,21,1,1,1
bin.51,56.55,4.1,Gradient Boost (General Model),11,None,3636,2839,181,kingdom,1.0,0.78,0.22,0.02,0.04,0.53,0.41,True,20,0,0,0
bin.52,65.29,7.36,Gradient Boost (General Model),11,None,3335,3032,144,phylum,0.95,0.86,0.63,0.1,0.22,0.71,0.61,False,14,0,2,1
bin.53,44.88,6.06,Gradient Boost (General Model),11,None,1966,1760,45,phylum,0.92,0.82,0.21,0.05,0.11,0.67,0.55,True,22,1,0,0
bin.54,53.23,0.57,Gradient Boost (General Model),11,None,1575,1404,97,phylum,0.95,0.85,0.19,0.22,0.58,0.64,0.54,True,18,1,1,2
bin.55,52.44,0.52,Neural Network (Specific Model),11,None,1520,1453,35,phylum,0.97,0.92,0.13,0.05,0.1,0.78,0.72,True,23,2,2,2
bin.56,60.39,2.33,Gradient Boost (General Model),11,None,1807,1565,22,order,0.88,0.76,0.06,0.2,0.52,0.6,0.46,True,21,2,2,2
bin.57,60.26,0.58,Gradient Boost (General Model),11,None,2026,1839,93,order,0.75,0.68,0.26,0.09,0.2,0.61,0.42,True,15,2,1,1
bin.58,49.96,6.12,Gradient Boost (General Model),11,None,1857,1684,57,family,0.65,0.59,0.27,0.12,0.27,0.63,0.37,True,21,2,1,2
bin.59,56.97,4.22,Gradient Boost (General Model),11,None,1824,1573,96,order,0.55,0.47,0.13,0.67,4.77,0.53,0.25,True,12,1,1,1
bin.6,94.53,2.78,Gradient Boost (General Model),11,None,1589,1397,3,order,0.86,0.76,0.05,0.14,0.34,0.53,0.4,True,22,2,2,2
bin.60,48.29,0.48,Gradient Boost (General Model),11,None,1194,1030,41,phylum,0.75,0.65,0.04,0.75,6.0,0.51,0.33,True,18,1,0,1
bin.61,42.94,4.89,Gradient Boost (General Model),11,None,5248,3917,297,order,0.58,0.44,0.39,0.43,1.74,0.6,0.26,True,15,1,1,1
bin.62,61.83,5.2,Gradient Boost (General Model),11,None,696,562,17,phylum,0.61,0.49,0.01,0.66,5.08,0.53,0.26,True,20,1,0,1
bin.63,66.63,5.18,Neural Network (Specific Model),11,None,3691,3393,140,phylum,0.96,0.88,0.25,0.05,0.12,0.7,0.61,True,22,1,1,1
bin.64,54.09,0.53,Neural Network (Specific Model),11,None,726,587,26,family,0.74,0.6,0.21,0.03,0.06,0.58,0.35,True,16,1,0,1
bin.65,74.73,6.27,Gradient Boost (General Model),11,None,2549,2305,48,class,0.85,0.77,0.14,0.03,0.05,0.69,0.53,True,17,0,0,0
bin.66,60.18,3.55,Gradient Boost (General Model),11,None,1547,1403,43,phylum,0.89,0.81,0.02,0.03,0.06,0.54,0.44,True,15,1,1,0
bin.67,62.59,3.8,Gradient Boost (General Model),11,None,2227,1902,73,genus,0.48,0.41,0.09,0.71,3.72,0.56,0.23,True,12,0,0,0
bin.68,47.92,6.09,Gradient Boost (General Model),11,None,2431,1941,76,order,0.74,0.59,0.1,0.06,0.13,0.58,0.34,True,18,1,2,2
bin.69,49.59,0.43,Neural Network (Specific Model),11,None,1440,1304,36,phylum,0.93,0.84,0.07,0.04,0.08,0.57,0.48,True,15,3,4,3
bin.7,90.68,0.06,Gradient Boost (General Model),11,None,2164,1789,13,family,0.56,0.47,0.05,0.05,0.1,0.55,0.26,True,22,1,0,1
bin.70,35.09,0.01,Neural Network (Specific Model),11,None,1093,952,41,phylum,0.93,0.81,0.08,0.02,0.05,0.59,0.47,True,11,0,0,0
bin.71,55.52,1.62,Gradient Boost (General Model),11,None,1390,1173,95,phylum,0.91,0.77,0.08,0.11,0.25,0.56,0.43,True,14,1,0,2
bin.72,43.49,1.06,Gradient Boost (General Model),11,None,4192,2830,147,phylum,0.8,0.54,0.05,0.73,6.11,0.49,0.26,True,16,1,2,3
bin.73,55.38,9.71,Gradient Boost (General Model),11,None,3597,3171,199,genus,0.7,0.62,0.99,0.33,0.79,0.71,0.44,False,21,2,4,3
bin.74,42.74,6.62,Gradient Boost (General Model),11,None,2000,1788,67,family,0.75,0.67,0.33,0.14,0.35,0.66,0.44,True,8,0,0,0
bin.75,39.05,0.29,Gradient Boost (General Model),11,None,1313,1175,48,class,0.86,0.77,0.11,0.33,0.93,0.58,0.45,True,19,2,1,1
bin.76,26.35,1.22,Neural Network (Specific Model),11,None,1278,1081,66,phylum,0.89,0.75,0.08,0.04,0.09,0.58,0.43,True,12,1,1,1
bin.77,44.37,3.22,Gradient Boost (General Model),11,None,1588,1451,63,genus,0.67,0.62,0.16,0.29,0.88,0.63,0.39,True,19,0,0,0
bin.78,23.48,0.04,Neural Network (Specific Model),11,None,600,511,20,phylum,0.94,0.8,0.17,0.13,0.29,0.54,0.43,True,5,0,0,0
bin.79,26.14,0.25,Neural Network (Specific Model),11,None,1128,879,42,phylum,0.82,0.64,0.2,0.1,0.24,0.58,0.37,True,11,0,0,0
bin.8,85.19,0.48,Neural Network (Specific Model),11,None,1839,1732,5,family,0.85,0.8,0.01,0.51,2.25,0.63,0.5,True,22,2,2,2
bin.80,34.77,4.5,Neural Network (Specific Model),11,None,1680,1433,73,phylum,0.93,0.79,0.24,0.1,0.22,0.6,0.47,True,14,1,0,0
bin.81,38.6,6.1,Neural Network (Specific Model),11,None,1987,1709,53,phylum,0.84,0.72,0.18,0.08,0.19,0.58,0.42,True,12,0,0,0
bin.82,39.94,0.5,Gradient Boost (General Model),11,None,823,721,65,phylum,0.94,0.83,0.13,0.19,0.47,0.53,0.44,True,18,0,0,0
bin.83,22.78,2.27,Neural Network (Specific Model),11,None,1500,1325,70,phylum,0.93,0.82,0.13,0.03,0.05,0.61,0.51,True,15,0,0,0
bin.84,93.04,3.14,Neural Network (Specific Model),11,None,2298,2192,20,kingdom,1.0,0.95,0.18,0.04,0.08,0.81,0.78,True,20,1,1,1
bin.85,33.07,1.51,Neural Network (Specific Model),11,None,1774,1499,80,phylum,0.9,0.76,0.15,0.2,0.51,0.6,0.46,True,17,1,0,0
bin.86,44.85,0.29,Gradient Boost (General Model),11,None,1051,897,56,genus,0.53,0.45,0.12,0.78,5.89,0.53,0.24,True,4,0,0,0
bin.87,34.42,9.14,Neural Network (Specific Model),11,None,2789,2298,109,genus,0.54,0.44,0.21,0.06,0.13,0.65,0.29,True,7,0,0,0
bin.88,36.95,3.34,Neural Network (Specific Model),11,None,1701,1376,79,order,0.81,0.66,0.18,0.03,0.06,0.6,0.39,True,17,0,0,0
bin.89,38.18,5.05,Neural Network (Specific Model),11,None,950,811,81,genus,0.65,0.56,0.27,0.67,3.2,0.55,0.3,True,3,0,0,0
bin.9,96.47,5.2,Gradient Boost (General Model),11,None,2359,2212,11,class,0.88,0.83,0.02,0.13,0.31,0.57,0.47,True,22,2,2,2
bin.90,21.76,3.91,Neural Network (Specific Model),11,None,700,610,73,phylum,0.95,0.83,0.29,0.18,0.46,0.55,0.46,True,6,0,0,0
bin.91,38.59,1.18,Neural Network (Specific Model),11,None,1558,1392,88,phylum,0.96,0.86,0.2,0.03,0.06,0.59,0.51,True,12,1,0,0
bin.92,95.9,0.92,Neural Network (Specific Model),11,None,2396,2245,1,kingdom,1.0,0.94,0.0,0.06,0.12,0.78,0.73,True,19,2,2,2
bin.93,34.82,3.78,Neural Network (Specific Model),11,None,720,579,39,genus,0.6,0.49,0.17,0.68,4.03,0.52,0.25,True,11,0,0,0
bin.94,41.32,3.94,Gradient Boost (General Model),11,None,2808,2625,68,genus,0.67,0.62,0.15,0.19,0.49,0.7,0.43,True,16,2,3,2
bin.95,32.14,0.97,Neural Network (Specific Model),11,None,1837,1567,75,phylum,0.85,0.73,0.15,0.14,0.32,0.56,0.41,True,8,1,1,1
bin.96,34.32,5.35,Neural Network (Specific Model),11,None,1851,1561,80,family,0.56,0.47,0.14,0.66,4.06,0.59,0.28,True,13,0,0,0
bin.97,33.05,3.41,Neural Network (Specific Model),11,None,1835,1710,63,order,0.92,0.86,0.18,0.2,0.49,0.75,0.64,True,18,0,0,0
bin.98,41.75,2.67,Neural Network (Specific Model),11,None,2088,1710,114,phylum,0.94,0.77,0.21,0.08,0.17,0.58,0.45,True,16,2,1,2
bin.99,79.54,0.52,Gradient Boost (General Model),11,None,1748,1647,11,class,0.9,0.85,0.11,0.03,0.05,0.9,0.77,True,18,1,1,1
