,Completeness,Contamination,Completeness_Model_Used,Translation_Table_Used,Additional_Notes,n_genes_called,n_genes_mapped,n_contigs,taxonomic_level,proportion_genes_retained_in_major_clades,genes_retained_index,clade_separation_score,contamination_portion,n_effective_surplus_clades,mean_hit_identity,reference_representation_score,pass.GUNC,tRNA,16S,5S,23S
bin.0,98.29,4.34,Neural Network (Specific Model),11,None,2320,2185,44,genus,0.83,0.78,0.19,0.1,0.23,0.93,0.73,True,22,2,2,2
bin.1,97.13,0.9,Gradient Boost (General Model),11,None,2171,2035,2,kingdom,1.0,0.94,0.0,0.0,0.0,0.57,0.53,True,23,1,0,1
bin.10,94.86,3.15,Gradient Boost (General Model),11,None,1626,1434,9,class,0.91,0.8,0.02,0.7,3.98,0.51,0.41,True,22,3,2,2
bin.100,25.55,5.27,Neural Network (Specific Model),11,None,795,673,84,genus,0.63,0.54,0.33,0.73,4.68,0.56,0.3,True,5,0,0,0
bin.101,38.16,3.06,Neural Network (Specific Model),11,None,1799,1494,86,phylum,0.94,0.78,0.13,0.04,0.07,0.56,0.44,True,16,2,1,2
bin.102,17.8,0.27,Neural Network (Specific Model),11,None,385,306,28,genus,0.64,0.51,0.11,0.44,1.59,0.53,0.27,True,9,1,0,1
bin.103,49.76,4.08,Gradient Boost (General Model),11,None,1215,1028,101,genus,0.65,0.55,0.2,0.75,5.18,0.53,0.29,True,17,0,0,0
bin.104,77.91,0.53,Gradient Boost (General Model),11,None,1724,1623,10,class,0.9,0.85,0.11,0.03,0.05,0.9,0.76,True,18,1,1,1
bin.105,68.6,0.39,Gradient Boost (General Model),11,None,1002,749,32,family,0.57,0.43,0.24,0.45,1.5,0.52,0.22,True,20,1,0,1
bin.106,37.72,1.47,Neural Network (Specific Model),11,None,1945,1764,119,class,0.93,0.84,0.31,0.06,0.13,0.73,0.62,True,17,2,2,2
bin.107,21.16,0.86,Neural Network (Specific Model),11,None,1493,1246,100,phylum,0.88,0.74,0.16,0.05,0.11,0.57,0.42,True,11,0,0,0
bin.108,37.98,4.85,Neural Network (Specific Model),11,None,2274,2137,85,order,0.94,0.88,0.21,0.19,0.46,0.77,0.68,True,19,0,0,0
bin.109,21.37,2.46,Neural Network (Specific Model),11,None,1253,1121,57,family,0.84,0.75,0.2,0.51,2.54,0.65,0.49,True,3,0,0,0
bin.11,96.36,2.68,Gradient Boost (General Model),11,None,2043,1960,15,family,0.91,0.88,0.11,0.05,0.1,0.96,0.84,True,22,2,0,2
bin.110,33.84,5.26,Neural Network (Specific Model),11,None,2932,2559,174,phylum,0.9,0.79,0.15,0.08,0.17,0.58,0.46,True,13,1,1,1
bin.111,36.51,3.08,Neural Network (Specific Model),11,None,1944,1697,101,phylum,0.95,0.83,0.28,0.03,0.07,0.62,0.52,True,11,0,0,0
bin.112,35.51,3.5,Neural Network (Specific Model),11,None,1865,1759,41,genus,0.72,0.68,0.13,0.19,0.48,0.69,0.47,True,12,2,2,2
bin.113,28.09,1.02,Neural Network (Specific Model),11,None,825,776,41,order,0.95,0.89,0.31,0.02,0.04,0.76,0.68,True,12,0,0,0
bin.114,22.47,0.97,Neural Network (Specific Model),11,None,724,593,19,genus,0.52,0.43,0.13,0.37,1.42,0.58,0.25,True,13,1,1,1
bin.115,63.28,4.95,Neural Network (Specific Model),11,None,1668,1568,125,order,0.94,0.89,0.3,0.03,0.07,0.97,0.86,True,16,1,2,0
bin.116,14.7,0.47,Neural Network (Specific Model),4,None,1393,1015,107,class,0.66,0.48,0.7,0.48,1.66,0.63,0.3,False,9,1,0,0
bin.117,33.6,3.36,Neural Network (Specific Model),11,None,2471,1830,99,phylum,0.82,0.61,0.1,0.25,0.72,0.52,0.32,True,12,1,2,1
bin.118,16.05,0.11,Neural Network (Specific Model),11,None,596,531,26,phylum,0.94,0.84,0.11,0.03,0.07,0.61,0.51,True,13,0,0,0
bin.119,25.01,1.32,Neural Network (Specific Model),11,None,1817,1548,134,genus,0.63,0.54,0.24,0.33,1.06,0.64,0.34,True,9,1,2,1
bin.12,97.72,0.15,Gradient Boost (General Model),11,None,3277,2975,11,phylum,0.94,0.85,0.15,0.04,0.07,0.63,0.54,True,22,2,2,2
bin.120,16.67,1.26,Neural Network (Specific Model),11,None,1133,873,47,genus,0.6,0.46,0.18,0.04,0.08,0.62,0.28,True,11,1,1,1
bin.121,26.08,6.78,Neural Network (Specific Model),11,None,2310,2004,79,genus,0.64,0.56,0.26,0.09,0.21,0.72,0.4,True,11,0,0,0
bin.122,24.67,3.53,Neural Network (Specific Model),11,None,1950,1693,105,phylum,0.87,0.76,0.32,0.06,0.13,0.67,0.51,True,16,0,0,0
bin.123,6.85,0.02,Neural Network (Specific Model),11,None,682,585,56,genus,0.62,0.53,0.57,0.15,0.37,0.74,0.39,False,13,0,0,0
bin.124,24.32,1.17,Neural Network (Specific Model),11,None,1088,917,60,kingdom,1.0,0.84,0.18,0.03,0.07,0.54,0.45,True,10,0,0,0
bin.125,8.4,0.39,Neural Network (Specific Model),11,None,394,305,30,family,0.83,0.64,0.24,0.48,1.4,0.62,0.4,True,3,0,0,0
bin.126,9.58,0.0,Neural Network (Specific Model),11,None,264,242,2,class,0.86,0.78,0.12,0.42,1.65,0.68,0.53,True,9,1,1,2
bin.127,11.24,0.13,Neural Network (Specific Model),11,None,493,439,28,class,0.88,0.78,0.21,0.02,0.05,0.66,0.52,True,9,0,0,0
bin.128,12.97,0.86,Neural Network (Specific Model),11,None,373,349,17,genus,0.86,0.8,0.25,0.1,0.22,0.76,0.61,True,5,0,0,0
bin.129,23.75,3.49,Neural Network (Specific Model),11,None,1092,994,86,order,0.81,0.74,0.48,0.12,0.27,0.69,0.51,False,10,0,1,1
bin.13,100.0,13.24,Gradient Boost (General Model),11,None,2051,1918,5,class,0.93,0.87,0.01,0.17,0.42,0.62,0.54,True,22,2,2,2
bin.130,24.37,2.43,Neural Network (Specific Model),11,None,1310,1145,72,genus,0.67,0.59,0.06,0.65,2.67,0.6,0.35,True,11,1,1,1
bin.131,11.49,0.35,Neural Network (Specific Model),11,None,1109,837,79,class,0.72,0.55,0.37,0.18,0.47,0.61,0.34,True,11,0,0,0
bin.132,25.01,2.42,Neural Network (Specific Model),11,None,2235,1346,126,class,0.68,0.41,0.14,0.71,5.53,0.53,0.21,True,7,0,0,0
bin.133,9.53,0.41,Neural Network (Specific Model),11,None,321,286,1,kingdom,0.99,0.88,0.0,0.0,0.0,0.61,0.54,True,3,0,0,0
bin.134,17.93,1.49,Neural Network (Specific Model),4,None,1720,1070,114,phylum,0.78,0.49,0.16,0.59,2.52,0.52,0.25,True,5,1,0,0
bin.135,10.67,0.06,Neural Network (Specific Model),11,None,554,525,29,genus,0.81,0.76,0.46,0.04,0.08,0.79,0.6,False,6,0,0,0
bin.136,11.9,0.04,Neural Network (Specific Model),11,None,772,629,53,order,0.94,0.76,0.15,0.04,0.09,0.64,0.49,True,9,0,0,0
bin.137,16.41,0.06,Neural Network (Specific Model),11,None,988,878,69,genus,0.54,0.48,0.47,0.59,3.4,0.67,0.32,False,4,0,0,0
bin.138,14.18,0.77,Neural Network (Specific Model),11,None,949,918,50,kingdom,1.0,0.97,0.0,0.0,0.0,0.96,0.92,True,11,0,0,0
bin.139,23.38,1.05,Neural Network (Specific Model),11,None,1495,1281,69,kingdom,1.0,0.86,0.84,0.03,0.06,0.61,0.53,False,13,0,1,1
bin.14,93.08,0.53,Gradient Boost (General Model),11,None,2164,2033,13,order,0.91,0.86,0.04,0.3,0.89,0.6,0.52,True,16,2,2,2
bin.140,6.75,0.0,Neural Network (Specific Model),11,None,340,302,17,genus,0.5,0.45,0.24,0.78,6.96,0.64,0.29,True,1,0,0,0
bin.141,17.62,0.0,Neural Network (Specific Model),11,None,660,611,35,genus,0.7,0.64,0.21,0.14,0.35,0.68,0.44,True,6,0,0,0
bin.142,12.09,0.54,Neural Network (Specific Model),11,None,926,807,67,class,0.85,0.74,0.24,0.08,0.17,0.63,0.47,True,7,0,0,0
bin.143,15.92,0.26,Neural Network (Specific Model),11,None,1304,932,83,kingdom,1.0,0.71,0.23,0.04,0.09,0.53,0.38,True,6,0,0,0
bin.144,17.94,4.35,Neural Network (Specific Model),11,None,1611,1093,71,kingdom,1.0,0.68,0.08,0.04,0.09,0.52,0.35,True,9,0,0,0
bin.145,8.89,0.12,Neural Network (Specific Model),11,None,360,310,1,kingdom,1.0,0.86,0.0,0.0,0.0,0.56,0.48,True,10,0,0,0
bin.146,7.86,0.01,Neural Network (Specific Model),11,None,337,266,20,genus,0.76,0.6,0.11,0.47,1.71,0.61,0.37,True,1,0,0,0
bin.147,8.34,0.01,Neural Network (Specific Model),11,None,386,318,4,class,0.75,0.62,0.02,0.28,0.84,0.58,0.36,True,2,0,0,0
bin.148,8.28,0.0,Neural Network (Specific Model),11,None,185,175,11,genus,0.78,0.74,0.53,0.3,0.95,0.63,0.47,False,9,0,0,0
bin.149,5.68,0.0,Neural Network (Specific Model),11,None,408,246,30,class,0.78,0.47,0.18,0.7,5.85,0.55,0.26,True,2,0,0,0
bin.15,93.9,0.96,Gradient Boost (General Model),11,None,2174,2059,1,kingdom,1.0,0.94,0.0,0.0,0.0,0.65,0.62,True,22,1,1,1
bin.150,8.28,0.11,Neural Network (Specific Model),11,None,271,183,1,kingdom,1.0,0.68,0.0,0.0,0.0,0.54,0.37,True,1,0,0,0
bin.151,8.64,0.12,Neural Network (Specific Model),11,None,444,226,27,kingdom,1.0,0.51,0.07,0.03,0.05,0.54,0.28,True,8,0,0,0
bin.152,8.39,0.08,Neural Network (Specific Model),11,None,496,337,34,phylum,0.74,0.5,0.13,0.41,1.57,0.5,0.25,True,2,0,0,0
bin.153,11.56,0.09,Neural Network (Specific Model),11,None,505,428,7,genus,0.49,0.41,0.22,0.38,1.29,0.61,0.25,True,2,0,0,0
bin.154,29.61,11.86,Neural Network (Specific Model),11,None,1153,928,77,genus,0.55,0.44,0.14,0.69,5.01,0.52,0.23,True,18,0,0,0
bin.155,6.61,0.01,Neural Network (Specific Model),11,None,229,198,2,phylum,0.9,0.78,0.02,0.46,1.48,0.55,0.43,True,1,1,0,0
bin.156,8.4,0.0,Neural Network (Specific Model),11,None,246,218,6,class,0.73,0.65,0.06,0.57,3.24,0.55,0.36,True,3,0,0,0
bin.157,11.67,0.05,Neural Network (Specific Model),11,None,467,426,22,genus,0.47,0.43,0.39,0.68,4.49,0.67,0.29,True,1,0,0,0
bin.158,13.01,0.06,Neural Network (Specific Model),11,None,806,605,56,order,0.57,0.43,0.13,0.53,2.33,0.55,0.23,True,3,0,0,0
bin.159,8.73,0.0,Neural Network (Specific Model),11,None,361,312,24,genus,0.58,0.5,0.53,0.17,0.42,0.62,0.31,False,1,0,0,0
bin.16,96.95,1.76,Neural Network (Specific Model),11,None,2267,2107,4,phylum,0.9,0.83,0.02,0.11,0.24,0.57,0.48,True,23,1,1,1
bin.160,7.87,0.0,Neural Network (Specific Model),11,None,391,303,15,order,0.52,0.41,0.11,0.75,6.1,0.55,0.22,True,6,0,0,0
bin.161,12.36,0.05,Neural Network (Specific Model),11,None,273,255,3,class,0.87,0.81,0.16,0.38,1.22,0.83,0.67,True,1,0,0,0
bin.162,9.21,0.01,Neural Network (Specific Model),11,None,323,183,1,kingdom,0.99,0.56,0.0,0.0,0.0,0.51,0.29,True,0,0,0,0
bin.163,6.74,0.05,Neural Network (Specific Model),11,None,415,350,5,phylum,0.93,0.78,0.19,0.08,0.18,0.67,0.52,True,0,0,0,0
bin.164,13.38,0.6,Neural Network (Specific Model),11,None,1034,909,99,kingdom,1.0,0.88,0.1,0.02,0.05,0.89,0.79,True,9,0,0,0
bin.165,42.95,7.51,Gradient Boost (General Model),11,None,2518,2278,105,phylum,0.93,0.85,0.38,0.02,0.05,0.68,0.58,True,13,0,1,0
bin.166,56.55,8.84,Gradient Boost (General Model),11,None,1216,989,84,phylum,0.91,0.74,0.3,0.45,1.07,0.54,0.4,True,15,1,0,1
bin.167,42.38,10.36,Gradient Boost (General Model),11,None,1463,1073,117,phylum,0.94,0.69,0.38,0.3,0.89,0.55,0.38,True,17,0,0,1
bin.168,68.5,19.35,Gradient Boost (General Model),11,None,11139,7877,840,order,0.63,0.45,0.52,0.48,2.05,0.63,0.28,False,23,5,3,5
bin.169,8.85,4.86,Neural Network (Specific Model),11,None,308,258,24,class,0.97,0.81,0.1,0.19,0.46,0.58,0.47,True,3,0,0,0
bin.17,97.01,6.13,Gradient Boost (General Model),11,None,3618,3373,10,phylum,0.95,0.88,0.14,0.08,0.18,0.64,0.56,True,22,1,2,1
bin.170,9.27,0.49,Neural Network (Specific Model),11,None,445,382,17,family,0.64,0.55,0.4,0.31,1.01,0.56,0.31,True,2,0,0,0
bin.18,97.33,3.06,Gradient Boost (General Model),11,None,2735,2612,2,family,0.76,0.72,0.02,0.49,1.39,0.66,0.48,True,23,1,1,1
bin.19,92.85,1.0,Gradient Boost (General Model),11,None,1674,1579,7,genus,0.64,0.6,0.07,0.07,0.15,0.65,0.39,True,23,2,2,2
bin.2,97.78,1.56,Gradient Boost (General Model),11,None,2704,2492,2,kingdom,0.99,0.92,0.0,0.0,0.0,0.58,0.53,True,23,2,2,2
bin.20,94.77,2.2,Gradient Boost (General Model),11,None,2662,2497,25,class,0.9,0.85,0.05,0.05,0.11,0.62,0.52,True,23,4,4,4
bin.21,96.69,4.17,Gradient Boost (General Model),11,None,2463,2256,47,phylum,0.96,0.88,0.19,0.19,0.48,0.64,0.56,True,24,3,4,3
bin.22,90.48,2.73,Gradient Boost (General Model),11,None,2182,2052,21,phylum,0.96,0.9,0.24,0.04,0.09,0.64,0.58,True,21,2,2,2
bin.23,98.36,3.28,Gradient Boost (General Model),11,None,3676,3526,7,phylum,0.93,0.89,0.1,0.03,0.07,0.75,0.67,True,24,1,1,1
bin.24,97.99,2.91,Gradient Boost (General Model),11,None,2893,2703,6,phylum,0.88,0.82,0.04,0.1,0.22,0.59,0.48,True,23,1,1,1
bin.25,91.67,1.47,Gradient Boost (General Model),11,None,3744,3221,6,phylum,0.85,0.73,0.01,0.29,0.88,0.58,0.42,True,23,1,0,1
bin.26,94.02,4.25,Gradient Boost (General Model),11,None,987,837,14,class,0.89,0.76,0.03,0.58,2.72,0.5,0.38,True,14,1,1,1
bin.27,90.87,1.23,Neural Network (Specific Model),11,None,2040,1974,10,order,0.95,0.92,0.38,0.02,0.04,0.96,0.88,True,22,3,0,3
bin.28,84.83,4.41,Gradient Boost (General Model),11,None,2092,1965,17,family,0.8,0.75,0.04,0.4,1.52,0.67,0.5,True,21,3,3,3
bin.29,90.82,2.7,Gradient Boost (General Model),11,None,2598,2271,11,phylum,0.88,0.77,0.12,0.06,0.13,0.58,0.44,True,23,3,3,3
bin.3,99.72,0.02,Gradient Boost (General Model),11,None,1239,1115,5,phylum,0.96,0.86,0.02,0.19,0.45,0.55,0.47,True,22,2,0,2
bin.30,88.3,6.26,Neural Network (Specific Model),11,None,2772,2676,52,genus,0.89,0.86,0.24,0.04,0.07,0.98,0.85,True,22,2,2,2
bin.31,80.58,0.49,Gradient Boost (General Model),11,None,1463,1276,39,phylum,0.95,0.83,0.08,0.34,1.03,0.51,0.43,True,21,1,1,1
bin.32,92.35,4.4,Gradient Boost (General Model),11,None,2313,1973,10,order,0.82,0.7,0.09,0.33,1.0,0.59,0.41,True,23,3,3,3
bin.33,84.07,5.95,Gradient Boost (General Model),11,None,1734,1520,40,class,0.91,0.8,0.1,0.67,4.06,0.54,0.43,True,21,2,2,2
bin.34,96.88,0.12,Gradient Boost (General Model),11,None,1162,1120,1,kingdom,1.0,0.96,0.0,0.0,0.0,0.59,0.57,True,21,1,1,1
bin.35,90.26,1.83,Gradient Boost (General Model),11,None,2066,1915,10,class,0.93,0.86,0.06,0.03,0.06,0.66,0.56,True,21,1,1,1
bin.36,82.02,5.39,Gradient Boost (General Model),11,None,2358,2102,16,phylum,0.84,0.75,0.04,0.07,0.16,0.56,0.42,True,21,2,4,4
bin.37,77.51,0.78,Gradient Boost (General Model),11,None,1813,1655,46,order,0.87,0.8,0.03,0.29,0.78,0.56,0.45,True,21,4,3,3
bin.38,83.77,5.81,Gradient Boost (General Model),11,None,1793,1634,22,phylum,0.93,0.85,0.1,0.23,0.62,0.56,0.47,True,21,1,1,1
bin.39,71.02,6.2,Gradient Boost (General Model),11,None,2135,1966,44,family,0.76,0.7,0.08,0.59,3.17,0.6,0.42,True,18,2,1,2
bin.4,99.29,0.42,Neural Network (Specific Model),11,None,1751,1674,2,class,0.93,0.89,0.01,0.05,0.11,0.69,0.61,True,23,2,2,2
bin.40,63.82,0.42,Neural Network (Specific Model),11,None,1750,1677,57,phylum,0.97,0.93,0.14,0.05,0.11,0.78,0.72,True,23,2,2,2
bin.41,85.56,8.22,Gradient Boost (General Model),11,None,3547,3145,92,phylum,0.91,0.81,0.21,0.1,0.23,0.68,0.55,True,19,1,0,0
bin.42,78.86,8.74,Gradient Boost (General Model),11,None,2220,1961,49,phylum,0.91,0.8,0.17,0.07,0.16,0.56,0.45,True,17,1,2,2
bin.43,83.35,4.1,Gradient Boost (General Model),11,None,3447,3248,129,class,0.94,0.89,0.42,0.04,0.08,0.94,0.84,True,21,0,0,0
bin.44,87.1,11.01,Gradient Boost (General Model),11,None,4717,4021,106,phylum,0.83,0.71,0.1,0.25,0.72,0.57,0.41,True,21,3,1,1
bin.45,76.51,18.35,Gradient Boost (General Model),11,None,3849,3442,77,order,0.84,0.75,0.15,0.32,0.96,0.64,0.48,True,19,5,5,6
bin.46,76.83,5.38,Gradient Boost (General Model),11,None,2240,1913,90,phylum,0.94,0.8,0.13,0.03,0.07,0.59,0.47,True,17,0,0,1
bin.47,93.84,0.21,Gradient Boost (General Model),11,None,661,578,1,kingdom,0.98,0.86,0.0,0.0,0.0,0.52,0.45,True,20,1,0,2
bin.48,94.24,1.29,Gradient Boost (General Model),11,None,677,610,3,phylum,0.87,0.78,0.12,0.04,0.07,0.63,0.5,True,21,1,1,1
bin.49,81.11,3.02,Gradient Boost (General Model),11,None,1578,1429,6,phylum,0.86,0.78,0.01,0.03,0.07,0.56,0.43,True,17,2,2,2
bin.5,99.96,0.13,Gradient Boost (General Model),11,None,2131,2048,5,genus,0.63,0.6,0.03,0.09,0.2,0.65,0.39,True,22,3,3,3
bin.50,67.66,8.82,Neural Network (Specific Model),11,None,1699,1617,23,family,0.79,0.76,0.16,0.33,0.84,0.73,0.55,True,15,2,1,2
bin.51,68.11,8.45,Gradient Boost (General Model),11,None,2066,1912,27,family,0.79,0.73,0.15,0.12,0.28,0.65,0.48,True,21,1,1,1
bin.52,51.59,2.94,Gradient Boost (General Model),11,None,2530,2243,95,genus,0.67,0.6,0.27,0.11,0.26,0.69,0.41,True,22,1,0,0
bin.53,69.46,0.18,Gradient Boost (General Model),11,None,1217,1059,85,family,0.71,0.62,0.07,0.77,5.57,0.56,0.35,True,15,1,0,2
bin.54,63.37,5.18,Gradient Boost (General Model),11,None,2972,2716,119,phylum,0.96,0.87,0.34,0.04,0.08,0.72,0.63,True,14,0,2,1
bin.55,60.44,3.87,Gradient Boost (General Model),11,None,4041,3101,208,order,0.53,0.41,0.13,0.55,3.11,0.53,0.22,True,20,1,0,0
bin.56,56.18,0.4,Gradient Boost (General Model),11,None,1832,1639,123,phylum,0.95,0.85,0.19,0.19,0.48,0.64,0.54,True,19,1,1,2
bin.57,66.18,2.49,Gradient Boost (General Model),11,None,2517,2135,53,order,0.83,0.71,0.12,0.25,0.68,0.6,0.42,True,21,2,2,2
bin.58,61.04,1.31,Gradient Boost (General Model),11,None,2103,1900,106,order,0.75,0.67,0.23,0.08,0.17,0.61,0.41,True,15,3,2,2
bin.59,57.41,6.13,Gradient Boost (General Model),11,None,2841,2260,102,order,0.73,0.58,0.19,0.08,0.17,0.58,0.34,True,19,1,2,2
bin.6,94.53,2.78,Gradient Boost (General Model),11,None,1589,1397,3,order,0.86,0.76,0.05,0.14,0.34,0.53,0.4,True,22,2,2,2
bin.60,78.85,6.21,Gradient Boost (General Model),11,None,2157,1910,85,class,0.85,0.75,0.03,0.23,0.59,0.55,0.41,True,19,2,2,1
bin.61,64.3,6.19,Gradient Boost (General Model),11,None,3041,2554,125,phylum,0.91,0.77,0.09,0.04,0.08,0.54,0.42,True,18,1,1,1
bin.62,51.75,0.75,Gradient Boost (General Model),11,None,1279,1109,43,phylum,0.74,0.64,0.04,0.75,6.04,0.51,0.33,True,19,1,1,1
bin.63,58.44,4.17,Gradient Boost (General Model),11,None,1885,1627,106,class,0.62,0.54,0.14,0.51,2.57,0.53,0.28,True,13,1,1,1
bin.64,51.16,6.63,Gradient Boost (General Model),11,None,1971,1776,67,genus,0.61,0.55,0.63,0.04,0.08,0.63,0.35,False,22,2,1,2
bin.65,66.8,6.02,Gradient Boost (General Model),11,None,2483,2140,62,phylum,0.88,0.76,0.17,0.45,1.49,0.52,0.39,True,21,3,3,3
bin.66,57.35,1.81,Gradient Boost (General Model),11,None,1853,1675,77,phylum,0.92,0.83,0.07,0.04,0.09,0.57,0.47,True,16,3,4,3
bin.67,44.6,5.7,Gradient Boost (General Model),11,None,5263,4167,393,phylum,0.84,0.66,0.34,0.42,1.65,0.58,0.39,True,13,1,1,1
bin.68,61.36,4.29,Gradient Boost (General Model),11,None,3591,3288,142,phylum,0.96,0.88,0.21,0.05,0.1,0.69,0.61,True,22,1,1,1
bin.69,46.38,8.15,Gradient Boost (General Model),11,None,2133,1903,70,genus,0.63,0.56,0.28,0.03,0.07,0.67,0.38,True,13,0,0,0
bin.7,90.68,0.06,Gradient Boost (General Model),11,None,2164,1789,13,family,0.56,0.47,0.05,0.05,0.1,0.55,0.26,True,22,1,0,1
bin.70,52.0,12.96,Gradient Boost (General Model),11,None,2476,2111,76,family,0.64,0.55,0.08,0.73,5.49,0.58,0.32,True,17,0,0,0
bin.71,58.26,5.13,Gradient Boost (General Model),11,None,694,566,18,phylum,0.65,0.53,0.01,0.69,5.89,0.53,0.28,True,20,1,0,1
bin.72,54.25,2.02,Neural Network (Specific Model),11,None,771,599,24,family,0.72,0.56,0.27,0.03,0.06,0.58,0.33,True,15,1,0,1
bin.73,46.43,4.94,Gradient Boost (General Model),11,None,1538,1360,80,phylum,0.92,0.82,0.9,0.22,0.53,0.59,0.48,False,15,1,0,0
bin.74,48.64,1.27,Gradient Boost (General Model),11,None,4888,3273,169,phylum,0.79,0.53,0.06,0.71,5.65,0.49,0.26,True,19,1,2,3
bin.75,45.99,0.03,Gradient Boost (General Model),11,None,1065,910,65,phylum,0.94,0.81,0.21,0.16,0.4,0.53,0.43,True,6,0,0,0
bin.76,44.58,12.89,Gradient Boost (General Model),11,None,3688,3004,152,genus,0.57,0.47,0.25,0.06,0.12,0.65,0.3,True,9,0,0,0
bin.77,49.31,3.09,Gradient Boost (General Model),11,None,1632,1375,84,phylum,0.92,0.77,0.56,0.11,0.25,0.59,0.46,False,11,0,0,0
bin.78,65.23,3.37,Gradient Boost (General Model),11,None,874,730,40,class,0.8,0.67,0.07,0.8,7.67,0.54,0.36,True,15,1,0,1
bin.79,34.24,1.19,Neural Network (Specific Model),11,None,1825,1380,108,phylum,0.78,0.59,0.19,0.09,0.21,0.58,0.34,True,15,2,1,1
bin.8,85.19,0.48,Neural Network (Specific Model),11,None,1839,1732,5,family,0.85,0.8,0.01,0.51,2.25,0.63,0.5,True,22,2,2,2
bin.80,36.95,1.19,Neural Network (Specific Model),11,None,2081,1778,100,phylum,0.83,0.71,0.13,0.11,0.25,0.56,0.4,True,9,1,1,1
bin.81,49.9,3.25,Gradient Boost (General Model),11,None,2219,2014,112,genus,0.65,0.59,0.17,0.28,0.82,0.62,0.37,True,19,0,0,0
bin.82,26.41,1.47,Neural Network (Specific Model),11,None,1299,1101,70,phylum,0.88,0.75,0.1,0.05,0.1,0.58,0.43,True,16,1,1,1
bin.83,39.08,5.03,Neural Network (Specific Model),11,None,1888,1596,89,class,0.89,0.75,0.26,0.1,0.22,0.6,0.45,True,14,1,0,0
bin.84,9.57,0.34,Neural Network (Specific Model),11,None,351,323,4,genus,0.7,0.64,0.37,0.67,4.09,0.78,0.5,True,8,1,1,1
bin.85,22.28,1.08,Neural Network (Specific Model),11,None,779,668,32,kingdom,1.0,0.86,0.08,0.03,0.06,0.54,0.46,True,13,0,0,0
bin.86,27.94,0.44,Neural Network (Specific Model),11,None,1350,1211,47,genus,0.49,0.44,0.09,0.17,0.42,0.61,0.27,True,10,0,0,0
bin.87,41.46,3.06,Neural Network (Specific Model),11,None,3279,2736,167,family,0.53,0.44,0.12,0.75,4.91,0.58,0.26,True,13,0,1,1
bin.88,43.98,0.19,Gradient Boost (General Model),11,None,1126,956,66,genus,0.49,0.42,0.11,0.76,5.29,0.52,0.22,True,3,0,0,0
bin.89,21.96,2.37,Neural Network (Specific Model),11,None,1484,1309,68,family,0.75,0.66,0.08,0.52,2.76,0.62,0.41,True,15,0,0,0
bin.9,96.47,5.2,Gradient Boost (General Model),11,None,2359,2212,11,class,0.88,0.83,0.02,0.13,0.31,0.57,0.47,True,22,2,2,2
bin.90,40.8,1.12,Gradient Boost (General Model),11,None,1779,1572,114,phylum,0.96,0.84,0.17,0.03,0.06,0.59,0.5,True,13,1,0,0
bin.91,45.13,11.79,Gradient Boost (General Model),11,None,3751,3180,252,genus,0.52,0.44,0.5,0.26,0.76,0.74,0.33,False,17,1,1,1
bin.92,92.83,3.8,Neural Network (Specific Model),11,None,2305,2198,21,kingdom,1.0,0.95,0.18,0.04,0.08,0.81,0.78,True,20,1,1,1
bin.93,20.6,0.14,Neural Network (Specific Model),11,None,453,352,28,family,0.6,0.47,0.42,0.45,1.67,0.58,0.27,True,8,0,0,0
bin.94,32.78,1.46,Neural Network (Specific Model),11,None,1786,1501,85,phylum,0.91,0.76,0.14,0.18,0.47,0.6,0.46,True,17,1,0,0
bin.95,42.29,3.45,Gradient Boost (General Model),11,None,1885,1499,90,order,0.8,0.64,0.24,0.04,0.08,0.6,0.38,True,16,1,1,1
bin.96,95.9,0.92,Neural Network (Specific Model),11,None,2396,2245,1,kingdom,1.0,0.94,0.0,0.06,0.12,0.78,0.73,True,19,2,2,2
bin.97,33.43,4.17,Neural Network (Specific Model),11,None,1672,1483,117,genus,0.64,0.57,0.59,0.17,0.45,0.82,0.47,False,7,0,0,0
bin.98,20.75,0.15,Neural Network (Specific Model),11,None,1318,1031,54,order,0.78,0.61,0.18,0.33,1.16,0.58,0.35,True,6,1,0,1
bin.99,27.88,0.43,Neural Network (Specific Model),11,None,692,604,66,genus,0.64,0.55,0.25,0.66,3.12,0.56,0.31,True,2,0,0,0
