,Completeness,Contamination,Completeness_Model_Used,Translation_Table_Used,Additional_Notes,n_genes_called,n_genes_mapped,n_contigs,taxonomic_level,proportion_genes_retained_in_major_clades,genes_retained_index,clade_separation_score,contamination_portion,n_effective_surplus_clades,mean_hit_identity,reference_representation_score,pass.GUNC,tRNA,16S,5S,23S
bin.0,97.05,1.64,Gradient Boost (General Model),11,None,1681,1510,7,class,0.92,0.83,0.03,0.69,3.97,0.53,0.44,True,22,2,2,2
bin.1,100.0,0.01,Gradient Boost (General Model),11,None,1157,1047,5,family,0.81,0.73,0.01,0.38,1.0,0.55,0.41,True,22,2,0,2
bin.10,94.89,4.17,Neural Network (Specific Model),11,None,3074,2939,58,phylum,0.98,0.93,0.14,0.03,0.07,0.69,0.64,True,22,4,2,2
bin.100,96.97,14.91,Gradient Boost (General Model),11,None,905,804,13,phylum,0.76,0.68,0.01,0.78,6.64,0.52,0.35,True,19,1,0,1
bin.101,57.08,2.26,Gradient Boost (General Model),11,None,3106,2852,163,phylum,0.86,0.79,0.14,0.18,0.45,0.61,0.49,True,13,1,1,1
bin.102,66.15,0.77,Gradient Boost (General Model),11,None,1544,1320,53,phylum,0.94,0.8,0.07,0.18,0.45,0.5,0.41,True,11,1,1,1
bin.103,57.18,0.95,Neural Network (Specific Model),11,None,1590,1436,70,genus,0.75,0.68,0.06,0.14,0.32,0.63,0.43,True,10,1,0,0
bin.104,46.93,0.71,Gradient Boost (General Model),11,None,1823,1669,75,class,0.87,0.8,0.07,0.09,0.21,0.56,0.45,True,13,2,1,1
bin.105,36.56,1.39,Neural Network (Specific Model),11,None,902,780,31,phylum,0.83,0.72,0.05,0.56,2.81,0.52,0.38,True,11,1,1,1
bin.106,52.67,2.5,Gradient Boost (General Model),11,None,1920,1822,22,genus,0.67,0.63,0.09,0.28,0.85,0.7,0.44,True,18,1,1,1
bin.107,36.09,0.32,Neural Network (Specific Model),11,None,1001,956,29,order,0.93,0.89,0.12,0.19,0.47,0.68,0.6,True,16,1,1,1
bin.108,27.17,1.17,Neural Network (Specific Model),11,None,720,686,9,phylum,0.92,0.87,0.14,0.05,0.1,0.69,0.6,True,5,0,0,0
bin.109,55.96,6.05,Gradient Boost (General Model),11,None,1954,1805,66,family,0.77,0.71,0.08,0.48,2.32,0.6,0.43,True,17,0,1,0
bin.11,97.89,0.39,Neural Network (Specific Model),11,None,1691,1615,2,class,0.94,0.89,0.01,0.04,0.08,0.68,0.61,True,23,2,2,2
bin.110,43.05,0.04,Neural Network (Specific Model),11,None,915,871,33,genus,0.7,0.66,0.08,0.13,0.31,0.68,0.45,True,13,1,2,1
bin.111,45.94,0.34,Gradient Boost (General Model),11,None,1117,1063,19,family,0.83,0.79,0.09,0.52,2.55,0.63,0.49,True,17,0,1,0
bin.112,69.84,1.49,Gradient Boost (General Model),11,None,2341,2027,53,order,0.73,0.63,0.08,0.24,0.7,0.54,0.34,True,23,2,1,2
bin.113,52.5,1.29,Gradient Boost (General Model),11,None,1263,1210,46,family,0.81,0.77,0.22,0.36,1.2,0.62,0.48,True,22,2,2,2
bin.114,25.9,0.15,Neural Network (Specific Model),11,None,414,402,2,phylum,0.94,0.91,0.02,0.18,0.44,0.72,0.66,True,14,0,0,0
bin.115,28.1,0.62,Neural Network (Specific Model),11,None,666,609,32,family,0.86,0.78,0.12,0.41,1.6,0.61,0.48,True,10,1,1,1
bin.116,28.49,0.62,Neural Network (Specific Model),11,None,941,860,48,order,0.85,0.78,0.11,0.35,1.04,0.64,0.5,True,12,0,0,0
bin.117,59.36,6.76,Gradient Boost (General Model),11,None,1953,1846,45,genus,0.74,0.7,0.11,0.13,0.31,0.7,0.49,True,18,1,2,1
bin.118,56.26,4.94,Gradient Boost (General Model),11,None,2852,2667,108,genus,0.65,0.61,0.63,0.34,1.17,0.83,0.5,False,13,1,1,1
bin.119,43.8,2.24,Gradient Boost (General Model),11,None,738,602,47,genus,0.64,0.52,0.08,0.76,5.1,0.52,0.27,True,17,1,0,2
bin.12,100.0,1.94,Gradient Boost (General Model),11,None,2281,2170,4,order,0.91,0.86,0.03,0.28,0.82,0.65,0.56,True,21,2,2,2
bin.120,51.22,0.04,Neural Network (Specific Model),11,None,1680,1527,75,family,0.75,0.68,0.11,0.54,2.11,0.59,0.4,True,17,1,1,1
bin.121,12.75,0.17,Neural Network (Specific Model),11,None,430,412,13,family,0.89,0.85,0.07,0.04,0.08,0.98,0.83,True,2,0,0,0
bin.122,75.97,1.1,Neural Network (Specific Model),11,None,1327,1303,60,class,0.98,0.97,0.23,0.04,0.08,0.98,0.94,True,14,1,1,1
bin.123,28.08,1.74,Neural Network (Specific Model),11,None,1395,1166,85,family,0.5,0.42,0.12,0.78,5.67,0.53,0.22,True,16,0,0,0
bin.124,93.36,0.3,Gradient Boost (General Model),11,None,819,630,9,kingdom,1.0,0.77,0.05,0.24,0.57,0.48,0.37,True,20,1,0,0
bin.125,90.08,0.91,Neural Network (Specific Model),11,None,2001,1927,13,genus,0.95,0.92,0.06,0.02,0.04,0.83,0.77,True,19,1,1,1
bin.126,18.33,0.01,Neural Network (Specific Model),11,None,479,362,27,phylum,0.75,0.57,0.09,0.34,1.22,0.49,0.28,True,8,1,1,1
bin.127,30.49,1.01,Neural Network (Specific Model),11,None,820,772,40,class,0.96,0.91,0.12,0.04,0.08,0.66,0.6,True,8,0,0,0
bin.128,34.64,0.09,Neural Network (Specific Model),11,None,575,561,2,order,0.93,0.9,0.02,0.02,0.05,0.76,0.68,True,13,0,0,0
bin.129,21.48,0.07,Neural Network (Specific Model),11,None,1171,966,93,phylum,0.82,0.68,0.21,0.71,4.75,0.51,0.35,True,4,0,0,0
bin.13,95.61,1.7,Gradient Boost (General Model),11,None,2340,2205,9,phylum,0.97,0.92,0.04,0.03,0.07,0.65,0.6,True,22,1,2,2
bin.130,15.36,0.01,Neural Network (Specific Model),11,None,521,476,31,phylum,0.93,0.85,0.16,0.02,0.05,0.56,0.48,True,6,0,0,0
bin.131,93.35,0.05,Gradient Boost (General Model),11,None,1658,1565,2,phylum,0.95,0.9,0.04,0.05,0.11,0.88,0.79,True,21,1,1,1
bin.132,98.69,0.46,Neural Network (Specific Model),11,None,2390,2235,1,kingdom,1.0,0.94,0.0,0.06,0.13,0.77,0.72,True,19,2,2,2
bin.133,34.73,3.45,Neural Network (Specific Model),11,None,1311,1110,70,class,0.71,0.6,0.11,0.34,1.09,0.52,0.31,True,3,0,0,0
bin.134,15.7,0.9,Neural Network (Specific Model),11,None,575,521,16,phylum,0.8,0.73,0.06,0.45,2.0,0.49,0.36,True,8,0,0,0
bin.135,31.28,0.91,Neural Network (Specific Model),11,None,976,952,41,family,0.92,0.9,0.27,0.05,0.1,0.77,0.69,True,4,0,0,0
bin.136,26.35,0.38,Neural Network (Specific Model),11,None,513,471,26,genus,0.54,0.5,0.15,0.24,0.67,0.54,0.27,True,7,0,0,0
bin.137,36.49,0.39,Neural Network (Specific Model),11,None,783,756,2,order,0.83,0.8,0.01,0.07,0.15,0.7,0.56,True,5,2,0,2
bin.138,26.34,0.99,Neural Network (Specific Model),11,None,1412,1154,76,kingdom,1.0,0.82,0.11,0.03,0.06,0.5,0.4,True,6,0,0,0
bin.139,42.39,3.88,Gradient Boost (General Model),11,None,2650,2061,157,order,0.52,0.4,0.23,0.76,6.25,0.53,0.21,True,16,1,0,0
bin.14,96.15,0.1,Gradient Boost (General Model),11,None,2885,2648,6,family,0.76,0.7,0.03,0.16,0.39,0.65,0.46,True,22,2,2,2
bin.140,22.34,0.02,Neural Network (Specific Model),11,None,1194,932,76,phylum,0.86,0.67,0.48,0.53,2.42,0.55,0.37,False,9,0,0,0
bin.141,22.7,1.36,Neural Network (Specific Model),11,None,997,852,45,phylum,0.81,0.69,0.09,0.13,0.31,0.51,0.36,True,7,2,0,1
bin.142,6.09,0.02,Neural Network (Specific Model),11,None,244,212,16,phylum,0.92,0.8,0.49,0.14,0.33,0.59,0.47,False,2,0,0,0
bin.143,27.85,0.05,Neural Network (Specific Model),11,None,460,422,4,phylum,0.89,0.82,0.07,0.03,0.07,0.54,0.44,True,4,0,0,0
bin.144,19.21,0.6,Neural Network (Specific Model),11,None,501,474,7,class,0.92,0.87,0.04,0.06,0.13,0.62,0.54,True,8,0,1,0
bin.145,49.36,10.9,Gradient Boost (General Model),11,None,1816,1683,65,genus,0.51,0.47,0.28,0.42,1.7,0.63,0.29,True,9,1,1,1
bin.146,13.37,0.1,Neural Network (Specific Model),11,None,379,354,3,class,0.85,0.79,0.06,0.13,0.3,0.54,0.43,True,2,0,0,0
bin.147,29.62,0.46,Neural Network (Specific Model),11,None,886,829,44,class,0.9,0.84,0.19,0.04,0.08,0.61,0.51,True,11,1,1,1
bin.148,24.1,0.23,Neural Network (Specific Model),11,None,753,637,57,genus,0.6,0.51,0.75,0.52,2.08,0.65,0.33,False,5,0,0,0
bin.149,7.9,0.11,Neural Network (Specific Model),11,None,292,275,17,class,0.96,0.91,0.44,0.13,0.31,0.7,0.63,True,2,1,1,1
bin.15,96.75,2.72,Gradient Boost (General Model),11,None,2193,2062,12,genus,0.43,0.4,0.03,0.42,1.71,0.58,0.24,True,22,2,2,2
bin.150,16.09,0.12,Neural Network (Specific Model),11,None,542,502,26,class,0.86,0.8,0.73,0.14,0.32,0.66,0.52,False,8,0,0,0
bin.151,30.26,1.79,Neural Network (Specific Model),11,None,1141,1004,28,genus,0.61,0.54,0.21,0.04,0.08,0.63,0.34,True,4,0,0,0
bin.152,6.97,0.0,Neural Network (Specific Model),11,None,301,255,16,genus,0.49,0.41,0.29,0.68,3.05,0.59,0.24,True,1,0,0,0
bin.153,11.78,0.0,Neural Network (Specific Model),11,None,243,237,1,kingdom,1.0,0.98,0.0,0.0,0.0,0.81,0.79,True,7,0,0,0
bin.154,14.36,0.0,Neural Network (Specific Model),11,None,489,483,24,kingdom,1.0,0.99,0.0,0.0,0.0,0.95,0.94,True,2,1,1,1
bin.155,17.53,0.02,Neural Network (Specific Model),11,None,1005,671,63,class,0.73,0.49,0.1,0.77,5.37,0.48,0.24,True,7,1,0,0
bin.156,10.82,0.08,Neural Network (Specific Model),11,None,213,198,6,genus,0.75,0.7,0.16,0.22,0.63,0.63,0.44,True,3,0,0,0
bin.157,9.35,0.0,Neural Network (Specific Model),11,None,265,250,14,family,0.83,0.78,0.1,0.39,1.29,0.61,0.47,True,3,0,0,0
bin.158,24.68,3.04,Neural Network (Specific Model),11,None,920,836,56,phylum,0.95,0.86,0.29,0.15,0.34,0.64,0.55,True,10,1,0,1
bin.159,23.5,0.96,Neural Network (Specific Model),11,None,1131,1024,37,genus,0.48,0.44,0.23,0.1,0.22,0.64,0.28,True,11,0,0,0
bin.16,94.49,6.43,Gradient Boost (General Model),11,None,1691,1585,8,order,0.82,0.77,0.03,0.57,2.18,0.56,0.43,True,22,1,1,1
bin.160,9.07,0.32,Neural Network (Specific Model),11,None,271,250,17,genus,0.52,0.48,0.73,0.13,0.31,0.62,0.3,False,3,0,0,0
bin.161,14.52,0.04,Neural Network (Specific Model),11,None,486,449,13,genus,0.51,0.47,0.08,0.71,6.62,0.63,0.3,True,5,1,1,1
bin.162,11.81,0.88,Neural Network (Specific Model),11,None,253,221,13,class,0.77,0.68,0.04,0.11,0.24,0.57,0.39,True,4,0,0,0
bin.163,19.37,0.02,Neural Network (Specific Model),11,None,435,387,6,phylum,0.88,0.78,0.03,0.07,0.15,0.54,0.42,True,7,0,0,0
bin.164,13.7,0.2,Neural Network (Specific Model),11,None,344,330,13,family,0.92,0.88,0.1,0.1,0.23,0.67,0.59,True,4,0,0,0
bin.165,11.67,0.05,Neural Network (Specific Model),11,None,381,355,14,family,0.92,0.85,0.01,0.35,1.02,0.65,0.56,True,0,0,0,0
bin.166,9.06,0.1,Neural Network (Specific Model),11,None,246,231,1,kingdom,1.0,0.93,0.0,0.0,0.0,0.64,0.6,True,5,0,0,0
bin.167,16.13,0.0,Neural Network (Specific Model),11,None,277,271,6,family,0.97,0.95,0.17,0.14,0.31,0.75,0.71,True,3,0,0,0
bin.168,5.8,0.0,Neural Network (Specific Model),11,None,332,268,23,phylum,0.83,0.67,0.1,0.25,0.72,0.49,0.33,True,4,0,0,0
bin.169,7.79,0.01,Neural Network (Specific Model),11,None,173,164,12,genus,0.66,0.63,0.5,0.08,0.18,0.59,0.37,False,11,0,0,0
bin.17,99.13,1.18,Neural Network (Specific Model),11,None,3829,3410,33,phylum,0.87,0.77,0.02,0.19,0.51,0.56,0.44,True,23,2,1,1
bin.170,7.15,0.03,Neural Network (Specific Model),11,None,240,213,16,genus,0.49,0.44,0.26,0.42,1.69,0.58,0.26,True,5,0,0,0
bin.171,9.1,0.0,Neural Network (Specific Model),11,None,403,276,23,class,0.6,0.41,0.04,0.72,5.87,0.47,0.19,True,1,0,0,0
bin.172,13.92,1.43,Neural Network (Specific Model),11,None,602,547,27,genus,0.54,0.5,0.26,0.71,5.23,0.6,0.3,True,6,0,0,0
bin.173,17.01,0.31,Neural Network (Specific Model),11,None,692,628,75,order,0.97,0.88,0.53,0.02,0.04,0.88,0.77,False,8,0,0,0
bin.174,10.06,0.0,Neural Network (Specific Model),11,None,269,239,18,genus,0.85,0.76,0.4,0.34,1.15,0.7,0.53,True,1,0,0,0
bin.175,7.91,0.0,Neural Network (Specific Model),11,None,398,352,30,class,0.86,0.76,0.08,0.23,0.59,0.56,0.43,True,3,0,2,0
bin.176,13.16,0.03,Neural Network (Specific Model),11,None,527,427,36,order,0.8,0.65,0.24,0.17,0.42,0.62,0.4,True,8,0,0,0
bin.177,12.18,0.0,Neural Network (Specific Model),11,None,492,367,25,kingdom,1.0,0.75,0.08,0.03,0.06,0.49,0.37,True,2,0,0,0
bin.178,11.52,0.0,Neural Network (Specific Model),11,None,360,322,4,genus,0.58,0.52,0.2,0.35,1.24,0.74,0.38,True,5,0,0,0
bin.179,13.11,0.18,Neural Network (Specific Model),11,None,537,457,13,class,0.81,0.69,0.07,0.17,0.42,0.58,0.4,True,2,1,2,1
bin.18,96.01,0.21,Gradient Boost (General Model),11,None,1851,1791,6,genus,0.63,0.61,0.04,0.08,0.17,0.64,0.39,True,22,3,3,3
bin.180,11.33,0.02,Neural Network (Specific Model),11,None,328,291,2,family,0.63,0.56,0.02,0.72,5.57,0.58,0.32,True,2,0,0,0
bin.181,8.6,0.2,Neural Network (Specific Model),11,None,448,416,38,order,0.94,0.88,0.29,0.35,1.24,0.74,0.65,True,3,0,0,0
bin.182,7.21,0.0,Neural Network (Specific Model),11,None,211,183,1,kingdom,1.0,0.87,0.0,0.03,0.06,0.53,0.46,True,4,0,0,0
bin.183,9.52,0.0,Neural Network (Specific Model),11,None,288,277,14,family,0.97,0.94,0.1,0.06,0.13,0.96,0.9,True,1,0,0,0
bin.184,7.12,0.07,Neural Network (Specific Model),11,None,272,159,16,class,0.74,0.43,0.24,0.43,1.72,0.48,0.21,True,2,0,0,0
bin.185,10.39,0.19,Neural Network (Specific Model),11,None,307,251,34,class,0.68,0.56,0.06,0.81,8.12,0.5,0.28,True,2,0,1,0
bin.186,9.38,0.01,Neural Network (Specific Model),11,None,373,291,25,class,0.79,0.62,0.09,0.53,2.86,0.53,0.33,True,2,0,0,0
bin.187,18.32,1.89,Neural Network (Specific Model),11,None,815,763,10,class,0.86,0.81,0.08,0.11,0.24,0.63,0.51,True,7,1,1,1
bin.188,11.62,0.0,Neural Network (Specific Model),11,None,278,253,1,kingdom,0.98,0.89,0.0,0.0,0.0,0.53,0.47,True,6,1,1,1
bin.189,8.02,0.09,Neural Network (Specific Model),11,None,404,341,24,genus,0.6,0.51,0.3,0.44,1.56,0.63,0.32,True,5,0,0,0
bin.19,96.01,0.11,Gradient Boost (General Model),11,None,2742,2525,2,kingdom,1.0,0.92,0.0,0.0,0.0,0.57,0.53,True,23,2,2,2
bin.190,11.44,0.08,Neural Network (Specific Model),11,None,239,175,23,class,0.7,0.51,0.28,0.34,1.18,0.54,0.28,True,3,0,0,0
bin.191,5.45,0.04,Neural Network (Specific Model),11,None,310,272,13,phylum,0.96,0.84,0.7,0.05,0.11,0.69,0.58,False,8,1,2,1
bin.192,4.46,0.0,Neural Network (Specific Model),11,None,281,237,18,kingdom,1.0,0.84,0.08,0.05,0.11,0.52,0.44,True,0,0,0,0
bin.193,9.07,0.22,Neural Network (Specific Model),11,None,201,196,1,kingdom,1.0,0.98,0.0,0.0,0.0,0.67,0.65,True,5,0,0,0
bin.194,8.21,0.02,Neural Network (Specific Model),11,None,246,226,3,order,0.76,0.7,0.02,0.7,5.16,0.56,0.39,True,1,0,0,0
bin.195,7.19,0.41,Neural Network (Specific Model),11,None,310,270,14,genus,0.48,0.42,0.27,0.68,4.51,0.59,0.24,True,4,0,0,0
bin.196,4.52,0.0,Neural Network (Specific Model),11,None,224,177,13,order,0.63,0.5,0.12,0.11,0.25,0.54,0.27,True,1,0,0,0
bin.197,4.77,0.02,Neural Network (Specific Model),11,None,258,178,18,phylum,0.89,0.61,0.18,0.76,5.95,0.47,0.29,True,0,0,0,0
bin.198,7.51,0.0,Neural Network (Specific Model),11,None,283,257,14,order,0.79,0.72,0.2,0.05,0.11,0.87,0.63,True,4,0,0,0
bin.199,9.65,0.0,Neural Network (Specific Model),11,None,351,324,4,genus,0.55,0.5,0.04,0.11,0.26,0.7,0.35,True,6,0,0,0
bin.2,100.0,0.17,Gradient Boost (General Model),11,None,1655,1544,2,kingdom,1.0,0.93,0.0,0.0,0.0,0.6,0.56,True,22,2,2,2
bin.20,94.45,5.59,Gradient Boost (General Model),11,None,1693,1482,26,genus,0.61,0.53,0.05,0.82,6.54,0.5,0.27,True,22,2,2,2
bin.200,7.25,0.01,Neural Network (Specific Model),11,None,249,117,5,kingdom,0.99,0.47,0.0,0.0,0.0,0.44,0.2,True,0,0,0,0
bin.201,7.97,0.42,Neural Network (Specific Model),11,None,289,105,6,kingdom,1.0,0.36,0.0,0.04,0.08,0.39,0.14,True,14,0,0,0
bin.202,5.98,0.0,Neural Network (Specific Model),11,None,287,198,20,class,0.6,0.41,0.09,0.82,8.83,0.44,0.18,True,0,0,0,0
bin.203,9.34,0.2,Neural Network (Specific Model),11,None,456,410,14,family,0.88,0.79,0.35,0.09,0.21,0.78,0.61,True,2,0,0,0
bin.204,10.53,0.14,Neural Network (Specific Model),11,None,539,455,11,class,0.78,0.66,0.05,0.23,0.64,0.59,0.39,True,6,0,0,0
bin.205,64.3,8.93,Gradient Boost (General Model),11,None,2070,1942,44,genus,0.71,0.67,0.21,0.12,0.28,0.71,0.48,True,18,2,1,1
bin.206,57.81,9.3,Gradient Boost (General Model),11,None,2092,1947,87,genus,0.66,0.61,0.26,0.12,0.27,0.71,0.44,True,13,1,1,1
bin.207,15.97,1.28,Neural Network (Specific Model),11,None,1049,962,53,genus,0.61,0.56,0.34,0.26,0.74,0.68,0.38,True,6,0,0,0
bin.208,55.41,18.22,Gradient Boost (General Model),11,None,3954,3231,250,family,0.58,0.47,0.3,0.43,1.81,0.59,0.28,True,11,1,2,1
bin.209,36.0,0.99,Neural Network (Specific Model),11,None,395,328,27,class,0.64,0.53,0.48,0.41,1.47,0.56,0.3,False,7,0,0,1
bin.21,88.11,0.34,Neural Network (Specific Model),11,None,1813,1709,3,phylum,0.98,0.92,0.01,0.02,0.05,0.62,0.57,True,22,2,2,2
bin.210,35.75,6.02,Gradient Boost (General Model),4,None,2032,1517,151,phylum,0.86,0.64,0.54,0.34,1.14,0.56,0.36,False,17,1,0,1
bin.211,14.73,0.62,Neural Network (Specific Model),11,None,900,707,66,phylum,0.82,0.64,0.23,0.49,2.08,0.5,0.32,True,7,0,0,0
bin.212,33.44,10.55,Neural Network (Specific Model),11,None,975,943,56,order,0.83,0.8,0.35,0.06,0.12,0.71,0.57,True,8,2,2,4
bin.213,7.94,2.34,Neural Network (Specific Model),11,None,197,180,14,phylum,1.0,0.91,0.16,0.03,0.06,0.59,0.54,True,2,0,0,0
bin.214,62.4,21.47,Gradient Boost (General Model),11,None,3236,2879,115,kingdom,1.0,0.89,0.1,0.02,0.04,0.55,0.49,True,17,1,1,1
bin.22,94.72,0.71,Gradient Boost (General Model),11,None,2147,1813,9,kingdom,0.99,0.84,0.0,0.0,0.0,0.52,0.44,True,21,1,0,1
bin.23,96.01,0.92,Gradient Boost (General Model),11,None,2120,2016,15,family,0.75,0.71,0.02,0.58,2.92,0.6,0.42,True,21,2,1,1
bin.24,94.87,4.21,Gradient Boost (General Model),11,None,2213,2086,23,genus,0.71,0.67,0.16,0.14,0.35,0.68,0.45,True,23,2,1,1
bin.25,93.27,0.5,Gradient Boost (General Model),11,None,1710,1629,7,class,0.94,0.9,0.02,0.04,0.07,0.62,0.56,True,22,2,3,3
bin.26,87.32,0.09,Gradient Boost (General Model),11,None,2016,1870,19,class,0.93,0.86,0.02,0.27,0.71,0.57,0.49,True,22,3,3,3
bin.27,98.07,2.38,Gradient Boost (General Model),11,None,2969,2804,10,family,0.76,0.72,0.03,0.11,0.27,0.66,0.47,True,20,1,1,1
bin.28,91.37,0.04,Gradient Boost (General Model),11,None,1562,1387,45,genus,0.7,0.62,0.09,0.69,4.09,0.54,0.34,True,22,1,0,1
bin.29,95.93,1.49,Gradient Boost (General Model),11,None,2956,2834,19,genus,0.67,0.64,0.08,0.11,0.25,0.78,0.5,True,21,3,3,3
bin.3,97.63,0.0,Neural Network (Specific Model),11,None,1912,1825,1,kingdom,1.0,0.95,0.0,0.0,0.0,0.65,0.62,True,22,1,1,1
bin.30,88.48,0.65,Gradient Boost (General Model),11,None,1498,1349,41,phylum,0.95,0.85,0.16,0.19,0.47,0.53,0.45,True,22,1,2,1
bin.31,86.0,0.01,Neural Network (Specific Model),11,None,1656,1633,5,order,0.96,0.94,0.05,0.03,0.06,0.78,0.73,True,23,2,2,2
bin.32,84.51,1.07,Neural Network (Specific Model),11,None,1783,1682,55,phylum,0.97,0.92,0.17,0.03,0.07,0.59,0.54,True,21,2,2,2
bin.33,94.41,1.66,Gradient Boost (General Model),11,None,2319,2059,3,phylum,0.87,0.77,0.01,0.35,1.0,0.5,0.39,True,22,3,3,3
bin.34,95.31,0.86,Gradient Boost (General Model),11,None,996,861,5,phylum,0.91,0.79,0.02,0.13,0.29,0.51,0.4,True,18,1,1,1
bin.35,99.83,0.26,Neural Network (Specific Model),11,None,2158,2013,3,phylum,0.91,0.85,0.01,0.11,0.26,0.57,0.49,True,23,1,1,1
bin.36,95.01,0.04,Gradient Boost (General Model),11,None,1691,1558,9,class,0.83,0.76,0.02,0.14,0.34,0.56,0.43,True,22,2,2,2
bin.37,97.97,0.0,Neural Network (Specific Model),11,None,1798,1768,8,phylum,0.99,0.97,0.03,0.04,0.08,0.96,0.93,True,22,3,0,3
bin.38,75.41,1.72,Neural Network (Specific Model),11,None,2198,2131,52,kingdom,1.0,0.97,0.0,0.0,0.0,0.84,0.81,True,21,4,2,2
bin.39,92.42,1.06,Gradient Boost (General Model),11,None,2352,2119,41,phylum,0.76,0.69,0.05,0.45,1.96,0.51,0.35,True,22,2,1,1
bin.4,97.58,0.07,Gradient Boost (General Model),11,None,2357,2267,22,genus,0.43,0.41,0.05,0.65,3.63,0.6,0.25,True,21,3,3,3
bin.40,100.0,3.19,Gradient Boost (General Model),11,None,2790,2664,2,order,0.82,0.79,0.01,0.51,1.58,0.66,0.52,True,23,1,1,1
bin.41,95.92,2.44,Gradient Boost (General Model),11,None,3095,2568,35,phylum,0.77,0.64,0.01,0.71,5.13,0.45,0.29,True,23,1,1,1
bin.42,96.26,3.25,Gradient Boost (General Model),11,None,2621,2310,8,phylum,0.89,0.78,0.07,0.04,0.09,0.57,0.45,True,23,3,2,2
bin.43,97.94,4.14,Gradient Boost (General Model),11,None,3341,3046,11,class,0.85,0.77,0.08,0.07,0.15,0.68,0.53,True,24,1,1,1
bin.44,94.93,1.64,Gradient Boost (General Model),11,None,3734,3212,1,kingdom,0.99,0.85,0.0,0.0,0.0,0.57,0.48,True,23,1,0,1
bin.45,96.32,4.29,Gradient Boost (General Model),11,None,2449,2319,18,class,0.89,0.85,0.07,0.05,0.12,0.61,0.52,True,23,4,3,4
bin.46,96.75,4.77,Gradient Boost (General Model),11,None,2543,2212,13,genus,0.6,0.52,0.15,0.09,0.19,0.61,0.32,True,22,3,3,3
bin.47,89.12,4.74,Neural Network (Specific Model),11,None,2179,2046,28,phylum,0.96,0.9,0.09,0.13,0.29,0.65,0.58,True,20,3,4,3
bin.48,95.13,2.26,Gradient Boost (General Model),11,None,2323,2175,40,class,0.92,0.86,0.04,0.51,1.55,0.57,0.49,True,19,1,3,2
bin.49,90.58,1.34,Gradient Boost (General Model),11,None,2621,2287,40,phylum,0.94,0.82,0.05,0.03,0.06,0.53,0.44,True,17,3,2,3
bin.5,92.34,0.25,Gradient Boost (General Model),11,None,1643,1442,13,genus,0.59,0.52,0.04,0.83,6.8,0.51,0.27,True,22,2,2,2
bin.50,94.45,1.68,Gradient Boost (General Model),11,None,1196,1087,17,phylum,0.74,0.67,0.02,0.77,5.81,0.49,0.33,True,21,1,1,1
bin.51,88.34,3.04,Neural Network (Specific Model),11,None,2207,2170,37,kingdom,1.0,0.98,0.0,0.0,0.0,0.98,0.97,True,22,1,1,1
bin.52,92.53,5.36,Gradient Boost (General Model),11,None,2588,2319,22,phylum,0.83,0.74,0.05,0.05,0.11,0.56,0.42,True,21,1,1,1
bin.53,100.0,2.35,Gradient Boost (General Model),11,None,2926,2735,3,class,0.8,0.74,0.21,0.07,0.16,0.6,0.45,True,23,1,1,1
bin.54,93.13,0.95,Gradient Boost (General Model),11,None,1868,1707,14,class,0.87,0.79,0.02,0.08,0.18,0.54,0.43,True,22,2,2,2
bin.55,77.97,1.19,Neural Network (Specific Model),11,None,1913,1736,57,class,0.9,0.82,0.18,0.33,0.99,0.63,0.51,True,20,1,1,1
bin.56,81.87,3.98,Neural Network (Specific Model),11,None,1679,1609,13,phylum,0.99,0.95,0.31,0.03,0.07,0.92,0.87,True,20,2,2,2
bin.57,94.0,4.03,Gradient Boost (General Model),11,None,2136,1866,37,genus,0.72,0.63,0.58,0.04,0.08,0.56,0.35,False,22,2,3,4
bin.58,94.34,1.87,Gradient Boost (General Model),11,None,2173,1954,12,order,0.85,0.76,0.07,0.3,0.87,0.58,0.44,True,23,2,2,2
bin.59,98.62,12.09,Gradient Boost (General Model),11,None,3761,3614,10,order,0.88,0.84,0.01,0.08,0.18,0.78,0.66,True,23,1,1,1
bin.6,97.14,1.75,Gradient Boost (General Model),11,None,2222,2088,1,kingdom,1.0,0.94,0.0,0.0,0.0,0.57,0.53,True,23,1,0,1
bin.60,96.57,5.49,Gradient Boost (General Model),11,None,1704,1639,8,genus,0.72,0.69,0.09,0.03,0.06,0.65,0.45,True,22,1,1,0
bin.61,94.75,1.95,Gradient Boost (General Model),11,None,1891,1807,6,class,0.92,0.88,0.01,0.03,0.07,0.65,0.57,True,22,2,2,2
bin.62,91.07,1.49,Gradient Boost (General Model),11,None,1830,1693,40,order,0.88,0.82,0.1,0.1,0.22,0.57,0.46,True,21,1,1,2
bin.63,97.92,4.13,Gradient Boost (General Model),11,None,2544,2402,17,phylum,0.92,0.87,0.08,0.25,0.67,0.59,0.52,True,22,2,2,2
bin.64,92.87,6.65,Gradient Boost (General Model),11,None,2535,2288,21,genus,0.66,0.6,0.15,0.04,0.08,0.68,0.41,True,22,2,1,2
bin.65,86.78,0.03,Gradient Boost (General Model),11,None,1188,1075,46,phylum,0.93,0.85,0.02,0.11,0.24,0.54,0.46,True,20,2,2,1
bin.66,70.09,0.84,Neural Network (Specific Model),11,None,1730,1687,47,kingdom,1.0,0.98,0.0,0.0,0.0,0.97,0.95,True,18,1,1,1
bin.67,86.41,3.88,Neural Network (Specific Model),11,None,2669,2511,45,order,0.93,0.87,0.08,0.21,0.56,0.72,0.63,True,18,3,1,3
bin.68,85.52,0.3,Gradient Boost (General Model),11,None,1802,1637,52,phylum,0.92,0.83,0.09,0.06,0.13,0.56,0.47,True,17,1,1,1
bin.69,91.72,11.39,Gradient Boost (General Model),11,None,1946,1806,15,genus,0.59,0.55,0.19,0.08,0.18,0.65,0.36,True,22,2,2,2
bin.7,96.38,2.17,Gradient Boost (General Model),11,None,1464,1305,2,kingdom,1.0,0.89,0.0,0.0,0.0,0.52,0.46,True,22,2,2,2
bin.70,82.77,14.34,Neural Network (Specific Model),11,None,1900,1720,47,phylum,0.92,0.83,0.04,0.11,0.27,0.56,0.47,True,19,1,1,1
bin.71,96.19,0.43,Gradient Boost (General Model),11,None,1173,1131,1,kingdom,1.0,0.96,0.0,0.0,0.0,0.59,0.57,True,21,1,1,1
bin.72,86.25,1.7,Gradient Boost (General Model),11,None,1692,1566,44,class,0.91,0.84,0.09,0.05,0.11,0.59,0.5,True,21,2,2,2
bin.73,85.63,4.22,Gradient Boost (General Model),11,None,3197,2576,120,order,0.54,0.44,0.09,0.49,2.38,0.51,0.22,True,20,1,0,1
bin.74,84.06,2.58,Gradient Boost (General Model),11,None,1635,1427,59,family,0.74,0.65,0.02,0.49,2.32,0.55,0.36,True,16,1,1,1
bin.75,94.31,1.44,Gradient Boost (General Model),11,None,574,493,5,kingdom,0.98,0.84,0.0,0.0,0.0,0.51,0.43,True,20,2,0,1
bin.76,72.97,0.17,Neural Network (Specific Model),11,None,2117,1970,83,class,0.93,0.87,0.27,0.05,0.11,0.73,0.63,True,18,0,0,0
bin.77,88.47,3.88,Gradient Boost (General Model),11,None,1756,1652,52,family,0.76,0.72,0.26,0.17,0.44,0.64,0.46,True,21,2,2,2
bin.78,81.8,14.72,Gradient Boost (General Model),11,None,2494,2335,57,genus,0.61,0.57,0.5,0.04,0.08,0.62,0.36,False,23,3,3,3
bin.79,64.94,0.76,Neural Network (Specific Model),11,None,1253,1207,40,genus,0.94,0.9,0.11,0.24,0.6,0.77,0.7,True,19,2,1,1
bin.8,99.93,0.98,Gradient Boost (General Model),11,None,2139,1957,11,phylum,0.92,0.85,0.01,0.02,0.05,0.54,0.46,True,23,5,3,4
bin.80,69.75,0.43,Gradient Boost (General Model),11,None,1821,1663,56,genus,0.65,0.6,0.18,0.03,0.07,0.61,0.36,True,12,0,0,0
bin.81,73.51,6.93,Gradient Boost (General Model),11,None,2416,2275,61,phylum,0.92,0.87,0.12,0.02,0.05,0.58,0.5,True,22,1,1,1
bin.82,75.24,0.13,Gradient Boost (General Model),11,None,2761,2342,60,class,0.7,0.59,0.07,0.39,1.37,0.5,0.3,True,14,1,1,1
bin.83,74.9,3.26,Gradient Boost (General Model),11,None,2666,2514,62,phylum,0.92,0.87,0.08,0.03,0.06,0.57,0.5,True,21,0,0,0
bin.84,96.73,0.12,Gradient Boost (General Model),11,None,623,544,1,kingdom,0.99,0.86,0.0,0.0,0.0,0.52,0.45,True,20,1,0,2
bin.85,97.48,0.49,Gradient Boost (General Model),11,None,651,591,1,kingdom,0.99,0.9,0.0,0.0,0.0,0.61,0.55,True,21,1,1,1
bin.86,81.61,6.13,Gradient Boost (General Model),11,None,2088,1832,28,phylum,0.93,0.82,0.28,0.03,0.05,0.57,0.47,True,17,2,1,1
bin.87,64.08,3.97,Gradient Boost (General Model),11,None,1704,1491,93,genus,0.65,0.57,0.23,0.74,4.39,0.54,0.31,True,15,0,0,0
bin.88,78.55,1.08,Gradient Boost (General Model),11,None,1525,1412,43,family,0.73,0.67,0.14,0.18,0.48,0.59,0.4,True,16,1,1,1
bin.89,66.37,1.42,Gradient Boost (General Model),11,None,1572,1479,41,class,0.92,0.87,0.12,0.4,1.27,0.58,0.5,True,16,1,1,1
bin.9,98.69,1.6,Gradient Boost (General Model),11,None,1888,1828,10,class,0.94,0.91,0.06,0.04,0.09,0.95,0.87,True,22,2,0,2
bin.90,69.71,0.47,Neural Network (Specific Model),11,None,1599,1463,55,phylum,0.93,0.85,0.17,0.09,0.19,0.58,0.5,True,14,2,2,2
bin.91,89.19,0.46,Gradient Boost (General Model),11,None,822,697,4,phylum,0.8,0.68,0.02,0.1,0.23,0.55,0.37,True,22,1,0,1
bin.92,57.43,0.99,Gradient Boost (General Model),11,None,2170,1793,78,phylum,0.81,0.67,0.12,0.12,0.28,0.53,0.36,True,19,1,1,1
bin.93,66.51,0.11,Gradient Boost (General Model),11,None,790,719,37,class,0.92,0.84,0.05,0.27,0.78,0.55,0.46,True,21,1,1,1
bin.94,60.78,0.56,Gradient Boost (General Model),11,None,1249,1131,43,phylum,0.77,0.7,0.13,0.45,2.02,0.54,0.38,True,18,3,1,1
bin.95,63.92,3.0,Gradient Boost (General Model),11,None,1981,1855,47,phylum,0.85,0.79,0.04,0.09,0.19,0.54,0.43,True,19,1,1,1
bin.96,62.79,2.2,Neural Network (Specific Model),11,None,870,727,35,phylum,0.94,0.79,0.23,0.18,0.43,0.51,0.4,True,19,0,1,1
bin.97,55.78,1.82,Gradient Boost (General Model),11,None,2326,1962,74,class,0.56,0.47,0.04,0.67,4.46,0.49,0.23,True,15,2,2,2
bin.98,90.22,2.45,Gradient Boost (General Model),11,None,2762,2673,37,kingdom,1.0,0.97,0.0,0.0,0.0,0.95,0.92,True,22,1,1,1
bin.99,49.61,0.08,Neural Network (Specific Model),11,None,1522,1471,50,family,0.92,0.89,0.14,0.09,0.2,0.84,0.74,True,8,0,0,0
