,Completeness,Contamination,Completeness_Model_Used,Translation_Table_Used,Additional_Notes,n_genes_called,n_genes_mapped,n_contigs,taxonomic_level,proportion_genes_retained_in_major_clades,genes_retained_index,clade_separation_score,contamination_portion,n_effective_surplus_clades,mean_hit_identity,reference_representation_score,pass.GUNC,tRNA,16S,5S,23S
bin.0,35.54,0.79,Gradient Boost (General Model),4,None,4934,4397,26,genus,0.84,0.75,0.22,0.06,0.14,0.92,0.69,True,23,5,5,5
bin.1,84.94,10.56,Neural Network (Specific Model),11,None,5889,5302,71,phylum,0.98,0.89,1.0,0.11,0.25,0.95,0.84,False,22,6,6,6
bin.101,19.82,0.05,Neural Network (Specific Model),11,None,685,642,1,kingdom,1.0,0.94,0.0,0.0,0.0,0.92,0.86,True,13,0,0,0
bin.11,12.37,4.6,Neural Network (Specific Model),11,None,1528,1247,46,genus,0.72,0.58,0.98,0.16,0.41,0.9,0.52,False,8,1,0,0
bin.110,67.87,0.24,Neural Network (Specific Model),11,None,2716,2631,1,kingdom,1.0,0.97,0.0,0.0,0.0,0.94,0.91,True,18,5,5,5
bin.117,10.73,0.08,Neural Network (Specific Model),11,None,506,494,2,genus,0.95,0.92,0.07,0.18,0.43,0.97,0.9,True,1,0,0,0
bin.12,8.44,0.06,Neural Network (Specific Model),11,None,773,630,26,phylum,1.0,0.81,0.93,0.17,0.4,0.84,0.68,False,0,0,0,0
bin.15,16.48,2.58,Neural Network (Specific Model),11,None,2383,1951,56,genus,0.71,0.58,0.26,0.67,4.36,0.79,0.46,True,4,0,0,0
bin.19,53.82,5.72,Gradient Boost (General Model),11,None,6176,5750,38,kingdom,1.0,0.93,0.0,0.0,0.0,0.93,0.86,True,23,6,6,6
bin.2,99.98,8.82,Neural Network (Specific Model),11,None,2974,2854,36,class,0.97,0.93,0.99,0.25,0.6,0.91,0.85,False,22,6,6,6
bin.20,5.11,0.01,Neural Network (Specific Model),11,None,597,423,18,genus,0.79,0.56,0.6,0.63,3.64,0.78,0.44,False,4,0,0,0
bin.21,91.86,3.51,Neural Network (Specific Model),11,None,2793,2640,13,kingdom,1.0,0.95,0.0,0.0,0.0,0.94,0.89,True,23,5,5,5
bin.23,29.65,6.0,Gradient Boost (General Model),11,Low confidence prediction - substantial (30%) disagreement between completeness prediction models,6812,6144,95,kingdom,1.0,0.9,0.0,0.0,0.0,0.9,0.81,True,20,1,1,1
bin.24,64.22,10.49,Gradient Boost (General Model),11,None,8014,7474,10,order,0.97,0.91,0.95,0.37,0.87,0.92,0.84,False,23,6,0,6
bin.26,85.87,9.77,Neural Network (Specific Model),11,None,5764,5324,10,genus,0.91,0.84,1.0,0.06,0.12,0.94,0.79,False,24,10,11,11
bin.27,99.99,2.23,Neural Network (Specific Model),11,None,3332,3034,45,genus,0.78,0.71,1.0,0.04,0.08,0.97,0.68,False,23,6,6,6
bin.28,29.0,0.13,Neural Network (Specific Model),4,None,1763,1576,38,kingdom,1.0,0.89,0.0,0.0,0.0,0.93,0.83,True,11,0,0,0
bin.31,99.98,0.78,Neural Network (Specific Model),11,None,2029,1869,1,kingdom,1.0,0.92,0.0,0.0,0.0,0.93,0.86,True,23,5,0,5
bin.32,96.06,1.94,Neural Network (Specific Model),11,None,2071,1995,1,kingdom,1.0,0.96,0.0,0.0,0.0,0.93,0.9,True,22,4,0,4
bin.34,55.63,1.93,Neural Network (Specific Model),11,None,1655,1600,3,kingdom,1.0,0.97,0.0,0.0,0.0,0.93,0.9,True,16,3,3,3
bin.36,98.84,59.71,Neural Network (Specific Model),11,None,9254,8915,16,genus,0.95,0.91,0.27,0.15,0.35,0.95,0.87,True,23,13,14,13
bin.37,13.11,0.61,Neural Network (Specific Model),11,None,1074,978,9,genus,0.8,0.72,0.35,0.52,2.57,0.91,0.66,True,13,0,0,0
bin.38,34.19,0.0,Neural Network (Specific Model),11,None,1924,1840,7,family,0.92,0.88,0.04,0.02,0.05,0.94,0.83,True,14,1,1,1
bin.39,27.01,4.01,Neural Network (Specific Model),4,None,2174,2000,22,family,0.97,0.89,0.19,0.06,0.12,0.92,0.82,True,14,5,5,5
bin.4,62.51,16.7,Gradient Boost (General Model),11,None,10101,9295,114,genus,0.9,0.82,0.35,0.06,0.13,0.92,0.76,True,25,8,4,8
bin.44,15.6,0.09,Neural Network (Specific Model),11,None,838,778,3,family,0.91,0.85,0.01,0.24,0.61,0.88,0.75,True,8,2,2,2
bin.47,99.18,5.73,Gradient Boost (General Model),11,None,3982,3818,7,family,0.92,0.88,0.05,0.03,0.06,0.96,0.84,True,22,2,2,2
bin.5,5.44,0.0,Neural Network (Specific Model),11,None,396,351,12,genus,0.93,0.82,0.3,0.02,0.05,0.9,0.74,True,2,0,0,0
bin.56,36.98,0.86,Neural Network (Specific Model),11,None,1552,1450,5,genus,0.76,0.71,0.11,0.67,4.31,0.77,0.55,True,15,1,0,1
bin.57,44.03,4.36,Neural Network (Specific Model),11,None,3972,3685,5,kingdom,1.0,0.93,0.0,0.0,0.0,0.92,0.85,True,16,0,0,0
bin.59,57.36,0.3,Neural Network (Specific Model),11,None,2016,1986,5,kingdom,1.0,0.99,0.0,0.0,0.0,0.96,0.94,True,19,2,3,2
bin.6,82.31,26.75,Gradient Boost (General Model),4,None,5866,5400,80,kingdom,1.0,0.92,0.0,0.0,0.0,0.91,0.84,True,23,2,3,2
bin.60,13.91,0.0,Neural Network (Specific Model),4,None,1086,922,24,genus,0.84,0.72,0.62,0.3,0.95,0.9,0.65,False,17,0,0,0
bin.63,85.17,6.37,Neural Network (Specific Model),11,None,2552,2453,16,genus,0.91,0.87,0.02,0.51,1.65,0.86,0.75,True,21,3,7,3
bin.7,30.26,1.04,Neural Network (Specific Model),4,None,3799,3201,57,genus,0.86,0.73,0.65,0.23,0.64,0.88,0.64,False,7,0,0,0
bin.72,15.53,0.11,Neural Network (Specific Model),11,None,476,261,1,kingdom,0.99,0.54,0.0,0.0,0.0,0.44,0.24,True,19,0,0,0
bin.76,15.67,0.01,Neural Network (Specific Model),11,None,379,373,1,kingdom,1.0,0.98,0.0,0.0,0.0,0.94,0.92,True,1,1,0,1
bin.77,99.99,0.07,Neural Network (Specific Model),11,None,2597,2492,3,kingdom,1.0,0.96,0.0,0.0,0.0,0.92,0.89,True,22,7,7,7
bin.79,45.75,0.2,Neural Network (Specific Model),11,None,1891,1811,5,family,0.96,0.92,0.09,0.07,0.16,0.94,0.86,True,16,2,2,2
bin.8,46.79,2.74,Neural Network (Specific Model),4,None,4572,3665,44,genus,0.83,0.67,0.3,0.04,0.07,0.85,0.57,True,17,0,0,0
bin.82,99.96,6.04,Neural Network (Specific Model),11,None,5745,5539,5,family,0.89,0.86,0.01,0.19,0.48,0.86,0.74,True,23,5,0,5
bin.83,94.58,2.62,Neural Network (Specific Model),11,None,4785,4468,1,kingdom,1.0,0.93,0.0,0.0,0.0,0.9,0.84,True,22,6,0,6
bin.84,90.73,2.14,Neural Network (Specific Model),11,None,2421,2365,1,kingdom,1.0,0.98,0.0,0.0,0.0,0.95,0.93,True,22,5,0,5
bin.85,97.33,0.04,Gradient Boost (General Model),11,None,3077,2862,3,family,0.89,0.83,0.01,0.41,1.19,0.76,0.63,True,23,7,7,7
bin.88,73.56,0.12,Neural Network (Specific Model),11,None,3025,2927,2,family,0.97,0.94,0.01,0.11,0.26,0.96,0.91,True,21,5,5,5
bin.89,10.72,0.06,Neural Network (Specific Model),11,None,418,394,1,kingdom,1.0,0.94,0.0,0.0,0.0,0.9,0.85,True,2,0,0,0
bin.9,85.16,5.76,Neural Network (Specific Model),11,None,5395,5046,29,order,0.98,0.92,0.32,0.11,0.23,0.94,0.86,True,23,5,5,5
bin.93,25.0,0.08,Neural Network (Specific Model),11,None,1070,1029,3,kingdom,1.0,0.96,0.0,0.0,0.0,0.93,0.9,True,17,3,3,3
bin.97,17.3,0.0,Neural Network (Specific Model),11,None,709,673,1,kingdom,1.0,0.95,0.0,0.0,0.0,0.93,0.88,True,9,0,0,0
bin.98,72.72,0.81,Gradient Boost (General Model),11,None,2105,2022,1,kingdom,1.0,0.96,0.0,0.0,0.0,0.71,0.68,True,21,6,6,6
recluster_16.bin.0,19.5,1.14,Neural Network (Specific Model),11,None,792,756,12,family,0.94,0.9,0.1,0.31,0.87,0.78,0.7,True,4,0,0,0
recluster_16.bin.1,38.89,15.06,Neural Network (Specific Model),11,None,2218,2148,12,genus,0.85,0.82,0.06,0.48,1.97,0.82,0.67,True,4,0,0,0
recluster_22.bin.0,89.96,67.61,Neural Network (Specific Model),11,None,6583,6371,35,genus,0.81,0.78,0.35,0.48,1.27,0.9,0.71,True,23,8,6,8
recluster_22.bin.1,31.94,8.35,Neural Network (Specific Model),11,None,1659,1602,10,genus,0.79,0.76,0.3,0.5,1.3,0.9,0.69,True,14,4,3,4
recluster_3.bin.0,9.57,0.17,Neural Network (Specific Model),11,None,395,351,19,phylum,0.99,0.88,1.0,0.36,0.85,0.82,0.72,False,8,0,0,0
recluster_33.bin.0,86.21,15.81,Neural Network (Specific Model),11,None,3894,3738,13,genus,0.84,0.81,0.02,0.3,0.93,0.82,0.66,True,22,11,10,11
recluster_33.bin.1,37.09,20.59,Neural Network (Specific Model),11,None,1828,1754,12,genus,0.84,0.81,0.03,0.34,1.14,0.76,0.61,True,19,5,5,5
recluster_33.bin.2,39.04,11.95,Neural Network (Specific Model),11,None,2006,1915,18,genus,0.84,0.81,0.06,0.46,1.78,0.8,0.64,True,10,1,1,1
recluster_35.bin.0,93.58,5.25,Gradient Boost (General Model),11,None,3914,3798,5,genus,0.82,0.8,0.75,0.29,0.73,0.96,0.77,False,21,7,1,7
recluster_35.bin.1,77.32,4.67,Gradient Boost (General Model),11,None,5107,4741,3,genus,0.84,0.78,0.11,0.17,0.44,0.91,0.71,True,22,4,0,4
recluster_51.bin.0,94.1,29.75,Gradient Boost (General Model),11,None,11475,10877,3,genus,0.84,0.79,0.77,0.37,0.97,0.95,0.76,False,24,11,1,11
recluster_51.bin.1,15.42,0.01,Neural Network (Specific Model),11,None,698,644,6,genus,0.81,0.74,0.13,0.51,2.24,0.83,0.61,True,12,1,1,1
recluster_78.bin.0,61.68,3.27,Neural Network (Specific Model),11,None,2650,2568,3,family,0.95,0.92,0.06,0.03,0.05,0.95,0.88,True,19,4,4,4
recluster_78.bin.1,85.71,2.15,Neural Network (Specific Model),11,None,7541,7147,6,family,0.95,0.9,0.08,0.02,0.05,0.94,0.84,True,23,4,4,4
