,Completeness,Contamination,Completeness_Model_Used,Translation_Table_Used,Additional_Notes,n_genes_called,n_genes_mapped,n_contigs,taxonomic_level,proportion_genes_retained_in_major_clades,genes_retained_index,clade_separation_score,contamination_portion,n_effective_surplus_clades,mean_hit_identity,reference_representation_score,pass.GUNC,tRNA,16S,5S,23S
101,76.92,1.14,Neural Network (Specific Model),11,None,1799,1665,51,class,0.9,0.83,0.17,0.3,0.86,0.63,0.52,True,18,0,0,0
1039,22.62,0.54,Neural Network (Specific Model),11,None,744,669,24,phylum,0.78,0.7,0.08,0.4,1.59,0.49,0.34,True,8,0,0,0
115,95.14,2.17,Gradient Boost (General Model),11,None,1228,1114,19,phylum,0.74,0.67,0.02,0.76,5.73,0.49,0.33,True,21,1,1,1
1267,75.45,1.09,Neural Network (Specific Model),11,None,1294,1266,59,class,0.98,0.96,0.24,0.04,0.08,0.98,0.94,True,15,1,1,1
1303,91.1,5.71,Gradient Boost (General Model),11,None,1591,1493,6,order,0.82,0.76,0.03,0.58,2.24,0.56,0.43,True,22,1,1,1
1310,26.58,0.46,Neural Network (Specific Model),11,None,1284,986,69,class,0.68,0.52,0.09,0.78,5.66,0.49,0.26,True,10,0,0,0
1337,87.38,1.03,Gradient Boost (General Model),11,None,2166,2029,2,kingdom,0.99,0.93,0.0,0.0,0.0,0.58,0.54,True,22,1,1,1
1343,99.39,0.12,Gradient Boost (General Model),11,None,2019,1956,8,genus,0.63,0.61,0.08,0.09,0.19,0.64,0.39,True,22,3,3,3
1366,100.0,1.27,Gradient Boost (General Model),11,None,2268,2163,4,order,0.91,0.87,0.03,0.28,0.82,0.65,0.56,True,21,2,2,2
1369,24.63,0.39,Neural Network (Specific Model),11,None,481,442,23,genus,0.58,0.54,0.16,0.32,1.03,0.56,0.3,True,7,0,0,0
1371,99.22,1.41,Gradient Boost (General Model),11,None,1842,1785,10,class,0.94,0.91,0.05,0.04,0.09,0.95,0.87,True,22,2,0,2
1380,98.77,0.03,Neural Network (Specific Model),11,None,2276,2233,43,kingdom,1.0,0.98,0.0,0.0,0.0,0.98,0.96,True,20,0,0,0
1399,86.88,15.48,Neural Network (Specific Model),11,None,2218,1964,63,class,0.82,0.72,0.06,0.03,0.05,0.57,0.42,True,20,1,1,1
1405,58.69,2.25,Gradient Boost (General Model),11,None,2533,2078,91,class,0.58,0.48,0.05,0.68,4.83,0.49,0.23,True,15,2,2,2
1419,54.73,0.41,Neural Network (Specific Model),11,None,1964,1796,83,class,0.86,0.79,0.09,0.1,0.22,0.56,0.44,True,12,0,0,0
1427,14.6,0.0,Neural Network (Specific Model),11,None,516,510,26,kingdom,1.0,0.99,0.0,0.0,0.0,0.95,0.94,True,2,1,1,1
1431,8.12,0.0,Neural Network (Specific Model),11,None,276,250,14,order,0.77,0.7,0.32,0.05,0.1,0.88,0.62,True,4,0,0,0
1434,92.7,0.17,Gradient Boost (General Model),11,None,1382,1237,15,genus,0.64,0.57,0.03,0.81,6.92,0.5,0.29,True,21,2,2,2
1435,95.5,1.23,Gradient Boost (General Model),11,None,2225,2113,18,genus,0.43,0.41,0.03,0.62,3.27,0.59,0.24,True,21,2,1,1
1448,97.38,0.05,Gradient Boost (General Model),11,None,2268,2172,22,genus,0.44,0.42,0.05,0.64,3.52,0.59,0.25,True,21,3,3,3
1478,96.87,2.8,Gradient Boost (General Model),11,None,2261,2134,17,genus,0.44,0.42,0.03,0.45,1.96,0.58,0.24,True,22,2,2,2
1513,13.2,0.0,Neural Network (Specific Model),11,None,628,471,36,phylum,0.84,0.63,0.09,0.73,6.69,0.49,0.31,True,2,0,0,0
1542,17.58,0.01,Neural Network (Specific Model),11,None,484,365,28,phylum,0.78,0.58,0.08,0.37,1.41,0.5,0.29,True,8,1,1,1
1560,97.24,1.01,Gradient Boost (General Model),11,None,1805,1613,10,class,0.91,0.81,0.03,0.68,3.91,0.53,0.43,True,22,2,2,2
1715,96.97,14.39,Gradient Boost (General Model),11,None,911,809,14,kingdom,1.0,0.89,0.2,0.02,0.05,0.51,0.46,True,19,1,0,1
1762,94.64,1.93,Gradient Boost (General Model),11,None,2159,1828,11,kingdom,0.99,0.84,0.0,0.0,0.0,0.52,0.44,True,20,1,0,1
1790,26.98,0.6,Neural Network (Specific Model),11,None,611,566,28,genus,0.68,0.63,0.11,0.24,0.63,0.63,0.4,True,6,1,1,1
1791,81.59,1.66,Neural Network (Specific Model),11,None,1699,1622,14,phylum,0.98,0.94,0.3,0.03,0.06,0.91,0.86,True,19,0,0,0
18,84.75,0.27,Gradient Boost (General Model),11,None,1157,1049,41,phylum,0.93,0.85,0.02,0.11,0.25,0.54,0.46,True,19,2,2,1
1836,97.37,22.02,Gradient Boost (General Model),11,None,4263,3882,7,class,0.9,0.82,0.02,0.29,0.82,0.64,0.53,True,22,2,2,2
190,71.85,0.49,Neural Network (Specific Model),11,None,1624,1486,61,phylum,0.93,0.85,0.18,0.09,0.19,0.58,0.5,True,14,2,2,2
193,95.31,1.59,Gradient Boost (General Model),11,None,3755,3234,1,kingdom,0.99,0.85,0.0,0.0,0.0,0.57,0.48,True,23,1,0,1
1940,99.77,72.0,Neural Network (Specific Model),11,None,1675,1430,23,class,0.79,0.67,0.14,0.05,0.12,0.59,0.4,True,22,2,1,2
1942,5.45,0.0,Neural Network (Specific Model),11,None,237,170,15,class,0.56,0.4,0.08,0.81,7.77,0.45,0.18,True,0,0,0,0
2104,67.38,0.19,Neural Network (Specific Model),11,None,1947,1813,73,class,0.93,0.87,0.26,0.05,0.1,0.73,0.63,True,18,0,0,0
215,95.48,0.19,Neural Network (Specific Model),11,None,2369,2217,1,kingdom,1.0,0.94,0.0,0.06,0.12,0.77,0.73,True,19,2,2,2
2155,97.5,0.71,Gradient Boost (General Model),11,None,3082,2905,13,family,0.76,0.72,0.04,0.12,0.29,0.66,0.47,True,21,1,1,1
219,67.74,0.58,Gradient Boost (General Model),11,None,1641,1517,52,genus,0.68,0.63,0.19,0.03,0.06,0.6,0.38,True,11,0,0,0
2267,97.53,92.15,Gradient Boost (General Model),11,None,8598,8034,228,phylum,0.9,0.84,0.24,0.03,0.06,0.67,0.56,True,24,7,5,5
23,95.43,0.83,Gradient Boost (General Model),11,None,2430,2177,48,phylum,0.8,0.72,0.05,0.48,2.32,0.51,0.37,True,22,2,1,1
2358,9.85,0.0,Neural Network (Specific Model),11,None,333,319,18,genus,0.95,0.91,0.45,0.1,0.21,0.95,0.86,True,1,0,0,0
2385,45.1,0.52,Neural Network (Specific Model),11,None,943,896,36,genus,0.69,0.66,0.12,0.14,0.33,0.68,0.45,True,13,1,2,1
2411,95.01,0.03,Neural Network (Specific Model),11,None,1730,1704,6,phylum,0.97,0.96,0.04,0.04,0.08,0.77,0.74,True,23,2,2,2
2446,21.89,1.24,Neural Network (Specific Model),11,None,716,660,30,class,0.97,0.89,0.14,0.04,0.08,0.65,0.58,True,14,1,2,1
2461,45.02,1.49,Neural Network (Specific Model),11,None,1368,1322,42,family,0.92,0.88,0.13,0.1,0.22,0.84,0.74,True,8,0,0,0
247,85.72,0.25,Gradient Boost (General Model),11,None,1812,1640,52,phylum,0.92,0.83,0.09,0.06,0.13,0.56,0.46,True,18,1,1,1
2482,91.38,0.95,Gradient Boost (General Model),11,None,1843,1677,9,class,0.87,0.79,0.03,0.04,0.08,0.59,0.46,True,20,2,2,2
2525,37.94,1.36,Neural Network (Specific Model),11,None,972,847,37,phylum,0.83,0.72,0.07,0.53,2.49,0.53,0.38,True,8,1,1,1
2548,94.18,0.43,Gradient Boost (General Model),11,None,924,701,14,phylum,0.78,0.59,0.05,0.57,2.42,0.49,0.29,True,20,1,0,0
2583,94.68,0.25,Neural Network (Specific Model),11,None,1650,1583,2,kingdom,1.0,0.96,0.0,0.0,0.0,0.68,0.65,True,23,2,2,2
260,87.17,4.27,Neural Network (Specific Model),11,None,2800,2630,51,family,0.82,0.77,0.1,0.15,0.37,0.73,0.56,True,19,1,1,1
2607,52.06,0.72,Neural Network (Specific Model),11,None,1531,1381,66,genus,0.73,0.66,0.06,0.14,0.31,0.62,0.41,True,9,1,0,0
2630,28.05,0.48,Neural Network (Specific Model),11,None,741,693,1,kingdom,0.99,0.93,0.0,0.0,0.0,0.58,0.54,True,5,0,0,0
2631,76.46,2.02,Gradient Boost (General Model),11,None,1562,1442,48,family,0.74,0.68,0.12,0.21,0.57,0.59,0.4,True,17,2,1,1
2632,77.91,1.43,Neural Network (Specific Model),11,None,1520,1420,28,order,0.89,0.83,0.02,0.07,0.15,0.57,0.47,True,17,0,0,0
2723,90.11,40.16,Gradient Boost (General Model),11,None,2794,2482,110,phylum,0.96,0.85,0.19,0.21,0.53,0.54,0.45,True,18,1,1,1
275,92.42,0.34,Gradient Boost (General Model),11,None,1675,1465,14,class,0.89,0.78,0.04,0.69,3.97,0.51,0.4,True,22,2,2,2
2811,9.0,0.04,Neural Network (Specific Model),11,None,207,190,16,genus,0.88,0.81,1.0,0.05,0.11,0.78,0.64,False,2,0,0,0
2844,7.09,0.0,Neural Network (Specific Model),11,None,343,293,18,genus,0.61,0.52,0.28,0.48,1.82,0.64,0.33,True,6,0,0,0
287,97.94,4.0,Gradient Boost (General Model),11,None,3314,3024,11,class,0.83,0.76,0.14,0.05,0.1,0.68,0.52,True,24,1,1,1
2889,9.08,0.22,Neural Network (Specific Model),11,None,202,197,1,kingdom,1.0,0.98,0.0,0.0,0.0,0.67,0.65,True,5,0,0,0
289,90.34,1.26,Gradient Boost (General Model),11,None,2316,2162,7,phylum,0.97,0.91,0.06,0.03,0.06,0.65,0.59,True,21,0,1,0
29,49.44,5.37,Gradient Boost (General Model),11,None,1761,1645,60,family,0.77,0.72,0.07,0.47,2.12,0.59,0.43,True,17,0,1,0
2902,93.81,0.05,Gradient Boost (General Model),11,None,1649,1560,2,phylum,0.95,0.9,0.04,0.05,0.11,0.88,0.79,True,21,1,1,1
2925,93.5,0.85,Gradient Boost (General Model),11,None,1835,1678,12,class,0.87,0.79,0.02,0.08,0.18,0.54,0.43,True,22,2,2,2
3,9.52,0.01,Neural Network (Specific Model),11,None,388,299,27,class,0.79,0.61,0.1,0.55,3.0,0.53,0.32,True,3,0,0,0
3048,84.57,4.16,Gradient Boost (General Model),11,None,2867,2379,95,order,0.55,0.46,0.09,0.49,2.38,0.51,0.23,True,20,1,0,1
3209,23.38,0.26,Neural Network (Specific Model),11,None,1299,1064,62,kingdom,1.0,0.82,0.08,0.02,0.04,0.5,0.41,True,4,0,0,0
3265,57.68,1.06,Gradient Boost (General Model),11,None,2095,1723,74,phylum,0.79,0.65,0.19,0.11,0.24,0.54,0.35,True,18,1,1,1
3518,94.85,42.7,Gradient Boost (General Model),11,None,3030,2933,65,family,0.83,0.8,0.16,0.3,0.71,0.73,0.58,True,23,2,1,3
3641,99.56,0.91,Neural Network (Specific Model),11,None,2142,2008,3,phylum,0.91,0.85,0.01,0.11,0.25,0.57,0.49,True,23,1,1,1
3712,94.48,1.61,Gradient Boost (General Model),11,None,2257,1995,3,kingdom,1.0,0.88,0.01,0.02,0.04,0.49,0.43,True,22,3,3,3
3746,73.55,11.57,Gradient Boost (General Model),11,None,2150,2037,46,genus,0.62,0.58,0.51,0.05,0.1,0.63,0.37,False,23,3,3,3
382,74.98,1.46,Neural Network (Specific Model),11,None,2129,2062,51,kingdom,1.0,0.97,0.0,0.0,0.0,0.84,0.82,True,20,1,1,1
39,81.44,1.08,Gradient Boost (General Model),11,None,1919,1656,36,family,0.74,0.64,0.11,0.03,0.06,0.55,0.35,True,22,1,2,2
394,66.83,1.36,Gradient Boost (General Model),11,None,1582,1488,41,class,0.92,0.87,0.12,0.39,1.26,0.58,0.5,True,16,1,1,1
3961,14.57,0.2,Neural Network (Specific Model),11,None,362,347,13,family,0.91,0.87,0.14,0.13,0.29,0.67,0.59,True,4,0,0,0
3998,97.16,3.63,Gradient Boost (General Model),11,None,2677,2520,23,phylum,0.92,0.87,0.08,0.26,0.71,0.59,0.51,True,22,2,2,2
4114,11.12,0.04,Neural Network (Specific Model),11,None,349,333,11,class,0.97,0.93,0.01,0.02,0.04,0.65,0.6,True,0,0,0,0
4122,97.2,11.93,Gradient Boost (General Model),11,None,3709,3563,9,order,0.88,0.84,0.01,0.08,0.17,0.78,0.66,True,23,1,1,1
423,68.52,1.4,Gradient Boost (General Model),11,None,2301,1996,52,family,0.67,0.58,0.08,0.16,0.41,0.54,0.31,True,23,2,1,2
43,16.39,0.0,Neural Network (Specific Model),11,None,324,306,1,kingdom,1.0,0.94,0.0,0.0,0.0,0.63,0.59,True,7,0,0,0
4302,84.51,0.08,Gradient Boost (General Model),11,None,1484,1406,29,family,0.79,0.75,0.12,0.12,0.28,0.65,0.48,True,21,2,2,2
4345,100.0,0.0,Gradient Boost (General Model),11,None,1150,1032,5,family,0.81,0.73,0.01,0.38,1.01,0.55,0.4,True,22,2,0,2
444,10.47,0.11,Neural Network (Specific Model),11,None,385,150,3,kingdom,1.0,0.39,0.0,0.04,0.08,0.42,0.16,True,18,0,0,0
4670,92.61,17.91,Neural Network (Specific Model),11,None,2856,2648,69,phylum,0.96,0.89,0.14,0.14,0.31,0.65,0.58,True,22,4,4,4
47,81.48,5.83,Gradient Boost (General Model),11,None,2209,1941,30,phylum,0.93,0.82,0.27,0.02,0.05,0.58,0.47,True,20,2,1,1
4766,96.16,2.21,Gradient Boost (General Model),11,None,1463,1305,2,kingdom,1.0,0.89,0.0,0.0,0.0,0.52,0.46,True,22,2,2,2
4915,8.75,0.13,Neural Network (Specific Model),11,None,225,216,1,kingdom,1.0,0.96,0.0,0.0,0.0,0.65,0.62,True,5,0,0,0
4934,90.06,3.83,Gradient Boost (General Model),11,None,2874,2777,41,kingdom,1.0,0.97,0.0,0.0,0.0,0.94,0.91,True,21,2,1,1
5392,61.5,10.72,Gradient Boost (General Model),11,None,2287,2042,77,genus,0.59,0.52,0.26,0.04,0.09,0.65,0.34,True,13,0,0,0
5399,95.16,37.07,Gradient Boost (General Model),11,None,4745,4476,110,phylum,0.92,0.87,0.1,0.03,0.05,0.58,0.5,True,21,0,0,0
562,96.08,1.93,Gradient Boost (General Model),11,None,3249,2683,41,phylum,0.77,0.64,0.01,0.72,5.23,0.45,0.29,True,23,1,1,1
5649,55.37,0.21,Gradient Boost (General Model),11,None,2398,2007,50,class,0.66,0.55,0.06,0.38,1.29,0.49,0.27,True,14,1,1,1
5979,6.01,0.06,Neural Network (Specific Model),11,None,225,205,10,family,0.8,0.72,0.11,0.33,0.99,0.61,0.44,True,2,0,0,0
6150,5.58,0.0,Neural Network (Specific Model),11,None,266,190,11,class,0.63,0.45,0.02,0.74,6.63,0.46,0.2,True,1,0,0,0
622,100.0,1.01,Gradient Boost (General Model),11,None,2182,1995,16,class,0.88,0.81,0.01,0.21,0.53,0.54,0.44,True,23,1,1,1
6272,86.63,3.45,Gradient Boost (General Model),11,None,1479,1430,15,class,0.91,0.88,0.05,0.03,0.07,0.62,0.55,True,21,1,1,1
6282,5.95,0.0,Neural Network (Specific Model),11,None,220,187,1,kingdom,1.0,0.85,0.0,0.04,0.08,0.54,0.46,True,1,0,0,0
6317,22.68,0.2,Neural Network (Specific Model),11,None,872,720,37,phylum,0.87,0.72,0.12,0.26,0.77,0.5,0.36,True,3,0,0,0
6365,42.65,2.23,Neural Network (Specific Model),11,None,2578,2357,118,phylum,0.87,0.79,0.14,0.19,0.48,0.61,0.48,True,11,0,0,0
64,100.0,0.17,Gradient Boost (General Model),11,None,1642,1534,2,kingdom,1.0,0.93,0.0,0.0,0.0,0.6,0.56,True,22,2,2,2
6425,7.43,0.0,Neural Network (Specific Model),11,None,222,184,19,class,0.7,0.58,0.08,0.77,7.48,0.5,0.29,True,2,0,0,0
6457,6.31,0.01,Neural Network (Specific Model),11,None,371,299,13,order,0.51,0.41,0.07,0.73,4.78,0.51,0.21,True,5,0,0,0
647,98.13,0.92,Neural Network (Specific Model),11,None,3731,3325,31,phylum,0.87,0.78,0.02,0.19,0.51,0.56,0.44,True,23,2,1,1
648,94.43,4.82,Gradient Boost (General Model),11,None,3081,2708,58,genus,0.46,0.4,0.06,0.71,3.58,0.56,0.22,True,22,2,1,2
6486,54.49,15.43,Gradient Boost (General Model),11,None,1763,1661,31,genus,0.54,0.51,0.1,0.31,0.98,0.62,0.32,True,20,1,3,1
6562,12.11,0.0,Neural Network (Specific Model),11,None,251,240,1,kingdom,1.0,0.96,0.0,0.0,0.0,0.8,0.77,True,7,0,0,0
671,84.38,1.04,Neural Network (Specific Model),11,None,1770,1673,54,phylum,0.98,0.92,0.17,0.03,0.07,0.59,0.55,True,21,2,2,2
675,59.61,0.64,Gradient Boost (General Model),11,None,1375,1207,51,phylum,0.77,0.67,0.13,0.44,1.93,0.53,0.36,True,18,2,1,1
678,81.49,0.16,Gradient Boost (General Model),11,None,1601,1403,58,phylum,0.95,0.83,0.37,0.04,0.08,0.55,0.46,True,15,1,1,1
682,69.08,0.91,Neural Network (Specific Model),11,None,1367,1318,48,order,0.95,0.91,0.21,0.03,0.05,0.77,0.7,True,19,2,1,1
6892,20.91,0.48,Neural Network (Specific Model),11,None,1021,861,48,family,0.52,0.44,0.12,0.79,6.37,0.53,0.23,True,10,0,0,0
693,65.37,1.42,Neural Network (Specific Model),11,None,1634,1592,44,kingdom,1.0,0.97,0.0,0.0,0.0,0.97,0.94,True,18,1,1,1
6974,16.76,0.05,Neural Network (Specific Model),11,None,483,467,12,order,0.91,0.88,0.09,0.21,0.51,0.66,0.59,True,14,0,0,0
6997,33.12,1.05,Neural Network (Specific Model),11,None,893,855,24,genus,0.76,0.73,0.23,0.34,1.03,0.62,0.45,True,19,2,2,2
7200,95.99,74.09,Gradient Boost (General Model),11,None,3976,3712,22,order,0.91,0.85,0.05,0.24,0.65,0.65,0.55,True,22,4,3,4
7274,97.51,82.97,Gradient Boost (General Model),11,None,4934,4328,20,class,0.82,0.72,0.08,0.06,0.13,0.58,0.42,True,23,6,4,4
729,92.61,0.94,Gradient Boost (General Model),11,None,2143,2017,39,genus,0.52,0.49,0.05,0.85,9.89,0.59,0.29,True,19,1,2,1
7429,80.61,21.25,Gradient Boost (General Model),11,None,3547,3349,54,genus,0.69,0.65,0.15,0.2,0.53,0.69,0.45,True,23,2,3,2
7504,13.87,0.0,Neural Network (Specific Model),11,None,634,488,32,class,0.76,0.59,0.08,0.76,5.91,0.48,0.28,True,6,0,0,0
7550,97.14,0.0,Neural Network (Specific Model),11,None,1911,1826,1,kingdom,1.0,0.95,0.0,0.0,0.0,0.65,0.62,True,22,1,1,1
7606,9.53,0.12,Neural Network (Specific Model),11,None,474,389,26,class,0.74,0.61,0.11,0.74,5.46,0.49,0.3,True,4,0,0,0
7617,100.0,110.22,Gradient Boost (General Model),11,None,16044,14851,122,phylum,0.93,0.86,0.86,0.57,2.16,0.6,0.52,False,23,11,9,10
765,64.99,3.83,Gradient Boost (General Model),11,None,2077,1943,53,kingdom,1.0,0.94,0.08,0.02,0.05,0.54,0.5,True,17,0,0,0
7761,19.46,0.12,Neural Network (Specific Model),11,None,635,581,26,order,0.85,0.78,0.16,0.4,1.23,0.64,0.49,True,8,0,0,0
7821,96.77,0.11,Gradient Boost (General Model),11,None,622,543,1,kingdom,0.99,0.86,0.0,0.0,0.0,0.52,0.45,True,20,1,0,2
783,64.82,0.43,Gradient Boost (General Model),11,None,1457,1340,33,order,0.89,0.82,0.07,0.04,0.09,0.59,0.48,True,18,2,2,2
815,94.02,4.79,Neural Network (Specific Model),11,None,3074,2945,57,phylum,0.98,0.94,0.15,0.03,0.07,0.69,0.64,True,21,4,2,2
819,94.31,1.47,Gradient Boost (General Model),11,None,577,496,5,kingdom,0.98,0.84,0.0,0.0,0.0,0.51,0.43,True,20,2,0,1
8223,12.19,1.41,Neural Network (Specific Model),11,None,526,482,12,family,0.61,0.56,0.06,0.7,4.6,0.56,0.31,True,1,0,1,0
827,53.1,0.27,Neural Network (Specific Model),11,None,1787,1608,81,family,0.75,0.67,0.12,0.55,2.16,0.59,0.4,True,17,1,1,1
8468,99.23,78.44,Gradient Boost (General Model),11,None,5472,5177,58,class,0.9,0.86,0.07,0.05,0.11,0.61,0.53,True,23,6,7,7
8520,97.82,102.7,Gradient Boost (General Model),11,None,6838,6205,65,phylum,0.83,0.76,0.03,0.04,0.09,0.55,0.42,True,22,2,2,2
8577,5.02,0.0,Neural Network (Specific Model),11,None,264,237,14,phylum,0.89,0.8,0.14,0.02,0.05,0.55,0.44,True,2,0,2,0
8701,61.84,0.0,Gradient Boost (General Model),11,None,582,537,18,class,0.94,0.87,0.05,0.25,0.69,0.55,0.48,True,5,0,0,0
8707,14.08,0.77,Neural Network (Specific Model),11,None,563,495,18,family,0.53,0.46,0.07,0.78,5.41,0.53,0.24,True,4,1,0,1
8783,17.46,0.0,Neural Network (Specific Model),11,None,519,509,13,genus,0.89,0.87,0.19,0.03,0.05,0.78,0.68,True,3,0,0,0
8794,7.45,0.08,Neural Network (Specific Model),11,None,272,250,10,genus,0.5,0.46,0.16,0.73,5.03,0.58,0.27,True,1,0,0,0
8802,62.49,0.46,Gradient Boost (General Model),11,None,1294,1125,38,genus,0.51,0.44,0.08,0.78,5.56,0.51,0.22,True,6,1,1,1
8987,36.75,0.03,Neural Network (Specific Model),11,None,458,403,14,phylum,0.92,0.81,0.02,0.05,0.11,0.5,0.41,True,13,0,0,0
8990,69.99,0.12,Gradient Boost (General Model),11,None,999,885,21,genus,0.72,0.64,0.06,0.66,3.47,0.55,0.35,True,18,1,0,1
8992,8.82,0.0,Neural Network (Specific Model),11,None,343,318,16,phylum,0.93,0.86,0.11,0.03,0.06,0.55,0.47,True,4,0,0,0
8995,84.88,0.03,Gradient Boost (General Model),11,None,1890,1753,14,class,0.93,0.86,0.02,0.28,0.73,0.56,0.48,True,22,3,3,3
8996,33.77,0.85,Neural Network (Specific Model),11,None,422,362,16,class,0.9,0.77,0.03,0.74,4.54,0.53,0.4,True,3,0,0,0
8998,77.86,6.0,Neural Network (Specific Model),11,None,2653,2554,17,order,0.93,0.89,0.06,0.24,0.6,0.74,0.66,True,20,1,1,1
9002,7.99,0.18,Neural Network (Specific Model),11,None,330,114,3,kingdom,1.0,0.35,0.0,0.04,0.07,0.42,0.14,True,17,0,0,0
9009,63.7,0.22,Neural Network (Specific Model),11,None,1206,1172,12,order,0.95,0.92,0.51,0.05,0.12,0.96,0.88,False,19,1,0,1
9035,31.41,0.02,Neural Network (Specific Model),11,None,686,669,3,genus,0.93,0.91,0.02,0.03,0.06,0.96,0.88,True,12,2,0,2
921,94.86,0.93,Neural Network (Specific Model),11,None,2123,2042,15,kingdom,1.0,0.96,0.16,0.02,0.05,0.82,0.79,True,20,1,1,1
