,Completeness,Contamination,Completeness_Model_Used,Translation_Table_Used,Additional_Notes,n_genes_called,n_genes_mapped,n_contigs,taxonomic_level,proportion_genes_retained_in_major_clades,genes_retained_index,clade_separation_score,contamination_portion,n_effective_surplus_clades,mean_hit_identity,reference_representation_score,pass.GUNC,tRNA,16S,5S,23S
10,39.35,0.36,Neural Network (Specific Model),11,None,1118,1017,24,family,0.93,0.84,0.26,0.02,0.05,0.94,0.79,True,15,0,0,0
1002,92.32,1.34,Gradient Boost (General Model),11,None,2106,1905,10,class,0.92,0.83,0.02,0.08,0.19,0.63,0.52,True,23,2,2,2
101,97.05,99.83,Gradient Boost (General Model),11,Low confidence prediction - substantial (30%) disagreement between completeness prediction models,7435,6457,103,phylum,0.96,0.84,0.05,0.03,0.07,0.56,0.47,True,22,4,4,4
1011,99.71,0.67,Neural Network (Specific Model),11,None,1653,1536,2,kingdom,1.0,0.93,0.0,0.12,0.27,0.63,0.58,True,20,3,4,3
1016,55.02,2.81,Gradient Boost (General Model),11,None,1275,1185,2,kingdom,1.0,0.93,0.0,0.0,0.0,0.59,0.55,True,19,2,2,2
1040,10.09,0.0,Neural Network (Specific Model),11,None,247,231,1,kingdom,1.0,0.93,0.0,0.0,0.0,0.7,0.65,True,2,0,0,0
1044,94.18,0.11,Gradient Boost (General Model),11,None,2383,2121,14,order,0.88,0.78,0.06,0.39,1.25,0.57,0.45,True,24,4,5,4
1058,74.17,2.58,Gradient Boost (General Model),11,None,1698,1573,33,class,0.96,0.89,0.08,0.28,0.68,0.72,0.64,True,15,2,1,1
1067,97.81,0.43,Neural Network (Specific Model),11,None,2269,2108,1,kingdom,1.0,0.93,0.0,0.0,0.0,0.65,0.6,True,22,2,2,2
107,98.81,2.35,Gradient Boost (General Model),11,None,2589,2280,9,class,0.88,0.77,0.02,0.36,1.09,0.56,0.43,True,22,4,4,4
1085,93.26,104.4,Neural Network (Specific Model),11,None,5553,5180,3,kingdom,1.0,0.93,0.0,0.0,0.0,0.62,0.57,True,22,9,9,9
1111,7.99,0.01,Neural Network (Specific Model),11,None,461,449,13,family,0.96,0.93,0.4,0.04,0.08,0.96,0.9,True,0,0,0,0
1131,5.06,0.19,Neural Network (Specific Model),11,None,148,106,13,family,0.64,0.46,0.06,0.53,2.91,0.43,0.2,True,4,0,0,0
1140,96.62,0.83,Gradient Boost (General Model),11,None,2870,2711,2,order,0.95,0.9,0.01,0.06,0.13,0.68,0.61,True,23,5,0,5
115,9.8,0.02,Neural Network (Specific Model),11,None,320,162,3,kingdom,1.0,0.51,0.0,0.03,0.06,0.49,0.25,True,10,0,0,0
1161,100.0,92.76,Neural Network (Specific Model),11,None,4022,3740,2,family,0.85,0.79,0.01,0.19,0.48,0.66,0.52,True,22,4,4,4
1168,14.73,0.06,Neural Network (Specific Model),11,None,502,449,10,phylum,0.94,0.84,0.05,0.04,0.08,0.57,0.48,True,5,0,0,0
1176,22.7,0.06,Neural Network (Specific Model),11,None,471,437,2,kingdom,1.0,0.93,0.0,0.0,0.0,0.55,0.51,True,10,1,1,1
118,90.01,2.35,Gradient Boost (General Model),11,None,2583,2317,17,phylum,0.94,0.85,0.03,0.06,0.13,0.58,0.49,True,20,3,3,3
1188,5.79,0.01,Neural Network (Specific Model),11,None,251,181,5,order,0.92,0.66,0.17,0.28,0.78,0.57,0.38,True,5,1,0,1
121,99.7,106.66,Gradient Boost (General Model),11,None,22340,19580,250,order,0.91,0.8,0.05,0.07,0.16,0.58,0.47,True,23,32,43,32
1222,65.94,1.23,Neural Network (Specific Model),11,None,1438,1210,17,phylum,0.94,0.79,0.09,0.33,0.79,0.55,0.44,True,22,1,2,2
1247,95.94,1.94,Gradient Boost (General Model),11,None,1205,1066,1,kingdom,1.0,0.88,0.0,0.0,0.0,0.59,0.52,True,22,1,0,1
1295,93.66,0.07,Gradient Boost (General Model),11,None,1377,1209,1,kingdom,1.0,0.88,0.0,0.0,0.0,0.6,0.53,True,22,2,1,1
1307,45.88,2.05,Neural Network (Specific Model),11,None,1277,1132,18,family,0.92,0.81,0.01,0.48,2.05,0.62,0.51,True,21,4,0,4
1314,5.74,0.03,Neural Network (Specific Model),11,None,390,156,6,kingdom,1.0,0.4,0.0,0.0,0.0,0.44,0.18,True,1,0,0,0
1326,64.63,5.38,Gradient Boost (General Model),11,None,1159,349,19,kingdom,0.99,0.3,0.0,0.0,0.0,0.42,0.13,True,24,0,0,0
133,96.08,9.29,Gradient Boost (General Model),11,None,4413,4089,2,family,0.95,0.88,0.01,0.21,0.55,0.67,0.59,True,23,3,0,3
136,30.42,0.16,Neural Network (Specific Model),11,None,1426,1254,26,class,0.93,0.81,0.05,0.08,0.18,0.59,0.48,True,17,1,1,1
1370,92.83,96.4,Neural Network (Specific Model),11,None,6050,5774,12,family,0.89,0.85,0.02,0.29,0.87,0.66,0.56,True,22,6,6,6
1371,16.28,0.01,Neural Network (Specific Model),11,None,382,371,1,kingdom,1.0,0.97,0.0,0.0,0.0,0.68,0.66,True,3,0,0,0
1395,9.99,0.18,Neural Network (Specific Model),11,None,369,71,7,kingdom,1.0,0.19,0.0,0.04,0.09,0.34,0.07,True,16,0,0,0
1399,100.0,88.56,Neural Network (Specific Model),11,None,4197,3880,5,class,0.93,0.86,0.01,0.08,0.17,0.6,0.52,True,23,4,4,4
140,79.34,9.88,Neural Network (Specific Model),11,None,3067,2531,46,family,0.51,0.42,0.04,0.04,0.09,0.5,0.21,True,19,3,0,3
1410,48.78,0.02,Gradient Boost (General Model),11,None,1384,1123,15,genus,0.59,0.48,0.07,0.6,3.54,0.55,0.27,True,9,1,1,1
1417,88.75,5.39,Gradient Boost (General Model),11,None,2328,2054,13,genus,0.71,0.63,0.02,0.77,6.35,0.6,0.37,True,22,4,0,4
143,97.62,103.37,Gradient Boost (General Model),11,None,7075,4969,79,kingdom,1.0,0.7,0.0,0.0,0.0,0.47,0.33,True,23,6,0,8
1433,46.4,3.93,Neural Network (Specific Model),11,None,1034,937,33,family,0.87,0.78,0.06,0.1,0.22,0.64,0.5,True,14,0,0,0
145,98.67,35.6,Gradient Boost (General Model),11,None,5061,4542,79,genus,0.52,0.47,0.02,0.8,6.75,0.56,0.26,True,22,3,4,4
1452,100.0,0.0,Gradient Boost (General Model),11,None,1626,1499,1,kingdom,1.0,0.92,0.0,0.0,0.0,0.59,0.55,True,23,2,2,2
1456,85.68,2.99,Neural Network (Specific Model),11,None,1807,1685,18,family,0.85,0.79,0.08,0.17,0.43,0.65,0.52,True,22,1,1,1
1470,42.0,1.46,Neural Network (Specific Model),11,None,1660,1312,28,family,0.84,0.66,0.06,0.71,3.65,0.58,0.38,True,12,1,0,1
1520,8.79,1.33,Neural Network (Specific Model),11,None,704,139,9,kingdom,1.0,0.2,0.0,0.3,0.73,0.41,0.08,True,5,0,0,0
1521,94.92,0.68,Gradient Boost (General Model),11,None,2897,2750,4,genus,0.71,0.67,0.01,0.67,4.54,0.63,0.42,True,22,3,0,3
1524,17.56,1.1,Neural Network (Specific Model),11,None,620,568,15,family,0.8,0.73,0.1,0.61,2.63,0.63,0.46,True,3,3,3,3
1534,92.4,3.06,Gradient Boost (General Model),11,None,1225,911,17,family,0.71,0.53,0.02,0.65,4.29,0.49,0.26,True,21,2,1,1
1537,22.73,0.1,Neural Network (Specific Model),11,None,305,214,9,kingdom,1.0,0.7,0.0,0.0,0.0,0.49,0.34,True,10,0,0,1
154,97.5,81.8,Gradient Boost (General Model),11,None,3298,3058,35,family,0.86,0.8,0.06,0.27,0.78,0.63,0.5,True,22,4,4,4
1609,32.38,1.01,Neural Network (Specific Model),11,None,924,806,14,class,0.92,0.8,0.02,0.1,0.22,0.56,0.45,True,14,0,0,0
161,77.65,1.44,Neural Network (Specific Model),11,None,2788,2422,31,order,0.9,0.78,0.11,0.14,0.35,0.57,0.44,True,20,2,2,2
1611,5.43,0.0,Neural Network (Specific Model),11,None,253,220,2,kingdom,1.0,0.87,0.0,0.0,0.0,0.59,0.52,True,7,0,0,0
1649,98.36,30.04,Gradient Boost (General Model),11,None,3228,2959,54,class,0.92,0.84,0.02,0.09,0.21,0.58,0.49,True,22,2,2,2
166,100.0,30.65,Neural Network (Specific Model),11,None,4809,4614,53,family,0.94,0.9,0.71,0.42,1.09,0.95,0.86,False,23,6,5,6
1662,6.86,0.01,Neural Network (Specific Model),11,None,207,196,1,kingdom,1.0,0.95,0.0,0.0,0.0,0.94,0.89,True,6,1,2,1
1663,6.05,0.01,Neural Network (Specific Model),11,None,191,12,1,kingdom,1.0,0.06,0.0,0.17,0.38,0.29,0.02,True,0,0,0,0
168,97.92,3.13,Gradient Boost (General Model),11,None,3795,3332,5,family,0.82,0.72,0.02,0.4,1.46,0.62,0.45,True,22,4,5,4
17,13.94,0.01,Neural Network (Specific Model),11,None,471,396,12,family,0.87,0.73,0.05,0.55,2.53,0.57,0.42,True,4,0,0,0
1716,91.78,0.34,Gradient Boost (General Model),11,None,1408,1180,1,kingdom,1.0,0.84,0.0,0.0,0.0,0.63,0.53,True,22,1,0,1
180,10.76,0.05,Neural Network (Specific Model),11,None,260,254,1,kingdom,1.0,0.97,0.0,0.0,0.0,0.6,0.59,True,8,1,1,1
181,50.94,12.44,Gradient Boost (General Model),11,None,1308,1202,31,family,0.95,0.87,0.83,0.45,0.98,0.94,0.82,False,14,0,0,0
1839,50.48,4.21,Gradient Boost (General Model),11,None,1058,968,18,class,0.92,0.84,0.02,0.12,0.27,0.57,0.48,True,8,0,0,0
1842,8.73,0.0,Neural Network (Specific Model),11,None,228,210,1,kingdom,1.0,0.92,0.0,0.0,0.0,0.64,0.59,True,3,1,1,1
190,95.58,101.67,Neural Network (Specific Model),11,None,4807,4376,3,phylum,0.99,0.9,0.01,0.02,0.05,0.61,0.55,True,23,6,6,6
1908,56.74,0.56,Gradient Boost (General Model),11,None,1839,1423,33,order,0.67,0.52,0.05,0.24,0.64,0.52,0.27,True,19,2,0,2
1926,68.41,0.33,Gradient Boost (General Model),11,None,1237,1124,15,phylum,0.95,0.86,0.04,0.03,0.07,0.58,0.5,True,20,1,1,1
193,77.09,3.69,Gradient Boost (General Model),11,None,2588,2177,43,genus,0.75,0.63,0.06,0.24,0.68,0.7,0.44,True,20,2,2,2
1939,14.36,0.11,Neural Network (Specific Model),11,None,462,402,17,phylum,0.96,0.84,0.06,0.07,0.16,0.54,0.45,True,2,0,1,1
195,99.25,32.54,Gradient Boost (General Model),11,None,2051,1696,39,phylum,0.91,0.75,0.09,0.23,0.65,0.54,0.41,True,22,2,0,2
2000,60.16,0.91,Gradient Boost (General Model),11,None,1820,1658,8,family,0.85,0.78,0.01,0.69,3.93,0.62,0.48,True,20,3,3,3
2005,98.97,0.19,Gradient Boost (General Model),11,None,2712,2376,2,kingdom,1.0,0.87,0.0,0.0,0.0,0.59,0.51,True,22,3,3,3
2007,14.19,0.0,Neural Network (Specific Model),11,None,393,329,13,order,0.86,0.72,0.08,0.09,0.21,0.55,0.39,True,4,0,0,0
2029,100.0,16.68,Gradient Boost (General Model),11,None,2656,2356,2,kingdom,1.0,0.89,0.0,0.0,0.0,0.6,0.53,True,22,5,5,5
2030,96.93,13.09,Gradient Boost (General Model),11,None,2488,2129,12,family,0.84,0.72,0.01,0.71,3.46,0.59,0.42,True,22,3,4,3
2031,99.15,0.01,Gradient Boost (General Model),11,None,2048,1935,1,kingdom,1.0,0.94,0.0,0.0,0.0,0.88,0.83,True,22,3,3,3
2047,4.53,0.0,Neural Network (Specific Model),11,None,221,173,8,order,0.9,0.7,0.07,0.23,0.56,0.5,0.35,True,4,0,0,0
207,89.1,19.08,Neural Network (Specific Model),11,None,1585,1431,25,kingdom,1.0,0.9,0.11,0.13,0.28,0.6,0.54,True,17,2,3,1
2086,57.87,2.54,Gradient Boost (General Model),11,None,1089,883,19,class,0.88,0.71,0.06,0.49,1.54,0.55,0.39,True,11,1,1,1
211,76.27,85.74,Gradient Boost (General Model),11,None,2987,2301,42,phylum,0.95,0.73,0.01,0.15,0.35,0.46,0.33,True,22,0,4,4
2130,98.86,0.24,Neural Network (Specific Model),11,None,1970,1887,1,kingdom,1.0,0.96,0.0,0.0,0.0,0.69,0.66,True,22,2,2,2
2137,5.39,0.01,Neural Network (Specific Model),11,None,400,72,12,kingdom,1.0,0.18,0.0,0.06,0.12,0.42,0.08,True,5,0,0,0
2139,9.05,0.03,Neural Network (Specific Model),11,None,358,279,9,phylum,0.81,0.63,0.01,0.68,3.72,0.47,0.3,True,4,0,0,0
2192,7.91,0.0,Neural Network (Specific Model),11,None,235,213,1,kingdom,1.0,0.91,0.0,0.0,0.0,0.56,0.51,True,2,0,0,0
22,93.18,29.02,Gradient Boost (General Model),11,None,1597,1102,16,class,0.86,0.6,0.01,0.28,0.88,0.48,0.29,True,22,3,0,2
2213,95.18,4.66,Gradient Boost (General Model),11,None,3647,3293,5,kingdom,1.0,0.9,0.0,0.0,0.0,0.56,0.5,True,21,4,5,4
2227,96.93,1.94,Neural Network (Specific Model),11,None,2836,2597,17,family,0.9,0.82,0.03,0.23,0.62,0.7,0.58,True,22,3,4,4
23,15.55,0.77,Neural Network (Specific Model),11,None,632,95,13,kingdom,1.0,0.15,0.0,0.14,0.31,0.3,0.05,True,0,0,0,0
230,98.68,47.01,Gradient Boost (General Model),11,None,5237,4733,34,family,0.8,0.72,0.01,0.66,3.87,0.57,0.41,True,22,7,5,7
2347,98.94,1.46,Gradient Boost (General Model),11,None,2337,2123,1,kingdom,1.0,0.91,0.0,0.0,0.0,0.58,0.52,True,23,3,3,3
2372,9.4,0.05,Neural Network (Specific Model),11,None,258,241,1,kingdom,0.99,0.92,0.0,0.0,0.0,0.59,0.54,True,4,0,0,0
24,45.07,0.82,Neural Network (Specific Model),11,None,1231,1047,21,class,0.87,0.74,0.07,0.41,1.25,0.55,0.41,True,11,0,2,2
2401,7.38,0.01,Neural Network (Specific Model),11,None,347,244,2,kingdom,1.0,0.7,0.0,0.0,0.0,0.56,0.39,True,8,0,0,0
2413,3.68,0.2,Neural Network (Specific Model),11,None,153,131,2,kingdom,0.99,0.85,0.0,0.0,0.0,0.44,0.37,True,2,0,0,0
2417,96.52,0.21,Gradient Boost (General Model),11,None,2360,2077,2,kingdom,1.0,0.88,0.0,0.0,0.0,0.55,0.48,True,22,3,3,3
2455,22.49,0.09,Neural Network (Specific Model),11,None,492,463,1,kingdom,1.0,0.94,0.0,0.0,0.0,0.65,0.61,True,8,0,0,0
2465,72.33,2.49,Gradient Boost (General Model),11,None,1984,1681,10,phylum,0.94,0.8,0.06,0.04,0.08,0.55,0.44,True,23,2,2,2
2467,55.85,0.04,Gradient Boost (General Model),11,None,2005,1832,29,genus,0.7,0.64,0.09,0.29,0.89,0.72,0.46,True,12,3,0,3
248,78.81,5.42,Gradient Boost (General Model),11,None,2812,2446,25,family,0.75,0.65,0.02,0.79,6.43,0.55,0.36,True,21,3,3,3
250,57.73,11.09,Gradient Boost (General Model),11,None,2062,949,30,kingdom,1.0,0.46,0.01,0.15,0.35,0.45,0.2,True,0,0,0,0
2508,75.95,0.08,Gradient Boost (General Model),11,None,1358,1092,2,kingdom,1.0,0.8,0.0,0.0,0.0,0.52,0.42,True,22,3,3,3
2513,21.51,0.69,Neural Network (Specific Model),11,None,232,163,11,kingdom,0.99,0.69,0.0,0.0,0.0,0.48,0.33,True,15,1,1,1
2516,85.71,0.12,Neural Network (Specific Model),11,None,1811,1701,2,kingdom,1.0,0.94,0.0,0.0,0.0,0.65,0.61,True,20,2,2,2
2530,9.67,0.23,Neural Network (Specific Model),11,None,280,26,1,kingdom,1.0,0.09,0.0,0.23,0.55,0.34,0.03,True,0,0,0,0
2533,56.76,4.71,Gradient Boost (General Model),11,None,1176,1102,1,kingdom,1.0,0.94,0.0,0.0,0.0,0.6,0.56,True,13,2,2,2
2540,85.44,35.0,Gradient Boost (General Model),11,None,5777,5180,112,genus,0.56,0.5,0.1,0.81,7.61,0.56,0.28,True,20,5,5,5
2549,14.24,0.05,Neural Network (Specific Model),11,None,247,236,1,kingdom,1.0,0.96,0.0,0.0,0.0,0.54,0.51,True,6,0,1,0
2557,8.14,0.07,Neural Network (Specific Model),11,None,323,288,9,family,0.86,0.77,0.08,0.54,2.91,0.61,0.47,True,5,0,0,0
2580,9.12,0.0,Neural Network (Specific Model),11,None,328,279,4,family,0.9,0.77,0.01,0.61,3.5,0.62,0.47,True,5,0,0,0
2593,13.28,0.03,Neural Network (Specific Model),11,None,464,110,1,kingdom,1.0,0.24,0.0,0.03,0.06,0.38,0.09,True,8,0,0,0
26,36.51,15.88,Neural Network (Specific Model),11,None,2290,1556,87,order,0.63,0.43,0.15,0.2,0.51,0.5,0.21,True,16,3,0,3
2602,70.17,0.41,Gradient Boost (General Model),11,None,969,869,1,kingdom,1.0,0.9,0.0,0.0,0.0,0.7,0.63,True,16,1,0,1
2634,11.84,0.09,Neural Network (Specific Model),11,None,256,63,1,kingdom,1.0,0.25,0.0,0.1,0.21,0.32,0.08,True,0,0,0,0
265,32.47,2.72,Neural Network (Specific Model),11,None,1077,944,21,family,0.87,0.77,0.06,0.29,0.89,0.61,0.46,True,16,2,0,2
2681,97.97,37.07,Gradient Boost (General Model),11,None,2100,1505,28,family,0.72,0.52,0.02,0.69,4.97,0.5,0.26,True,22,6,0,2
2698,15.74,0.01,Neural Network (Specific Model),11,None,554,511,4,family,0.89,0.82,0.03,0.54,2.87,0.59,0.49,True,11,0,0,0
2738,99.93,0.79,Neural Network (Specific Model),11,None,2571,2472,2,kingdom,1.0,0.96,0.0,0.0,0.0,0.92,0.88,True,22,7,0,7
2750,9.2,1.77,Neural Network (Specific Model),11,None,610,211,2,kingdom,1.0,0.35,0.0,0.02,0.05,0.42,0.15,True,24,0,0,0
2778,6.42,0.01,Neural Network (Specific Model),11,None,244,237,8,kingdom,1.0,0.97,0.0,0.0,0.0,0.97,0.94,True,2,0,1,1
279,54.22,3.52,Gradient Boost (General Model),11,None,2057,1860,16,order,0.86,0.78,0.02,0.08,0.19,0.58,0.45,True,16,2,2,2
2798,12.15,0.0,Neural Network (Specific Model),11,None,454,390,10,class,0.95,0.81,0.16,0.06,0.13,0.59,0.48,True,3,0,0,0
2799,97.71,11.95,Gradient Boost (General Model),11,None,3679,3334,40,phylum,0.94,0.85,0.03,0.06,0.12,0.56,0.48,True,22,3,4,3
2801,8.78,0.0,Neural Network (Specific Model),11,None,248,208,1,kingdom,1.0,0.84,0.0,0.0,0.0,0.63,0.53,True,4,0,0,0
284,27.22,0.57,Neural Network (Specific Model),11,None,600,529,15,order,0.94,0.83,0.06,0.05,0.1,0.63,0.52,True,12,0,0,0
2864,24.58,0.01,Neural Network (Specific Model),11,None,895,819,21,genus,0.64,0.59,0.06,0.68,5.42,0.66,0.39,True,11,2,0,1
2897,96.44,43.02,Gradient Boost (General Model),11,None,3374,3104,25,class,0.94,0.86,0.02,0.03,0.07,0.62,0.54,True,22,3,3,3
2914,49.87,0.91,Gradient Boost (General Model),11,None,520,461,6,phylum,0.96,0.85,0.04,0.31,0.75,0.62,0.52,True,8,0,0,0
2927,99.54,1.05,Gradient Boost (General Model),11,None,2562,2378,2,kingdom,1.0,0.93,0.0,0.0,0.0,0.71,0.65,True,22,4,4,4
2974,97.4,0.0,Gradient Boost (General Model),11,None,1030,834,1,kingdom,1.0,0.81,0.0,0.0,0.0,0.48,0.38,True,22,1,0,1
2987,97.84,13.8,Gradient Boost (General Model),11,None,1158,880,8,phylum,0.93,0.71,0.01,0.13,0.31,0.47,0.34,True,22,1,1,1
30,90.59,96.03,Neural Network (Specific Model),11,None,10501,10364,247,genus,0.9,0.89,0.02,0.31,0.75,0.99,0.88,True,24,15,21,19
3015,9.32,0.01,Neural Network (Specific Model),11,None,376,281,8,class,0.86,0.65,0.07,0.18,0.44,0.51,0.33,True,6,1,0,1
3039,99.99,0.01,Neural Network (Specific Model),11,None,1655,1626,1,kingdom,1.0,0.98,0.0,0.0,0.0,0.93,0.91,True,22,3,0,3
3041,99.94,0.2,Neural Network (Specific Model),11,None,2014,1902,3,family,0.91,0.86,0.01,0.17,0.42,0.66,0.57,True,22,4,5,4
3056,29.84,7.09,Neural Network (Specific Model),11,None,574,470,11,family,0.89,0.73,0.04,0.02,0.05,0.56,0.41,True,8,1,1,1
3075,5.28,0.0,Neural Network (Specific Model),11,None,336,100,1,kingdom,0.98,0.29,0.0,0.0,0.0,0.43,0.13,True,15,0,0,0
3100,96.14,34.75,Gradient Boost (General Model),11,None,3850,3322,42,phylum,0.96,0.83,0.02,0.03,0.06,0.57,0.47,True,23,3,1,3
3114,25.43,0.0,Neural Network (Specific Model),11,None,256,238,1,kingdom,1.0,0.93,0.0,0.0,0.0,0.68,0.63,True,1,0,0,0
321,9.46,0.08,Neural Network (Specific Model),11,None,325,266,10,order,0.82,0.67,0.11,0.12,0.27,0.67,0.45,True,4,0,0,0
3210,7.43,0.01,Neural Network (Specific Model),11,None,280,56,1,kingdom,1.0,0.2,0.0,0.05,0.11,0.4,0.08,True,4,0,0,0
3274,99.97,0.77,Neural Network (Specific Model),11,None,2737,2654,2,kingdom,1.0,0.97,0.0,0.0,0.0,0.65,0.63,True,22,4,0,4
328,84.23,4.37,Gradient Boost (General Model),11,None,2132,1925,17,genus,0.63,0.57,0.05,0.43,1.79,0.62,0.35,True,21,2,2,2
329,83.83,9.12,Neural Network (Specific Model),11,None,2515,2322,50,family,0.93,0.86,0.06,0.21,0.55,0.68,0.58,True,20,4,0,4
3292,98.33,109.97,Gradient Boost (General Model),11,Low confidence prediction - substantial (40%) disagreement between completeness prediction models,9389,8279,173,family,0.73,0.64,0.05,0.79,6.39,0.56,0.36,True,22,13,18,13
333,10.31,0.01,Neural Network (Specific Model),11,None,392,340,1,kingdom,1.0,0.87,0.0,0.0,0.0,0.64,0.55,True,6,1,1,1
3426,37.28,7.26,Neural Network (Specific Model),11,None,875,793,28,family,0.87,0.79,0.04,0.5,2.11,0.62,0.48,True,14,3,1,1
3485,77.31,90.87,Gradient Boost (General Model),11,None,7170,6505,72,family,0.89,0.81,0.03,0.59,3.46,0.6,0.49,True,22,11,11,11
3507,92.42,92.27,Neural Network (Specific Model),11,None,5286,4959,86,family,0.89,0.84,0.07,0.21,0.53,0.69,0.58,True,22,5,5,5
3514,99.84,0.25,Neural Network (Specific Model),11,None,2641,2526,2,family,0.92,0.88,0.01,0.25,0.68,0.77,0.68,True,22,6,7,6
3525,100.0,19.08,Gradient Boost (General Model),11,None,2839,2546,24,family,0.87,0.78,0.01,0.37,1.24,0.61,0.48,True,23,4,4,4
3547,16.91,2.0,Neural Network (Specific Model),11,None,559,502,8,genus,0.64,0.57,0.02,0.83,9.03,0.59,0.34,True,6,0,0,0
356,9.49,0.13,Neural Network (Specific Model),11,None,326,295,1,kingdom,0.99,0.9,0.0,0.0,0.0,0.59,0.53,True,2,1,2,1
3599,97.04,0.0,Gradient Boost (General Model),11,None,1258,1079,1,kingdom,1.0,0.85,0.0,0.0,0.0,0.55,0.47,True,22,1,1,1
3617,73.0,103.74,Neural Network (Specific Model),11,Low confidence prediction - substantial (27%) disagreement between completeness prediction models,26229,23559,155,phylum,0.98,0.88,0.01,0.02,0.05,0.6,0.52,True,23,33,34,33
366,87.82,0.34,Gradient Boost (General Model),11,None,2682,2186,17,phylum,0.89,0.73,0.03,0.43,1.7,0.48,0.35,True,22,2,0,2
368,23.26,0.08,Neural Network (Specific Model),11,None,709,582,17,class,0.92,0.75,0.03,0.19,0.47,0.57,0.43,True,11,0,0,0
369,91.37,87.45,Neural Network (Specific Model),11,None,9825,9448,239,genus,0.9,0.87,0.3,0.05,0.1,0.96,0.83,True,23,11,12,12
3696,98.23,0.56,Gradient Boost (General Model),11,None,1949,1774,1,kingdom,1.0,0.91,0.0,0.0,0.0,0.61,0.55,True,22,2,2,2
37,100.0,58.54,Neural Network (Specific Model),11,None,7425,6267,58,phylum,0.91,0.77,0.02,0.49,2.24,0.47,0.36,True,22,5,0,5
3709,14.34,0.0,Neural Network (Specific Model),11,None,521,497,13,family,0.98,0.93,0.07,0.07,0.15,0.97,0.9,True,7,0,0,0
371,98.37,78.93,Neural Network (Specific Model),11,None,4063,3700,38,family,0.89,0.81,0.02,0.54,2.7,0.63,0.51,True,22,6,6,6
3720,87.94,0.1,Gradient Boost (General Model),11,None,784,574,6,class,0.9,0.66,0.01,0.31,1.02,0.5,0.33,True,16,0,0,1
373,0.75,110.11,Neural Network (Specific Model),11,None,36324,33775,297,family,0.91,0.85,0.05,0.15,0.38,0.72,0.61,True,23,74,74,75
3735,22.74,1.58,Neural Network (Specific Model),11,None,1048,850,24,class,0.91,0.74,0.09,0.17,0.41,0.54,0.4,True,6,0,0,0
374,55.08,0.1,Gradient Boost (General Model),11,None,1388,1248,31,family,0.91,0.82,0.08,0.36,1.25,0.68,0.56,True,17,1,0,1
3747,71.13,14.38,Gradient Boost (General Model),11,None,3389,3064,73,phylum,0.91,0.83,0.05,0.07,0.15,0.55,0.45,True,21,1,1,1
3749,99.31,114.27,Gradient Boost (General Model),11,None,8406,7556,84,phylum,0.97,0.87,0.08,0.06,0.13,0.72,0.62,True,24,14,0,14
375,94.6,0.67,Gradient Boost (General Model),11,None,2763,2676,3,genus,0.87,0.84,0.05,0.06,0.12,0.96,0.81,True,21,3,3,3
3750,72.65,5.05,Gradient Boost (General Model),11,None,2827,2575,30,class,0.96,0.87,0.05,0.38,0.9,0.66,0.58,True,22,4,0,4
3773,52.77,0.61,Gradient Boost (General Model),11,None,1219,1081,28,family,0.74,0.66,0.07,0.78,6.58,0.59,0.39,True,16,1,1,1
3779,18.05,0.12,Neural Network (Specific Model),11,None,594,495,18,class,0.88,0.74,0.05,0.44,1.54,0.52,0.38,True,6,1,1,0
3784,84.62,25.2,Gradient Boost (General Model),11,None,2145,1805,32,genus,0.64,0.54,0.05,0.62,4.13,0.56,0.3,True,19,2,5,5
3791,99.42,92.43,Gradient Boost (General Model),11,None,4677,4258,10,phylum,0.98,0.9,0.01,0.02,0.04,0.6,0.54,True,22,6,6,6
3797,93.27,1.67,Gradient Boost (General Model),11,None,1866,1626,1,kingdom,1.0,0.87,0.0,0.0,0.0,0.52,0.45,True,22,1,2,2
3799,58.42,25.56,Gradient Boost (General Model),11,None,4241,3634,69,genus,0.57,0.49,0.06,0.49,2.34,0.62,0.3,True,21,3,3,3
3809,90.81,6.45,Gradient Boost (General Model),11,None,1033,739,18,kingdom,1.0,0.72,0.02,0.02,0.04,0.47,0.33,True,15,1,1,1
381,6.03,0.1,Neural Network (Specific Model),11,None,242,31,5,kingdom,1.0,0.13,0.0,0.16,0.37,0.36,0.05,True,0,0,0,0
383,11.85,0.27,Neural Network (Specific Model),11,None,451,116,11,kingdom,1.0,0.26,0.0,0.0,0.0,0.41,0.11,True,5,0,0,0
3834,99.86,7.54,Gradient Boost (General Model),11,None,4015,2309,48,order,0.84,0.48,0.72,0.08,0.17,0.6,0.29,False,23,2,2,2
3836,87.44,2.11,Neural Network (Specific Model),11,None,2906,2638,19,class,0.95,0.86,0.02,0.1,0.23,0.64,0.55,True,22,3,3,3
3837,13.22,0.0,Neural Network (Specific Model),11,None,593,536,14,class,0.92,0.83,0.09,0.03,0.06,0.64,0.53,True,9,0,0,0
3838,39.94,1.37,Neural Network (Specific Model),11,None,1248,1049,26,phylum,0.94,0.79,0.12,0.03,0.05,0.54,0.43,True,10,1,1,1
3850,93.21,0.46,Gradient Boost (General Model),11,None,1581,1398,1,kingdom,1.0,0.88,0.0,0.0,0.0,0.53,0.47,True,22,1,2,2
3864,42.38,0.56,Neural Network (Specific Model),11,None,1206,1059,33,genus,0.56,0.49,0.1,0.54,2.73,0.6,0.3,True,19,1,1,1
3886,98.62,2.16,Gradient Boost (General Model),11,None,1518,1386,3,kingdom,1.0,0.91,0.0,0.0,0.0,0.55,0.5,True,22,2,2,2
3891,98.69,33.7,Gradient Boost (General Model),11,None,2631,2494,26,class,0.95,0.9,0.03,0.32,0.77,0.61,0.55,True,21,5,5,5
3892,89.52,29.14,Gradient Boost (General Model),11,None,3022,2392,62,genus,0.73,0.58,0.1,0.03,0.06,0.59,0.34,True,22,4,0,5
3895,68.12,1.65,Gradient Boost (General Model),11,None,1861,1707,20,class,0.91,0.83,0.03,0.44,0.97,0.64,0.54,True,21,2,2,2
3904,39.7,0.33,Neural Network (Specific Model),11,None,1400,1221,8,class,0.92,0.8,0.03,0.1,0.24,0.58,0.47,True,11,0,0,0
3918,94.11,60.51,Gradient Boost (General Model),11,None,4626,4150,31,phylum,0.97,0.87,0.03,0.14,0.31,0.58,0.51,True,22,4,3,5
393,94.49,107.25,Gradient Boost (General Model),11,None,10552,8928,182,phylum,0.89,0.75,0.03,0.37,1.26,0.5,0.38,True,23,6,0,7
3930,38.63,0.38,Neural Network (Specific Model),11,None,831,686,14,order,0.89,0.74,0.07,0.55,2.21,0.57,0.42,True,19,0,0,0
3938,96.14,2.48,Gradient Boost (General Model),11,None,2788,2500,26,genus,0.64,0.57,0.04,0.72,5.82,0.6,0.34,True,22,3,4,3
3943,90.82,20.69,Gradient Boost (General Model),11,None,2880,2654,51,class,0.93,0.86,0.06,0.03,0.06,0.65,0.55,True,19,0,2,0
3945,73.51,3.79,Gradient Boost (General Model),11,None,1673,1486,30,genus,0.7,0.62,0.02,0.69,4.48,0.58,0.36,True,19,2,0,2
3951,25.67,0.03,Neural Network (Specific Model),11,None,1145,1038,12,genus,0.66,0.6,0.02,0.67,5.39,0.61,0.37,True,13,0,0,0
3970,50.05,10.46,Gradient Boost (General Model),11,None,1440,1332,27,family,0.91,0.85,0.05,0.25,0.73,0.68,0.57,True,17,1,2,1
4025,53.41,4.89,Gradient Boost (General Model),11,None,1464,1252,32,class,0.94,0.8,0.04,0.08,0.17,0.6,0.48,True,12,1,0,1
403,8.95,0.0,Neural Network (Specific Model),11,None,272,233,11,class,0.94,0.8,0.06,0.14,0.34,0.56,0.45,True,9,0,0,0
4030,97.85,1.32,Gradient Boost (General Model),11,None,2791,2547,3,class,0.95,0.87,0.01,0.07,0.16,0.6,0.52,True,22,3,3,3
4034,90.94,85.02,Neural Network (Specific Model),11,None,4512,4141,55,class,0.96,0.88,0.06,0.3,0.72,0.75,0.66,True,23,8,0,10
4035,83.4,89.41,Gradient Boost (General Model),11,None,9572,8916,93,class,0.92,0.86,0.05,0.39,0.91,0.62,0.53,True,22,15,14,14
4037,7.3,0.01,Neural Network (Specific Model),11,None,220,202,9,kingdom,1.0,0.92,0.0,0.0,0.0,0.65,0.59,True,2,0,0,0
4041,59.04,12.43,Gradient Boost (General Model),11,None,1622,250,64,kingdom,1.0,0.15,0.0,0.04,0.09,0.41,0.06,True,13,0,0,0
4047,88.58,11.41,Gradient Boost (General Model),11,None,2443,2219,20,family,0.91,0.83,0.05,0.18,0.45,0.72,0.59,True,21,4,4,4
405,73.88,10.0,Gradient Boost (General Model),11,None,1678,1435,45,genus,0.61,0.52,0.12,0.5,2.27,0.55,0.29,True,17,0,1,0
4051,95.86,1.59,Gradient Boost (General Model),11,None,2828,2702,7,class,0.95,0.91,0.01,0.04,0.09,0.66,0.6,True,23,5,0,5
406,11.05,0.1,Neural Network (Specific Model),11,None,456,371,10,family,0.8,0.65,0.01,0.72,4.36,0.53,0.35,True,0,0,0,0
4063,96.29,0.11,Gradient Boost (General Model),11,None,2225,1930,1,kingdom,0.99,0.86,0.0,0.0,0.0,0.5,0.43,True,22,2,0,2
4066,91.49,97.94,Neural Network (Specific Model),11,None,5438,4248,32,phylum,0.94,0.74,0.02,0.2,0.52,0.56,0.41,True,21,11,0,10
4074,100.0,2.12,Gradient Boost (General Model),11,None,3449,3105,1,kingdom,1.0,0.9,0.0,0.0,0.0,0.61,0.55,True,23,3,3,3
4087,89.05,2.81,Neural Network (Specific Model),11,None,3028,2767,1,kingdom,1.0,0.91,0.0,0.0,0.0,0.65,0.6,True,22,5,5,5
4092,90.58,1.2,Gradient Boost (General Model),11,None,2614,2414,7,kingdom,1.0,0.92,0.0,0.0,0.0,0.6,0.55,True,23,3,3,3
41,51.76,4.66,Gradient Boost (General Model),11,None,1781,1584,41,order,0.88,0.79,0.03,0.14,0.34,0.56,0.44,True,16,2,2,3
4105,31.33,5.44,Neural Network (Specific Model),11,None,1191,1043,27,genus,0.66,0.58,0.11,0.32,1.09,0.66,0.38,True,14,2,2,2
4117,78.08,2.07,Gradient Boost (General Model),11,None,2056,1826,16,class,0.91,0.8,0.03,0.11,0.24,0.6,0.48,True,18,3,3,3
4121,7.55,0.0,Neural Network (Specific Model),11,None,226,206,1,kingdom,1.0,0.91,0.0,0.0,0.0,0.66,0.6,True,0,0,0,0
413,63.0,0.58,Gradient Boost (General Model),11,None,1802,1632,21,genus,0.76,0.68,0.02,0.5,2.34,0.62,0.43,True,21,2,2,2
4141,94.05,115.4,Gradient Boost (General Model),11,None,32828,30572,301,family,0.88,0.82,0.02,0.6,2.67,0.68,0.56,True,23,55,54,55
4156,6.78,6.37,Neural Network (Specific Model),11,None,267,259,8,kingdom,1.0,0.97,0.0,0.0,0.0,0.59,0.57,True,0,0,0,0
4159,97.2,105.27,Gradient Boost (General Model),11,None,5610,5018,38,phylum,0.96,0.86,0.04,0.03,0.06,0.57,0.49,True,23,4,4,4
4164,66.62,0.03,Gradient Boost (General Model),11,None,1487,1373,5,genus,0.79,0.73,0.02,0.23,0.63,0.77,0.56,True,22,4,0,4
4165,99.17,79.54,Gradient Boost (General Model),11,None,7930,6977,105,class,0.92,0.81,0.03,0.12,0.28,0.59,0.47,True,23,12,12,12
4188,10.45,1.66,Neural Network (Specific Model),11,None,837,741,15,genus,0.79,0.7,0.24,0.63,4.11,0.81,0.57,True,1,0,0,0
419,86.36,10.65,Gradient Boost (General Model),11,None,2990,2713,31,genus,0.71,0.64,0.03,0.67,4.66,0.62,0.4,True,22,3,0,3
4216,31.75,0.0,Neural Network (Specific Model),11,None,1185,1037,24,genus,0.59,0.51,0.06,0.8,8.92,0.59,0.3,True,8,0,0,0
4217,86.86,10.32,Gradient Boost (General Model),11,None,1264,1120,13,phylum,0.98,0.87,0.01,0.29,0.71,0.61,0.53,True,22,1,0,1
4232,75.92,3.84,Neural Network (Specific Model),11,None,1860,1711,14,order,0.92,0.84,0.06,0.02,0.05,0.65,0.55,True,23,3,3,3
4234,97.69,24.88,Gradient Boost (General Model),11,None,2357,2116,23,phylum,0.98,0.88,0.01,0.02,0.05,0.6,0.53,True,22,2,2,2
424,19.33,0.27,Neural Network (Specific Model),11,None,624,530,23,order,0.87,0.74,0.05,0.2,0.5,0.55,0.4,True,10,1,2,1
4253,9.76,0.01,Neural Network (Specific Model),11,None,437,394,12,genus,0.65,0.58,0.09,0.39,1.53,0.59,0.35,True,9,0,0,0
4278,9.58,0.01,Neural Network (Specific Model),11,None,255,216,7,family,0.89,0.75,0.01,0.14,0.32,0.63,0.48,True,6,0,0,0
4282,85.71,1.47,Gradient Boost (General Model),11,None,1249,1040,6,class,0.98,0.81,0.01,0.6,2.29,0.59,0.48,True,21,0,0,0
4286,28.0,40.33,Neural Network (Specific Model),11,None,3139,2949,21,class,0.93,0.87,0.02,0.47,0.99,0.62,0.55,True,9,0,0,0
433,95.99,26.48,Gradient Boost (General Model),11,None,2352,2090,23,family,0.8,0.71,0.01,0.63,3.36,0.55,0.4,True,22,2,2,2
4334,75.83,8.66,Gradient Boost (General Model),11,None,2674,2371,27,class,0.9,0.8,0.03,0.14,0.33,0.55,0.44,True,20,1,2,2
4348,15.26,0.38,Neural Network (Specific Model),11,None,499,440,15,genus,0.54,0.48,0.14,0.82,7.64,0.58,0.28,True,10,0,0,0
4355,8.6,0.14,Neural Network (Specific Model),11,None,292,278,3,class,0.98,0.93,0.25,0.4,1.01,0.7,0.65,True,1,0,0,0
436,62.98,3.85,Gradient Boost (General Model),11,None,1768,1508,31,phylum,0.94,0.81,0.03,0.06,0.12,0.56,0.45,True,19,4,0,3
4379,17.06,0.06,Neural Network (Specific Model),11,None,843,751,5,genus,0.67,0.59,0.06,0.79,8.03,0.61,0.36,True,5,0,0,0
4381,7.89,0.0,Neural Network (Specific Model),11,None,320,281,1,kingdom,1.0,0.88,0.0,0.0,0.0,0.62,0.55,True,4,0,0,0
4391,86.11,0.0,Gradient Boost (General Model),11,None,1278,1148,7,phylum,0.93,0.84,0.01,0.32,0.78,0.56,0.46,True,20,1,2,2
4394,56.14,8.75,Neural Network (Specific Model),11,None,2327,2058,39,family,0.91,0.81,0.04,0.3,0.85,0.66,0.53,True,20,4,3,3
4407,9.56,0.27,Neural Network (Specific Model),11,None,348,298,11,phylum,0.96,0.82,0.12,0.03,0.07,0.58,0.47,True,11,1,0,1
4417,46.0,0.99,Neural Network (Specific Model),11,None,1638,1404,28,class,0.91,0.78,0.05,0.1,0.22,0.59,0.46,True,18,1,2,2
4420,25.68,0.49,Neural Network (Specific Model),11,None,827,564,13,phylum,0.92,0.63,0.04,0.12,0.28,0.51,0.32,True,8,0,0,0
4432,96.91,20.29,Gradient Boost (General Model),11,None,3534,3158,27,class,0.93,0.83,0.01,0.06,0.13,0.56,0.47,True,23,2,3,2
4446,56.0,0.84,Gradient Boost (General Model),11,None,2086,1839,8,class,0.89,0.79,0.02,0.12,0.28,0.57,0.45,True,17,5,6,5
4449,95.52,1.09,Gradient Boost (General Model),11,None,1760,1674,15,family,0.94,0.89,0.04,0.12,0.28,0.77,0.69,True,21,4,4,4
4455,93.73,104.03,Gradient Boost (General Model),11,None,12067,10477,97,phylum,0.94,0.82,0.02,0.31,0.78,0.54,0.44,True,23,5,11,11
4459,39.27,0.17,Neural Network (Specific Model),11,None,1573,1455,30,family,0.92,0.85,0.04,0.34,1.13,0.67,0.57,True,16,3,0,3
446,94.72,92.27,Neural Network (Specific Model),11,None,7014,6799,106,family,0.94,0.91,0.13,0.04,0.07,0.94,0.86,True,22,4,4,4
4467,9.41,0.42,Neural Network (Specific Model),11,None,427,386,15,genus,0.6,0.54,0.06,0.27,0.8,0.57,0.31,True,4,0,0,0
4485,99.64,0.57,Gradient Boost (General Model),11,None,2216,2094,1,kingdom,1.0,0.94,0.0,0.0,0.0,0.73,0.69,True,22,5,5,5
450,99.81,1.58,Gradient Boost (General Model),11,None,2087,1906,1,kingdom,1.0,0.91,0.0,0.0,0.0,0.56,0.51,True,23,3,3,3
4505,40.47,0.21,Neural Network (Specific Model),11,None,945,858,3,genus,0.86,0.78,0.01,0.43,1.28,0.67,0.53,True,11,0,0,0
4519,31.07,0.0,Neural Network (Specific Model),11,None,328,284,1,kingdom,1.0,0.87,0.0,0.0,0.0,0.56,0.49,True,16,1,0,1
4531,89.86,0.61,Gradient Boost (General Model),11,None,2075,1907,1,kingdom,1.0,0.92,0.0,0.0,0.0,0.58,0.54,True,22,3,3,3
454,24.67,0.2,Neural Network (Specific Model),11,None,741,589,12,kingdom,1.0,0.79,0.0,0.0,0.0,0.57,0.45,True,8,0,0,0
459,89.84,29.76,Gradient Boost (General Model),11,None,2726,2509,45,genus,0.6,0.56,0.04,0.55,3.3,0.62,0.35,True,23,5,6,4
4596,6.63,0.0,Neural Network (Specific Model),11,None,329,68,1,kingdom,1.0,0.21,0.0,0.1,0.23,0.38,0.08,True,13,0,0,0
460,45.06,0.94,Gradient Boost (General Model),11,None,1341,1125,27,genus,0.5,0.42,0.04,0.75,4.76,0.56,0.24,True,14,2,3,2
4632,95.7,2.9,Neural Network (Specific Model),11,None,2757,2382,12,phylum,0.98,0.85,0.03,0.03,0.05,0.6,0.51,True,23,4,4,4
4640,17.73,0.08,Neural Network (Specific Model),11,None,744,658,9,genus,0.63,0.56,0.11,0.54,2.89,0.69,0.39,True,14,1,1,1
4682,12.15,0.02,Neural Network (Specific Model),11,None,518,445,13,order,0.9,0.77,0.22,0.04,0.09,0.61,0.47,True,8,2,2,2
469,97.87,1.0,Gradient Boost (General Model),11,None,3403,3167,1,kingdom,1.0,0.93,0.0,0.0,0.0,0.62,0.57,True,23,4,4,4
4705,18.5,1.67,Neural Network (Specific Model),11,None,688,248,5,kingdom,0.99,0.36,0.0,0.0,0.0,0.44,0.16,True,9,0,0,0
4740,12.11,0.0,Neural Network (Specific Model),11,None,363,320,3,genus,0.63,0.56,0.01,0.73,5.08,0.61,0.34,True,5,0,0,0
4760,59.11,0.1,Gradient Boost (General Model),11,None,1580,1480,1,kingdom,1.0,0.93,0.0,0.0,0.0,0.61,0.57,True,20,2,2,2
4784,16.91,0.0,Neural Network (Specific Model),11,None,599,540,1,kingdom,0.99,0.9,0.0,0.0,0.0,0.64,0.57,True,4,0,0,0
4798,99.26,0.18,Gradient Boost (General Model),11,None,2687,2557,3,class,0.91,0.87,0.01,0.06,0.13,0.63,0.55,True,22,4,4,4
481,96.72,53.95,Gradient Boost (General Model),11,None,3437,3036,115,phylum,0.97,0.86,0.1,0.26,0.62,0.67,0.58,True,23,7,0,4
4813,7.69,0.03,Neural Network (Specific Model),11,None,284,253,1,kingdom,1.0,0.89,0.0,0.0,0.0,0.59,0.53,True,0,0,0,0
482,96.44,0.41,Gradient Boost (General Model),11,None,1841,1676,5,genus,0.67,0.61,0.01,0.49,2.05,0.61,0.37,True,22,2,2,2
4826,98.18,98.12,Gradient Boost (General Model),11,None,7752,6863,56,class,0.94,0.83,0.02,0.06,0.13,0.58,0.48,True,23,5,5,5
486,25.54,0.1,Neural Network (Specific Model),11,None,1120,999,29,class,0.9,0.81,0.07,0.11,0.26,0.59,0.47,True,16,1,1,1
4899,98.5,0.47,Gradient Boost (General Model),11,None,2268,2174,1,kingdom,1.0,0.96,0.0,0.0,0.0,0.9,0.86,True,23,3,3,3
4905,82.68,2.94,Gradient Boost (General Model),11,None,2524,2326,3,genus,0.65,0.59,0.02,0.47,1.68,0.63,0.37,True,23,4,4,4
491,33.59,7.64,Neural Network (Specific Model),11,None,1581,1292,44,phylum,0.93,0.76,0.06,0.07,0.14,0.52,0.39,True,9,1,3,2
4913,34.73,0.45,Neural Network (Specific Model),11,None,891,782,16,phylum,0.98,0.86,0.12,0.14,0.32,0.66,0.57,True,14,2,0,1
4917,85.96,0.21,Gradient Boost (General Model),11,None,1938,1693,13,class,0.92,0.81,0.03,0.2,0.49,0.57,0.46,True,21,2,2,2
4939,88.4,85.31,Gradient Boost (General Model),11,None,6370,5992,95,family,0.89,0.84,0.04,0.62,2.96,0.68,0.57,True,22,6,5,5
4944,76.23,0.35,Gradient Boost (General Model),11,None,2089,1908,1,kingdom,1.0,0.91,0.0,0.0,0.0,0.6,0.55,True,24,2,2,2
496,91.51,93.87,Neural Network (Specific Model),11,None,6268,5649,59,family,0.86,0.78,0.06,0.17,0.41,0.62,0.48,True,23,6,6,6
5008,15.34,6.95,Neural Network (Specific Model),11,None,895,794,22,genus,0.7,0.62,0.08,0.77,6.17,0.67,0.42,True,5,2,2,2
5010,94.57,85.92,Gradient Boost (General Model),11,None,5764,5027,33,genus,0.67,0.58,0.02,0.74,5.42,0.57,0.33,True,23,5,5,5
5039,19.48,0.06,Neural Network (Specific Model),11,None,907,787,18,genus,0.57,0.49,0.06,0.38,1.39,0.6,0.29,True,8,1,2,1
5045,17.47,0.47,Neural Network (Specific Model),11,None,671,612,13,class,0.92,0.84,0.06,0.09,0.21,0.61,0.51,True,11,2,0,2
505,69.49,5.93,Gradient Boost (General Model),11,None,1033,890,5,kingdom,1.0,0.86,0.0,0.0,0.0,0.67,0.58,True,20,1,0,1
507,28.03,1.06,Neural Network (Specific Model),11,None,1065,957,26,family,0.96,0.86,0.23,0.15,0.38,0.81,0.69,True,13,1,0,1
5070,15.54,0.11,Neural Network (Specific Model),11,None,401,357,11,family,0.88,0.79,0.05,0.25,0.75,0.65,0.51,True,3,0,1,0
5081,91.15,11.99,Neural Network (Specific Model),11,None,2844,2511,26,family,0.89,0.79,0.03,0.4,1.46,0.62,0.49,True,22,4,4,4
5088,10.89,0.0,Neural Network (Specific Model),11,None,332,316,7,family,0.91,0.87,0.02,0.42,1.66,0.61,0.53,True,1,0,0,0
51,89.61,49.05,Gradient Boost (General Model),11,None,4972,3764,171,order,0.61,0.46,0.09,0.17,0.41,0.49,0.22,True,21,7,0,7
510,99.6,26.15,Gradient Boost (General Model),11,None,2921,2547,23,order,0.9,0.78,0.04,0.06,0.13,0.57,0.45,True,22,3,4,3
5113,48.58,1.14,Neural Network (Specific Model),11,None,1777,1591,30,family,0.86,0.77,0.02,0.6,2.98,0.61,0.47,True,18,2,0,1
5131,96.92,5.11,Gradient Boost (General Model),11,None,2006,1854,13,phylum,0.98,0.91,0.02,0.02,0.05,0.61,0.56,True,22,2,2,2
5155,7.07,0.01,Neural Network (Specific Model),11,None,298,250,7,class,0.96,0.81,0.04,0.1,0.24,0.58,0.47,True,3,0,0,0
5191,95.28,59.12,Gradient Boost (General Model),11,None,6560,6004,79,order,0.91,0.83,0.02,0.12,0.27,0.6,0.5,True,21,4,4,4
5223,63.52,0.84,Gradient Boost (General Model),11,None,1638,1557,14,family,0.88,0.84,0.04,0.6,2.49,0.74,0.62,True,22,3,3,3
5241,7.54,0.0,Neural Network (Specific Model),11,None,234,204,8,class,0.93,0.81,0.14,0.15,0.35,0.58,0.47,True,0,0,0,0
5249,7.53,0.0,Neural Network (Specific Model),11,None,210,189,1,kingdom,1.0,0.9,0.0,0.0,0.0,0.71,0.64,True,2,0,0,0
525,98.1,45.42,Gradient Boost (General Model),11,None,4627,4189,27,class,0.95,0.86,0.01,0.1,0.22,0.63,0.54,True,22,8,0,8
5261,100.0,53.14,Gradient Boost (General Model),11,None,2881,2019,34,phylum,0.94,0.66,0.02,0.14,0.35,0.49,0.32,True,23,5,0,4
527,0.0,102.67,Neural Network (Specific Model),11,None,32410,28837,212,family,0.86,0.76,0.05,0.09,0.2,0.69,0.53,True,23,59,60,59
5273,5.62,0.01,Neural Network (Specific Model),11,None,252,208,5,class,0.9,0.75,0.05,0.06,0.14,0.64,0.48,True,1,0,0,0
5278,55.55,1.73,Neural Network (Specific Model),11,None,1466,1318,7,family,0.91,0.82,0.02,0.42,1.12,0.7,0.58,True,17,4,4,4
531,99.95,1.0,Neural Network (Specific Model),11,None,1815,1647,1,kingdom,1.0,0.91,0.0,0.15,0.34,0.58,0.53,True,19,2,2,2
5324,85.61,56.66,Gradient Boost (General Model),11,None,3717,3308,49,order,0.92,0.82,0.02,0.06,0.12,0.57,0.47,True,20,4,6,4
5341,8.91,0.04,Neural Network (Specific Model),11,None,309,294,2,kingdom,1.0,0.95,0.0,0.0,0.0,0.62,0.59,True,0,0,0,0
535,96.22,0.73,Gradient Boost (General Model),11,None,2651,2364,1,kingdom,1.0,0.89,0.0,0.0,0.0,0.57,0.51,True,22,2,2,2
5351,25.0,0.15,Neural Network (Specific Model),11,None,746,629,15,family,0.82,0.69,0.03,0.63,3.7,0.59,0.41,True,12,3,1,2
5372,8.18,0.0,Neural Network (Specific Model),11,None,271,238,1,kingdom,1.0,0.88,0.0,0.0,0.0,0.6,0.53,True,3,0,0,0
538,99.14,101.18,Gradient Boost (General Model),11,None,5005,3801,102,phylum,0.9,0.69,0.08,0.11,0.26,0.5,0.34,True,22,6,6,6
5401,74.73,3.95,Gradient Boost (General Model),11,None,2058,1875,25,class,0.93,0.85,0.04,0.42,1.02,0.62,0.53,True,21,2,2,2
5417,15.44,0.85,Neural Network (Specific Model),11,None,494,405,10,phylum,0.93,0.76,0.04,0.31,0.75,0.55,0.42,True,13,1,1,1
5433,99.86,0.02,Neural Network (Specific Model),11,None,3009,2779,1,kingdom,1.0,0.92,0.0,0.0,0.0,0.7,0.65,True,22,6,6,6
5465,91.39,2.06,Gradient Boost (General Model),11,None,2017,1819,4,kingdom,1.0,0.9,0.0,0.0,0.0,0.58,0.52,True,21,3,0,3
553,89.62,9.5,Gradient Boost (General Model),11,None,3347,3018,21,phylum,0.93,0.84,0.02,0.04,0.09,0.54,0.45,True,22,3,3,3
5540,70.04,9.96,Neural Network (Specific Model),11,None,3604,2929,44,kingdom,1.0,0.81,0.1,0.04,0.09,0.71,0.57,True,16,3,0,3
5542,100.0,0.58,Gradient Boost (General Model),11,None,2749,2588,2,kingdom,1.0,0.94,0.0,0.0,0.0,0.67,0.63,True,22,5,0,5
5570,82.09,3.9,Gradient Boost (General Model),11,None,2091,1912,24,class,0.94,0.86,0.03,0.12,0.26,0.61,0.53,True,20,3,3,3
5571,7.23,0.28,Neural Network (Specific Model),11,None,621,144,8,kingdom,1.0,0.23,0.0,0.02,0.04,0.43,0.1,True,11,1,0,1
5572,7.39,0.0,Neural Network (Specific Model),11,None,280,265,2,genus,0.69,0.65,0.07,0.61,3.99,0.74,0.48,True,3,0,0,0
5577,10.46,0.84,Neural Network (Specific Model),11,None,450,189,2,kingdom,0.98,0.41,0.0,0.0,0.0,0.47,0.19,True,6,0,0,0
564,78.4,1.46,Neural Network (Specific Model),11,None,2585,2421,43,genus,0.93,0.87,0.14,0.04,0.08,0.93,0.81,True,18,4,3,4
5680,95.24,0.79,Gradient Boost (General Model),11,None,2812,2165,1,kingdom,0.99,0.76,0.0,0.0,0.0,0.46,0.35,True,22,2,2,2
569,98.57,111.32,Gradient Boost (General Model),11,None,4777,3377,66,kingdom,1.0,0.7,0.0,0.0,0.0,0.48,0.34,True,23,4,0,5
5701,93.5,46.19,Neural Network (Specific Model),11,None,4359,4153,34,family,0.95,0.9,0.1,0.03,0.06,0.82,0.74,True,22,5,5,5
5706,9.89,0.0,Neural Network (Specific Model),11,None,377,340,4,genus,0.89,0.8,0.08,0.09,0.19,0.93,0.75,True,4,0,0,0
5729,93.38,75.71,Gradient Boost (General Model),11,None,7060,6558,109,genus,0.74,0.68,0.03,0.63,3.81,0.66,0.45,True,23,14,0,13
5730,99.73,0.33,Neural Network (Specific Model),11,None,1957,1629,1,kingdom,1.0,0.83,0.0,0.0,0.0,0.57,0.47,True,22,5,0,5
5755,15.54,0.72,Neural Network (Specific Model),11,None,529,305,2,order,0.9,0.52,0.01,0.08,0.16,0.53,0.27,True,3,0,0,0
578,8.81,0.53,Neural Network (Specific Model),11,None,272,220,9,family,0.61,0.5,0.11,0.04,0.09,0.53,0.26,True,5,1,0,1
5780,97.84,3.93,Gradient Boost (General Model),11,None,2716,2506,2,kingdom,1.0,0.92,0.0,0.0,0.0,0.64,0.59,True,23,4,4,4
5784,9.11,0.12,Neural Network (Specific Model),11,None,231,31,1,kingdom,1.0,0.13,0.0,0.19,0.45,0.33,0.04,True,0,0,0,0
580,26.93,0.07,Neural Network (Specific Model),11,None,902,760,23,genus,0.78,0.66,0.14,0.04,0.07,0.65,0.43,True,6,1,3,1
5868,9.89,3.2,Neural Network (Specific Model),11,None,286,250,9,phylum,0.94,0.82,0.13,0.08,0.18,0.58,0.47,True,2,0,0,0
59,5.82,0.13,Neural Network (Specific Model),11,None,438,235,8,kingdom,0.99,0.53,0.0,0.0,0.0,0.46,0.24,True,0,0,0,0
591,11.72,0.0,Neural Network (Specific Model),11,None,743,611,18,order,0.87,0.71,0.05,0.11,0.25,0.57,0.41,True,7,1,0,0
5937,12.0,3.78,Neural Network (Specific Model),11,None,582,228,3,kingdom,0.98,0.38,0.0,0.0,0.0,0.45,0.17,True,20,0,0,0
5949,65.97,27.17,Gradient Boost (General Model),11,None,1912,1634,50,genus,0.68,0.59,0.07,0.67,5.04,0.57,0.34,True,19,4,6,6
6,56.46,0.17,Gradient Boost (General Model),11,None,1593,1331,23,order,0.8,0.67,0.07,0.06,0.13,0.65,0.44,True,21,1,2,2
600,7.28,0.0,Neural Network (Specific Model),11,None,336,282,8,genus,0.7,0.59,0.04,0.74,5.33,0.64,0.37,True,0,0,0,0
6018,10.72,0.75,Neural Network (Specific Model),11,None,567,144,3,kingdom,0.99,0.25,0.0,0.0,0.0,0.43,0.11,True,22,0,0,0
603,79.95,5.55,Neural Network (Specific Model),11,None,2629,2319,31,genus,0.8,0.7,0.12,0.24,0.57,0.7,0.49,True,21,2,3,2
604,29.67,0.85,Neural Network (Specific Model),11,None,1166,1074,23,family,0.92,0.85,0.04,0.11,0.26,0.71,0.61,True,8,0,0,0
605,85.42,5.01,Neural Network (Specific Model),11,None,4572,4326,58,family,0.95,0.89,0.21,0.02,0.04,0.95,0.85,True,23,6,5,6
6054,98.63,75.36,Gradient Boost (General Model),11,None,4911,4532,2,kingdom,1.0,0.92,0.0,0.0,0.0,0.56,0.52,True,23,4,4,4
6104,98.41,2.39,Gradient Boost (General Model),11,None,2748,2615,1,kingdom,1.0,0.95,0.0,0.0,0.0,0.67,0.63,True,23,4,0,4
6120,8.03,0.01,Neural Network (Specific Model),11,None,308,241,1,kingdom,1.0,0.78,0.0,0.0,0.0,0.54,0.42,True,4,1,1,1
6150,7.15,0.24,Neural Network (Specific Model),11,None,453,88,2,kingdom,1.0,0.19,0.0,0.26,0.63,0.41,0.08,True,5,0,0,0
622,80.95,1.86,Gradient Boost (General Model),11,None,4017,3617,24,family,0.8,0.72,0.02,0.51,2.32,0.61,0.44,True,23,6,7,6
6244,7.02,5.48,Neural Network (Specific Model),11,None,222,213,5,kingdom,1.0,0.96,0.0,0.0,0.0,0.7,0.67,True,0,0,0,0
6249,8.36,0.0,Neural Network (Specific Model),11,None,296,266,7,genus,0.64,0.58,0.11,0.83,7.96,0.65,0.37,True,2,0,0,0
6258,27.72,0.0,Neural Network (Specific Model),11,None,683,639,3,phylum,0.92,0.86,0.03,0.02,0.05,0.57,0.49,True,4,0,0,0
6270,30.71,1.23,Neural Network (Specific Model),11,None,2169,1897,38,class,0.91,0.79,0.08,0.32,0.92,0.62,0.49,True,12,1,0,1
6286,48.6,5.9,Gradient Boost (General Model),11,None,810,743,1,kingdom,1.0,0.92,0.0,0.0,0.0,0.66,0.61,True,11,1,0,1
6290,98.1,65.43,Gradient Boost (General Model),11,None,4975,4601,60,genus,0.67,0.62,0.02,0.81,8.67,0.63,0.39,True,23,4,3,3
6312,99.99,0.13,Neural Network (Specific Model),11,None,2152,1958,1,kingdom,1.0,0.91,0.0,0.0,0.0,0.6,0.55,True,22,4,4,4
6346,96.31,0.62,Gradient Boost (General Model),11,None,1580,1409,1,kingdom,1.0,0.89,0.0,0.0,0.0,0.55,0.49,True,21,4,0,4
6360,6.8,1.52,Neural Network (Specific Model),11,None,239,188,9,genus,0.88,0.69,0.01,0.72,5.3,0.54,0.37,True,0,0,2,0
6385,10.34,34.51,Neural Network (Specific Model),11,None,2314,2130,28,genus,0.72,0.66,0.05,0.47,1.55,0.71,0.47,True,7,2,1,1
6414,10.66,0.0,Neural Network (Specific Model),11,None,263,187,1,kingdom,1.0,0.71,0.0,0.0,0.0,0.53,0.38,True,2,0,0,0
645,80.2,17.33,Gradient Boost (General Model),11,None,4243,3793,46,order,0.88,0.79,0.06,0.07,0.15,0.6,0.47,True,20,5,4,5
646,13.04,0.0,Neural Network (Specific Model),11,None,389,336,10,phylum,0.96,0.83,0.2,0.04,0.09,0.61,0.5,True,6,1,0,1
6536,98.83,0.69,Gradient Boost (General Model),11,None,2092,1902,1,kingdom,1.0,0.91,0.0,0.0,0.0,0.58,0.53,True,22,3,2,3
6538,92.63,108.31,Neural Network (Specific Model),11,None,8030,7445,79,phylum,0.98,0.91,0.03,0.02,0.04,0.61,0.56,True,22,16,15,15
6541,98.56,0.29,Neural Network (Specific Model),11,None,2378,2148,1,kingdom,1.0,0.9,0.0,0.0,0.0,0.61,0.55,True,22,3,3,3
6542,97.2,0.06,Gradient Boost (General Model),11,None,2580,2337,1,kingdom,1.0,0.9,0.0,0.0,0.0,0.54,0.49,True,23,3,3,3
656,55.6,4.72,Gradient Boost (General Model),11,None,1398,1237,19,phylum,0.95,0.84,0.02,0.03,0.06,0.57,0.48,True,14,1,1,1
657,56.72,0.8,Gradient Boost (General Model),11,None,1155,984,17,genus,0.69,0.59,0.02,0.76,4.77,0.58,0.34,True,13,2,0,2
6573,96.16,94.57,Gradient Boost (General Model),11,None,6370,5266,46,class,0.9,0.74,0.04,0.41,1.48,0.54,0.4,True,23,4,7,7
6588,99.67,0.26,Neural Network (Specific Model),11,None,2259,1774,1,kingdom,1.0,0.78,0.0,0.0,0.0,0.56,0.44,True,22,5,0,5
6615,96.07,1.48,Gradient Boost (General Model),11,None,3317,3074,2,class,0.93,0.86,0.01,0.06,0.13,0.6,0.52,True,22,4,5,4
6661,71.91,89.0,Gradient Boost (General Model),11,None,7227,6303,269,order,0.89,0.78,0.08,0.41,1.05,0.57,0.44,True,22,1,1,1
6663,21.45,0.01,Neural Network (Specific Model),11,None,889,754,19,genus,0.87,0.73,0.06,0.6,2.52,0.66,0.49,True,8,1,1,1
6667,33.74,0.06,Neural Network (Specific Model),11,None,891,826,14,family,0.92,0.85,0.01,0.19,0.5,0.73,0.62,True,11,0,0,0
6681,54.47,0.69,Neural Network (Specific Model),11,None,1455,1260,18,family,0.83,0.72,0.03,0.72,4.36,0.58,0.42,True,15,1,0,1
6685,19.24,0.05,Neural Network (Specific Model),11,None,382,341,5,phylum,0.96,0.85,0.08,0.06,0.12,0.58,0.49,True,13,0,0,0
6703,97.44,101.49,Neural Network (Specific Model),11,None,20702,19412,258,genus,0.8,0.75,0.5,0.72,4.06,0.81,0.61,False,24,17,13,16
6709,100.0,101.48,Gradient Boost (General Model),11,None,8725,7235,75,class,0.93,0.77,0.05,0.02,0.05,0.62,0.48,True,23,14,9,14
672,71.39,0.84,Gradient Boost (General Model),11,None,1249,1120,22,family,0.86,0.77,0.03,0.12,0.29,0.63,0.48,True,13,2,3,2
6728,97.99,0.14,Gradient Boost (General Model),11,None,2445,2286,1,kingdom,1.0,0.93,0.0,0.0,0.0,0.64,0.6,True,22,2,2,2
6749,97.5,45.07,Gradient Boost (General Model),11,None,5004,4349,80,genus,0.87,0.75,0.63,0.03,0.07,0.7,0.52,False,21,2,2,2
6762,9.3,1.49,Neural Network (Specific Model),11,None,316,298,5,kingdom,1.0,0.94,0.0,0.0,0.0,0.66,0.62,True,2,0,0,0
6774,99.83,43.63,Gradient Boost (General Model),11,None,3337,3107,16,genus,0.7,0.66,0.02,0.52,1.76,0.69,0.45,True,22,5,5,5
678,85.84,66.42,Neural Network (Specific Model),11,None,5026,4633,124,kingdom,1.0,0.92,0.09,0.04,0.08,0.7,0.64,True,21,6,0,6
6797,4.54,0.0,Neural Network (Specific Model),11,None,230,206,1,kingdom,1.0,0.89,0.0,0.0,0.0,0.7,0.62,True,1,0,0,0
6816,9.47,1.07,Neural Network (Specific Model),11,None,447,293,8,phylum,0.88,0.58,0.02,0.6,2.63,0.48,0.28,True,3,0,0,0
683,32.83,0.57,Neural Network (Specific Model),11,None,842,761,15,order,0.88,0.79,0.05,0.13,0.3,0.57,0.45,True,17,1,1,1
6843,42.96,4.18,Gradient Boost (General Model),11,None,2023,1838,37,phylum,0.94,0.85,0.08,0.02,0.04,0.57,0.48,True,17,0,0,0
6849,97.47,31.5,Gradient Boost (General Model),11,None,4640,4160,32,genus,0.61,0.55,0.03,0.43,1.77,0.58,0.32,True,22,8,8,8
6858,5.1,0.13,Neural Network (Specific Model),11,None,319,256,6,phylum,0.94,0.76,0.05,0.06,0.13,0.54,0.41,True,0,0,0,0
686,32.47,4.43,Neural Network (Specific Model),11,None,1022,930,24,genus,0.79,0.72,0.08,0.27,0.8,0.69,0.5,True,13,1,2,1
6871,13.78,0.79,Neural Network (Specific Model),11,None,1006,250,15,kingdom,1.0,0.25,0.0,0.3,0.71,0.41,0.1,True,1,0,0,0
6884,84.76,2.41,Gradient Boost (General Model),11,None,3052,2879,20,class,0.96,0.91,0.05,0.06,0.12,0.68,0.62,True,21,5,0,5
6892,93.53,7.09,Gradient Boost (General Model),11,None,1463,1285,1,kingdom,1.0,0.88,0.0,0.0,0.0,0.57,0.5,True,22,2,0,2
69,98.05,3.5,Gradient Boost (General Model),11,None,3330,3100,5,kingdom,1.0,0.93,0.0,0.0,0.0,0.59,0.54,True,23,3,3,3
6900,24.63,8.58,Neural Network (Specific Model),11,None,708,623,15,class,0.91,0.8,0.12,0.36,1.15,0.61,0.49,True,9,1,1,1
6905,59.0,0.3,Gradient Boost (General Model),11,None,1100,896,3,phylum,0.96,0.78,0.03,0.36,0.85,0.62,0.49,True,21,0,0,0
6908,9.17,0.02,Neural Network (Specific Model),11,None,294,261,1,kingdom,1.0,0.89,0.0,0.0,0.0,0.57,0.51,True,2,0,0,0
6932,44.26,0.65,Gradient Boost (General Model),11,None,1578,1435,18,family,0.88,0.8,0.03,0.32,1.04,0.67,0.54,True,13,0,1,0
6943,91.43,92.9,Neural Network (Specific Model),11,None,7985,7381,93,genus,0.94,0.87,0.27,0.07,0.15,0.85,0.74,True,23,11,10,11
6945,10.69,0.3,Neural Network (Specific Model),11,None,382,351,6,class,0.95,0.88,0.14,0.14,0.33,0.71,0.62,True,2,1,0,1
6948,82.0,1.29,Gradient Boost (General Model),11,None,1890,1683,3,class,0.92,0.82,0.01,0.09,0.2,0.58,0.47,True,20,2,2,2
6949,9.26,0.0,Neural Network (Specific Model),11,None,194,157,1,kingdom,1.0,0.81,0.0,0.0,0.0,0.49,0.4,True,2,0,0,0
6950,97.18,3.66,Gradient Boost (General Model),11,None,2070,1970,3,genus,0.71,0.68,0.01,0.19,0.52,0.71,0.48,True,22,2,2,2
6954,13.09,0.0,Neural Network (Specific Model),11,None,282,270,1,kingdom,1.0,0.96,0.0,0.0,0.0,0.51,0.49,True,8,0,0,0
6957,7.59,4.34,Neural Network (Specific Model),11,None,283,229,6,kingdom,1.0,0.81,0.0,0.0,0.0,0.53,0.43,True,14,0,0,0
6960,66.69,28.97,Gradient Boost (General Model),11,None,1494,1313,22,kingdom,1.0,0.88,0.0,0.0,0.0,0.57,0.5,True,22,2,2,2
6961,58.21,104.31,Neural Network (Specific Model),11,Low confidence prediction - substantial (41%) disagreement between completeness prediction models,19755,18190,157,class,0.95,0.87,0.28,0.02,0.04,0.66,0.57,True,22,14,15,17
6962,7.79,0.06,Neural Network (Specific Model),11,None,202,189,7,genus,0.93,0.87,0.15,0.02,0.05,0.93,0.81,True,0,0,0,0
6966,9.97,0.89,Neural Network (Specific Model),11,None,420,291,5,kingdom,1.0,0.69,0.0,0.0,0.0,0.51,0.35,True,7,0,0,0
6970,94.99,24.81,Gradient Boost (General Model),11,None,1531,1324,4,kingdom,1.0,0.86,0.0,0.0,0.0,0.58,0.5,True,22,1,0,1
6972,96.99,94.29,Gradient Boost (General Model),11,None,6240,5394,43,genus,0.89,0.77,0.21,0.37,1.21,0.63,0.48,True,22,3,0,3
6977,5.4,0.0,Neural Network (Specific Model),11,None,213,175,2,phylum,0.97,0.79,0.06,0.11,0.24,0.56,0.45,True,7,1,0,1
698,87.56,0.69,Gradient Boost (General Model),11,None,2482,2182,1,kingdom,1.0,0.88,0.0,0.0,0.0,0.68,0.6,True,22,5,5,5
6980,26.54,0.32,Neural Network (Specific Model),11,None,1318,1186,24,family,0.86,0.77,0.05,0.7,4.46,0.64,0.49,True,15,1,1,1
6981,61.5,0.76,Neural Network (Specific Model),11,None,2082,1915,10,genus,0.68,0.63,0.04,0.4,1.53,0.7,0.44,True,22,4,0,4
6985,12.25,4.52,Neural Network (Specific Model),11,None,683,528,11,phylum,0.86,0.66,0.07,0.75,3.91,0.48,0.32,True,6,0,0,0
6989,19.17,0.05,Neural Network (Specific Model),11,None,1225,1112,24,order,0.91,0.83,0.12,0.21,0.53,0.66,0.55,True,8,0,0,0
6994,38.72,0.33,Neural Network (Specific Model),11,None,970,795,9,class,0.89,0.73,0.04,0.62,3.11,0.52,0.38,True,8,0,0,0
6997,16.34,17.47,Neural Network (Specific Model),11,None,458,409,8,kingdom,1.0,0.89,0.0,0.0,0.0,0.57,0.51,True,1,0,0,0
6998,60.82,0.75,Gradient Boost (General Model),11,None,1817,1649,12,class,0.91,0.83,0.03,0.4,0.92,0.64,0.53,True,19,2,1,2
7003,11.96,0.0,Neural Network (Specific Model),11,None,252,210,7,genus,0.56,0.47,0.06,0.7,4.96,0.55,0.26,True,4,1,1,1
7005,23.97,0.0,Neural Network (Specific Model),11,None,523,494,7,family,0.94,0.89,0.01,0.24,0.63,0.7,0.62,True,8,1,0,1
7006,8.46,5.96,Neural Network (Specific Model),11,None,257,245,6,genus,0.85,0.81,0.01,0.72,5.06,0.77,0.62,True,0,0,0,0
7014,6.04,0.01,Neural Network (Specific Model),11,None,281,253,9,family,0.92,0.83,0.07,0.28,0.84,0.74,0.61,True,3,0,0,0
7021,44.14,34.31,Gradient Boost (General Model),11,None,2613,2321,38,phylum,0.93,0.83,0.07,0.04,0.09,0.54,0.45,True,20,3,2,2
703,58.21,0.68,Gradient Boost (General Model),11,None,1431,1222,21,family,0.84,0.72,0.04,0.51,2.69,0.55,0.4,True,20,4,4,4
7039,90.05,36.08,Gradient Boost (General Model),11,None,5695,4353,100,phylum,0.89,0.68,0.03,0.81,5.31,0.47,0.32,True,22,3,1,4
7043,13.19,3.7,Neural Network (Specific Model),11,None,352,318,12,family,0.87,0.79,0.01,0.61,3.18,0.59,0.47,True,4,0,0,0
7044,68.09,85.71,Gradient Boost (General Model),11,None,7800,6383,132,order,0.93,0.76,0.03,0.58,2.42,0.57,0.43,True,12,0,0,0
7045,99.44,4.8,Gradient Boost (General Model),11,None,2521,2248,8,genus,0.62,0.55,0.01,0.47,2.0,0.63,0.35,True,22,6,0,7
7053,12.27,0.26,Neural Network (Specific Model),11,None,331,242,9,phylum,0.95,0.69,0.06,0.09,0.19,0.5,0.35,True,0,0,0,0
7054,67.8,1.67,Gradient Boost (General Model),11,None,1952,1704,15,class,0.9,0.79,0.11,0.02,0.05,0.63,0.49,True,19,2,2,2
7055,33.99,2.13,Neural Network (Specific Model),11,None,452,403,6,kingdom,1.0,0.89,0.0,0.0,0.0,0.57,0.51,True,7,2,0,2
706,91.57,96.17,Neural Network (Specific Model),11,None,5625,5124,23,phylum,0.98,0.9,0.01,0.03,0.05,0.6,0.54,True,22,6,6,6
7065,28.48,0.65,Neural Network (Specific Model),11,None,663,182,2,kingdom,0.99,0.27,0.0,0.0,0.0,0.4,0.11,True,14,0,0,0
7066,7.37,0.3,Neural Network (Specific Model),11,None,581,192,6,kingdom,1.0,0.33,0.0,0.22,0.53,0.43,0.14,True,0,0,0,0
7068,10.24,0.24,Neural Network (Specific Model),11,None,552,502,6,genus,0.74,0.67,0.11,0.18,0.45,0.76,0.51,True,12,1,0,1
7071,20.74,0.49,Neural Network (Specific Model),11,None,1120,1036,20,genus,0.79,0.73,0.05,0.67,4.43,0.66,0.49,True,18,1,0,1
7073,82.26,0.77,Gradient Boost (General Model),11,None,1879,1574,5,class,0.94,0.79,0.01,0.45,1.55,0.57,0.45,True,22,2,0,2
7076,77.36,3.84,Gradient Boost (General Model),11,None,2811,2622,9,phylum,0.92,0.86,0.06,0.03,0.06,0.56,0.48,True,22,2,3,3
7079,96.42,97.63,Gradient Boost (General Model),11,None,10593,9848,109,phylum,0.96,0.89,0.14,0.03,0.05,0.68,0.61,True,23,17,0,16
7080,85.13,45.9,Gradient Boost (General Model),11,None,7444,6668,120,genus,0.73,0.65,0.18,0.82,8.83,0.71,0.46,True,24,8,0,7
709,78.72,1.78,Gradient Boost (General Model),11,None,1247,1129,6,class,0.91,0.82,0.01,0.44,1.47,0.56,0.46,True,17,1,2,2
7094,70.66,0.1,Gradient Boost (General Model),11,None,1392,1268,2,kingdom,1.0,0.91,0.0,0.0,0.0,0.63,0.57,True,22,2,2,2
7097,95.82,15.49,Gradient Boost (General Model),11,None,2354,2057,21,genus,0.66,0.57,0.04,0.57,1.64,0.57,0.33,True,22,3,0,3
7102,13.96,0.43,Neural Network (Specific Model),11,None,984,618,23,phylum,0.86,0.54,0.05,0.73,4.39,0.46,0.25,True,4,0,0,0
7103,45.12,1.08,Neural Network (Specific Model),11,None,1576,1405,2,kingdom,1.0,0.89,0.0,0.0,0.0,0.59,0.52,True,16,2,2,2
7104,31.17,0.34,Neural Network (Specific Model),11,None,1446,1360,32,genus,0.68,0.64,0.14,0.33,1.1,0.73,0.47,True,16,2,0,3
7105,92.75,44.8,Gradient Boost (General Model),11,None,6516,5949,75,class,0.93,0.85,0.02,0.12,0.28,0.61,0.52,True,24,3,3,3
7108,71.39,0.11,Neural Network (Specific Model),11,None,1867,1667,20,genus,0.52,0.46,0.03,0.76,6.66,0.6,0.28,True,21,2,2,2
7109,26.55,3.18,Neural Network (Specific Model),11,None,1687,1395,29,phylum,0.93,0.77,0.05,0.08,0.18,0.51,0.39,True,19,1,1,1
7112,47.11,65.84,Gradient Boost (General Model),11,None,3898,3270,103,phylum,0.92,0.77,0.08,0.05,0.09,0.52,0.4,True,12,0,0,0
7116,67.64,23.35,Gradient Boost (General Model),11,None,1563,1357,29,phylum,0.94,0.82,0.09,0.03,0.07,0.58,0.47,True,18,2,0,2
7117,90.32,16.18,Gradient Boost (General Model),11,None,1702,1508,18,phylum,0.98,0.87,0.1,0.37,0.88,0.67,0.58,True,22,0,0,0
7125,97.28,90.04,Gradient Boost (General Model),11,None,4658,3971,22,kingdom,1.0,0.85,0.0,0.0,0.0,0.55,0.47,True,23,3,0,3
7126,5.38,0.01,Neural Network (Specific Model),11,None,254,221,3,kingdom,1.0,0.87,0.0,0.0,0.0,0.7,0.61,True,11,2,0,2
7127,100.0,102.78,Gradient Boost (General Model),11,None,24674,20804,351,genus,0.78,0.66,0.18,0.61,2.67,0.59,0.39,True,23,10,6,11
7132,96.5,84.15,Gradient Boost (General Model),11,None,6649,6141,47,genus,0.65,0.6,0.05,0.35,1.22,0.6,0.36,True,23,8,10,8
7133,97.65,38.07,Gradient Boost (General Model),11,None,2447,2118,29,phylum,0.97,0.84,0.09,0.44,0.97,0.6,0.51,True,22,2,0,2
7135,18.91,5.17,Neural Network (Specific Model),11,None,1738,1517,20,class,0.96,0.83,0.03,0.12,0.27,0.6,0.5,True,3,0,0,0
7136,5.48,0.01,Neural Network (Specific Model),11,None,290,220,5,genus,0.65,0.49,0.07,0.85,9.08,0.5,0.24,True,1,0,0,0
7138,98.57,6.68,Gradient Boost (General Model),11,None,1861,1700,9,order,0.92,0.84,0.03,0.08,0.17,0.59,0.49,True,23,2,2,2
714,21.03,0.18,Neural Network (Specific Model),11,None,707,617,16,order,0.79,0.69,0.08,0.19,0.47,0.53,0.37,True,11,1,1,1
7152,12.4,0.44,Neural Network (Specific Model),11,None,315,274,10,phylum,0.99,0.86,0.05,0.08,0.17,0.52,0.45,True,8,0,0,0
7156,8.75,0.0,Neural Network (Specific Model),11,None,210,157,6,family,0.82,0.61,0.17,0.51,2.28,0.58,0.35,True,4,0,0,0
7163,7.89,0.0,Neural Network (Specific Model),11,None,259,242,1,kingdom,1.0,0.93,0.0,0.0,0.0,0.64,0.59,True,2,0,0,0
7165,74.91,7.94,Gradient Boost (General Model),11,None,2314,2076,15,family,0.82,0.74,0.02,0.67,4.33,0.59,0.44,True,22,3,3,3
7167,100.0,102.47,Gradient Boost (General Model),11,None,25682,22604,258,order,0.88,0.78,0.07,0.08,0.18,0.58,0.45,True,23,43,49,45
7175,28.86,0.01,Neural Network (Specific Model),11,None,226,205,2,kingdom,1.0,0.91,0.0,0.0,0.0,0.59,0.53,True,0,0,0,0
7176,98.6,1.6,Gradient Boost (General Model),11,None,2680,2394,4,phylum,0.94,0.84,0.03,0.03,0.07,0.56,0.47,True,23,3,3,3
7178,18.47,4.0,Neural Network (Specific Model),11,None,491,457,8,order,0.93,0.86,0.03,0.13,0.3,0.57,0.49,True,4,0,0,0
7179,9.68,0.0,Neural Network (Specific Model),11,None,338,308,2,class,0.97,0.88,0.03,0.12,0.29,0.64,0.56,True,13,1,0,1
7186,12.11,4.47,Neural Network (Specific Model),11,None,379,333,2,kingdom,1.0,0.88,0.0,0.0,0.0,0.51,0.45,True,5,2,2,2
7187,20.42,0.02,Neural Network (Specific Model),11,None,420,350,5,kingdom,1.0,0.83,0.0,0.0,0.0,0.59,0.49,True,2,0,0,0
7189,6.67,7.41,Neural Network (Specific Model),11,None,247,239,6,kingdom,1.0,0.97,0.0,0.0,0.0,0.54,0.53,True,1,0,0,0
7191,8.22,0.06,Neural Network (Specific Model),11,None,470,397,7,class,0.9,0.76,0.06,0.21,0.55,0.56,0.43,True,9,0,0,0
7194,99.63,21.47,Gradient Boost (General Model),11,None,1808,1599,8,phylum,0.93,0.82,0.04,0.05,0.11,0.56,0.46,True,22,1,1,1
7199,13.79,0.11,Neural Network (Specific Model),11,None,765,671,6,genus,0.58,0.51,0.03,0.78,8.19,0.65,0.33,True,3,0,0,0
7200,12.35,4.21,Neural Network (Specific Model),11,None,547,465,6,phylum,0.96,0.82,0.07,0.03,0.06,0.61,0.5,True,1,0,0,0
7233,95.01,60.76,Gradient Boost (General Model),11,None,4906,4292,54,genus,0.66,0.58,0.32,0.59,2.67,0.6,0.34,True,22,4,1,4
7237,10.3,0.47,Neural Network (Specific Model),11,None,370,345,2,phylum,0.95,0.88,0.14,0.03,0.06,0.69,0.61,True,5,0,0,0
7239,11.14,10.58,Neural Network (Specific Model),11,None,424,395,6,kingdom,1.0,0.93,0.0,0.0,0.0,0.59,0.55,True,3,0,0,0
7240,7.45,0.14,Neural Network (Specific Model),11,None,317,263,5,genus,0.63,0.52,0.09,0.52,2.47,0.67,0.35,True,4,0,0,0
7249,14.28,0.02,Neural Network (Specific Model),11,None,328,302,1,kingdom,1.0,0.92,0.0,0.0,0.0,0.61,0.56,True,5,0,0,0
7251,9.06,0.0,Neural Network (Specific Model),11,None,277,256,1,kingdom,1.0,0.92,0.0,0.0,0.0,0.56,0.52,True,3,0,0,0
7253,9.43,0.02,Neural Network (Specific Model),11,None,294,251,3,order,0.9,0.77,0.04,0.15,0.35,0.65,0.5,True,3,0,0,0
7260,25.03,0.0,Neural Network (Specific Model),11,None,680,618,8,phylum,0.96,0.87,0.08,0.05,0.1,0.55,0.48,True,13,1,1,1
7275,4.89,0.04,Neural Network (Specific Model),11,None,244,224,3,genus,0.73,0.67,0.07,0.69,5.55,0.7,0.46,True,1,0,0,0
7281,44.25,10.49,Gradient Boost (General Model),11,None,2111,1944,16,order,0.87,0.8,0.03,0.08,0.17,0.61,0.49,True,20,2,2,2
7282,21.32,0.56,Neural Network (Specific Model),11,None,1577,1376,15,class,0.93,0.81,0.04,0.14,0.34,0.62,0.5,True,9,0,0,0
7284,37.26,8.79,Neural Network (Specific Model),11,None,1641,1512,19,phylum,0.91,0.84,0.04,0.02,0.05,0.56,0.47,True,15,2,2,2
7286,75.27,30.98,Gradient Boost (General Model),11,None,3326,3002,39,class,0.93,0.84,0.03,0.14,0.33,0.59,0.5,True,18,3,3,3
7289,12.49,0.0,Neural Network (Specific Model),11,None,474,424,4,genus,0.63,0.56,0.02,0.87,9.95,0.61,0.34,True,9,1,0,1
7291,14.0,0.16,Neural Network (Specific Model),11,None,670,584,5,genus,0.65,0.57,0.04,0.45,2.02,0.65,0.37,True,10,0,0,0
7295,10.4,0.03,Neural Network (Specific Model),11,None,526,464,9,phylum,0.94,0.83,0.08,0.03,0.05,0.59,0.49,True,3,0,0,0
7296,99.94,3.64,Neural Network (Specific Model),11,None,2623,1919,4,kingdom,1.0,0.73,0.0,0.0,0.0,0.54,0.4,True,22,4,0,4
7297,8.42,0.02,Neural Network (Specific Model),11,None,254,222,3,kingdom,1.0,0.87,0.0,0.0,0.0,0.6,0.52,True,2,1,1,1
7298,12.76,5.34,Neural Network (Specific Model),11,None,407,365,8,kingdom,1.0,0.9,0.0,0.0,0.0,0.55,0.49,True,4,0,0,0
73,22.62,0.45,Neural Network (Specific Model),11,None,973,827,25,class,0.9,0.76,0.03,0.12,0.28,0.55,0.42,True,6,1,1,1
730,29.83,1.34,Neural Network (Specific Model),11,None,969,937,17,kingdom,1.0,0.97,0.0,0.0,0.0,0.96,0.92,True,10,1,1,1
7300,7.34,0.0,Neural Network (Specific Model),11,None,230,214,4,genus,0.68,0.63,0.03,0.86,9.85,0.59,0.37,True,7,0,0,0
7301,55.23,7.21,Gradient Boost (General Model),11,None,1519,1408,4,kingdom,1.0,0.93,0.0,0.0,0.0,0.59,0.55,True,16,2,2,2
7302,10.64,1.68,Neural Network (Specific Model),11,None,580,535,5,genus,0.47,0.44,0.05,0.83,7.29,0.62,0.27,True,6,2,2,2
7304,25.79,0.05,Neural Network (Specific Model),11,None,768,679,6,order,0.88,0.78,0.02,0.11,0.25,0.57,0.44,True,8,0,0,0
7306,59.41,2.48,Gradient Boost (General Model),11,None,1509,1396,6,class,0.94,0.87,0.03,0.14,0.35,0.63,0.54,True,16,2,2,2
7308,11.33,0.48,Neural Network (Specific Model),11,None,490,408,9,genus,0.58,0.49,0.08,0.82,7.53,0.55,0.27,True,2,0,0,0
7311,76.78,2.42,Gradient Boost (General Model),11,None,1499,1368,4,class,0.94,0.86,0.01,0.13,0.31,0.6,0.52,True,16,2,2,2
7313,40.77,0.82,Neural Network (Specific Model),11,None,932,845,9,order,0.86,0.78,0.03,0.11,0.25,0.58,0.45,True,18,2,2,2
7314,7.72,0.06,Neural Network (Specific Model),11,None,316,274,2,class,0.87,0.76,0.05,0.18,0.45,0.62,0.47,True,4,0,0,0
7315,14.79,0.35,Neural Network (Specific Model),11,None,472,449,3,class,0.95,0.91,0.01,0.12,0.29,0.66,0.6,True,3,0,0,0
7318,13.32,0.24,Neural Network (Specific Model),11,None,547,489,5,phylum,0.92,0.83,0.04,0.07,0.15,0.55,0.45,True,7,0,0,0
7320,95.82,0.97,Gradient Boost (General Model),11,None,2722,2518,2,kingdom,1.0,0.92,0.0,0.0,0.0,0.58,0.54,True,23,3,0,3
7322,8.7,0.0,Neural Network (Specific Model),11,None,290,255,3,family,0.91,0.8,0.02,0.68,4.67,0.61,0.49,True,6,0,0,0
7323,23.08,0.16,Neural Network (Specific Model),11,None,843,740,4,kingdom,1.0,0.88,0.0,0.0,0.0,0.58,0.51,True,16,1,1,1
7327,25.85,0.26,Neural Network (Specific Model),11,None,875,728,2,kingdom,1.0,0.83,0.0,0.0,0.0,0.56,0.47,True,14,0,0,0
7336,14.95,0.14,Neural Network (Specific Model),11,None,288,270,2,kingdom,1.0,0.94,0.0,0.0,0.0,0.62,0.58,True,6,0,0,0
7338,35.27,0.18,Neural Network (Specific Model),11,None,1056,951,3,genus,0.6,0.54,0.02,0.87,9.56,0.61,0.33,True,11,1,1,1
7342,26.7,0.04,Neural Network (Specific Model),11,None,671,616,3,class,0.93,0.86,0.01,0.1,0.23,0.62,0.53,True,10,0,0,0
7349,8.39,0.03,Neural Network (Specific Model),11,None,552,502,10,phylum,0.93,0.84,0.04,0.06,0.12,0.55,0.46,True,10,2,0,2
735,20.93,0.35,Neural Network (Specific Model),11,None,632,574,14,genus,0.68,0.61,0.11,0.38,1.29,0.62,0.38,True,4,0,0,0
7350,64.21,0.24,Gradient Boost (General Model),11,None,1597,1440,3,class,0.9,0.81,0.01,0.12,0.27,0.59,0.48,True,19,3,3,3
7351,17.38,0.16,Neural Network (Specific Model),11,None,431,395,4,kingdom,1.0,0.92,0.0,0.0,0.0,0.58,0.54,True,8,1,1,1
7354,17.16,0.09,Neural Network (Specific Model),11,None,676,611,8,family,0.84,0.76,0.02,0.7,4.47,0.61,0.46,True,7,1,1,1
7355,40.99,9.07,Neural Network (Specific Model),11,None,1911,1751,8,class,0.94,0.86,0.01,0.13,0.29,0.6,0.52,True,18,1,1,1
7357,36.22,0.03,Neural Network (Specific Model),11,None,818,758,1,kingdom,1.0,0.93,0.0,0.0,0.0,0.61,0.56,True,15,1,1,1
7360,39.09,0.34,Neural Network (Specific Model),11,None,1028,974,2,kingdom,1.0,0.95,0.0,0.0,0.0,0.62,0.58,True,5,0,0,0
7363,65.53,0.0,Gradient Boost (General Model),11,None,1319,1240,1,kingdom,1.0,0.94,0.0,0.0,0.0,0.58,0.54,True,23,2,2,2
742,97.13,91.82,Gradient Boost (General Model),11,None,2806,2116,33,phylum,0.91,0.69,0.03,0.1,0.22,0.48,0.33,True,22,3,3,3
743,100.0,0.74,Gradient Boost (General Model),11,None,948,721,1,kingdom,0.99,0.76,0.0,0.0,0.0,0.48,0.36,True,23,2,0,1
76,6.42,0.43,Neural Network (Specific Model),11,None,590,332,11,kingdom,1.0,0.56,0.0,0.0,0.0,0.48,0.27,True,3,0,0,0
774,69.72,0.9,Neural Network (Specific Model),11,None,2309,2162,16,family,0.92,0.86,0.02,0.54,2.21,0.65,0.56,True,22,4,0,4
777,33.99,1.24,Neural Network (Specific Model),11,None,1426,1198,30,genus,0.66,0.55,0.03,0.7,4.78,0.59,0.32,True,12,0,0,0
795,26.93,0.05,Neural Network (Specific Model),11,None,567,477,15,phylum,0.98,0.82,0.18,0.05,0.11,0.54,0.44,True,6,0,0,1
797,25.61,0.62,Neural Network (Specific Model),11,None,827,726,14,class,0.92,0.81,0.03,0.13,0.31,0.56,0.45,True,10,0,0,0
799,98.33,85.78,Gradient Boost (General Model),11,None,5910,4370,84,phylum,0.92,0.68,0.03,0.16,0.39,0.46,0.31,True,23,6,8,8
807,93.53,1.19,Gradient Boost (General Model),11,None,1476,1284,5,phylum,0.93,0.81,0.02,0.14,0.32,0.54,0.44,True,23,2,2,2
810,37.57,1.42,Neural Network (Specific Model),11,None,947,864,22,genus,0.59,0.54,0.07,0.64,3.74,0.64,0.34,True,14,2,2,1
82,91.82,32.81,Gradient Boost (General Model),11,None,6685,5405,125,class,0.78,0.63,0.05,0.31,1.03,0.48,0.31,True,21,2,0,2
822,85.0,5.68,Gradient Boost (General Model),11,None,1582,1512,18,class,0.97,0.93,0.04,0.13,0.31,0.91,0.84,True,22,3,0,3
824,9.78,0.0,Neural Network (Specific Model),11,None,423,369,11,family,0.82,0.71,0.02,0.69,3.57,0.59,0.42,True,3,0,0,0
828,39.65,1.47,Neural Network (Specific Model),11,None,1600,1454,30,class,0.96,0.87,0.09,0.29,0.69,0.66,0.58,True,13,2,0,3
829,11.44,0.0,Neural Network (Specific Model),11,None,316,293,10,class,0.95,0.88,0.07,0.05,0.11,0.61,0.53,True,3,0,0,0
831,67.58,0.0,Gradient Boost (General Model),11,None,2044,1896,10,family,0.9,0.83,0.01,0.66,4.26,0.63,0.52,True,13,1,1,1
835,92.33,2.52,Gradient Boost (General Model),11,None,1367,1215,14,phylum,0.95,0.85,0.05,0.33,0.79,0.62,0.53,True,22,2,1,1
839,99.47,98.98,Gradient Boost (General Model),11,None,3993,2958,40,family,0.7,0.52,0.01,0.66,4.25,0.5,0.26,True,22,8,5,5
84,96.41,0.84,Neural Network (Specific Model),11,None,2164,2042,4,family,0.86,0.81,0.01,0.32,0.98,0.67,0.55,True,22,3,3,3
841,99.95,2.02,Neural Network (Specific Model),11,None,2602,2289,8,family,0.9,0.79,0.01,0.56,2.35,0.61,0.49,True,23,5,5,5
857,98.53,1.67,Gradient Boost (General Model),11,None,3320,3026,3,family,0.89,0.81,0.01,0.46,1.86,0.69,0.56,True,23,4,4,4
870,6.93,0.03,Neural Network (Specific Model),11,None,316,48,2,kingdom,1.0,0.15,0.0,0.12,0.28,0.31,0.05,True,1,0,0,0
887,7.68,0.0,Neural Network (Specific Model),11,None,226,212,1,kingdom,1.0,0.94,0.0,0.0,0.0,0.6,0.56,True,3,0,0,0
93,6.14,0.0,Neural Network (Specific Model),11,None,272,238,1,kingdom,1.0,0.88,0.0,0.0,0.0,0.6,0.52,True,4,0,0,0
931,18.99,1.88,Neural Network (Specific Model),11,None,625,158,23,kingdom,0.99,0.25,0.0,0.0,0.0,0.37,0.09,True,18,0,0,0
932,97.03,19.97,Gradient Boost (General Model),11,None,2021,1712,15,class,0.88,0.75,0.01,0.19,0.5,0.52,0.39,True,23,4,3,3
939,79.46,6.17,Gradient Boost (General Model),11,None,1442,1353,28,family,0.84,0.79,0.04,0.51,2.43,0.63,0.5,True,22,1,1,1
96,82.16,21.4,Gradient Boost (General Model),11,None,1981,1775,49,class,0.91,0.82,0.05,0.15,0.36,0.57,0.46,True,19,1,1,1
983,15.79,0.03,Neural Network (Specific Model),11,None,438,382,11,phylum,0.96,0.84,0.14,0.06,0.12,0.6,0.5,True,5,0,0,0
991,99.74,6.62,Gradient Boost (General Model),11,None,3224,2984,1,kingdom,1.0,0.92,0.0,0.0,0.0,0.6,0.55,True,23,3,0,3
994,11.07,17.08,Neural Network (Specific Model),11,None,565,516,2,kingdom,1.0,0.91,0.0,0.0,0.0,0.58,0.53,True,5,0,0,0
