,Completeness,Contamination,Completeness_Model_Used,Translation_Table_Used,Additional_Notes,n_genes_called,n_genes_mapped,n_contigs,taxonomic_level,proportion_genes_retained_in_major_clades,genes_retained_index,clade_separation_score,contamination_portion,n_effective_surplus_clades,mean_hit_identity,reference_representation_score,pass.GUNC,tRNA,16S,5S,23S
100,8.22,0.02,Neural Network (Specific Model),11,None,251,248,1,kingdom,1.0,0.99,0.0,0.0,0.0,0.97,0.96,True,3,0,0,0
1000,99.99,0.43,Neural Network (Specific Model),11,None,1835,1765,1,kingdom,1.0,0.96,0.0,0.0,0.0,0.95,0.91,True,22,5,0,5
1067,100.0,0.36,Gradient Boost (General Model),11,None,2503,2425,1,kingdom,1.0,0.97,0.0,0.0,0.0,0.92,0.89,True,23,5,5,5
1092,45.29,2.05,Neural Network (Specific Model),11,None,1515,1460,27,kingdom,1.0,0.96,0.0,0.0,0.0,0.92,0.89,True,19,3,3,3
1115,8.74,0.18,Neural Network (Specific Model),11,None,291,279,1,kingdom,1.0,0.96,0.0,0.0,0.0,0.96,0.92,True,11,1,1,1
1133,9.1,0.0,Neural Network (Specific Model),11,None,325,318,1,kingdom,1.0,0.98,0.0,0.0,0.0,0.83,0.81,True,0,0,0,0
1148,13.17,0.0,Neural Network (Specific Model),11,None,444,436,1,kingdom,1.0,0.98,0.0,0.0,0.0,0.94,0.92,True,7,1,1,1
1182,5.52,0.0,Neural Network (Specific Model),11,None,203,189,1,kingdom,1.0,0.93,0.0,0.0,0.0,0.88,0.82,True,0,0,0,0
121,4.45,0.0,Neural Network (Specific Model),11,None,196,188,1,kingdom,1.0,0.96,0.0,0.0,0.0,0.89,0.85,True,1,0,0,0
1286,6.01,0.0,Neural Network (Specific Model),11,None,202,196,1,kingdom,1.0,0.97,0.0,0.0,0.0,0.95,0.92,True,2,0,0,0
1301,8.07,0.0,Neural Network (Specific Model),11,None,210,191,1,kingdom,1.0,0.91,0.0,0.0,0.0,0.84,0.76,True,2,0,0,0
1325,5.9,0.0,Neural Network (Specific Model),11,None,175,167,1,kingdom,1.0,0.95,0.0,0.0,0.0,0.95,0.91,True,3,0,0,0
1367,4.75,0.0,Neural Network (Specific Model),11,None,181,175,1,kingdom,1.0,0.97,0.0,0.0,0.0,0.86,0.84,True,1,0,0,0
1452,99.99,51.21,Neural Network (Specific Model),11,None,4371,4208,40,genus,0.83,0.8,0.07,0.06,0.12,0.88,0.7,True,22,9,3,9
1460,99.91,0.05,Neural Network (Specific Model),11,None,3060,2987,1,kingdom,1.0,0.98,0.0,0.0,0.0,0.93,0.91,True,22,6,6,6
1522,10.15,0.0,Neural Network (Specific Model),11,None,366,354,1,kingdom,1.0,0.97,0.0,0.0,0.0,0.97,0.93,True,12,2,0,2
1612,36.56,0.97,Neural Network (Specific Model),11,None,1117,1099,21,genus,0.95,0.93,0.07,0.12,0.26,0.96,0.89,True,8,0,0,0
1620,9.58,0.01,Neural Network (Specific Model),11,None,349,342,1,kingdom,1.0,0.98,0.0,0.0,0.0,0.96,0.95,True,0,1,1,1
1629,30.11,0.04,Neural Network (Specific Model),11,None,992,966,12,genus,0.87,0.84,0.05,0.05,0.09,0.84,0.71,True,17,2,1,2
163,84.42,1.33,Neural Network (Specific Model),11,None,3590,3435,15,family,0.93,0.89,0.08,0.08,0.18,0.95,0.84,True,22,6,6,6
1701,89.81,30.68,Gradient Boost (General Model),11,None,3982,3879,30,genus,0.84,0.82,0.07,0.06,0.13,0.96,0.78,True,21,8,0,8
1706,9.3,0.0,Neural Network (Specific Model),11,None,197,194,1,kingdom,1.0,0.98,0.0,0.0,0.0,0.98,0.97,True,2,0,0,0
1726,100.0,94.02,Neural Network (Specific Model),11,None,5326,5170,4,family,0.93,0.9,0.01,0.05,0.1,0.92,0.83,True,22,12,12,12
1741,7.57,0.0,Neural Network (Specific Model),11,None,254,249,1,kingdom,1.0,0.98,0.0,0.0,0.0,0.96,0.95,True,4,1,1,1
1749,11.66,0.01,Neural Network (Specific Model),11,None,305,301,1,kingdom,1.0,0.99,0.0,0.0,0.0,0.81,0.8,True,11,1,0,1
175,100.0,1.83,Neural Network (Specific Model),11,None,3236,3154,4,family,0.96,0.93,0.08,0.08,0.17,0.96,0.89,True,23,6,2,6
1751,75.51,7.6,Gradient Boost (General Model),11,None,2030,1941,19,class,0.95,0.91,0.03,0.04,0.07,0.72,0.66,True,13,4,4,4
1752,6.95,0.0,Neural Network (Specific Model),11,None,289,272,1,kingdom,1.0,0.94,0.0,0.0,0.0,0.87,0.82,True,5,0,0,0
1758,18.69,0.04,Neural Network (Specific Model),11,None,697,681,21,kingdom,1.0,0.98,0.0,0.0,0.0,0.94,0.92,True,10,0,0,0
1789,40.39,0.09,Neural Network (Specific Model),11,None,1467,1395,35,family,0.97,0.92,0.14,0.02,0.04,0.96,0.89,True,16,1,0,0
1792,91.3,2.62,Neural Network (Specific Model),11,None,2548,2469,12,family,0.95,0.92,0.1,0.06,0.14,0.96,0.89,True,22,7,7,8
1800,3.51,0.04,Neural Network (Specific Model),11,None,235,228,1,kingdom,1.0,0.97,0.0,0.0,0.0,0.93,0.91,True,0,0,0,0
1801,8.75,0.0,Neural Network (Specific Model),11,None,352,327,2,genus,0.83,0.78,0.07,0.41,1.71,0.94,0.73,True,7,2,2,2
1816,8.32,0.0,Neural Network (Specific Model),11,None,247,237,1,kingdom,1.0,0.96,0.0,0.0,0.0,0.97,0.93,True,4,1,1,1
183,100.0,1.11,Gradient Boost (General Model),11,None,3150,2810,8,class,0.97,0.86,0.01,0.31,0.81,0.65,0.56,True,23,9,9,9
1833,9.78,0.0,Neural Network (Specific Model),11,None,317,309,1,kingdom,1.0,0.97,0.0,0.0,0.0,0.9,0.88,True,12,1,1,1
1839,99.97,11.69,Neural Network (Specific Model),11,None,2231,2177,14,kingdom,1.0,0.98,0.0,0.0,0.0,0.94,0.92,True,22,2,0,2
1867,85.32,29.11,Neural Network (Specific Model),11,None,6721,6541,76,genus,0.8,0.78,0.28,0.18,0.45,0.9,0.7,True,23,6,0,6
1869,49.11,5.72,Neural Network (Specific Model),11,None,1386,1282,23,genus,0.84,0.78,0.33,0.04,0.08,0.95,0.74,True,14,0,0,0
1879,40.33,0.04,Neural Network (Specific Model),11,None,1016,1000,12,genus,0.95,0.94,0.54,0.03,0.06,0.97,0.91,False,13,2,2,2
1936,6.94,0.0,Neural Network (Specific Model),11,None,230,184,1,kingdom,1.0,0.8,0.0,0.0,0.0,0.68,0.55,True,0,0,0,0
1969,7.06,0.0,Neural Network (Specific Model),11,None,200,196,1,kingdom,1.0,0.98,0.0,0.0,0.0,0.81,0.8,True,6,1,0,1
1973,83.12,65.66,Neural Network (Specific Model),11,None,6642,6432,35,family,0.95,0.92,0.19,0.44,1.18,0.84,0.77,True,23,16,4,14
1975,39.97,0.22,Neural Network (Specific Model),11,None,2324,2285,41,genus,0.95,0.93,0.17,0.04,0.08,0.99,0.92,True,14,4,4,4
1976,98.39,3.04,Gradient Boost (General Model),11,None,3810,3594,3,family,0.93,0.88,0.02,0.16,0.38,0.94,0.83,True,22,9,5,9
198,98.34,0.07,Gradient Boost (General Model),11,None,2609,2559,3,family,0.93,0.91,0.01,0.22,0.57,0.93,0.85,True,22,7,7,7
1980,6.81,0.01,Neural Network (Specific Model),11,None,339,320,4,genus,0.81,0.76,0.19,0.51,2.47,0.86,0.66,True,0,0,0,0
1984,15.06,0.06,Neural Network (Specific Model),11,None,454,439,2,genus,0.81,0.78,0.02,0.59,3.46,0.77,0.61,True,5,0,0,0
1985,24.61,3.67,Neural Network (Specific Model),11,None,839,832,13,genus,0.97,0.97,0.27,0.03,0.06,0.98,0.95,True,6,0,0,0
1986,19.17,0.01,Neural Network (Specific Model),11,None,520,488,11,genus,0.81,0.76,0.06,0.18,0.48,0.73,0.56,True,5,0,0,0
1987,85.22,32.81,Neural Network (Specific Model),11,None,3419,3304,33,genus,0.95,0.92,0.1,0.02,0.05,0.93,0.86,True,20,6,6,6
1988,99.74,115.77,Neural Network (Specific Model),11,None,18051,17434,149,genus,0.89,0.86,0.99,0.28,0.8,0.97,0.83,False,23,37,31,37
1989,82.77,0.41,Neural Network (Specific Model),11,None,3062,2977,6,genus,0.94,0.92,0.06,0.02,0.05,0.95,0.87,True,20,3,3,3
199,41.33,0.32,Neural Network (Specific Model),11,None,1302,1248,38,genus,0.9,0.86,0.22,0.04,0.08,0.94,0.8,True,15,3,3,3
1990,68.35,35.31,Neural Network (Specific Model),11,None,4877,4726,28,kingdom,1.0,0.97,0.0,0.0,0.0,0.93,0.9,True,18,6,6,6
1996,21.93,2.2,Neural Network (Specific Model),11,None,904,875,11,family,0.94,0.91,0.04,0.02,0.05,0.95,0.86,True,10,1,1,1
231,9.66,0.1,Neural Network (Specific Model),11,None,339,322,1,kingdom,1.0,0.95,0.0,0.0,0.0,0.83,0.79,True,9,0,0,0
237,98.69,1.88,Neural Network (Specific Model),11,None,3635,3504,12,family,0.91,0.88,0.08,0.02,0.05,0.95,0.84,True,23,3,3,3
26,80.91,0.41,Gradient Boost (General Model),11,None,1827,1671,31,class,0.94,0.86,0.03,0.11,0.25,0.64,0.55,True,21,4,4,4
287,89.24,0.75,Gradient Boost (General Model),11,None,2538,2365,13,class,0.95,0.89,0.07,0.02,0.05,0.75,0.67,True,20,7,6,7
288,99.93,0.18,Neural Network (Specific Model),11,None,2704,2624,4,class,0.98,0.95,0.04,0.05,0.1,0.78,0.74,True,22,4,4,4
293,100.0,1.47,Neural Network (Specific Model),11,None,3466,3228,5,family,0.93,0.86,0.01,0.3,0.72,0.91,0.78,True,23,8,2,8
30,95.4,0.45,Gradient Boost (General Model),11,None,3178,2923,2,family,0.88,0.81,0.01,0.4,1.13,0.76,0.62,True,22,6,6,6
304,100.0,1.47,Neural Network (Specific Model),11,None,2632,2474,2,kingdom,1.0,0.94,0.0,0.0,0.0,0.92,0.87,True,22,7,1,7
305,100.0,1.0,Gradient Boost (General Model),11,None,1898,1782,3,family,0.83,0.78,0.01,0.56,2.37,0.64,0.5,True,22,3,4,3
312,7.12,0.01,Neural Network (Specific Model),11,None,183,179,1,kingdom,1.0,0.98,0.0,0.0,0.0,0.95,0.93,True,6,0,0,0
314,95.19,1.39,Neural Network (Specific Model),11,None,2792,2579,15,family,0.83,0.76,0.04,0.42,1.62,0.72,0.55,True,21,4,4,4
384,93.8,0.0,Neural Network (Specific Model),11,None,2798,2714,5,family,0.92,0.9,0.01,0.58,1.8,0.73,0.66,True,22,6,6,6
392,6.44,0.0,Neural Network (Specific Model),11,None,237,230,10,genus,0.99,0.96,0.1,0.03,0.06,0.97,0.93,True,0,0,0,0
405,8.01,1.9,Neural Network (Specific Model),11,None,258,245,2,kingdom,1.0,0.95,0.0,0.0,0.0,0.68,0.65,True,0,0,0,0
419,99.72,0.29,Neural Network (Specific Model),11,None,1596,1563,2,kingdom,1.0,0.98,0.0,0.0,0.0,0.93,0.91,True,22,4,4,4
437,15.09,0.03,Neural Network (Specific Model),11,None,632,614,1,kingdom,1.0,0.97,0.0,0.0,0.0,0.91,0.89,True,12,1,1,1
44,7.69,0.03,Neural Network (Specific Model),11,None,258,253,1,kingdom,1.0,0.98,0.0,0.0,0.0,0.97,0.95,True,1,0,0,0
446,99.91,0.2,Neural Network (Specific Model),11,None,2632,2551,5,family,0.94,0.91,0.01,0.03,0.06,0.95,0.87,True,23,6,5,6
470,99.99,0.28,Neural Network (Specific Model),11,None,2859,2797,4,genus,0.81,0.79,0.02,0.07,0.15,0.94,0.75,True,23,6,6,6
507,12.87,0.11,Neural Network (Specific Model),11,None,592,572,20,kingdom,1.0,0.97,0.0,0.0,0.0,0.94,0.91,True,5,0,0,0
523,12.11,0.11,Neural Network (Specific Model),11,None,447,432,1,kingdom,1.0,0.97,0.0,0.0,0.0,0.94,0.91,True,8,1,1,1
534,4.53,0.0,Neural Network (Specific Model),11,None,222,213,1,kingdom,1.0,0.96,0.0,0.0,0.0,0.92,0.88,True,2,0,0,0
565,77.43,1.29,Gradient Boost (General Model),11,None,1522,1459,26,family,0.94,0.9,0.23,0.09,0.19,0.92,0.83,True,20,3,1,3
569,16.56,1.29,Neural Network (Specific Model),11,None,473,459,14,phylum,0.98,0.96,0.25,0.02,0.05,0.93,0.89,True,2,1,5,3
574,100.0,1.78,Neural Network (Specific Model),11,None,3359,3097,2,kingdom,1.0,0.92,0.0,0.0,0.0,0.93,0.85,True,22,4,0,4
589,99.98,0.08,Neural Network (Specific Model),11,None,2356,2296,1,kingdom,1.0,0.97,0.0,0.0,0.0,0.94,0.92,True,23,7,7,7
622,84.46,0.1,Neural Network (Specific Model),11,None,2843,2763,4,kingdom,1.0,0.97,0.0,0.0,0.0,0.94,0.92,True,20,4,4,4
63,99.91,0.58,Neural Network (Specific Model),11,None,1912,1869,1,kingdom,1.0,0.98,0.0,0.0,0.0,0.92,0.9,True,24,5,5,5
632,33.81,0.96,Neural Network (Specific Model),11,None,1201,1172,1,kingdom,1.0,0.98,0.0,0.0,0.0,0.95,0.92,True,13,1,1,1
666,4.27,0.0,Neural Network (Specific Model),11,None,181,169,1,kingdom,1.0,0.93,0.0,0.0,0.0,0.87,0.81,True,2,0,0,0
68,4.64,0.0,Neural Network (Specific Model),11,None,210,206,1,kingdom,1.0,0.98,0.0,0.0,0.0,0.97,0.95,True,0,0,0,0
694,8.93,0.0,Neural Network (Specific Model),11,None,232,220,1,kingdom,1.0,0.95,0.0,0.0,0.0,0.95,0.9,True,0,0,0,0
708,6.33,0.0,Neural Network (Specific Model),11,None,300,273,1,kingdom,1.0,0.91,0.0,0.0,0.0,0.7,0.64,True,4,0,0,0
740,100.0,1.0,Neural Network (Specific Model),11,None,3124,3027,3,family,0.94,0.91,0.01,0.12,0.29,0.93,0.84,True,23,6,0,6
79,99.87,5.47,Gradient Boost (General Model),11,None,3811,3622,3,genus,0.93,0.89,0.03,0.04,0.08,0.96,0.85,True,23,4,4,4
847,80.14,1.83,Gradient Boost (General Model),11,None,2621,2525,13,family,0.93,0.9,0.04,0.18,0.45,0.88,0.79,True,23,8,4,8
885,6.35,0.0,Neural Network (Specific Model),11,None,187,183,1,kingdom,1.0,0.98,0.0,0.0,0.0,0.94,0.92,True,2,0,0,0
903,99.02,107.33,Gradient Boost (General Model),11,None,7986,7695,40,order,0.95,0.92,0.01,0.03,0.07,0.72,0.66,True,22,21,20,21
97,6.42,0.0,Neural Network (Specific Model),11,None,226,220,1,kingdom,1.0,0.97,0.0,0.0,0.0,0.85,0.82,True,3,0,0,0
983,18.73,0.16,Neural Network (Specific Model),11,None,847,795,1,kingdom,1.0,0.94,0.0,0.0,0.0,0.85,0.8,True,6,0,0,0
