,Completeness,Contamination,Completeness_Model_Used,Translation_Table_Used,Additional_Notes,n_genes_called,n_genes_mapped,n_contigs,taxonomic_level,proportion_genes_retained_in_major_clades,genes_retained_index,clade_separation_score,contamination_portion,n_effective_surplus_clades,mean_hit_identity,reference_representation_score,pass.GUNC,tRNA,16S,5S,23S
bin.1,85.31,0.48,Gradient Boost (General Model),11,None,2081,1895,49,phylum,0.97,0.89,0.29,0.03,0.07,0.61,0.54,True,20,1,1,1
bin.10,97.99,1.41,Gradient Boost (General Model),11,None,2603,2461,6,order,0.77,0.72,0.12,0.1,0.21,0.61,0.44,True,23,3,3,3
bin.100,14.67,4.48,Neural Network (Specific Model),11,None,1199,667,73,class,0.77,0.43,0.08,0.46,1.88,0.51,0.22,True,4,0,0,0
bin.1002,92.76,0.29,Gradient Boost (General Model),11,None,1990,1810,6,order,0.86,0.78,0.03,0.26,0.73,0.58,0.46,True,23,1,1,1
bin.101,11.15,0.35,Neural Network (Specific Model),11,None,994,869,67,phylum,0.89,0.78,0.68,0.14,0.33,0.69,0.54,False,3,0,0,0
bin.102,67.74,11.41,Gradient Boost (General Model),11,None,7207,5817,291,order,0.6,0.49,0.54,0.48,1.74,0.57,0.28,False,20,0,1,1
bin.1038,10.85,0.27,Neural Network (Specific Model),11,None,517,442,22,order,0.82,0.7,0.17,0.48,1.58,0.6,0.42,True,1,0,0,0
bin.105,78.63,6.04,Gradient Boost (General Model),11,None,2083,1605,104,phylum,0.93,0.71,0.37,0.08,0.18,0.54,0.39,True,18,1,1,1
bin.106,24.38,1.34,Neural Network (Specific Model),11,None,853,734,50,genus,0.79,0.68,0.18,0.05,0.1,0.64,0.43,True,10,2,1,1
bin.1083,97.95,5.06,Gradient Boost (General Model),11,None,2681,2518,12,phylum,0.84,0.79,0.04,0.1,0.23,0.54,0.43,True,22,4,4,4
bin.11,8.09,0.03,Neural Network (Specific Model),11,None,453,309,46,phylum,0.87,0.6,0.49,0.23,0.61,0.58,0.34,False,1,0,0,0
bin.111,7.78,0.08,Neural Network (Specific Model),11,None,375,321,39,phylum,0.92,0.79,0.4,0.09,0.21,0.6,0.47,True,5,1,0,1
bin.1113,77.85,1.21,Gradient Boost (General Model),11,None,2492,2287,7,family,0.71,0.65,0.03,0.19,0.48,0.6,0.39,True,19,1,1,1
bin.1115,4.98,0.01,Neural Network (Specific Model),11,None,278,218,19,phylum,0.87,0.68,0.58,0.61,2.42,0.59,0.4,False,4,0,0,0
bin.112,82.09,3.02,Gradient Boost (General Model),11,None,2349,2101,82,genus,0.69,0.62,0.64,0.28,0.75,0.73,0.45,False,21,1,0,1
bin.1130,11.38,0.08,Neural Network (Specific Model),11,None,411,363,4,phylum,0.94,0.83,0.12,0.03,0.07,0.61,0.5,True,1,0,0,0
bin.115,64.29,2.54,Neural Network (Specific Model),11,None,1780,1661,51,phylum,0.97,0.9,0.18,0.17,0.42,0.66,0.6,True,18,1,1,1
bin.1158,8.45,0.07,Neural Network (Specific Model),11,None,308,264,15,kingdom,1.0,0.86,0.56,0.06,0.13,0.57,0.49,False,2,0,0,0
bin.1166,47.28,1.64,Gradient Boost (General Model),11,None,575,481,17,phylum,0.74,0.62,0.07,0.77,5.49,0.58,0.36,True,16,1,0,2
bin.117,6.25,0.08,Neural Network (Specific Model),11,None,360,246,30,phylum,0.91,0.62,0.74,0.22,0.58,0.59,0.36,False,1,0,0,0
bin.119,92.3,1.39,Gradient Boost (General Model),11,None,1641,1442,10,phylum,0.94,0.83,0.02,0.32,0.9,0.51,0.42,True,22,2,2,2
bin.12,47.05,8.88,Gradient Boost (General Model),11,None,3342,3032,127,genus,0.52,0.47,0.33,0.73,6.4,0.65,0.3,True,21,1,1,1
bin.120,58.77,2.67,Gradient Boost (General Model),11,None,3341,3001,103,class,0.9,0.81,0.14,0.1,0.22,0.63,0.51,True,17,1,1,1
bin.121,35.84,1.49,Neural Network (Specific Model),11,None,1694,1502,56,order,0.85,0.75,0.1,0.21,0.55,0.62,0.47,True,9,0,1,0
bin.1215,97.93,1.42,Neural Network (Specific Model),11,None,2264,2106,3,phylum,0.9,0.84,0.02,0.12,0.29,0.57,0.48,True,22,1,1,1
bin.1223,68.67,0.04,Neural Network (Specific Model),11,None,1640,1618,12,family,0.93,0.92,0.1,0.03,0.06,0.98,0.9,True,19,2,2,2
bin.1229,10.82,0.02,Neural Network (Specific Model),11,None,577,234,23,kingdom,1.0,0.41,0.25,0.06,0.14,0.49,0.2,True,17,0,0,0
bin.1243,99.01,3.0,Gradient Boost (General Model),11,None,2849,2705,3,class,0.89,0.84,0.01,0.06,0.13,0.65,0.55,True,24,1,1,1
bin.125,98.09,6.11,Neural Network (Specific Model),11,None,2568,2523,51,kingdom,1.0,0.98,0.0,0.0,0.0,0.98,0.97,True,20,1,1,1
bin.126,77.08,0.83,Neural Network (Specific Model),11,None,1978,1703,46,phylum,0.94,0.81,0.18,0.2,0.53,0.55,0.45,True,15,1,1,1
bin.1267,85.96,0.72,Gradient Boost (General Model),11,None,1438,1330,16,family,0.73,0.68,0.05,0.44,1.78,0.56,0.38,True,23,2,2,2
bin.1275,98.31,15.88,Gradient Boost (General Model),11,None,4148,3984,7,class,0.9,0.87,0.3,0.03,0.05,0.78,0.68,True,24,2,2,2
bin.1287,99.09,1.35,Neural Network (Specific Model),11,None,1864,1836,12,genus,0.94,0.93,0.32,0.03,0.05,0.97,0.9,True,22,3,0,3
bin.129,10.2,0.3,Neural Network (Specific Model),11,None,410,366,27,phylum,0.95,0.85,0.88,0.36,0.91,0.7,0.6,False,1,0,0,0
bin.13,90.99,7.17,Gradient Boost (General Model),11,None,4162,3452,61,phylum,0.77,0.64,0.04,0.05,0.1,0.55,0.35,True,23,3,3,3
bin.130,8.6,0.23,Neural Network (Specific Model),11,None,490,249,23,phylum,0.79,0.4,0.23,0.52,2.22,0.51,0.21,True,15,0,0,0
bin.131,13.26,3.27,Neural Network (Specific Model),11,None,1375,995,124,class,0.77,0.55,0.2,0.54,2.88,0.51,0.29,True,1,0,0,0
bin.134,21.79,0.61,Neural Network (Specific Model),11,None,1186,918,50,class,0.67,0.52,0.18,0.56,2.95,0.56,0.29,True,9,1,0,0
bin.135,11.17,0.34,Neural Network (Specific Model),11,None,755,503,49,phylum,0.86,0.57,0.21,0.66,3.72,0.51,0.29,True,9,0,0,0
bin.1351,85.05,3.01,Gradient Boost (General Model),11,None,1836,1689,16,class,0.82,0.75,0.04,0.15,0.37,0.56,0.42,True,17,2,2,2
bin.136,9.18,0.32,Neural Network (Specific Model),11,None,662,583,59,genus,0.48,0.42,0.34,0.41,1.64,0.79,0.34,True,1,0,0,0
bin.137,69.32,14.24,Gradient Boost (General Model),11,None,6689,5333,287,phylum,0.8,0.64,0.1,0.5,2.07,0.52,0.34,True,22,1,2,2
bin.138,12.15,0.81,Neural Network (Specific Model),11,None,546,329,24,phylum,0.92,0.56,0.18,0.46,1.53,0.53,0.3,True,18,0,0,0
bin.1380,96.42,1.58,Gradient Boost (General Model),11,None,2949,2782,7,class,0.91,0.86,0.03,0.26,0.72,0.65,0.56,True,21,1,2,1
bin.14,95.04,37.22,Gradient Boost (General Model),11,None,4488,3954,87,phylum,0.84,0.74,0.08,0.08,0.19,0.56,0.41,True,22,4,4,4
bin.140,24.33,6.4,Neural Network (Specific Model),11,None,1913,1474,91,phylum,0.78,0.6,0.17,0.18,0.44,0.53,0.32,True,8,0,0,0
bin.142,76.31,32.65,Neural Network (Specific Model),11,None,5225,4823,287,kingdom,0.98,0.91,0.0,0.0,0.0,0.87,0.78,True,19,0,0,0
bin.144,64.19,0.69,Gradient Boost (General Model),11,None,2107,1992,67,family,0.86,0.81,0.43,0.04,0.08,0.69,0.56,True,11,1,2,1
bin.1449,4.3,0.0,Neural Network (Specific Model),11,None,282,203,14,phylum,0.9,0.65,0.42,0.49,1.86,0.61,0.39,True,4,0,0,0
bin.145,87.95,9.64,Gradient Boost (General Model),11,None,1293,1080,47,phylum,0.74,0.62,0.06,0.79,7.21,0.53,0.33,True,19,1,0,1
bin.1458,6.28,0.01,Neural Network (Specific Model),11,None,466,319,29,class,0.6,0.41,0.21,0.59,3.35,0.55,0.22,True,1,0,0,0
bin.146,17.51,0.04,Neural Network (Specific Model),11,None,999,766,92,order,0.53,0.41,0.21,0.29,0.9,0.51,0.21,True,3,0,1,0
bin.149,34.78,9.77,Neural Network (Specific Model),11,None,1363,1078,70,genus,0.55,0.44,0.11,0.62,3.89,0.55,0.24,True,10,0,0,0
bin.151,81.88,7.24,Gradient Boost (General Model),11,None,6372,4923,147,class,0.59,0.45,0.09,0.76,7.32,0.5,0.23,True,21,1,1,1
bin.152,10.91,0.03,Neural Network (Specific Model),11,None,559,331,26,class,0.87,0.51,0.09,0.55,3.02,0.51,0.26,True,0,0,0,0
bin.1555,92.29,3.69,Neural Network (Specific Model),11,None,1806,1716,5,family,0.84,0.8,0.01,0.49,2.05,0.63,0.5,True,22,2,2,2
bin.156,23.16,4.0,Neural Network (Specific Model),11,None,1196,595,39,phylum,0.83,0.41,0.43,0.48,1.6,0.51,0.21,True,19,0,0,0
bin.1577,99.74,1.01,Gradient Boost (General Model),11,None,2838,2647,7,class,0.82,0.76,0.03,0.05,0.12,0.6,0.46,True,23,1,1,1
bin.16,98.93,7.94,Gradient Boost (General Model),11,None,4081,3759,52,phylum,0.9,0.83,0.48,0.06,0.14,0.58,0.48,False,22,4,4,4
bin.160,59.7,1.79,Gradient Boost (General Model),11,None,1189,1085,50,phylum,0.9,0.83,0.25,0.29,0.86,0.58,0.48,True,16,1,1,1
bin.1603,94.52,1.04,Gradient Boost (General Model),11,None,2305,2046,2,phylum,0.89,0.79,0.01,0.36,1.08,0.5,0.39,True,22,3,3,3
bin.163,4.62,0.34,Neural Network (Specific Model),11,None,367,278,24,phylum,0.91,0.69,0.71,0.21,0.55,0.65,0.45,False,0,0,0,0
bin.164,32.2,0.22,Neural Network (Specific Model),11,None,939,826,31,family,0.84,0.74,0.11,0.3,0.94,0.59,0.44,True,15,1,1,1
bin.1641,10.2,0.01,Neural Network (Specific Model),11,None,318,311,1,kingdom,1.0,0.97,0.0,0.0,0.0,0.84,0.82,True,6,0,0,0
bin.1649,98.58,0.13,Gradient Boost (General Model),11,None,2749,2535,3,genus,0.63,0.58,0.01,0.47,1.63,0.58,0.34,True,23,2,2,2
bin.165,55.21,1.66,Gradient Boost (General Model),11,None,1952,1752,62,phylum,0.83,0.75,0.09,0.05,0.11,0.56,0.42,True,18,0,0,0
bin.166,39.11,3.84,Gradient Boost (General Model),11,None,2049,1804,91,genus,0.56,0.49,0.21,0.29,0.91,0.59,0.29,True,13,1,1,1
bin.167,11.54,0.91,Neural Network (Specific Model),11,None,594,467,43,family,0.61,0.48,0.31,0.53,2.83,0.64,0.31,True,0,0,0,0
bin.169,6.03,0.03,Neural Network (Specific Model),11,None,432,264,19,kingdom,1.0,0.61,0.0,0.02,0.05,0.5,0.3,True,0,0,0,0
bin.17,6.41,0.08,Neural Network (Specific Model),11,None,277,227,16,phylum,0.97,0.8,0.27,0.12,0.28,0.62,0.49,True,2,0,0,0
bin.170,39.68,4.53,Gradient Boost (General Model),11,None,3434,2705,164,kingdom,1.0,0.79,0.5,0.03,0.06,0.55,0.44,False,16,0,0,0
bin.1706,96.86,8.34,Gradient Boost (General Model),11,None,976,815,12,phylum,0.78,0.65,0.05,0.79,7.39,0.53,0.34,True,20,1,0,1
bin.1721,88.85,2.33,Gradient Boost (General Model),11,None,1864,1717,6,kingdom,1.0,0.92,0.01,0.04,0.08,0.49,0.45,True,22,1,1,1
bin.173,9.54,0.19,Neural Network (Specific Model),11,None,566,467,17,order,0.89,0.73,0.25,0.16,0.39,0.67,0.49,True,1,0,0,0
bin.176,7.04,0.01,Neural Network (Specific Model),11,None,494,434,20,phylum,0.93,0.81,0.42,0.25,0.67,0.62,0.5,True,5,1,1,1
bin.1763,94.83,0.29,Neural Network (Specific Model),11,None,1661,1610,5,class,0.97,0.94,0.03,0.02,0.05,0.77,0.72,True,23,2,2,2
bin.177,37.59,0.6,Neural Network (Specific Model),11,None,1462,1398,42,class,0.95,0.91,0.24,0.07,0.14,0.84,0.77,True,11,1,1,0
bin.178,86.81,2.15,Gradient Boost (General Model),11,None,2023,1908,17,order,0.9,0.85,0.06,0.27,0.78,0.6,0.51,True,18,2,2,2
bin.1795,6.48,0.0,Neural Network (Specific Model),11,None,211,203,1,kingdom,1.0,0.96,0.0,0.0,0.0,0.69,0.66,True,7,0,0,0
bin.18,79.11,4.06,Gradient Boost (General Model),11,None,5952,4679,268,phylum,0.84,0.66,0.1,0.65,3.97,0.49,0.32,True,18,0,0,0
bin.181,97.47,8.36,Gradient Boost (General Model),11,None,3018,2643,52,genus,0.52,0.46,0.3,0.04,0.09,0.6,0.28,True,22,3,3,3
bin.182,94.87,4.2,Neural Network (Specific Model),11,None,3493,3334,60,genus,0.75,0.72,0.22,0.12,0.27,0.83,0.6,True,22,2,1,2
bin.1827,95.3,2.35,Gradient Boost (General Model),11,None,1529,1355,1,kingdom,0.99,0.88,0.0,0.0,0.0,0.52,0.46,True,22,2,2,2
bin.185,80.11,1.84,Gradient Boost (General Model),11,None,2192,2072,56,genus,0.75,0.71,0.15,0.55,1.67,0.67,0.48,True,20,1,0,1
bin.187,82.62,1.84,Neural Network (Specific Model),11,None,2444,2191,74,phylum,0.95,0.85,0.38,0.24,0.61,0.63,0.53,True,20,0,1,0
bin.188,24.82,4.78,Neural Network (Specific Model),11,None,1528,773,101,phylum,0.85,0.43,0.53,0.21,0.56,0.57,0.24,False,8,0,0,0
bin.19,52.89,5.99,Neural Network (Specific Model),11,None,2899,2697,90,genus,0.59,0.55,0.31,0.15,0.37,0.79,0.44,True,17,1,1,1
bin.190,11.71,0.85,Neural Network (Specific Model),11,None,648,185,20,kingdom,1.0,0.29,0.0,0.06,0.14,0.46,0.13,True,6,0,0,0
bin.191,82.43,1.48,Gradient Boost (General Model),11,None,1903,1563,53,class,0.75,0.61,0.14,0.33,1.16,0.51,0.31,True,20,2,1,1
bin.194,96.68,15.13,Gradient Boost (General Model),11,None,2281,2194,43,family,0.82,0.79,0.16,0.33,0.86,0.73,0.57,True,23,5,3,6
bin.195,12.64,0.22,Neural Network (Specific Model),11,None,800,440,34,phylum,0.85,0.47,0.2,0.29,0.84,0.49,0.23,True,1,0,0,0
bin.196,6.88,0.05,Neural Network (Specific Model),11,None,393,365,15,genus,0.69,0.64,0.32,0.84,10.98,0.79,0.51,True,2,0,0,0
bin.197,8.05,0.03,Neural Network (Specific Model),11,None,368,324,12,phylum,0.96,0.85,0.96,0.09,0.2,0.65,0.55,False,3,0,0,0
bin.1977,14.76,0.03,Neural Network (Specific Model),11,None,448,425,7,genus,0.7,0.67,0.12,0.35,1.12,0.61,0.41,True,13,0,0,0
bin.198,86.41,0.68,Gradient Boost (General Model),11,None,824,680,21,phylum,0.76,0.63,0.15,0.78,5.99,0.55,0.35,True,22,1,0,1
bin.2,81.01,6.4,Gradient Boost (General Model),11,None,4004,2989,102,phylum,0.81,0.6,0.05,0.45,1.72,0.49,0.3,True,23,1,0,1
bin.200,8.92,0.08,Neural Network (Specific Model),11,None,607,534,37,phylum,0.92,0.81,0.4,0.09,0.21,0.64,0.52,True,4,0,0,0
bin.201,16.77,0.8,Neural Network (Specific Model),11,None,812,650,62,genus,0.81,0.65,0.4,0.12,0.29,0.82,0.54,True,6,0,0,0
bin.2036,96.52,0.15,Gradient Boost (General Model),11,None,1168,1125,1,kingdom,1.0,0.96,0.0,0.0,0.0,0.59,0.57,True,21,1,1,1
bin.205,19.0,0.09,Neural Network (Specific Model),11,None,1194,1079,53,genus,0.86,0.77,1.0,0.03,0.06,0.79,0.61,False,11,0,0,0
bin.207,17.46,0.17,Neural Network (Specific Model),11,None,883,788,37,phylum,0.95,0.85,0.19,0.15,0.35,0.64,0.54,True,7,0,0,0
bin.208,17.42,2.49,Neural Network (Specific Model),11,None,1556,1166,90,class,0.66,0.49,0.17,0.68,5.01,0.52,0.26,True,9,0,0,0
bin.21,14.36,2.63,Neural Network (Specific Model),11,None,1288,1063,77,family,0.62,0.51,0.25,0.72,4.59,0.58,0.3,True,7,0,0,0
bin.213,84.82,3.69,Gradient Boost (General Model),11,None,2910,2192,64,phylum,0.76,0.57,0.1,0.34,1.16,0.48,0.27,True,21,1,1,1
bin.2168,96.81,2.74,Gradient Boost (General Model),11,None,2224,2084,2,kingdom,1.0,0.93,0.0,0.0,0.0,0.57,0.53,True,23,1,0,1
bin.2173,43.52,1.07,Neural Network (Specific Model),11,None,1168,1128,6,genus,0.62,0.6,0.25,0.3,0.96,0.66,0.4,True,14,2,2,2
bin.219,13.45,0.17,Neural Network (Specific Model),11,None,1334,993,75,phylum,0.82,0.61,0.13,0.58,3.05,0.53,0.32,True,4,1,0,0
bin.22,11.65,0.22,Neural Network (Specific Model),11,None,897,633,55,phylum,0.96,0.68,0.39,0.06,0.12,0.62,0.42,True,3,1,1,1
bin.220,8.62,0.26,Neural Network (Specific Model),11,None,636,531,34,genus,0.53,0.44,0.41,0.35,1.16,0.76,0.33,True,0,1,0,0
bin.2236,97.2,1.17,Gradient Boost (General Model),11,None,3269,2718,1,kingdom,1.0,0.83,0.0,0.03,0.06,0.45,0.38,True,23,1,1,1
bin.2237,21.74,0.0,Neural Network (Specific Model),11,None,587,562,4,phylum,0.95,0.91,0.22,0.03,0.06,0.58,0.53,True,21,2,2,2
bin.224,16.6,0.72,Neural Network (Specific Model),11,None,733,621,37,order,0.87,0.74,0.24,0.31,0.96,0.65,0.48,True,6,2,2,3
bin.225,91.08,7.45,Gradient Boost (General Model),11,None,2918,2688,17,family,0.75,0.69,0.05,0.17,0.43,0.66,0.45,True,22,2,2,2
bin.226,56.48,1.2,Gradient Boost (General Model),11,None,932,841,33,family,0.81,0.73,0.44,0.04,0.08,0.64,0.47,True,18,0,0,0
bin.227,65.74,21.74,Gradient Boost (General Model),11,None,4088,3826,118,genus,0.81,0.76,0.53,0.43,1.13,0.86,0.65,False,22,2,1,1
bin.2275,99.36,1.54,Gradient Boost (General Model),11,None,1850,1790,7,class,0.94,0.91,0.04,0.05,0.1,0.95,0.87,True,22,2,0,2
bin.229,91.0,0.89,Gradient Boost (General Model),11,None,2311,2039,15,order,0.58,0.51,0.02,0.69,4.81,0.51,0.26,True,22,2,2,2
bin.230,97.9,3.92,Gradient Boost (General Model),11,None,2665,2528,19,class,0.9,0.85,0.06,0.06,0.14,0.61,0.52,True,23,4,3,4
bin.232,24.16,3.68,Neural Network (Specific Model),11,None,1314,1045,52,phylum,0.91,0.73,0.21,0.06,0.13,0.61,0.44,True,8,0,0,0
bin.2325,23.25,0.01,Neural Network (Specific Model),11,None,432,421,1,kingdom,1.0,0.97,0.0,0.0,0.0,0.56,0.54,True,11,1,1,1
bin.234,10.6,0.13,Neural Network (Specific Model),11,None,641,539,39,phylum,0.87,0.73,0.15,0.11,0.25,0.6,0.44,True,1,0,0,0
bin.237,9.19,0.08,Neural Network (Specific Model),11,None,789,581,15,order,0.55,0.4,0.02,0.65,3.47,0.49,0.2,True,3,0,1,1
bin.240,10.81,2.04,Neural Network (Specific Model),11,None,570,524,20,family,0.78,0.72,0.59,0.08,0.17,0.81,0.58,False,2,0,0,0
bin.241,9.42,0.43,Neural Network (Specific Model),11,None,373,321,28,phylum,0.98,0.84,0.53,0.1,0.21,0.71,0.6,False,1,0,0,0
bin.2425,8.65,0.07,Neural Network (Specific Model),11,None,260,232,1,kingdom,0.99,0.88,0.0,0.0,0.0,0.56,0.49,True,1,0,0,0
bin.245,80.45,6.85,Gradient Boost (General Model),11,None,2748,2561,73,class,0.96,0.9,0.17,0.02,0.05,0.64,0.58,True,18,1,0,1
bin.247,45.88,4.73,Gradient Boost (General Model),11,None,3035,2788,113,genus,0.5,0.46,0.32,0.58,3.43,0.7,0.32,True,16,2,3,3
bin.249,37.85,20.1,Neural Network (Specific Model),11,None,3478,3219,154,phylum,0.96,0.89,0.58,0.03,0.07,0.83,0.74,False,10,0,1,1
bin.25,11.81,0.78,Neural Network (Specific Model),11,None,754,660,31,order,0.79,0.69,0.18,0.16,0.39,0.65,0.45,True,1,0,0,0
bin.2507,70.53,0.41,Gradient Boost (General Model),11,None,983,944,2,kingdom,1.0,0.96,0.0,0.0,0.0,0.59,0.56,True,18,0,0,0
bin.251,25.22,10.27,Neural Network (Specific Model),11,None,1434,1332,49,genus,0.67,0.62,0.23,0.33,1.13,0.83,0.52,True,5,2,1,1
bin.253,34.0,4.23,Neural Network (Specific Model),11,None,2583,2078,138,order,0.52,0.42,0.34,0.58,2.24,0.61,0.25,True,9,1,1,1
bin.255,92.19,3.98,Gradient Boost (General Model),11,None,3640,3070,79,class,0.7,0.59,0.08,0.4,1.48,0.51,0.3,True,23,2,3,3
bin.257,62.46,1.02,Gradient Boost (General Model),11,None,2903,2109,89,order,0.6,0.44,0.17,0.25,0.66,0.51,0.22,True,20,2,0,1
bin.259,6.54,0.02,Neural Network (Specific Model),11,None,324,279,8,genus,0.48,0.41,0.17,0.66,4.92,0.64,0.26,True,0,0,0,0
bin.26,11.48,0.35,Neural Network (Specific Model),11,None,875,790,35,genus,0.67,0.6,0.44,0.46,2.07,0.79,0.48,True,1,0,0,0
bin.260,44.83,3.05,Gradient Boost (General Model),11,None,1783,1542,49,phylum,0.93,0.81,0.4,0.02,0.05,0.58,0.47,True,19,1,1,1
bin.261,31.47,1.59,Neural Network (Specific Model),11,None,996,950,8,class,0.96,0.91,0.12,0.03,0.07,0.67,0.61,True,16,2,2,2
bin.264,24.02,0.72,Neural Network (Specific Model),11,None,1065,860,49,phylum,0.82,0.66,0.13,0.56,2.32,0.54,0.35,True,4,0,0,0
bin.265,12.61,0.81,Neural Network (Specific Model),11,None,887,353,32,kingdom,1.0,0.4,0.0,0.0,0.0,0.49,0.19,True,4,0,0,0
bin.269,97.18,6.78,Gradient Boost (General Model),11,None,3348,3045,61,order,0.88,0.8,0.17,0.09,0.2,0.64,0.52,True,23,2,2,2
bin.27,20.46,1.86,Neural Network (Specific Model),11,None,1074,885,64,phylum,0.9,0.74,0.24,0.03,0.05,0.58,0.43,True,6,1,2,1
bin.273,8.44,0.06,Neural Network (Specific Model),11,None,270,250,8,family,0.89,0.82,0.12,0.25,0.73,0.84,0.69,True,3,0,0,0
bin.277,9.2,0.03,Neural Network (Specific Model),11,None,500,263,27,phylum,0.9,0.48,0.32,0.21,0.55,0.52,0.25,True,2,0,0,0
bin.2774,96.42,0.17,Neural Network (Specific Model),11,None,2118,2001,2,kingdom,1.0,0.94,0.0,0.0,0.0,0.59,0.56,True,22,2,2,2
bin.278,24.88,1.11,Neural Network (Specific Model),11,None,898,851,39,genus,0.84,0.8,0.22,0.16,0.39,0.85,0.67,True,8,0,0,0
bin.279,29.92,0.2,Neural Network (Specific Model),11,None,1640,1511,83,family,0.87,0.8,0.27,0.03,0.06,0.74,0.59,True,13,0,0,0
bin.28,89.38,26.95,Gradient Boost (General Model),11,None,8734,6936,228,phylum,0.79,0.63,0.07,0.73,5.68,0.49,0.31,True,24,6,1,4
bin.281,76.06,11.15,Gradient Boost (General Model),11,None,3610,3215,151,class,0.82,0.73,0.24,0.11,0.25,0.62,0.45,True,20,2,1,1
bin.282,89.52,12.94,Neural Network (Specific Model),11,None,3347,3300,63,order,0.97,0.96,0.15,0.04,0.09,0.94,0.9,True,22,3,4,5
bin.285,74.08,2.3,Gradient Boost (General Model),11,None,2108,1918,67,phylum,0.97,0.88,0.84,0.02,0.04,0.65,0.57,False,18,3,0,2
bin.286,84.29,32.01,Gradient Boost (General Model),11,None,2188,1569,57,class,0.73,0.52,0.47,0.1,0.23,0.58,0.3,False,21,2,0,2
bin.287,94.51,1.29,Gradient Boost (General Model),11,None,1335,987,35,kingdom,1.0,0.74,0.4,0.46,0.99,0.51,0.38,True,20,1,0,1
bin.288,13.82,5.59,Neural Network (Specific Model),11,None,945,836,53,family,0.8,0.71,0.28,0.18,0.45,0.74,0.52,True,1,0,0,0
bin.290,14.51,1.35,Neural Network (Specific Model),11,None,698,509,24,phylum,0.9,0.66,0.22,0.41,1.05,0.55,0.36,True,4,0,0,0
bin.2946,96.07,0.09,Neural Network (Specific Model),11,None,1912,1824,1,kingdom,1.0,0.95,0.0,0.0,0.0,0.65,0.62,True,22,1,1,1
bin.3,87.31,2.26,Gradient Boost (General Model),11,None,2282,2162,48,order,0.82,0.78,0.28,0.05,0.12,0.88,0.69,True,22,2,2,3
bin.30,57.39,8.11,Gradient Boost (General Model),11,None,3465,3196,140,order,0.9,0.83,0.41,0.45,1.13,0.7,0.58,True,16,1,0,0
bin.300,5.87,0.1,Neural Network (Specific Model),11,None,620,391,38,phylum,0.85,0.54,0.2,0.69,5.29,0.52,0.28,True,7,0,0,0
bin.303,77.35,1.3,Gradient Boost (General Model),11,None,1728,1575,62,phylum,0.98,0.89,0.41,0.03,0.07,0.62,0.55,True,20,2,0,2
bin.304,15.55,0.13,Neural Network (Specific Model),11,None,922,676,40,phylum,0.84,0.61,0.43,0.26,0.72,0.55,0.33,True,10,0,0,0
bin.305,72.82,2.6,Gradient Boost (General Model),11,None,1845,1715,26,order,0.9,0.84,0.08,0.1,0.24,0.63,0.53,True,21,2,2,2
bin.308,95.55,3.68,Neural Network (Specific Model),11,None,2890,2706,56,phylum,0.95,0.89,0.23,0.2,0.48,0.64,0.57,True,24,3,3,3
bin.309,100.0,4.32,Gradient Boost (General Model),11,None,2186,1993,11,class,0.88,0.8,0.01,0.22,0.56,0.54,0.43,True,23,5,5,5
bin.310,15.12,0.45,Neural Network (Specific Model),11,None,918,752,78,class,0.82,0.67,0.39,0.15,0.38,0.71,0.48,True,7,0,0,0
bin.313,99.46,34.9,Gradient Boost (General Model),11,None,4415,4072,92,order,0.88,0.82,0.05,0.21,0.55,0.6,0.49,True,23,3,5,3
bin.314,24.17,3.36,Neural Network (Specific Model),11,None,1391,1182,43,phylum,0.87,0.74,0.1,0.14,0.33,0.59,0.44,True,10,2,2,2
bin.319,92.31,1.53,Gradient Boost (General Model),11,None,3172,2953,41,phylum,0.88,0.82,0.08,0.03,0.06,0.63,0.52,True,23,1,1,1
bin.3204,7.06,0.15,Neural Network (Specific Model),11,None,343,114,1,kingdom,1.0,0.33,0.0,0.04,0.07,0.42,0.14,True,17,0,0,0
bin.324,17.51,5.49,Neural Network (Specific Model),11,None,1347,1140,62,phylum,0.95,0.81,0.5,0.07,0.15,0.68,0.55,False,5,0,0,0
bin.328,22.73,0.15,Neural Network (Specific Model),11,None,795,680,13,genus,0.48,0.41,0.31,0.29,0.88,0.59,0.25,True,4,1,1,1
bin.33,23.45,3.74,Neural Network (Specific Model),11,None,2158,1939,67,phylum,0.93,0.84,0.77,0.03,0.06,0.67,0.56,False,16,0,1,0
bin.332,6.13,0.13,Neural Network (Specific Model),11,None,474,319,26,class,0.67,0.45,0.15,0.8,7.67,0.5,0.23,True,9,1,1,1
bin.333,99.28,7.09,Neural Network (Specific Model),11,None,4939,4206,69,phylum,0.86,0.73,0.07,0.22,0.59,0.56,0.41,True,24,2,1,1
bin.337,94.22,1.58,Gradient Boost (General Model),11,None,2351,2220,14,phylum,0.91,0.86,0.14,0.03,0.06,0.63,0.55,True,22,3,2,3
bin.34,77.7,1.06,Gradient Boost (General Model),11,None,2860,2155,111,order,0.55,0.41,0.09,0.3,0.98,0.52,0.21,True,18,1,1,1
bin.340,11.08,0.64,Neural Network (Specific Model),11,None,413,332,23,phylum,0.94,0.75,0.29,0.42,1.04,0.59,0.45,True,4,0,0,0
bin.342,95.13,2.36,Gradient Boost (General Model),11,None,1596,1491,2,phylum,0.93,0.87,0.01,0.2,0.49,0.56,0.48,True,23,1,1,1
bin.344,7.17,0.01,Neural Network (Specific Model),11,None,312,249,15,class,0.87,0.7,0.28,0.24,0.67,0.58,0.41,True,0,0,0,0
bin.346,19.36,1.07,Neural Network (Specific Model),11,None,967,855,22,genus,0.47,0.41,0.26,0.76,5.19,0.78,0.32,True,1,0,0,0
bin.3468,95.93,1.79,Neural Network (Specific Model),11,None,2377,2221,1,kingdom,1.0,0.93,0.0,0.06,0.13,0.77,0.72,True,19,2,2,2
bin.347,42.19,5.13,Gradient Boost (General Model),11,None,2935,2698,108,genus,0.64,0.58,0.62,0.39,1.52,0.78,0.45,False,11,3,1,1
bin.349,11.35,0.01,Neural Network (Specific Model),11,None,665,465,32,phylum,0.87,0.61,0.51,0.35,1.11,0.55,0.34,False,2,2,2,2
bin.352,4.73,0.0,Neural Network (Specific Model),11,None,331,135,9,kingdom,0.99,0.4,0.0,0.0,0.0,0.44,0.18,True,0,0,0,0
bin.354,24.98,0.05,Neural Network (Specific Model),11,None,1059,981,37,phylum,0.93,0.86,0.31,0.05,0.1,0.6,0.52,True,9,0,0,0
bin.355,5.08,0.0,Neural Network (Specific Model),11,None,335,284,19,phylum,0.94,0.8,0.14,0.06,0.12,0.56,0.45,True,7,0,0,0
bin.357,14.43,1.17,Neural Network (Specific Model),11,None,384,317,19,family,0.76,0.62,0.08,0.66,4.4,0.56,0.35,True,4,0,0,0
bin.358,5.04,0.03,Neural Network (Specific Model),11,None,397,145,12,kingdom,1.0,0.37,0.0,0.0,0.0,0.43,0.16,True,1,0,0,0
bin.359,4.68,0.04,Neural Network (Specific Model),11,None,362,285,16,phylum,0.89,0.7,0.49,0.07,0.15,0.61,0.43,False,1,0,0,0
bin.362,31.69,0.37,Neural Network (Specific Model),11,None,1071,921,23,phylum,0.89,0.76,0.08,0.11,0.25,0.57,0.44,True,10,0,0,0
bin.363,10.57,0.2,Neural Network (Specific Model),11,None,448,352,12,phylum,0.84,0.66,0.08,0.36,1.3,0.54,0.36,True,1,0,0,0
bin.364,9.98,0.01,Neural Network (Specific Model),11,None,656,479,35,class,0.55,0.4,0.08,0.66,4.3,0.48,0.19,True,2,2,0,0
bin.367,25.44,1.17,Neural Network (Specific Model),11,None,1175,1079,47,genus,0.52,0.48,0.34,0.67,4.45,0.65,0.31,True,16,2,2,2
bin.37,10.93,0.13,Neural Network (Specific Model),11,None,637,537,27,phylum,0.83,0.7,0.45,0.11,0.25,0.58,0.4,True,1,0,0,0
bin.373,54.84,2.61,Gradient Boost (General Model),11,None,1456,1415,64,order,0.97,0.94,0.19,0.04,0.08,0.96,0.91,True,14,2,2,2
bin.374,3.97,0.01,Neural Network (Specific Model),11,None,313,143,16,phylum,0.92,0.42,0.14,0.54,2.5,0.48,0.2,True,3,0,0,0
bin.38,26.58,2.5,Neural Network (Specific Model),11,None,1234,1116,44,phylum,0.93,0.84,0.83,0.05,0.11,0.61,0.51,False,5,1,1,1
bin.386,92.75,0.01,Gradient Boost (General Model),11,None,2022,1896,9,class,0.94,0.88,0.02,0.27,0.71,0.56,0.49,True,22,3,3,3
bin.387,12.72,0.36,Neural Network (Specific Model),11,None,716,648,36,order,0.93,0.84,0.31,0.06,0.13,0.67,0.57,True,8,1,1,1
bin.390,5.86,0.0,Neural Network (Specific Model),11,None,395,315,19,phylum,0.95,0.75,0.77,0.16,0.38,0.61,0.46,False,2,0,1,0
bin.393,98.53,1.37,Gradient Boost (General Model),11,None,2444,2244,7,kingdom,1.0,0.92,0.02,0.02,0.04,0.57,0.52,True,24,4,4,4
bin.396,5.75,0.0,Neural Network (Specific Model),11,None,273,244,18,genus,0.87,0.78,0.33,0.63,4.19,0.71,0.55,True,3,0,0,0
bin.397,94.39,3.65,Gradient Boost (General Model),11,None,1750,1552,18,phylum,0.88,0.78,0.03,0.3,0.86,0.5,0.39,True,22,2,1,2
bin.399,6.66,0.15,Neural Network (Specific Model),11,None,330,314,12,genus,0.44,0.42,0.32,0.75,6.45,0.74,0.31,True,1,0,0,0
bin.4,25.35,0.22,Neural Network (Specific Model),11,None,883,781,45,order,0.82,0.73,0.29,0.03,0.07,0.6,0.43,True,15,1,1,1
bin.40,74.62,4.7,Gradient Boost (General Model),11,None,3289,2611,113,phylum,0.85,0.68,0.08,0.18,0.48,0.52,0.35,True,21,1,1,1
bin.402,6.92,0.03,Neural Network (Specific Model),11,None,390,188,11,kingdom,1.0,0.48,0.42,0.06,0.12,0.49,0.24,True,2,0,0,0
bin.406,5.91,0.32,Neural Network (Specific Model),11,None,357,177,15,class,0.86,0.43,0.13,0.49,2.23,0.48,0.21,True,0,0,0,0
bin.407,99.01,8.69,Gradient Boost (General Model),11,None,2741,2579,44,phylum,0.97,0.92,0.52,0.03,0.05,0.65,0.6,False,23,2,0,1
bin.409,5.78,0.0,Neural Network (Specific Model),11,None,354,302,16,genus,0.54,0.46,0.32,0.69,5.62,0.71,0.33,True,5,2,1,2
bin.41,43.06,2.48,Gradient Boost (General Model),11,None,1875,1673,64,order,0.76,0.68,0.11,0.3,0.91,0.57,0.39,True,16,1,1,1
bin.411,91.48,0.88,Gradient Boost (General Model),11,None,2338,2130,12,phylum,0.78,0.71,0.02,0.51,2.53,0.54,0.38,True,22,2,2,2
bin.42,96.82,8.41,Gradient Boost (General Model),11,None,2732,2534,40,phylum,0.92,0.85,0.1,0.03,0.05,0.57,0.48,True,23,2,2,2
bin.420,91.42,0.86,Gradient Boost (General Model),11,None,1102,834,31,phylum,0.92,0.7,0.15,0.18,0.46,0.5,0.35,True,22,2,1,1
bin.422,12.55,0.58,Neural Network (Specific Model),11,None,405,378,14,family,0.74,0.69,0.1,0.68,4.71,0.6,0.42,True,2,0,0,0
bin.423,98.75,2.76,Neural Network (Specific Model),11,None,1853,1701,9,phylum,0.92,0.84,0.01,0.11,0.26,0.56,0.47,True,22,2,2,2
bin.426,30.86,0.48,Neural Network (Specific Model),11,None,1241,1122,48,genus,0.6,0.54,0.42,0.16,0.41,0.66,0.36,True,13,2,2,2
bin.429,7.21,0.02,Neural Network (Specific Model),11,None,318,212,18,phylum,0.84,0.56,0.08,0.51,2.29,0.54,0.3,True,2,0,0,0
bin.43,36.3,1.1,Neural Network (Specific Model),11,None,845,674,41,phylum,0.91,0.72,0.3,0.2,0.49,0.5,0.36,True,12,0,0,0
bin.432,20.05,0.57,Neural Network (Specific Model),11,None,914,805,32,class,0.88,0.78,0.13,0.07,0.15,0.59,0.46,True,7,0,1,0
bin.433,100.0,1.69,Gradient Boost (General Model),11,None,2780,2541,20,family,0.77,0.71,0.05,0.23,0.61,0.62,0.44,True,22,2,2,2
bin.434,94.97,10.69,Gradient Boost (General Model),11,None,1491,1069,36,order,0.68,0.49,0.58,0.27,0.72,0.56,0.27,False,22,1,0,1
bin.44,24.49,1.02,Neural Network (Specific Model),11,None,1069,1009,42,genus,0.77,0.73,0.44,0.04,0.09,0.73,0.53,True,13,0,0,0
bin.441,97.62,1.33,Gradient Boost (General Model),11,None,2103,1828,7,phylum,0.91,0.79,0.08,0.18,0.46,0.54,0.43,True,22,3,3,3
bin.446,9.65,0.29,Neural Network (Specific Model),11,None,510,431,19,phylum,0.9,0.76,0.66,0.31,0.9,0.58,0.44,False,12,2,2,2
bin.447,7.95,0.1,Neural Network (Specific Model),11,None,656,504,55,phylum,0.89,0.68,0.45,0.19,0.47,0.61,0.42,False,1,0,0,0
bin.45,90.27,2.48,Gradient Boost (General Model),11,None,4199,3173,68,phylum,0.78,0.59,0.03,0.51,2.05,0.48,0.28,True,22,1,0,1
bin.450,4.42,0.02,Neural Network (Specific Model),11,None,393,186,21,phylum,0.91,0.43,0.12,0.27,0.8,0.48,0.21,True,1,0,0,0
bin.451,96.86,6.79,Gradient Boost (General Model),11,None,2983,2870,24,family,0.83,0.8,0.09,0.18,0.47,0.69,0.55,True,23,4,5,5
bin.453,79.06,5.19,Gradient Boost (General Model),11,None,4011,3678,77,phylum,0.91,0.84,0.21,0.09,0.21,0.58,0.48,True,21,1,0,0
bin.454,6.04,0.07,Neural Network (Specific Model),11,None,215,183,9,order,0.74,0.63,0.19,0.58,2.08,0.61,0.38,True,2,1,1,1
bin.46,8.32,0.01,Neural Network (Specific Model),11,None,351,301,17,order,0.73,0.63,0.16,0.57,1.84,0.56,0.35,True,4,1,2,1
bin.461,7.93,0.34,Neural Network (Specific Model),11,None,417,274,18,kingdom,1.0,0.66,0.42,0.03,0.06,0.5,0.33,True,1,0,0,0
bin.465,99.13,4.06,Neural Network (Specific Model),11,None,2189,2041,25,kingdom,1.0,0.93,0.48,0.08,0.17,0.93,0.87,False,20,1,2,1
bin.47,11.79,0.15,Neural Network (Specific Model),11,None,909,694,51,order,0.6,0.46,0.22,0.63,3.34,0.55,0.25,True,2,0,0,0
bin.472,97.28,0.17,Gradient Boost (General Model),11,None,1216,1121,3,kingdom,1.0,0.92,0.0,0.04,0.08,0.49,0.45,True,22,1,1,1
bin.475,98.18,2.78,Neural Network (Specific Model),11,None,2948,2851,9,genus,0.73,0.71,0.02,0.5,2.2,0.73,0.52,True,22,3,2,2
bin.478,35.88,0.17,Neural Network (Specific Model),11,None,1105,990,42,order,0.83,0.74,0.22,0.5,1.78,0.63,0.47,True,8,0,0,0
bin.48,41.97,0.82,Gradient Boost (General Model),11,None,3297,2489,116,class,0.59,0.45,0.12,0.64,4.61,0.47,0.21,True,13,0,0,0
bin.481,14.11,0.35,Neural Network (Specific Model),11,None,333,299,1,kingdom,0.99,0.89,0.0,0.0,0.0,0.62,0.55,True,10,1,1,1
bin.482,56.63,5.19,Gradient Boost (General Model),11,None,2043,1925,32,genus,0.57,0.54,0.13,0.65,3.15,0.66,0.36,True,15,0,0,0
bin.488,21.79,4.11,Neural Network (Specific Model),11,None,1035,934,33,phylum,0.95,0.86,0.53,0.03,0.05,0.73,0.63,False,1,0,0,0
bin.492,26.93,0.81,Neural Network (Specific Model),11,None,901,782,41,genus,0.55,0.48,0.28,0.12,0.28,0.62,0.29,True,8,0,0,0
bin.496,85.47,3.47,Gradient Boost (General Model),11,None,2304,2050,44,order,0.8,0.71,0.11,0.61,2.49,0.59,0.42,True,22,1,1,1
bin.497,97.59,0.85,Gradient Boost (General Model),11,None,1979,1833,5,family,0.68,0.63,0.01,0.71,3.97,0.55,0.35,True,22,2,2,2
bin.499,4.7,0.05,Neural Network (Specific Model),11,None,287,183,28,phylum,0.92,0.59,0.18,0.66,4.28,0.5,0.3,True,1,0,0,0
bin.5,61.63,13.29,Gradient Boost (General Model),11,None,3768,2809,189,phylum,0.95,0.71,0.18,0.29,0.85,0.54,0.39,True,21,2,0,1
bin.50,46.04,5.69,Gradient Boost (General Model),11,None,2649,2271,104,phylum,0.96,0.82,0.46,0.03,0.06,0.64,0.53,False,20,0,0,0
bin.509,12.58,0.36,Neural Network (Specific Model),11,None,635,585,25,genus,0.61,0.56,0.5,0.22,0.61,0.66,0.37,False,10,0,0,0
bin.51,8.11,0.01,Neural Network (Specific Model),11,None,380,241,21,phylum,0.94,0.6,0.27,0.25,0.64,0.53,0.32,True,2,0,0,0
bin.514,13.82,0.94,Neural Network (Specific Model),11,None,633,307,24,phylum,0.84,0.41,0.4,0.59,2.66,0.52,0.21,True,6,0,0,0
bin.515,83.82,3.74,Neural Network (Specific Model),11,None,1942,1830,11,phylum,0.92,0.87,0.06,0.14,0.32,0.62,0.54,True,22,2,2,2
bin.518,7.57,0.05,Neural Network (Specific Model),11,None,561,285,28,phylum,0.89,0.45,0.06,0.37,1.3,0.47,0.21,True,2,0,0,0
bin.52,46.82,5.69,Gradient Boost (General Model),11,None,1265,1129,75,genus,0.72,0.65,0.25,0.53,2.32,0.7,0.45,True,17,2,2,2
bin.522,28.9,4.86,Neural Network (Specific Model),11,None,1242,1160,30,genus,0.77,0.72,0.11,0.14,0.33,0.7,0.51,True,8,1,0,0
bin.538,97.0,0.43,Gradient Boost (General Model),11,None,766,680,13,family,0.79,0.7,0.98,0.07,0.16,0.66,0.46,False,21,1,1,1
bin.543,4.76,0.1,Neural Network (Specific Model),11,None,301,171,12,phylum,0.91,0.52,0.2,0.42,1.23,0.51,0.26,True,1,0,0,0
bin.545,11.88,0.05,Neural Network (Specific Model),11,None,572,292,28,phylum,0.91,0.47,0.32,0.24,0.65,0.53,0.25,True,0,0,0,0
bin.546,94.65,3.55,Gradient Boost (General Model),11,None,2034,1935,15,class,0.93,0.89,0.02,0.28,0.74,0.6,0.53,True,20,2,2,2
bin.55,17.33,2.69,Neural Network (Specific Model),11,None,921,810,61,phylum,0.93,0.82,0.74,0.31,0.79,0.7,0.57,False,0,0,0,0
bin.553,26.27,0.72,Neural Network (Specific Model),11,None,1305,1103,59,order,0.51,0.43,0.12,0.72,6.02,0.55,0.24,True,13,0,0,0
bin.556,12.59,0.47,Neural Network (Specific Model),11,None,822,688,43,family,0.57,0.48,0.11,0.67,4.16,0.6,0.29,True,9,3,2,2
bin.558,10.92,2.18,Neural Network (Specific Model),11,None,1112,801,34,order,0.85,0.61,0.08,0.49,1.6,0.62,0.38,True,6,0,0,0
bin.56,38.27,0.15,Neural Network (Specific Model),11,None,1008,968,14,family,0.8,0.77,1.0,0.04,0.09,0.98,0.75,False,8,0,0,0
bin.561,95.33,0.74,Gradient Boost (General Model),11,None,674,582,10,phylum,0.67,0.58,0.16,0.74,6.44,0.52,0.3,True,21,2,0,1
bin.566,14.67,0.05,Neural Network (Specific Model),11,None,354,329,1,kingdom,1.0,0.93,0.0,0.0,0.0,0.57,0.53,True,3,0,1,0
bin.57,74.22,5.77,Gradient Boost (General Model),11,None,3436,2920,110,genus,0.57,0.48,0.24,0.35,1.13,0.6,0.29,True,15,2,4,2
bin.572,83.5,5.17,Neural Network (Specific Model),11,None,1733,1658,24,class,0.97,0.93,0.02,0.02,0.05,0.93,0.86,True,21,1,0,0
bin.573,95.02,9.12,Gradient Boost (General Model),11,None,5427,4867,59,phylum,0.88,0.79,0.08,0.22,0.6,0.6,0.47,True,23,1,1,1
bin.576,97.52,1.77,Neural Network (Specific Model),11,None,2268,2030,25,phylum,0.96,0.86,0.13,0.17,0.43,0.58,0.5,True,21,3,2,3
bin.58,40.23,1.37,Neural Network (Specific Model),11,None,2768,2087,156,phylum,0.86,0.65,0.47,0.16,0.39,0.55,0.36,False,16,1,0,1
bin.581,85.21,1.82,Neural Network (Specific Model),11,None,2121,2045,11,order,0.92,0.89,0.05,0.24,0.62,0.66,0.59,True,20,1,1,1
bin.585,93.96,16.64,Gradient Boost (General Model),11,None,2387,2226,27,genus,0.59,0.55,0.18,0.09,0.19,0.65,0.36,True,22,3,3,3
bin.587,17.33,0.57,Neural Network (Specific Model),11,None,636,599,20,genus,0.71,0.67,0.42,0.7,5.24,0.73,0.49,True,14,0,0,0
bin.596,98.75,3.49,Gradient Boost (General Model),11,None,2598,2437,25,genus,0.49,0.46,0.04,0.82,8.76,0.59,0.27,True,23,3,2,2
bin.60,32.37,26.76,Neural Network (Specific Model),11,None,2711,2000,112,class,0.84,0.62,0.27,0.27,0.73,0.67,0.41,True,12,0,0,0
bin.602,5.39,0.02,Neural Network (Specific Model),11,None,344,221,16,family,0.76,0.49,0.14,0.73,6.58,0.55,0.27,True,2,0,0,0
bin.61,68.74,8.44,Gradient Boost (General Model),11,None,5653,4350,220,phylum,0.82,0.63,0.08,0.6,3.14,0.51,0.32,True,22,1,0,1
bin.610,97.39,3.45,Gradient Boost (General Model),11,None,2032,1780,21,class,0.9,0.79,0.03,0.67,3.85,0.52,0.41,True,22,2,2,2
bin.617,96.08,2.8,Gradient Boost (General Model),11,None,2439,2215,34,genus,0.71,0.65,0.99,0.16,0.36,0.93,0.6,False,21,1,1,1
bin.619,98.1,1.15,Neural Network (Specific Model),11,None,2754,2519,36,phylum,0.89,0.81,0.06,0.13,0.3,0.59,0.48,True,22,1,1,1
bin.622,6.85,0.01,Neural Network (Specific Model),11,None,416,276,14,phylum,0.83,0.55,0.14,0.66,4.62,0.55,0.3,True,2,0,0,0
bin.63,33.12,7.29,Neural Network (Specific Model),11,None,1882,1713,46,order,0.87,0.79,0.26,0.27,0.81,0.72,0.57,True,14,0,0,0
bin.643,5.01,0.0,Neural Network (Specific Model),11,None,296,235,22,phylum,0.97,0.77,0.5,0.25,0.7,0.6,0.46,False,4,0,0,0
bin.645,100.0,0.89,Gradient Boost (General Model),11,None,1548,1494,4,kingdom,0.99,0.96,0.0,0.0,0.0,0.62,0.6,True,22,2,2,2
bin.646,14.39,0.16,Neural Network (Specific Model),11,None,868,591,45,phylum,0.88,0.6,0.19,0.76,5.13,0.51,0.31,True,6,0,0,0
bin.654,22.57,0.52,Neural Network (Specific Model),11,None,1276,929,43,phylum,0.77,0.56,0.13,0.66,4.2,0.5,0.28,True,8,1,1,1
bin.657,9.94,0.03,Neural Network (Specific Model),11,None,488,342,22,class,0.6,0.42,0.06,0.64,4.41,0.49,0.2,True,0,0,0,0
bin.659,8.53,0.26,Neural Network (Specific Model),11,None,597,471,23,order,0.83,0.66,0.25,0.28,0.79,0.65,0.43,True,10,1,2,2
bin.661,93.3,3.38,Neural Network (Specific Model),11,None,2407,2288,18,order,0.97,0.92,0.11,0.02,0.04,0.82,0.75,True,20,1,1,1
bin.669,88.26,5.03,Gradient Boost (General Model),11,None,2769,2674,60,family,0.9,0.87,0.14,0.05,0.1,0.94,0.81,True,23,2,2,2
bin.67,36.71,0.21,Neural Network (Specific Model),11,None,2407,2235,69,class,0.96,0.89,0.26,0.03,0.06,0.8,0.72,True,12,2,2,2
bin.672,9.05,0.13,Neural Network (Specific Model),11,None,410,374,13,genus,0.48,0.43,0.22,0.72,6.02,0.65,0.28,True,0,0,0,0
bin.675,93.71,0.57,Gradient Boost (General Model),11,None,1039,890,13,family,0.79,0.67,0.04,0.54,2.7,0.5,0.34,True,19,1,1,1
bin.68,44.22,5.07,Gradient Boost (General Model),11,None,3708,2836,204,phylum,0.81,0.62,0.29,0.17,0.44,0.55,0.34,True,14,1,0,0
bin.682,96.58,2.45,Gradient Boost (General Model),11,None,3125,2740,21,phylum,0.93,0.82,0.03,0.03,0.06,0.54,0.44,True,23,3,3,3
bin.69,19.72,14.53,Neural Network (Specific Model),11,None,1666,1082,70,order,0.74,0.48,0.07,0.56,2.46,0.53,0.26,True,2,0,0,0
bin.696,81.02,0.77,Gradient Boost (General Model),11,None,2237,1892,32,class,0.66,0.55,0.06,0.52,2.75,0.52,0.29,True,13,1,2,2
bin.698,10.5,0.17,Neural Network (Specific Model),11,None,743,656,17,phylum,0.94,0.83,0.73,0.04,0.07,0.69,0.57,False,5,1,1,1
bin.7,10.6,1.39,Neural Network (Specific Model),11,None,515,443,28,kingdom,1.0,0.86,0.16,0.05,0.1,0.53,0.46,True,1,0,0,0
bin.702,18.57,3.84,Neural Network (Specific Model),11,None,608,562,11,class,0.89,0.82,0.14,0.33,1.13,0.61,0.5,True,11,1,1,1
bin.707,8.16,0.14,Neural Network (Specific Model),11,None,443,406,14,genus,0.55,0.51,0.23,0.71,5.08,0.73,0.37,True,0,0,0,0
bin.71,25.94,3.26,Neural Network (Specific Model),11,None,2228,1788,107,order,0.76,0.61,0.26,0.44,1.45,0.58,0.35,True,11,0,0,0
bin.711,94.23,1.14,Gradient Boost (General Model),11,None,3524,2909,21,phylum,0.83,0.69,0.01,0.66,3.93,0.5,0.34,True,22,2,0,2
bin.723,84.78,0.99,Gradient Boost (General Model),11,None,1724,1620,11,order,0.9,0.84,0.07,0.03,0.07,0.6,0.51,True,21,3,1,3
bin.724,96.38,1.16,Gradient Boost (General Model),11,None,3035,2879,16,class,0.93,0.88,0.03,0.15,0.37,0.72,0.63,True,22,2,2,2
bin.729,96.96,0.3,Neural Network (Specific Model),11,None,1743,1635,5,class,0.93,0.88,0.01,0.04,0.08,0.68,0.6,True,23,2,2,2
bin.734,4.33,0.0,Neural Network (Specific Model),11,None,261,124,19,kingdom,1.0,0.48,0.0,0.02,0.05,0.5,0.24,True,1,0,0,0
bin.735,4.32,0.8,Neural Network (Specific Model),11,None,269,246,14,order,0.55,0.51,0.27,0.71,5.37,0.54,0.27,True,1,0,0,0
bin.740,8.34,0.12,Neural Network (Specific Model),11,None,329,299,6,genus,0.47,0.43,0.06,0.48,2.11,0.57,0.24,True,1,0,0,0
bin.75,26.33,15.25,Neural Network (Specific Model),11,None,2919,2152,134,kingdom,1.0,0.74,0.17,0.03,0.05,0.58,0.42,True,11,0,0,0
bin.755,5.4,0.01,Neural Network (Specific Model),11,None,260,223,18,phylum,0.95,0.82,0.58,0.17,0.4,0.67,0.55,False,2,0,0,0
bin.757,8.34,0.02,Neural Network (Specific Model),11,None,327,299,14,genus,0.81,0.74,0.41,0.05,0.11,0.95,0.7,True,11,1,1,1
bin.76,50.88,2.43,Gradient Boost (General Model),11,None,1987,1865,59,genus,0.67,0.63,0.26,0.04,0.08,0.7,0.44,True,17,1,1,1
bin.760,4.3,0.47,Neural Network (Specific Model),11,None,369,314,23,family,0.74,0.63,0.16,0.42,1.76,0.61,0.38,True,7,0,0,0
bin.763,29.35,1.4,Neural Network (Specific Model),11,None,1543,1320,46,phylum,0.88,0.76,0.15,0.15,0.36,0.59,0.45,True,8,0,1,0
bin.764,99.98,0.77,Neural Network (Specific Model),11,None,2570,2425,5,class,0.95,0.9,0.01,0.05,0.12,0.73,0.66,True,24,2,2,2
bin.768,97.9,29.18,Gradient Boost (General Model),11,None,4870,4653,41,genus,0.65,0.62,0.1,0.15,0.38,0.78,0.49,True,23,3,3,3
bin.769,99.29,0.63,Gradient Boost (General Model),11,None,1297,1160,10,phylum,0.96,0.86,0.05,0.22,0.52,0.54,0.46,True,22,2,0,2
bin.770,12.27,2.44,Neural Network (Specific Model),11,None,819,705,49,order,0.64,0.55,0.11,0.47,1.96,0.57,0.31,True,2,0,0,0
bin.775,100.0,0.13,Gradient Boost (General Model),11,None,686,594,8,phylum,0.79,0.68,0.09,0.74,5.51,0.53,0.36,True,20,1,0,2
bin.778,8.66,0.16,Neural Network (Specific Model),11,None,641,431,42,kingdom,1.0,0.67,0.22,0.02,0.04,0.54,0.36,True,4,0,0,0
bin.78,6.37,0.2,Neural Network (Specific Model),11,None,426,351,24,kingdom,1.0,0.82,0.78,0.09,0.21,0.53,0.44,False,1,0,0,0
bin.784,12.95,0.98,Neural Network (Specific Model),11,None,729,464,30,family,0.74,0.47,0.02,0.55,3.04,0.5,0.24,True,1,0,0,0
bin.80,87.19,1.77,Neural Network (Specific Model),11,None,2586,2424,41,order,0.91,0.86,0.11,0.04,0.08,0.64,0.55,True,21,2,2,2
bin.809,9.0,0.89,Neural Network (Specific Model),11,None,615,446,27,order,0.61,0.44,0.34,0.8,7.21,0.75,0.33,True,1,0,0,0
bin.811,92.44,1.1,Gradient Boost (General Model),11,None,2776,2695,19,kingdom,1.0,0.97,0.0,0.0,0.0,0.94,0.91,True,21,0,0,0
bin.82,70.84,2.98,Gradient Boost (General Model),11,None,2736,2139,113,class,0.59,0.46,0.06,0.76,6.38,0.49,0.23,True,21,1,1,1
bin.831,28.91,0.04,Neural Network (Specific Model),11,None,731,670,1,kingdom,0.99,0.91,0.0,0.0,0.0,0.59,0.54,True,9,0,0,0
bin.836,100.0,0.34,Gradient Boost (General Model),11,None,1671,1555,4,kingdom,1.0,0.93,0.0,0.0,0.0,0.6,0.56,True,22,2,2,2
bin.84,18.89,0.75,Neural Network (Specific Model),11,None,1344,1208,61,class,0.92,0.83,0.27,0.11,0.24,0.66,0.55,True,5,0,0,0
bin.848,96.75,1.11,Gradient Boost (General Model),11,None,1741,1649,12,genus,0.71,0.67,0.17,0.03,0.06,0.65,0.44,True,21,2,2,2
bin.85,21.51,1.64,Neural Network (Specific Model),11,None,1025,904,45,order,0.75,0.66,0.38,0.08,0.18,0.62,0.41,True,10,0,0,0
bin.862,4.21,0.02,Neural Network (Specific Model),11,None,242,162,10,class,0.67,0.45,0.16,0.34,1.17,0.51,0.23,True,0,0,0,0
bin.865,9.86,0.04,Neural Network (Specific Model),11,None,509,243,13,kingdom,1.0,0.48,0.0,0.04,0.08,0.48,0.23,True,2,0,0,0
bin.866,95.02,1.31,Gradient Boost (General Model),11,None,2094,1943,12,order,0.91,0.84,0.08,0.22,0.57,0.65,0.55,True,21,3,4,3
bin.87,49.51,4.66,Gradient Boost (General Model),11,None,2646,2087,122,family,0.51,0.4,0.14,0.8,5.9,0.53,0.21,True,17,0,0,0
bin.875,7.69,0.04,Neural Network (Specific Model),11,None,440,312,18,phylum,0.89,0.63,0.63,0.1,0.24,0.61,0.39,False,5,1,0,1
bin.876,98.0,5.26,Gradient Boost (General Model),11,None,4365,3735,28,class,0.59,0.51,0.05,0.7,5.04,0.5,0.25,True,23,2,2,2
bin.88,52.46,26.7,Gradient Boost (General Model),11,None,5416,4639,184,class,0.77,0.66,0.1,0.21,0.58,0.56,0.37,True,17,3,3,2
bin.885,61.73,0.07,Gradient Boost (General Model),11,None,936,902,4,order,0.95,0.92,0.03,0.07,0.15,0.63,0.58,True,18,1,1,1
bin.886,8.16,0.05,Neural Network (Specific Model),11,None,478,373,12,phylum,0.88,0.69,0.29,0.24,0.68,0.52,0.36,True,4,0,0,0
bin.889,89.98,8.36,Gradient Boost (General Model),11,None,2641,2571,8,genus,0.79,0.77,0.26,0.07,0.16,0.86,0.66,True,24,4,4,4
bin.9,8.78,1.95,Neural Network (Specific Model),11,None,423,319,28,phylum,0.91,0.68,0.42,0.31,0.9,0.64,0.44,True,1,0,0,0
bin.90,37.59,1.64,Neural Network (Specific Model),11,None,2645,1959,110,phylum,0.79,0.58,0.08,0.72,5.57,0.48,0.28,True,20,2,0,1
bin.903,7.28,0.17,Neural Network (Specific Model),11,None,394,345,14,family,0.65,0.57,0.07,0.65,4.57,0.55,0.31,True,2,0,1,0
bin.912,20.37,0.19,Neural Network (Specific Model),11,None,626,587,6,genus,0.57,0.53,0.24,0.3,0.93,0.66,0.35,True,6,0,0,0
bin.918,5.2,0.0,Neural Network (Specific Model),11,None,232,190,14,phylum,0.91,0.74,0.35,0.25,0.73,0.57,0.42,True,1,0,0,0
bin.926,97.87,1.25,Gradient Boost (General Model),11,None,2980,2754,8,phylum,0.91,0.84,0.01,0.05,0.1,0.68,0.57,True,23,1,1,1
bin.93,17.99,5.82,Neural Network (Specific Model),11,None,1316,610,78,kingdom,1.0,0.46,0.16,0.38,0.9,0.46,0.21,True,5,0,0,0
bin.933,95.59,0.1,Neural Network (Specific Model),11,None,1775,1752,5,phylum,0.97,0.96,0.01,0.03,0.06,0.78,0.75,True,23,2,2,2
bin.936,11.06,0.01,Neural Network (Specific Model),11,None,526,475,16,class,0.81,0.73,0.24,0.09,0.19,0.65,0.48,True,3,0,0,0
bin.937,5.17,0.08,Neural Network (Specific Model),11,None,352,200,16,phylum,0.94,0.54,0.3,0.14,0.35,0.58,0.31,True,2,0,0,0
bin.938,96.67,3.82,Gradient Boost (General Model),11,None,2608,2468,31,family,0.83,0.79,0.06,0.33,1.12,0.63,0.5,True,22,2,2,2
bin.95,95.91,3.03,Gradient Boost (General Model),11,None,2685,2375,3,kingdom,0.99,0.88,0.0,0.0,0.0,0.53,0.47,True,23,2,1,2
bin.961,6.7,0.0,Neural Network (Specific Model),11,None,399,379,21,phylum,0.98,0.93,0.79,0.02,0.05,0.79,0.73,False,1,0,0,0
bin.971,49.97,5.0,Gradient Boost (General Model),11,None,1724,1393,10,order,0.61,0.49,0.05,0.39,1.46,0.56,0.28,True,20,1,0,0
bin.976,15.76,0.31,Neural Network (Specific Model),11,None,859,797,19,genus,0.62,0.58,0.45,0.6,2.1,0.71,0.41,True,8,2,2,2
bin.977,95.32,0.31,Gradient Boost (General Model),11,None,2188,2075,6,genus,0.61,0.58,0.08,0.4,1.46,0.66,0.38,True,20,2,2,2
bin.98,13.27,2.92,Neural Network (Specific Model),11,None,996,870,62,genus,0.56,0.49,0.27,0.61,3.59,0.74,0.36,True,1,0,0,0
bin.99,77.96,9.5,Gradient Boost (General Model),11,None,2822,2522,75,phylum,0.88,0.79,0.13,0.11,0.26,0.57,0.45,True,19,2,1,2
recluster_109.bin.0,89.25,25.2,Gradient Boost (General Model),11,None,3824,3592,89,family,0.88,0.82,0.24,0.16,0.39,0.69,0.57,True,21,1,1,1
recluster_109.bin.1,99.64,15.03,Gradient Boost (General Model),11,None,3255,3142,43,family,0.92,0.89,0.11,0.05,0.11,0.77,0.68,True,18,2,2,2
recluster_15.bin.0,73.34,43.62,Gradient Boost (General Model),11,None,6693,5779,257,genus,0.49,0.42,0.25,0.06,0.14,0.62,0.26,True,22,1,1,1
recluster_15.bin.1,96.22,39.88,Gradient Boost (General Model),11,None,4639,4208,68,genus,0.56,0.51,0.19,0.06,0.12,0.63,0.32,True,24,3,4,3
recluster_159.bin.0,65.84,14.0,Gradient Boost (General Model),11,None,4882,4407,170,family,0.78,0.7,0.17,0.69,4.55,0.62,0.44,True,21,2,1,1
recluster_159.bin.1,73.8,14.66,Gradient Boost (General Model),11,None,2000,1867,42,genus,0.43,0.4,0.21,0.63,3.1,0.63,0.26,True,18,5,4,5
recluster_162.bin.0,97.49,44.42,Gradient Boost (General Model),11,None,4492,3948,33,class,0.83,0.73,0.11,0.06,0.13,0.58,0.43,True,23,5,5,3
recluster_162.bin.1,11.43,1.59,Neural Network (Specific Model),11,None,399,348,12,genus,0.52,0.45,0.29,0.44,1.84,0.58,0.26,True,5,0,0,0
recluster_174.bin.0,98.56,70.15,Gradient Boost (General Model),4,None,2769,2151,60,order,0.54,0.42,0.56,0.45,1.19,0.54,0.23,False,21,4,1,3
recluster_174.bin.1,59.57,10.95,Gradient Boost (General Model),4,None,1626,1140,82,family,0.65,0.46,0.8,0.38,1.24,0.64,0.29,False,19,1,0,1
recluster_175.bin.0,97.37,50.76,Gradient Boost (General Model),11,None,5159,4658,66,phylum,0.81,0.73,0.04,0.06,0.13,0.55,0.41,True,22,3,3,3
recluster_175.bin.1,9.01,1.97,Neural Network (Specific Model),11,None,430,368,22,family,0.6,0.51,0.11,0.69,3.82,0.58,0.29,True,4,0,0,0
recluster_221.bin.0,94.0,9.61,Gradient Boost (General Model),11,None,3563,3076,24,phylum,0.81,0.7,0.02,0.2,0.52,0.5,0.35,True,22,5,5,5
recluster_221.bin.1,91.49,7.08,Gradient Boost (General Model),11,None,4079,3456,78,kingdom,1.0,0.85,0.05,0.02,0.05,0.5,0.42,True,23,2,4,4
recluster_221.bin.2,85.38,2.61,Gradient Boost (General Model),11,None,3376,2852,31,phylum,0.81,0.68,0.05,0.2,0.52,0.5,0.34,True,20,5,3,4
recluster_242.bin.0,91.66,39.14,Gradient Boost (General Model),11,None,4151,3928,32,genus,0.66,0.63,0.09,0.12,0.28,0.71,0.45,True,23,2,0,1
recluster_242.bin.1,75.22,10.65,Gradient Boost (General Model),11,None,2414,2285,7,phylum,0.89,0.85,0.03,0.02,0.05,0.67,0.57,True,24,5,5,6
recluster_242.bin.2,96.74,10.71,Gradient Boost (General Model),11,None,3067,2898,10,genus,0.67,0.63,0.03,0.15,0.38,0.67,0.43,True,23,7,5,5
recluster_254.bin.0,84.63,10.79,Gradient Boost (General Model),11,None,2072,1966,17,genus,0.57,0.54,0.17,0.34,1.16,0.63,0.34,True,23,3,3,3
recluster_254.bin.1,75.72,9.33,Gradient Boost (General Model),11,None,2478,2324,22,genus,0.47,0.44,0.1,0.41,1.59,0.63,0.28,True,20,2,1,1
recluster_258.bin.0,7.63,0.06,Neural Network (Specific Model),11,None,501,447,21,genus,0.55,0.49,0.16,0.31,1.04,0.78,0.38,True,3,0,0,0
recluster_258.bin.1,94.43,31.65,Gradient Boost (General Model),11,None,3798,3567,62,family,0.77,0.73,0.1,0.34,1.15,0.64,0.46,True,22,4,5,5
recluster_284.bin.0,11.71,1.85,Neural Network (Specific Model),11,None,364,315,29,phylum,0.95,0.82,0.41,0.13,0.31,0.65,0.54,True,0,0,0,0
recluster_284.bin.1,16.77,1.43,Neural Network (Specific Model),11,None,723,583,64,phylum,0.91,0.73,0.61,0.17,0.42,0.71,0.52,False,1,0,1,0
recluster_29.bin.0,53.6,16.17,Gradient Boost (General Model),11,None,3638,3310,140,genus,0.65,0.59,0.31,0.15,0.37,0.7,0.42,True,15,1,1,1
recluster_29.bin.1,65.27,17.07,Gradient Boost (General Model),11,None,4667,4022,231,genus,0.54,0.46,0.44,0.46,1.78,0.64,0.3,True,20,0,1,0
recluster_31.bin.0,94.12,53.99,Gradient Boost (General Model),11,None,6759,6262,115,genus,0.5,0.47,0.34,0.52,2.59,0.69,0.32,True,24,5,5,5
recluster_31.bin.1,75.05,42.16,Gradient Boost (General Model),11,None,9768,8661,329,genus,0.53,0.47,0.26,0.81,5.97,0.64,0.3,True,21,0,1,1
recluster_336.bin.0,98.78,2.14,Gradient Boost (General Model),11,None,2271,2078,23,class,0.86,0.79,0.1,0.07,0.16,0.57,0.45,True,23,2,2,4
recluster_336.bin.1,76.54,0.0,Neural Network (Specific Model),11,None,1366,1183,12,phylum,0.95,0.82,0.01,0.12,0.27,0.52,0.43,True,21,3,3,2
recluster_339.bin.0,9.7,0.13,Neural Network (Specific Model),11,None,642,451,34,phylum,0.92,0.65,0.32,0.06,0.12,0.57,0.37,True,0,0,0,0
recluster_339.bin.1,7.53,0.09,Neural Network (Specific Model),11,None,418,268,23,phylum,0.95,0.61,0.48,0.18,0.44,0.59,0.36,False,1,0,0,0
recluster_36.bin.0,94.49,28.23,Gradient Boost (General Model),11,None,2003,1683,43,phylum,0.92,0.78,0.2,0.45,1.08,0.53,0.41,True,21,3,1,3
recluster_36.bin.1,85.74,17.78,Gradient Boost (General Model),11,None,1467,1236,21,phylum,0.93,0.78,0.38,0.44,0.97,0.53,0.41,True,20,2,1,1
recluster_36.bin.2,92.74,18.11,Gradient Boost (General Model),11,None,2335,2079,20,genus,0.57,0.51,0.12,0.77,6.13,0.54,0.28,True,14,2,1,2
recluster_36.bin.3,26.46,0.12,Neural Network (Specific Model),11,None,507,418,17,phylum,0.93,0.77,0.27,0.24,0.58,0.58,0.44,True,14,1,0,1
recluster_36.bin.4,76.51,14.42,Gradient Boost (General Model),11,None,1430,1178,18,genus,0.61,0.5,0.22,0.7,3.72,0.54,0.27,True,23,1,1,1
recluster_551.bin.0,96.94,1.97,Gradient Boost (General Model),11,None,2153,1855,34,family,0.71,0.61,0.04,0.49,2.35,0.55,0.33,True,22,1,2,2
recluster_551.bin.1,96.1,0.67,Gradient Boost (General Model),11,None,2166,1911,1,kingdom,1.0,0.88,0.0,0.0,0.0,0.56,0.5,True,21,2,1,2
recluster_658.bin.0,86.88,1.07,Gradient Boost (General Model),11,None,2225,1780,21,phylum,0.85,0.68,0.04,0.39,1.4,0.53,0.36,True,20,1,0,1
recluster_658.bin.1,92.91,8.22,Gradient Boost (General Model),11,None,3957,3397,10,genus,0.54,0.46,0.14,0.25,0.7,0.6,0.28,True,23,1,0,1
recluster_72.bin.0,92.31,55.73,Gradient Boost (General Model),11,None,4904,4515,113,genus,0.58,0.54,0.24,0.08,0.18,0.62,0.33,True,23,2,2,2
recluster_72.bin.1,93.38,1.13,Gradient Boost (General Model),11,None,1764,1672,5,family,0.69,0.65,0.02,0.14,0.35,0.61,0.4,True,23,2,2,2
recluster_73.bin.0,77.91,7.3,Gradient Boost (General Model),11,None,3654,3198,118,phylum,0.92,0.8,0.22,0.02,0.05,0.56,0.45,True,19,0,0,0
recluster_73.bin.1,89.21,4.12,Gradient Boost (General Model),11,None,2549,2314,51,class,0.91,0.83,0.06,0.26,0.7,0.57,0.47,True,21,2,2,2
recluster_8.bin.0,100.0,1.84,Gradient Boost (General Model),11,None,3087,2902,8,class,0.87,0.82,0.01,0.56,1.95,0.58,0.47,True,21,1,1,1
recluster_8.bin.1,95.49,1.19,Gradient Boost (General Model),11,None,2715,2599,3,order,0.89,0.85,0.01,0.53,2.39,0.58,0.49,True,22,1,1,1
recluster_86.bin.0,38.78,7.83,Neural Network (Specific Model),11,None,1305,1230,69,order,0.83,0.78,0.58,0.13,0.31,0.71,0.55,False,12,0,0,0
recluster_86.bin.1,53.89,8.65,Neural Network (Specific Model),11,None,1099,1059,34,family,0.83,0.8,0.31,0.28,0.67,0.73,0.59,True,11,1,0,0
recluster_89.bin.0,75.53,0.32,Gradient Boost (General Model),11,None,1288,1160,14,order,0.91,0.82,0.09,0.71,3.6,0.54,0.44,True,21,2,2,2
recluster_89.bin.1,94.74,20.28,Gradient Boost (General Model),11,None,2322,2086,39,genus,0.71,0.64,0.08,0.68,3.51,0.54,0.34,True,20,2,2,2
