,Completeness,Contamination,Completeness_Model_Used,Translation_Table_Used,Additional_Notes,n_genes_called,n_genes_mapped,n_contigs,taxonomic_level,proportion_genes_retained_in_major_clades,genes_retained_index,clade_separation_score,contamination_portion,n_effective_surplus_clades,mean_hit_identity,reference_representation_score,pass.GUNC,tRNA,16S,5S,23S
bin.0,100.0,102.58,Gradient Boost (General Model),11,None,16543,15963,92,order,0.97,0.94,0.97,0.58,2.35,0.92,0.87,False,24,29,23,30
bin.1,100.0,42.87,Neural Network (Specific Model),11,None,7453,7026,90,genus,0.8,0.76,0.24,0.09,0.21,0.94,0.71,True,14,4,4,4
bin.2,92.69,104.0,Neural Network (Specific Model),11,None,11605,11118,44,genus,0.8,0.77,0.61,0.15,0.36,0.92,0.71,False,24,20,20,20
bin.3,7.32,119.11,Neural Network (Specific Model),11,None,175295,169096,1203,phylum,0.98,0.94,0.96,0.29,0.76,0.91,0.86,False,25,291,196,294
