,Completeness,Contamination,Completeness_Model_Used,Translation_Table_Used,Additional_Notes,n_genes_called,n_genes_mapped,n_contigs,taxonomic_level,proportion_genes_retained_in_major_clades,genes_retained_index,clade_separation_score,contamination_portion,n_effective_surplus_clades,mean_hit_identity,reference_representation_score,pass.GUNC,tRNA,16S,5S,23S
Metabat2.1,13.03,0.39,Neural Network (Specific Model),11,None,592,580,2,class,0.98,0.96,0.14,0.02,0.04,0.93,0.9,True,1,0,0,0
Metabat2.10,7.51,0.03,Neural Network (Specific Model),11,None,280,275,1,kingdom,1.0,0.98,0.0,0.0,0.0,0.87,0.86,True,1,0,0,0
Metabat2.100,83.15,0.79,Neural Network (Specific Model),11,None,3180,3123,3,family,0.94,0.92,0.02,0.07,0.15,0.95,0.88,True,21,4,0,4
Metabat2.101,86.94,0.02,Neural Network (Specific Model),11,None,2170,2074,4,family,0.95,0.9,0.02,0.16,0.4,0.78,0.7,True,20,1,1,1
Metabat2.102,7.13,0.02,Neural Network (Specific Model),11,None,236,209,3,family,0.91,0.81,0.02,0.26,0.68,0.91,0.74,True,4,0,0,0
Metabat2.103,99.03,0.07,Gradient Boost (General Model),11,None,2919,2848,2,genus,0.79,0.77,0.02,0.14,0.34,0.94,0.72,True,23,6,5,6
Metabat2.104,83.41,2.44,Neural Network (Specific Model),11,None,2679,2632,4,family,0.95,0.94,0.01,0.09,0.19,0.95,0.89,True,23,5,5,5
Metabat2.105,6.19,0.0,Neural Network (Specific Model),11,None,206,163,1,kingdom,1.0,0.79,0.0,0.0,0.0,0.69,0.55,True,0,0,0,0
Metabat2.106,8.18,0.03,Neural Network (Specific Model),11,None,331,324,3,family,0.96,0.94,0.02,0.38,1.34,0.95,0.9,True,0,3,1,3
Metabat2.107,5.85,0.0,Neural Network (Specific Model),11,None,215,169,1,kingdom,1.0,0.79,0.0,0.0,0.0,0.7,0.55,True,0,0,0,0
Metabat2.108,91.56,0.23,Neural Network (Specific Model),11,None,2792,2724,1,kingdom,1.0,0.98,0.0,0.0,0.0,0.93,0.91,True,22,5,0,5
Metabat2.109,79.28,0.07,Neural Network (Specific Model),11,None,2159,2041,2,genus,0.87,0.82,0.01,0.03,0.06,0.98,0.81,True,7,4,1,4
Metabat2.11,16.46,0.56,Neural Network (Specific Model),11,None,594,579,6,genus,0.83,0.8,0.14,0.17,0.43,0.95,0.76,True,3,3,0,3
Metabat2.110,20.64,0.04,Neural Network (Specific Model),11,None,1028,946,7,class,0.96,0.89,0.06,0.03,0.07,0.86,0.76,True,8,0,0,0
Metabat2.111,100.0,0.53,Neural Network (Specific Model),11,None,2449,2304,1,kingdom,1.0,0.94,0.0,0.0,0.0,0.92,0.87,True,0,6,6,6
Metabat2.112,16.54,0.75,Neural Network (Specific Model),11,None,639,623,2,family,0.96,0.93,0.03,0.18,0.46,0.93,0.87,True,0,1,1,1
Metabat2.113,13.54,0.0,Neural Network (Specific Model),11,None,541,500,5,genus,0.74,0.69,0.29,0.3,0.93,0.89,0.61,True,4,0,0,0
Metabat2.114,99.94,0.37,Neural Network (Specific Model),11,None,4952,4679,3,family,0.96,0.91,0.01,0.04,0.1,0.89,0.81,True,0,5,5,5
Metabat2.115,100.0,0.5,Neural Network (Specific Model),11,None,3634,3511,3,family,0.93,0.9,0.01,0.14,0.32,0.94,0.85,True,0,7,7,7
Metabat2.116,14.72,0.05,Neural Network (Specific Model),11,None,632,620,1,kingdom,1.0,0.98,0.0,0.0,0.0,0.96,0.94,True,0,1,1,1
Metabat2.117,52.86,0.03,Gradient Boost (General Model),11,None,1292,1262,4,genus,0.88,0.86,0.07,0.06,0.13,0.97,0.83,True,5,4,0,4
Metabat2.118,6.09,0.0,Neural Network (Specific Model),11,None,328,231,1,kingdom,1.0,0.7,0.0,0.0,0.0,0.8,0.57,True,0,2,2,2
Metabat2.119,9.09,0.02,Neural Network (Specific Model),11,None,336,333,2,genus,0.84,0.84,0.01,0.58,3.04,0.94,0.79,True,0,0,0,0
Metabat2.12,9.17,0.02,Neural Network (Specific Model),11,None,338,319,4,genus,0.88,0.83,0.13,0.13,0.31,0.93,0.78,True,6,0,0,0
Metabat2.120,19.03,0.08,Neural Network (Specific Model),11,None,1136,1101,30,kingdom,1.0,0.97,0.0,0.0,0.0,0.96,0.93,True,3,0,0,0
Metabat2.121,9.49,0.0,Neural Network (Specific Model),11,None,239,232,11,family,0.98,0.95,0.26,0.05,0.11,0.93,0.89,True,4,0,0,0
Metabat2.122,8.17,0.01,Neural Network (Specific Model),11,None,307,303,2,genus,0.72,0.71,0.05,0.5,2.19,0.86,0.61,True,0,0,0,0
Metabat2.123,12.52,0.28,Neural Network (Specific Model),11,None,541,521,6,genus,0.84,0.81,0.28,0.04,0.09,0.98,0.79,True,5,0,0,0
Metabat2.124,3.89,0.06,Neural Network (Specific Model),11,None,248,222,1,kingdom,1.0,0.9,0.0,0.0,0.0,0.86,0.77,True,0,0,0,0
Metabat2.125,16.25,0.05,Neural Network (Specific Model),11,None,518,498,2,family,0.93,0.9,0.07,0.02,0.04,0.97,0.87,True,0,0,0,0
Metabat2.13,11.66,0.01,Neural Network (Specific Model),11,None,397,383,2,genus,0.84,0.81,0.01,0.16,0.42,0.94,0.77,True,5,1,1,1
Metabat2.14,100.0,1.42,Neural Network (Specific Model),11,None,3274,3195,1,kingdom,1.0,0.98,0.0,0.0,0.0,0.95,0.93,True,22,4,0,4
Metabat2.15,9.29,0.0,Neural Network (Specific Model),11,None,301,296,9,genus,0.95,0.94,0.02,0.12,0.26,0.99,0.93,True,3,0,2,1
Metabat2.16,13.11,0.17,Neural Network (Specific Model),11,None,462,437,3,genus,0.91,0.86,0.08,0.19,0.52,0.91,0.78,True,2,0,0,0
Metabat2.17,100.0,0.05,Neural Network (Specific Model),11,None,4348,4150,4,genus,0.93,0.89,0.06,0.06,0.14,0.93,0.82,True,6,7,7,7
Metabat2.18,9.95,0.02,Neural Network (Specific Model),11,None,556,538,15,genus,0.86,0.83,0.31,0.3,0.85,0.89,0.74,True,12,0,0,1
Metabat2.19,99.98,0.5,Neural Network (Specific Model),11,None,2849,2757,1,kingdom,1.0,0.97,0.0,0.0,0.0,0.9,0.87,True,0,6,6,6
Metabat2.2,6.35,0.06,Neural Network (Specific Model),11,None,215,211,2,genus,0.85,0.84,0.11,0.54,2.86,0.95,0.8,True,0,0,0,0
Metabat2.20,99.79,0.11,Neural Network (Specific Model),11,None,3043,2973,4,family,0.96,0.93,0.01,0.03,0.06,0.96,0.9,True,13,5,5,5
Metabat2.21,74.19,0.43,Neural Network (Specific Model),11,None,2285,2236,10,genus,0.86,0.84,0.03,0.2,0.54,0.85,0.71,True,17,5,1,5
Metabat2.22,53.19,0.84,Neural Network (Specific Model),11,None,1662,1626,7,family,0.95,0.93,0.03,0.07,0.14,0.97,0.9,True,6,2,0,2
Metabat2.23,6.3,0.03,Neural Network (Specific Model),11,None,298,279,4,family,0.9,0.84,0.09,0.18,0.44,0.88,0.74,True,0,0,0,0
Metabat2.24,43.61,0.15,Neural Network (Specific Model),11,None,1300,1242,18,genus,0.88,0.84,0.13,0.04,0.09,0.95,0.79,True,8,2,2,2
Metabat2.25,14.77,0.02,Neural Network (Specific Model),11,None,991,947,15,genus,0.8,0.76,0.19,0.2,0.54,0.92,0.7,True,1,2,1,2
Metabat2.26,100.0,0.92,Neural Network (Specific Model),11,None,5070,5027,1,kingdom,1.0,0.99,0.0,0.0,0.0,0.98,0.97,True,0,8,9,8
Metabat2.27,22.45,0.2,Neural Network (Specific Model),11,None,788,707,3,family,0.92,0.83,0.04,0.27,0.69,0.86,0.71,True,20,2,0,2
Metabat2.28,100.0,1.71,Neural Network (Specific Model),11,None,4219,4055,3,kingdom,1.0,0.96,0.0,0.0,0.0,0.91,0.87,True,0,7,8,7
Metabat2.29,94.65,0.07,Gradient Boost (General Model),11,None,2423,2381,4,family,0.94,0.92,0.01,0.13,0.3,0.94,0.87,True,20,5,5,5
Metabat2.3,32.02,0.11,Neural Network (Specific Model),11,None,1029,997,5,class,0.97,0.94,0.04,0.03,0.06,0.82,0.78,True,6,0,0,0
Metabat2.30,8.67,0.0,Neural Network (Specific Model),11,None,184,183,2,kingdom,1.0,0.99,0.0,0.0,0.0,0.96,0.95,True,0,0,0,0
Metabat2.31,22.32,0.08,Neural Network (Specific Model),11,None,719,705,4,genus,0.87,0.85,0.07,0.06,0.14,0.96,0.82,True,1,2,1,2
Metabat2.32,39.68,0.5,Neural Network (Specific Model),11,None,1887,1782,34,class,0.98,0.93,0.27,0.05,0.11,0.96,0.89,True,9,2,3,3
Metabat2.33,35.9,2.23,Neural Network (Specific Model),11,None,1054,1029,15,genus,0.91,0.89,0.22,0.08,0.18,0.96,0.85,True,18,1,1,2
Metabat2.34,23.76,1.86,Neural Network (Specific Model),11,None,810,767,29,genus,0.93,0.89,0.87,0.32,0.86,0.95,0.84,False,7,2,2,2
Metabat2.35,14.38,0.04,Neural Network (Specific Model),11,None,711,684,15,class,0.99,0.95,0.14,0.05,0.1,0.92,0.88,True,8,2,1,2
Metabat2.36,82.72,0.23,Neural Network (Specific Model),11,None,3278,3170,12,genus,0.81,0.78,0.02,0.47,1.91,0.8,0.63,True,11,7,7,7
Metabat2.37,11.74,0.0,Neural Network (Specific Model),11,None,491,472,4,genus,0.83,0.8,0.13,0.14,0.34,0.92,0.74,True,1,1,1,1
Metabat2.38,99.85,1.15,Neural Network (Specific Model),11,None,2064,2008,19,kingdom,1.0,0.97,0.0,0.0,0.0,0.95,0.93,True,18,3,3,3
Metabat2.39,99.51,0.74,Neural Network (Specific Model),11,None,2458,2398,1,kingdom,1.0,0.98,0.0,0.0,0.0,0.93,0.91,True,0,6,6,6
Metabat2.4,13.71,0.97,Neural Network (Specific Model),11,None,647,624,6,order,0.97,0.94,0.08,0.04,0.08,0.94,0.88,True,1,0,0,0
Metabat2.40,9.23,0.0,Neural Network (Specific Model),11,None,364,351,8,genus,0.85,0.82,0.34,0.18,0.47,0.91,0.75,True,1,1,0,1
Metabat2.41,36.8,2.81,Neural Network (Specific Model),11,None,1104,1058,1,kingdom,1.0,0.96,0.0,0.0,0.0,0.78,0.75,True,10,5,5,5
Metabat2.42,8.27,0.0,Neural Network (Specific Model),11,None,229,208,7,order,0.94,0.85,0.12,0.16,0.38,0.63,0.53,True,8,0,0,0
Metabat2.43,92.28,5.04,Neural Network (Specific Model),11,None,2124,2093,26,genus,0.94,0.92,0.02,0.53,1.71,0.86,0.79,True,22,7,8,7
Metabat2.44,100.0,18.08,Neural Network (Specific Model),11,None,4731,4578,2,family,0.95,0.92,0.01,0.08,0.18,0.93,0.86,True,22,8,0,8
Metabat2.45,20.92,0.65,Neural Network (Specific Model),11,None,1359,1289,33,genus,0.79,0.75,0.38,0.76,4.44,0.87,0.65,True,8,1,0,0
Metabat2.46,11.93,0.05,Neural Network (Specific Model),11,None,432,417,8,genus,0.89,0.86,0.25,0.07,0.15,0.96,0.83,True,0,1,1,1
Metabat2.47,9.94,0.0,Neural Network (Specific Model),11,None,393,378,2,genus,0.66,0.63,0.02,0.6,3.87,0.78,0.49,True,0,0,0,0
Metabat2.48,99.99,0.1,Neural Network (Specific Model),11,None,2129,2032,1,kingdom,1.0,0.95,0.0,0.0,0.0,0.92,0.87,True,23,4,0,4
Metabat2.49,8.2,0.02,Neural Network (Specific Model),11,None,480,445,1,kingdom,1.0,0.93,0.0,0.0,0.0,0.88,0.81,True,0,0,0,0
Metabat2.5,61.52,4.71,Gradient Boost (General Model),11,None,1706,1641,13,family,0.96,0.92,0.09,0.16,0.37,0.95,0.88,True,16,6,4,6
Metabat2.50,99.97,0.96,Neural Network (Specific Model),11,None,3130,3037,9,kingdom,1.0,0.97,0.0,0.0,0.0,0.95,0.92,True,22,7,8,7
Metabat2.51,18.35,0.0,Neural Network (Specific Model),11,None,545,528,2,genus,0.91,0.88,0.01,0.12,0.28,0.97,0.85,True,13,1,0,1
Metabat2.52,68.02,0.06,Neural Network (Specific Model),11,None,2408,2337,33,kingdom,1.0,0.97,0.0,0.0,0.0,0.93,0.9,True,18,3,0,3
Metabat2.53,100.0,1.24,Neural Network (Specific Model),11,None,3322,3101,2,genus,0.78,0.73,0.05,0.03,0.07,0.95,0.7,True,24,6,6,6
Metabat2.54,99.99,0.44,Neural Network (Specific Model),11,None,1847,1773,4,kingdom,1.0,0.96,0.0,0.0,0.0,0.93,0.89,True,9,4,0,4
Metabat2.55,49.31,0.01,Neural Network (Specific Model),11,None,1852,1773,11,family,0.94,0.9,0.13,0.12,0.29,0.9,0.81,True,11,0,0,0
Metabat2.56,12.77,0.92,Neural Network (Specific Model),11,None,684,663,5,family,0.91,0.89,0.4,0.05,0.11,0.93,0.83,True,16,2,0,2
Metabat2.57,18.37,0.1,Neural Network (Specific Model),11,None,614,601,18,genus,0.93,0.91,0.34,0.05,0.11,0.96,0.87,True,3,1,0,1
Metabat2.58,81.81,15.65,Neural Network (Specific Model),11,None,3175,3100,27,family,0.95,0.93,0.05,0.02,0.04,0.95,0.88,True,18,2,0,2
Metabat2.59,48.65,0.18,Neural Network (Specific Model),11,None,2151,2069,2,kingdom,1.0,0.96,0.0,0.0,0.0,0.95,0.91,True,0,2,2,2
Metabat2.6,9.38,0.1,Neural Network (Specific Model),11,None,538,528,13,kingdom,1.0,0.98,0.0,0.0,0.0,0.97,0.95,True,5,0,0,0
Metabat2.60,99.95,0.69,Neural Network (Specific Model),11,None,5116,5026,3,kingdom,1.0,0.98,0.0,0.0,0.0,0.94,0.92,True,0,4,4,4
Metabat2.61,13.51,0.02,Neural Network (Specific Model),11,None,312,310,5,genus,0.97,0.96,0.16,0.05,0.11,0.98,0.94,True,1,0,0,0
Metabat2.62,7.37,0.01,Neural Network (Specific Model),11,None,212,200,9,family,0.98,0.92,0.23,0.06,0.13,0.96,0.88,True,1,0,0,0
Metabat2.63,28.14,0.0,Neural Network (Specific Model),11,None,682,663,15,family,0.96,0.93,0.1,0.02,0.05,0.95,0.88,True,6,1,0,1
Metabat2.64,54.34,0.5,Neural Network (Specific Model),11,None,2128,2083,41,genus,0.85,0.83,0.21,0.1,0.22,0.96,0.8,True,9,6,6,6
Metabat2.65,42.84,8.48,Neural Network (Specific Model),11,None,1423,1398,20,kingdom,1.0,0.98,0.0,0.0,0.0,0.95,0.93,True,11,3,0,3
Metabat2.66,19.22,0.04,Neural Network (Specific Model),11,None,518,511,4,genus,0.93,0.92,0.03,0.06,0.13,0.88,0.81,True,2,0,0,0
Metabat2.67,99.95,0.26,Neural Network (Specific Model),11,None,2836,2772,3,family,0.96,0.94,0.01,0.07,0.16,0.93,0.87,True,23,6,6,6
Metabat2.68,34.45,0.19,Neural Network (Specific Model),11,None,1094,1072,3,genus,0.85,0.84,0.02,0.4,1.41,0.78,0.65,True,0,6,5,6
Metabat2.69,17.73,0.67,Neural Network (Specific Model),11,None,1023,998,21,family,0.93,0.91,0.16,0.26,0.65,0.89,0.81,True,4,0,0,0
Metabat2.7,6.98,0.02,Neural Network (Specific Model),11,None,304,277,5,genus,0.87,0.79,0.16,0.27,0.85,0.86,0.68,True,1,0,0,0
Metabat2.70,6.15,0.0,Neural Network (Specific Model),11,None,203,199,6,order,0.94,0.93,0.12,0.03,0.07,0.84,0.78,True,0,0,0,0
Metabat2.71,28.06,0.04,Neural Network (Specific Model),11,None,1019,993,17,kingdom,1.0,0.97,0.0,0.0,0.0,0.97,0.95,True,9,2,1,2
Metabat2.72,55.81,0.18,Neural Network (Specific Model),11,None,2072,2004,3,kingdom,1.0,0.97,0.0,0.0,0.0,0.96,0.93,True,0,5,5,5
Metabat2.73,99.98,0.24,Neural Network (Specific Model),11,None,2509,2361,2,genus,0.91,0.86,0.01,0.19,0.45,0.96,0.83,True,22,7,0,7
Metabat2.74,22.15,0.02,Neural Network (Specific Model),11,None,974,966,31,genus,0.96,0.96,0.04,0.12,0.27,0.99,0.95,True,10,1,1,1
Metabat2.75,18.71,1.55,Neural Network (Specific Model),11,None,798,787,17,kingdom,1.0,0.99,0.0,0.0,0.0,0.95,0.94,True,1,1,1,1
Metabat2.76,83.18,0.23,Neural Network (Specific Model),11,None,3575,3499,4,family,0.97,0.95,0.15,0.07,0.16,0.96,0.92,True,0,4,4,4
Metabat2.77,57.18,4.35,Neural Network (Specific Model),11,None,1954,1922,21,family,0.96,0.94,0.12,0.11,0.24,0.96,0.9,True,18,5,1,5
Metabat2.78,77.56,0.04,Neural Network (Specific Model),11,None,2319,2284,11,family,0.95,0.93,0.02,0.05,0.1,0.98,0.91,True,20,3,0,3
Metabat2.79,10.04,0.07,Neural Network (Specific Model),11,None,425,413,5,class,1.0,0.97,0.21,0.04,0.08,0.91,0.88,True,1,0,0,0
Metabat2.8,6.2,0.02,Neural Network (Specific Model),11,None,353,337,8,genus,0.88,0.84,0.37,0.32,0.85,0.9,0.75,True,0,0,0,0
Metabat2.80,99.96,0.33,Neural Network (Specific Model),11,None,3831,3705,3,genus,0.95,0.92,0.04,0.07,0.15,0.93,0.86,True,0,4,4,4
Metabat2.81,64.63,3.63,Neural Network (Specific Model),11,None,3885,3754,45,family,0.94,0.91,0.11,0.35,1.0,0.89,0.81,True,20,5,5,5
Metabat2.82,42.3,0.25,Neural Network (Specific Model),11,None,1819,1768,2,genus,0.94,0.91,0.06,0.02,0.04,0.96,0.87,True,17,1,1,1
Metabat2.83,99.96,0.44,Neural Network (Specific Model),11,None,2085,1965,1,kingdom,1.0,0.94,0.0,0.0,0.0,0.89,0.83,True,24,4,4,4
Metabat2.84,7.07,0.01,Neural Network (Specific Model),11,None,368,364,3,class,0.99,0.98,0.06,0.04,0.07,0.94,0.92,True,1,0,0,0
Metabat2.85,10.05,0.0,Neural Network (Specific Model),11,None,495,468,4,genus,0.76,0.72,0.06,0.23,0.65,0.91,0.66,True,0,0,0,0
Metabat2.86,98.06,0.83,Gradient Boost (General Model),11,None,2891,2704,1,kingdom,1.0,0.94,0.0,0.0,0.0,0.76,0.71,True,0,7,6,7
Metabat2.87,96.75,6.92,Gradient Boost (General Model),11,None,3661,3586,10,family,0.93,0.91,0.05,0.12,0.27,0.89,0.81,True,10,4,1,4
Metabat2.88,17.44,0.15,Neural Network (Specific Model),11,None,485,477,7,kingdom,1.0,0.98,0.0,0.0,0.0,0.97,0.95,True,1,0,0,0
Metabat2.89,15.35,0.43,Neural Network (Specific Model),11,None,578,547,6,class,0.99,0.94,0.05,0.02,0.05,0.8,0.75,True,2,0,0,0
Metabat2.9,16.22,0.01,Neural Network (Specific Model),11,None,635,598,7,genus,0.87,0.82,0.18,0.04,0.08,0.96,0.79,True,8,1,1,1
Metabat2.90,100.0,0.32,Gradient Boost (General Model),11,None,2250,2198,1,kingdom,1.0,0.98,0.0,0.0,0.0,0.94,0.92,True,23,5,5,5
Metabat2.91,6.81,0.02,Neural Network (Specific Model),11,None,327,151,1,kingdom,0.98,0.45,0.0,0.0,0.0,0.48,0.22,True,7,0,0,0
Metabat2.92,58.88,0.12,Neural Network (Specific Model),11,None,2114,2077,4,family,0.97,0.95,0.05,0.06,0.12,0.96,0.91,True,9,4,4,4
Metabat2.93,99.99,0.29,Neural Network (Specific Model),11,None,2570,2529,2,family,0.97,0.96,0.02,0.05,0.11,0.97,0.93,True,2,5,0,5
Metabat2.94,99.89,1.78,Neural Network (Specific Model),11,None,3005,2943,3,family,0.94,0.92,0.03,0.18,0.43,0.95,0.88,True,22,6,0,6
Metabat2.95,99.83,0.41,Neural Network (Specific Model),11,None,2852,2570,4,order,0.92,0.83,0.01,0.04,0.08,0.68,0.57,True,21,4,4,4
Metabat2.96,99.99,0.02,Neural Network (Specific Model),11,None,2312,2222,1,kingdom,1.0,0.96,0.0,0.0,0.0,0.96,0.92,True,23,7,7,7
Metabat2.97,5.49,0.0,Neural Network (Specific Model),11,None,202,202,1,kingdom,1.0,1.0,0.0,0.0,0.0,0.99,0.99,True,0,0,0,0
Metabat2.98,99.04,0.06,Gradient Boost (General Model),11,None,2295,2214,1,kingdom,1.0,0.96,0.0,0.0,0.0,0.93,0.89,True,22,4,0,4
Metabat2.99,76.29,0.0,Neural Network (Specific Model),11,None,2301,2253,5,genus,0.85,0.83,0.05,0.06,0.14,0.97,0.8,True,23,5,5,5
