,Completeness,Contamination,Completeness_Model_Used,Translation_Table_Used,Additional_Notes,n_genes_called,n_genes_mapped,n_contigs,taxonomic_level,proportion_genes_retained_in_major_clades,genes_retained_index,clade_separation_score,contamination_portion,n_effective_surplus_clades,mean_hit_identity,reference_representation_score,pass.GUNC,tRNA,16S,5S,23S
10074,12.4,0.5,Neural Network (Specific Model),11,None,415,392,2,genus,0.54,0.51,0.08,0.8,7.89,0.68,0.35,True,5,1,1,1
10135,7.44,0.84,Neural Network (Specific Model),11,None,463,375,25,family,0.53,0.43,0.29,0.45,1.92,0.54,0.23,True,0,0,0,0
10138,6.19,0.0,Neural Network (Specific Model),11,None,466,362,33,order,0.53,0.41,0.25,0.82,7.48,0.55,0.23,True,2,0,0,0
10167,8.96,0.01,Neural Network (Specific Model),11,None,308,287,4,phylum,0.95,0.89,0.09,0.03,0.05,0.6,0.54,True,5,0,0,0
10230,6.34,0.01,Neural Network (Specific Model),11,None,318,100,3,kingdom,1.0,0.31,0.0,0.07,0.15,0.39,0.12,True,5,0,0,0
10379,97.96,1.42,Neural Network (Specific Model),11,None,2275,2116,4,phylum,0.9,0.84,0.02,0.12,0.29,0.57,0.48,True,22,1,1,1
10632,12.44,0.66,Neural Network (Specific Model),11,None,789,593,38,phylum,0.86,0.65,0.11,0.69,5.08,0.51,0.33,True,8,0,0,0
10678,14.15,0.69,Neural Network (Specific Model),11,None,387,365,8,phylum,0.91,0.86,0.27,0.33,0.94,0.59,0.51,True,6,0,0,0
10745,10.44,0.91,Neural Network (Specific Model),11,None,560,448,20,class,0.67,0.53,0.12,0.67,5.28,0.53,0.28,True,0,0,0,0
1076,91.3,1.42,Gradient Boost (General Model),11,None,3100,2891,40,class,0.84,0.78,0.06,0.03,0.06,0.63,0.49,True,23,1,1,1
10878,5.99,0.12,Neural Network (Specific Model),11,None,463,360,10,kingdom,0.98,0.76,0.0,0.0,0.0,0.55,0.42,True,0,0,0,0
1095,97.54,59.03,Gradient Boost (General Model),11,None,1836,1580,29,phylum,0.75,0.64,0.01,0.77,6.34,0.52,0.33,True,21,2,0,2
11039,10.28,0.11,Neural Network (Specific Model),11,None,371,142,1,kingdom,1.0,0.38,0.0,0.03,0.06,0.42,0.16,True,18,0,0,0
11044,18.59,0.01,Neural Network (Specific Model),11,None,664,641,7,kingdom,1.0,0.97,0.0,0.0,0.0,0.91,0.88,True,6,0,0,0
11064,10.49,0.01,Neural Network (Specific Model),11,None,409,392,1,kingdom,0.99,0.95,0.0,0.0,0.0,0.67,0.64,True,5,1,1,1
1107,19.97,0.12,Neural Network (Specific Model),11,None,935,698,28,phylum,0.73,0.54,0.07,0.64,3.09,0.5,0.27,True,4,0,0,0
11110,95.3,2.35,Gradient Boost (General Model),11,None,1529,1355,1,kingdom,0.99,0.88,0.0,0.0,0.0,0.52,0.46,True,22,2,2,2
1119,26.21,1.14,Neural Network (Specific Model),11,None,1539,1270,62,kingdom,1.0,0.83,0.09,0.04,0.09,0.54,0.44,True,10,0,0,0
11208,22.82,3.58,Neural Network (Specific Model),11,None,2163,1923,67,genus,0.54,0.48,0.19,0.55,2.11,0.63,0.3,True,16,1,1,1
11274,7.9,0.01,Neural Network (Specific Model),11,None,541,471,22,genus,0.7,0.61,0.32,0.16,0.41,0.67,0.41,True,4,0,0,0
1138,11.62,0.2,Neural Network (Specific Model),11,None,600,546,27,class,0.95,0.87,0.13,0.03,0.06,0.68,0.59,True,7,1,1,1
11420,10.84,1.02,Neural Network (Specific Model),11,None,755,549,36,kingdom,1.0,0.73,0.07,0.03,0.06,0.51,0.37,True,0,0,0,0
11465,100.0,107.15,Gradient Boost (General Model),11,None,18450,16209,246,phylum,0.94,0.82,0.83,0.56,2.72,0.63,0.52,False,24,12,8,12
11466,89.38,56.83,Gradient Boost (General Model),11,None,6518,6175,66,genus,0.66,0.62,0.1,0.25,0.73,0.69,0.43,True,22,5,5,5
11467,8.39,0.03,Neural Network (Specific Model),11,None,496,459,16,genus,0.6,0.56,0.28,0.43,1.85,0.7,0.39,True,2,0,0,0
11493,5.48,0.0,Neural Network (Specific Model),11,None,210,163,2,phylum,0.87,0.68,0.01,0.28,0.84,0.53,0.36,True,2,0,0,0
11523,9.26,0.71,Neural Network (Specific Model),11,None,499,474,18,genus,0.86,0.82,0.21,0.17,0.45,0.95,0.78,True,4,0,0,0
11532,92.31,0.27,Gradient Boost (General Model),11,None,903,684,2,family,0.59,0.45,0.01,0.42,1.11,0.49,0.22,True,20,1,0,1
11542,7.53,0.05,Neural Network (Specific Model),11,None,285,242,2,phylum,0.8,0.68,0.01,0.61,3.62,0.48,0.32,True,1,0,0,0
11544,3.44,0.0,Neural Network (Specific Model),11,None,240,196,4,family,0.66,0.54,0.06,0.61,3.19,0.61,0.33,True,2,0,0,0
11546,8.39,0.16,Neural Network (Specific Model),11,None,333,310,8,genus,0.67,0.62,0.48,0.8,7.57,0.82,0.51,False,0,0,0,0
11597,11.39,0.96,Neural Network (Specific Model),11,None,569,503,15,class,0.9,0.79,0.07,0.16,0.37,0.58,0.46,True,8,0,0,0
11612,7.52,0.05,Neural Network (Specific Model),11,None,286,256,6,genus,0.46,0.41,0.12,0.62,4.16,0.65,0.27,True,1,0,0,0
11624,5.8,1.52,Neural Network (Specific Model),11,None,346,319,10,order,0.98,0.9,0.31,0.16,0.38,0.89,0.8,True,1,0,0,0
11625,96.59,0.76,Gradient Boost (General Model),11,None,2210,1954,2,kingdom,1.0,0.88,0.0,0.0,0.0,0.56,0.5,True,21,2,1,2
11627,7.47,0.05,Neural Network (Specific Model),11,None,424,400,17,genus,0.78,0.74,0.39,0.54,2.8,0.78,0.57,True,1,0,0,0
1163,38.02,2.55,Neural Network (Specific Model),11,None,1745,1531,69,order,0.87,0.77,0.13,0.11,0.25,0.57,0.44,True,8,1,1,1
11634,11.21,2.44,Neural Network (Specific Model),11,None,846,643,40,family,0.58,0.44,0.29,0.43,1.82,0.71,0.31,True,2,0,0,0
11635,58.74,7.88,Gradient Boost (General Model),11,None,2912,2662,51,order,0.89,0.81,0.15,0.13,0.3,0.62,0.51,True,21,1,1,1
11639,98.53,2.5,Gradient Boost (General Model),11,None,2509,2299,11,kingdom,1.0,0.92,0.04,0.02,0.05,0.57,0.52,True,24,4,4,4
11641,30.72,0.11,Neural Network (Specific Model),11,None,1005,841,31,genus,0.6,0.5,0.09,0.81,6.46,0.55,0.28,True,12,1,0,0
11653,13.37,1.84,Neural Network (Specific Model),11,None,563,528,12,genus,0.87,0.82,0.07,0.14,0.33,0.7,0.57,True,7,1,0,0
11655,5.83,0.04,Neural Network (Specific Model),11,None,387,303,10,genus,0.62,0.49,0.14,0.69,4.83,0.56,0.27,True,14,0,0,0
11671,37.69,1.05,Gradient Boost (General Model),11,None,1232,1156,9,class,0.92,0.86,0.02,0.09,0.21,0.61,0.53,True,17,1,1,1
11675,21.69,0.73,Neural Network (Specific Model),11,None,1391,1239,37,class,0.85,0.76,0.13,0.12,0.27,0.62,0.47,True,7,0,0,0
11695,5.7,0.14,Neural Network (Specific Model),11,None,328,206,6,class,0.89,0.56,0.03,0.14,0.32,0.5,0.28,True,0,0,0,0
11699,14.1,1.05,Neural Network (Specific Model),11,None,511,493,6,genus,0.54,0.52,0.03,0.81,9.4,0.61,0.32,True,8,0,0,0
1170,94.1,10.51,Gradient Boost (General Model),11,None,4482,3792,84,class,0.68,0.58,0.07,0.4,1.47,0.51,0.29,True,23,2,4,4
11705,27.34,3.37,Neural Network (Specific Model),11,None,1042,731,49,phylum,0.94,0.66,0.47,0.15,0.38,0.57,0.37,False,4,0,0,0
1182,72.12,1.97,Gradient Boost (General Model),4,None,1039,727,16,phylum,0.83,0.58,0.02,0.18,0.45,0.52,0.3,True,15,0,0,0
1183,94.39,3.68,Gradient Boost (General Model),11,None,1776,1572,22,phylum,0.88,0.78,0.03,0.3,0.85,0.5,0.39,True,22,2,1,2
1186,31.35,0.21,Neural Network (Specific Model),11,None,914,805,30,family,0.84,0.74,0.11,0.3,0.94,0.59,0.43,True,14,1,1,1
1201,88.26,2.82,Gradient Boost (General Model),11,None,2528,2467,50,family,0.92,0.9,0.21,0.05,0.1,0.94,0.84,True,23,2,2,2
1252,94.62,1.95,Neural Network (Specific Model),11,None,2338,2225,13,kingdom,1.0,0.95,0.08,0.03,0.05,0.81,0.77,True,20,1,1,1
1257,13.42,0.04,Neural Network (Specific Model),11,None,754,574,61,phylum,0.82,0.62,0.14,0.5,2.25,0.49,0.3,True,5,0,0,0
1276,86.14,18.74,Gradient Boost (General Model),11,None,3642,3471,87,order,0.91,0.87,0.27,0.02,0.05,0.88,0.76,True,20,0,0,0
1282,97.55,1.07,Gradient Boost (General Model),11,None,2940,2727,6,phylum,0.91,0.85,0.01,0.05,0.1,0.68,0.58,True,23,1,1,1
1291,14.87,0.02,Neural Network (Specific Model),11,None,860,700,31,order,0.51,0.42,0.16,0.32,0.99,0.58,0.24,True,9,1,0,0
1320,99.74,1.01,Gradient Boost (General Model),11,None,2834,2644,6,class,0.82,0.76,0.03,0.06,0.12,0.6,0.46,True,23,1,1,1
1350,31.82,0.22,Neural Network (Specific Model),11,None,1021,917,36,order,0.86,0.77,0.19,0.48,1.66,0.62,0.48,True,10,0,0,0
1353,100.0,0.14,Gradient Boost (General Model),11,None,1527,1476,3,kingdom,0.99,0.96,0.0,0.0,0.0,0.62,0.6,True,22,2,2,2
1360,7.38,0.01,Neural Network (Specific Model),11,None,493,425,24,genus,0.52,0.45,0.2,0.37,1.26,0.57,0.26,True,7,0,0,0
1362,63.25,2.98,Gradient Boost (General Model),11,None,4442,3681,70,phylum,0.8,0.66,0.02,0.75,6.23,0.49,0.33,True,21,3,0,3
1366,100.0,0.61,Gradient Boost (General Model),11,None,2629,2416,13,class,0.93,0.85,0.02,0.23,0.63,0.62,0.53,True,22,2,2,2
1401,51.35,0.75,Gradient Boost (General Model),11,None,2496,2156,90,phylum,0.8,0.69,0.05,0.49,1.97,0.51,0.35,True,21,1,1,1
1418,69.52,7.02,Gradient Boost (General Model),11,None,2654,2415,79,phylum,0.88,0.8,0.14,0.05,0.11,0.62,0.5,True,19,1,1,1
1419,97.92,105.12,Neural Network (Specific Model),11,None,3393,2783,52,phylum,0.82,0.67,0.15,0.1,0.23,0.58,0.39,True,22,4,1,4
1440,100.0,0.34,Gradient Boost (General Model),11,None,1671,1555,4,kingdom,1.0,0.93,0.0,0.0,0.0,0.6,0.56,True,22,2,2,2
1463,16.62,0.06,Neural Network (Specific Model),11,None,1063,969,44,kingdom,1.0,0.91,0.37,0.04,0.08,0.77,0.7,True,11,0,0,0
1468,98.11,1.43,Gradient Boost (General Model),11,None,2070,1814,4,family,0.75,0.66,0.08,0.03,0.06,0.55,0.36,True,22,3,3,3
1493,91.81,2.14,Gradient Boost (General Model),11,None,4823,4408,49,phylum,0.87,0.79,0.06,0.2,0.52,0.6,0.48,True,21,1,1,1
1502,40.65,1.88,Neural Network (Specific Model),11,None,1761,1568,50,order,0.85,0.76,0.09,0.22,0.58,0.62,0.47,True,9,0,0,0
1527,75.62,1.31,Gradient Boost (General Model),11,None,1610,1471,56,family,0.88,0.81,0.04,0.61,2.27,0.63,0.51,True,20,2,0,1
1529,41.27,2.17,Gradient Boost (General Model),11,None,2593,2292,95,phylum,0.87,0.77,0.12,0.2,0.52,0.59,0.45,True,13,0,0,0
155,42.26,0.32,Gradient Boost (General Model),11,None,3161,2361,99,phylum,0.78,0.58,0.07,0.69,5.06,0.45,0.26,True,12,0,0,0
1571,95.72,74.32,Gradient Boost (General Model),11,None,3431,3080,45,class,0.93,0.84,0.07,0.69,3.53,0.53,0.45,True,22,4,4,4
1624,31.63,4.05,Neural Network (Specific Model),11,None,1683,1393,62,phylum,0.95,0.79,0.09,0.07,0.15,0.55,0.43,True,15,0,0,0
1643,37.68,2.27,Neural Network (Specific Model),11,None,861,753,49,genus,0.77,0.67,0.08,0.73,3.65,0.6,0.41,True,17,1,1,1
168,100.0,0.62,Gradient Boost (General Model),11,None,2399,2278,7,genus,0.58,0.55,0.08,0.38,1.3,0.66,0.37,True,22,2,2,2
1681,81.99,3.09,Gradient Boost (General Model),11,None,2159,1925,41,order,0.81,0.72,0.1,0.59,2.4,0.58,0.42,True,18,0,0,0
170,84.73,2.38,Gradient Boost (General Model),11,None,2806,2119,58,class,0.61,0.46,0.07,0.36,1.3,0.47,0.22,True,21,1,1,1
1717,79.09,0.75,Gradient Boost (General Model),11,None,1664,1594,8,family,0.83,0.79,0.05,0.35,1.19,0.62,0.49,True,23,2,2,2
1730,94.33,1.34,Gradient Boost (General Model),11,None,2053,1928,11,genus,0.7,0.65,0.04,0.61,2.76,0.61,0.4,True,22,3,2,3
1737,85.89,1.97,Gradient Boost (General Model),11,None,2081,1986,38,class,0.89,0.85,0.12,0.09,0.2,0.88,0.75,True,21,2,2,3
1803,62.84,0.19,Gradient Boost (General Model),11,None,1931,1848,58,family,0.88,0.84,0.43,0.04,0.09,0.69,0.58,True,10,1,2,1
1874,93.59,81.73,Gradient Boost (General Model),11,None,6009,5590,95,genus,0.58,0.54,0.24,0.04,0.09,0.62,0.34,True,24,4,4,4
192,50.3,3.3,Gradient Boost (General Model),11,None,1770,1551,42,class,0.9,0.79,0.09,0.03,0.07,0.59,0.46,True,19,1,1,1
1931,10.71,0.05,Neural Network (Specific Model),11,None,699,514,34,phylum,0.8,0.59,0.03,0.65,4.39,0.5,0.29,True,5,2,0,0
1938,84.33,2.95,Neural Network (Specific Model),11,None,2449,2299,40,order,0.92,0.86,0.12,0.04,0.07,0.64,0.55,True,20,2,2,2
2094,80.18,6.73,Gradient Boost (General Model),11,None,2646,2468,66,class,0.96,0.9,0.18,0.03,0.05,0.64,0.58,True,18,1,0,1
2111,96.25,0.67,Gradient Boost (General Model),11,None,2844,2511,13,phylum,0.94,0.83,0.03,0.03,0.06,0.54,0.44,True,22,3,3,3
2161,99.36,1.54,Gradient Boost (General Model),11,None,1850,1790,7,class,0.94,0.91,0.04,0.05,0.1,0.95,0.87,True,22,2,0,2
2169,93.76,1.45,Gradient Boost (General Model),11,None,3698,3186,2,kingdom,0.99,0.86,0.0,0.0,0.0,0.57,0.49,True,23,1,0,1
2170,6.91,0.0,Neural Network (Specific Model),11,None,276,275,1,kingdom,1.0,1.0,0.0,0.0,0.0,0.97,0.96,True,5,0,0,0
223,91.12,3.8,Gradient Boost (General Model),11,None,2855,2563,77,genus,0.63,0.57,0.17,0.27,0.78,0.61,0.35,True,22,2,3,1
228,52.42,2.48,Gradient Boost (General Model),11,None,1684,1636,74,order,0.97,0.94,0.22,0.05,0.11,0.96,0.91,True,14,2,2,2
229,56.21,5.81,Gradient Boost (General Model),11,None,2453,2313,59,genus,0.88,0.83,0.13,0.14,0.31,0.94,0.78,True,21,2,1,1
2296,29.97,0.04,Neural Network (Specific Model),11,None,1248,1095,40,phylum,0.9,0.79,0.12,0.13,0.32,0.59,0.47,True,10,0,1,0
2302,83.57,2.61,Neural Network (Specific Model),11,None,1759,1682,22,class,0.97,0.92,0.07,0.03,0.06,0.92,0.85,True,21,2,0,0
2303,97.42,1.75,Neural Network (Specific Model),11,None,2382,2350,13,genus,0.92,0.91,0.22,0.02,0.05,0.99,0.89,True,22,2,2,2
2342,97.4,9.45,Gradient Boost (General Model),11,None,2314,2182,29,family,0.76,0.72,0.03,0.7,4.54,0.57,0.41,True,23,2,2,2
2344,7.61,0.02,Neural Network (Specific Model),11,None,472,347,33,order,0.58,0.42,0.23,0.52,2.45,0.53,0.22,True,4,0,1,0
2350,99.84,70.11,Neural Network (Specific Model),11,None,4402,4113,87,phylum,0.95,0.89,0.19,0.14,0.32,0.64,0.57,True,23,3,4,3
2356,87.19,1.38,Neural Network (Specific Model),11,None,1735,1662,13,order,0.92,0.88,0.03,0.02,0.05,0.66,0.58,True,19,2,2,2
2363,14.73,0.39,Neural Network (Specific Model),4,None,1571,1165,61,class,0.64,0.48,0.07,0.79,6.78,0.51,0.24,True,11,0,0,0
239,81.1,1.27,Gradient Boost (General Model),11,None,2888,2204,97,phylum,0.82,0.62,0.04,0.53,2.42,0.51,0.32,True,20,1,1,1
240,52.16,2.35,Gradient Boost (General Model),11,None,1752,1650,48,genus,0.72,0.68,0.24,0.03,0.07,0.7,0.47,True,17,1,1,1
2414,65.37,3.16,Neural Network (Specific Model),11,None,1845,1720,34,genus,0.46,0.43,0.06,0.77,7.58,0.61,0.26,True,22,3,2,3
2426,73.71,0.47,Gradient Boost (General Model),11,None,1931,1766,40,phylum,0.98,0.89,0.1,0.03,0.05,0.6,0.54,True,19,1,1,1
2452,94.47,8.08,Gradient Boost (General Model),11,None,3241,2976,11,class,0.88,0.81,0.02,0.35,1.07,0.59,0.48,True,22,1,1,1
2455,15.35,1.0,Neural Network (Specific Model),11,None,839,762,27,genus,0.58,0.52,0.14,0.63,3.9,0.63,0.33,True,12,1,1,1
2491,73.9,7.25,Gradient Boost (General Model),11,None,2397,2184,54,family,0.66,0.6,0.06,0.68,4.38,0.58,0.35,True,18,2,1,2
2493,75.87,2.34,Gradient Boost (General Model),11,None,4366,3604,182,phylum,0.83,0.69,0.06,0.66,4.05,0.48,0.33,True,16,0,0,0
2496,99.92,19.91,Gradient Boost (General Model),11,None,4287,3543,58,order,0.52,0.43,0.08,0.51,2.38,0.54,0.23,True,22,2,2,2
2515,55.47,1.12,Gradient Boost (General Model),11,None,971,895,33,phylum,0.91,0.84,0.1,0.23,0.64,0.58,0.48,True,15,1,1,1
2549,81.89,2.63,Gradient Boost (General Model),11,None,2078,1975,51,phylum,0.93,0.88,0.11,0.02,0.05,0.65,0.57,True,21,1,0,1
2591,8.21,0.13,Neural Network (Specific Model),11,None,350,305,1,kingdom,0.99,0.86,0.0,0.0,0.0,0.54,0.46,True,0,0,0,0
2620,95.46,0.44,Gradient Boost (General Model),11,None,1415,1365,3,class,0.89,0.86,0.01,0.37,0.99,0.58,0.49,True,22,1,1,1
2632,32.13,2.69,Neural Network (Specific Model),11,None,559,488,16,class,0.88,0.77,0.05,0.06,0.12,0.65,0.5,True,9,0,0,1
265,36.57,0.35,Gradient Boost (General Model),11,None,2878,2141,76,class,0.55,0.41,0.04,0.71,5.74,0.47,0.19,True,18,1,1,1
2689,99.81,0.02,Gradient Boost (General Model),11,None,1203,1082,4,class,0.93,0.83,0.01,0.45,1.51,0.54,0.45,True,21,2,0,2
272,79.28,4.56,Gradient Boost (General Model),11,None,3610,2736,90,order,0.53,0.4,0.05,0.73,3.73,0.49,0.2,True,22,1,0,0
2738,10.14,0.08,Neural Network (Specific Model),11,None,522,386,20,class,0.73,0.54,0.06,0.57,3.5,0.52,0.28,True,7,0,0,0
2740,83.45,0.04,Neural Network (Specific Model),11,None,1562,1382,20,phylum,0.95,0.84,0.05,0.13,0.29,0.53,0.45,True,23,3,3,2
2745,38.99,2.13,Neural Network (Specific Model),11,None,2235,1767,87,family,0.59,0.47,0.13,0.04,0.09,0.59,0.28,True,13,0,0,0
2751,87.69,0.71,Gradient Boost (General Model),11,None,664,582,5,class,0.71,0.62,0.04,0.75,4.36,0.53,0.33,True,20,1,0,1
2761,92.09,0.14,Gradient Boost (General Model),11,None,996,857,4,phylum,0.92,0.79,0.01,0.08,0.18,0.51,0.4,True,22,1,1,1
2819,39.57,1.91,Gradient Boost (General Model),11,None,1776,1656,44,genus,0.74,0.69,0.18,0.18,0.47,0.69,0.48,True,14,1,1,1
2846,97.9,3.75,Gradient Boost (General Model),11,None,2624,2494,18,class,0.9,0.86,0.06,0.06,0.13,0.61,0.52,True,23,4,3,4
2857,35.62,9.22,Neural Network (Specific Model),11,None,1119,1010,43,genus,0.49,0.44,0.26,0.12,0.29,0.61,0.27,True,14,0,0,0
2884,93.08,0.96,Gradient Boost (General Model),11,None,2224,1864,16,class,0.7,0.59,0.02,0.24,0.69,0.55,0.32,True,21,1,0,1
2898,84.59,0.97,Gradient Boost (General Model),11,None,1480,1375,14,family,0.73,0.68,0.04,0.45,1.83,0.56,0.38,True,23,2,2,2
2902,94.11,2.27,Gradient Boost (General Model),11,None,2045,1812,11,phylum,0.93,0.82,0.03,0.19,0.46,0.52,0.43,True,22,2,2,2
292,9.04,0.03,Neural Network (Specific Model),11,None,458,316,16,phylum,0.78,0.53,0.03,0.61,3.54,0.47,0.25,True,0,0,0,0
2996,19.79,0.9,Neural Network (Specific Model),11,None,519,463,21,family,0.82,0.73,0.16,0.15,0.36,0.62,0.45,True,4,0,0,0
3011,5.08,0.01,Neural Network (Specific Model),11,None,377,235,15,kingdom,1.0,0.62,0.0,0.03,0.05,0.49,0.31,True,0,0,0,0
3023,24.01,0.48,Neural Network (Specific Model),11,None,878,771,19,phylum,0.89,0.78,0.1,0.11,0.26,0.57,0.45,True,8,0,0,0
3025,15.7,1.25,Neural Network (Specific Model),11,None,719,661,27,class,0.93,0.86,0.08,0.06,0.12,0.62,0.53,True,14,0,1,0
3028,93.39,0.58,Neural Network (Specific Model),11,None,2020,1832,9,phylum,0.96,0.87,0.06,0.15,0.35,0.58,0.5,True,21,1,0,1
3029,81.92,7.08,Gradient Boost (General Model),11,None,1978,1839,15,genus,0.6,0.55,0.17,0.09,0.2,0.65,0.36,True,22,3,3,3
3101,98.25,3.97,Gradient Boost (General Model),11,None,2107,1919,9,class,0.88,0.8,0.01,0.22,0.56,0.54,0.43,True,23,4,4,4
3109,97.07,0.78,Gradient Boost (General Model),11,None,1826,1764,6,order,0.94,0.9,0.03,0.09,0.2,0.63,0.57,True,21,3,3,3
3118,87.94,1.28,Gradient Boost (General Model),11,None,874,762,8,kingdom,0.99,0.86,0.0,0.0,0.0,0.55,0.47,True,21,1,1,1
3124,29.92,1.11,Neural Network (Specific Model),11,None,1320,1216,35,phylum,0.97,0.89,0.17,0.05,0.11,0.62,0.56,True,11,2,2,2
3135,14.61,3.0,Neural Network (Specific Model),11,None,1087,471,57,kingdom,1.0,0.43,0.1,0.43,0.96,0.44,0.19,True,5,0,0,0
3148,40.79,5.55,Neural Network (Specific Model),11,None,1729,1612,54,genus,0.52,0.49,0.15,0.78,7.94,0.63,0.31,True,15,0,0,0
316,57.05,2.6,Gradient Boost (General Model),11,None,1076,864,49,phylum,0.91,0.73,0.28,0.21,0.51,0.51,0.37,True,21,0,0,0
318,12.1,0.05,Neural Network (Specific Model),11,None,671,526,32,class,0.76,0.6,0.22,0.24,0.64,0.55,0.33,True,10,0,0,0
3180,3.66,0.0,Neural Network (Specific Model),11,None,225,145,7,order,0.74,0.48,0.12,0.83,11.46,0.47,0.23,True,2,0,0,0
3212,43.84,3.94,Gradient Boost (General Model),11,None,1994,1751,55,class,0.94,0.83,0.06,0.12,0.29,0.64,0.53,True,19,0,0,0
3233,90.42,0.14,Gradient Boost (General Model),11,None,2597,2401,6,family,0.77,0.71,0.03,0.16,0.4,0.66,0.47,True,22,2,2,2
3256,95.45,66.64,Gradient Boost (General Model),11,None,4075,3847,34,family,0.83,0.78,0.05,0.52,2.61,0.63,0.49,True,24,5,4,4
3257,93.84,3.15,Gradient Boost (General Model),11,None,2190,1979,13,phylum,0.9,0.81,0.08,0.03,0.06,0.58,0.47,True,23,2,2,2
328,94.39,1.97,Gradient Boost (General Model),11,None,3358,2918,13,phylum,0.81,0.7,0.02,0.2,0.54,0.49,0.35,True,22,4,4,4
33,76.52,3.59,Gradient Boost (General Model),11,None,2883,2347,92,phylum,0.85,0.69,0.06,0.18,0.47,0.52,0.36,True,21,1,1,1
331,7.01,0.0,Neural Network (Specific Model),11,None,254,121,2,kingdom,0.99,0.47,0.0,0.0,0.0,0.45,0.21,True,0,0,0,0
3317,98.85,5.94,Gradient Boost (General Model),11,None,2598,2300,13,family,0.46,0.41,0.09,0.78,7.19,0.54,0.22,True,23,3,3,3
3365,26.56,1.56,Neural Network (Specific Model),11,None,1226,1071,42,class,0.87,0.76,0.12,0.08,0.18,0.58,0.45,True,9,0,2,0
3373,96.13,1.06,Gradient Boost (General Model),11,None,1558,1407,14,genus,0.68,0.62,0.06,0.67,3.55,0.54,0.33,True,21,2,0,2
338,95.66,0.06,Gradient Boost (General Model),11,None,1776,1654,14,order,0.87,0.81,0.02,0.07,0.16,0.58,0.47,True,18,1,1,2
3388,9.54,0.02,Neural Network (Specific Model),11,None,345,316,16,genus,0.79,0.73,0.47,0.03,0.07,0.94,0.68,False,9,0,0,0
3441,8.3,0.05,Neural Network (Specific Model),11,None,659,491,18,order,0.89,0.66,0.01,0.58,1.81,0.6,0.4,True,0,0,0,0
360,34.49,0.86,Neural Network (Specific Model),11,None,1486,1365,37,phylum,0.89,0.82,0.1,0.09,0.21,0.56,0.45,True,16,1,1,1
3630,21.16,0.18,Neural Network (Specific Model),11,None,645,573,25,genus,0.6,0.53,0.12,0.13,0.3,0.6,0.32,True,13,1,1,1
3635,74.02,9.11,Gradient Boost (General Model),11,None,3698,3273,91,class,0.9,0.8,0.05,0.21,0.55,0.56,0.45,True,20,0,0,0
3713,7.08,0.02,Neural Network (Specific Model),11,None,494,255,28,kingdom,1.0,0.52,0.03,0.03,0.06,0.47,0.24,True,7,1,0,0
3728,97.65,70.93,Gradient Boost (General Model),11,None,6371,5960,146,family,0.77,0.72,0.12,0.32,1.05,0.64,0.47,True,23,4,5,5
3733,8.69,0.01,Neural Network (Specific Model),11,None,307,276,14,kingdom,1.0,0.9,0.07,0.03,0.05,0.61,0.55,True,6,1,0,0
3775,99.98,0.77,Neural Network (Specific Model),11,None,2570,2425,5,class,0.95,0.9,0.01,0.05,0.12,0.73,0.66,True,24,2,2,2
383,6.97,0.15,Neural Network (Specific Model),11,None,659,426,36,class,0.63,0.41,0.15,0.8,7.55,0.49,0.2,True,9,1,1,1
387,4.74,0.0,Neural Network (Specific Model),11,None,221,19,7,kingdom,1.0,0.09,0.0,0.05,0.11,0.3,0.03,True,0,0,0,0
3874,35.03,0.53,Neural Network (Specific Model),11,None,1328,1260,35,genus,0.9,0.86,0.1,0.37,1.12,0.85,0.73,True,9,1,0,0
3875,100.0,53.94,Gradient Boost (General Model),11,None,4217,3887,59,class,0.92,0.85,0.03,0.28,0.74,0.57,0.48,True,22,5,5,5
391,98.76,37.67,Gradient Boost (General Model),11,None,4259,3953,80,class,0.93,0.86,0.04,0.07,0.14,0.6,0.52,True,23,3,5,3
3958,98.27,0.12,Gradient Boost (General Model),11,None,623,540,2,kingdom,0.99,0.85,0.0,0.0,0.0,0.52,0.44,True,20,1,0,2
3998,97.11,0.28,Neural Network (Specific Model),11,None,1665,1594,3,class,0.94,0.9,0.01,0.04,0.09,0.68,0.62,True,23,2,2,2
40,99.67,74.38,Neural Network (Specific Model),11,None,3726,3321,51,class,0.84,0.75,0.07,0.05,0.11,0.57,0.42,True,22,3,3,3
400,35.05,1.56,Neural Network (Specific Model),11,None,2211,1679,88,phylum,0.81,0.62,0.06,0.72,5.9,0.47,0.29,True,19,1,0,0
401,75.32,3.42,Gradient Boost (General Model),11,None,2860,2260,109,class,0.61,0.48,0.06,0.77,6.86,0.49,0.24,True,21,1,1,1
4043,96.09,87.15,Gradient Boost (General Model),11,None,4680,4363,40,class,0.89,0.83,0.09,0.04,0.09,0.64,0.53,True,22,4,5,4
4057,85.98,3.26,Neural Network (Specific Model),11,None,2329,2243,12,order,0.91,0.88,0.05,0.25,0.63,0.67,0.59,True,22,1,1,1
409,85.49,0.0,Neural Network (Specific Model),11,None,1053,952,7,phylum,0.96,0.87,0.02,0.19,0.45,0.55,0.48,True,20,1,0,0
4106,80.46,34.1,Neural Network (Specific Model),11,None,5831,5060,288,kingdom,1.0,0.87,0.46,0.04,0.08,0.85,0.74,False,19,1,0,1
411,95.03,0.84,Gradient Boost (General Model),11,None,2488,2356,23,class,0.96,0.91,0.06,0.05,0.11,0.65,0.59,True,18,1,1,1
4193,91.4,1.98,Gradient Boost (General Model),11,None,2158,2044,17,genus,0.46,0.43,0.05,0.67,4.07,0.6,0.26,True,10,1,1,1
421,96.43,0.17,Neural Network (Specific Model),11,None,2118,2001,2,kingdom,1.0,0.94,0.0,0.0,0.0,0.59,0.56,True,22,2,2,2
4221,98.46,3.8,Neural Network (Specific Model),11,None,3127,3011,19,family,0.84,0.8,0.03,0.55,2.61,0.71,0.57,True,22,3,2,2
4265,94.44,2.13,Gradient Boost (General Model),11,None,1655,1545,3,genus,0.7,0.66,0.02,0.49,2.27,0.56,0.37,True,23,1,1,1
431,44.96,1.43,Gradient Boost (General Model),11,None,4166,3269,151,order,0.6,0.47,0.14,0.14,0.33,0.54,0.25,True,15,0,1,1
4360,8.97,0.95,Neural Network (Specific Model),11,None,511,468,17,family,0.8,0.73,0.24,0.17,0.43,0.75,0.55,True,1,0,0,0
4365,86.68,2.44,Neural Network (Specific Model),11,None,2763,2666,29,order,0.96,0.92,0.22,0.03,0.06,0.81,0.75,True,22,2,1,2
4479,95.91,3.03,Gradient Boost (General Model),11,None,2685,2375,3,kingdom,0.99,0.88,0.0,0.0,0.0,0.53,0.47,True,23,2,1,2
4571,94.52,1.04,Gradient Boost (General Model),11,None,2305,2046,2,phylum,0.89,0.79,0.01,0.36,1.08,0.5,0.39,True,22,3,3,3
46,92.22,0.87,Gradient Boost (General Model),11,None,1052,796,25,family,0.66,0.5,0.02,0.69,4.86,0.5,0.25,True,22,2,1,1
4626,4.94,0.01,Neural Network (Specific Model),11,None,377,112,11,kingdom,1.0,0.3,0.0,0.0,0.0,0.44,0.13,True,3,0,0,0
4702,95.16,1.12,Gradient Boost (General Model),11,None,592,509,4,kingdom,1.0,0.86,0.0,0.02,0.04,0.51,0.44,True,21,2,0,1
4743,42.79,3.91,Gradient Boost (General Model),11,None,2161,2042,62,genus,0.73,0.69,0.15,0.16,0.41,0.75,0.52,True,14,2,1,1
4751,98.19,4.12,Gradient Boost (General Model),11,None,3234,3032,13,family,0.73,0.68,0.05,0.1,0.22,0.66,0.45,True,21,1,2,1
498,43.76,1.01,Gradient Boost (General Model),11,None,2103,1485,57,order,0.6,0.42,0.15,0.29,0.77,0.51,0.22,True,16,1,0,1
500,90.6,4.38,Gradient Boost (General Model),11,None,3533,3256,39,order,0.85,0.79,0.04,0.15,0.35,0.58,0.46,True,22,4,4,4
507,45.0,1.83,Gradient Boost (General Model),11,None,3535,2804,114,phylum,0.79,0.63,0.06,0.58,2.82,0.5,0.31,True,20,1,0,1
5091,97.15,93.96,Gradient Boost (General Model),11,None,10887,9566,271,genus,0.51,0.45,0.21,0.06,0.13,0.62,0.28,True,24,4,5,4
515,95.42,4.45,Gradient Boost (General Model),11,None,3988,3435,19,class,0.61,0.53,0.03,0.72,5.63,0.49,0.26,True,22,2,2,2
526,94.83,0.29,Neural Network (Specific Model),11,None,1661,1610,5,class,0.97,0.94,0.03,0.02,0.05,0.77,0.72,True,23,2,2,2
5367,98.4,0.44,Neural Network (Specific Model),11,None,2129,2083,17,phylum,0.96,0.94,0.06,0.04,0.08,0.79,0.74,True,23,2,2,2
5520,5.12,0.0,Neural Network (Specific Model),11,None,339,257,8,order,0.6,0.45,0.1,0.55,3.28,0.54,0.25,True,0,0,0,0
5538,5.77,0.0,Neural Network (Specific Model),11,None,222,187,7,genus,0.6,0.51,0.04,0.8,9.21,0.62,0.32,True,4,0,0,0
564,98.47,10.48,Gradient Boost (General Model),11,None,2953,2876,8,genus,0.77,0.75,0.38,0.04,0.09,0.87,0.65,True,25,4,4,4
566,99.32,61.0,Gradient Boost (General Model),11,None,4472,4292,130,family,0.83,0.79,0.23,0.31,0.8,0.72,0.57,True,23,6,3,6
5733,36.48,2.76,Neural Network (Specific Model),11,None,2362,2190,59,family,0.89,0.83,0.23,0.24,0.65,0.82,0.68,True,12,1,1,1
581,96.07,0.09,Neural Network (Specific Model),11,None,1912,1824,1,kingdom,1.0,0.95,0.0,0.0,0.0,0.65,0.62,True,22,1,1,1
5848,8.65,0.07,Neural Network (Specific Model),11,None,260,232,1,kingdom,0.99,0.88,0.0,0.0,0.0,0.56,0.49,True,1,0,0,0
5872,97.64,0.87,Gradient Boost (General Model),11,None,1961,1820,3,family,0.68,0.63,0.01,0.71,3.95,0.55,0.35,True,22,2,2,2
594,97.99,21.98,Gradient Boost (General Model),11,None,3401,3167,41,order,0.77,0.71,0.1,0.09,0.19,0.61,0.43,True,23,3,3,3
595,100.0,87.85,Gradient Boost (General Model),11,None,9426,8852,64,genus,0.45,0.43,0.1,0.15,0.36,0.58,0.25,True,22,3,2,2
5962,4.76,0.03,Neural Network (Specific Model),11,None,375,225,11,class,0.88,0.53,0.02,0.6,3.3,0.5,0.26,True,1,0,0,0
6215,12.22,1.9,Neural Network (Specific Model),11,None,676,609,15,family,0.6,0.54,0.07,0.61,3.26,0.56,0.3,True,2,0,0,0
629,90.07,2.38,Gradient Boost (General Model),11,None,3869,2978,54,order,0.53,0.41,0.03,0.72,5.04,0.49,0.2,True,21,1,0,1
6323,43.91,2.91,Gradient Boost (General Model),11,None,1790,1496,57,family,0.54,0.45,0.11,0.8,6.2,0.53,0.24,True,11,0,0,0
635,92.3,1.33,Gradient Boost (General Model),11,None,1626,1427,8,class,0.91,0.8,0.02,0.71,4.17,0.51,0.41,True,22,2,2,2
638,93.65,1.37,Neural Network (Specific Model),11,None,3639,3252,20,phylum,0.87,0.78,0.01,0.19,0.49,0.56,0.44,True,23,1,1,1
6393,21.11,1.79,Neural Network (Specific Model),11,None,1814,1439,78,phylum,0.83,0.66,0.1,0.46,1.81,0.53,0.35,True,10,0,1,1
6400,97.54,4.86,Gradient Boost (General Model),11,None,2311,2205,14,class,0.94,0.9,0.02,0.28,0.73,0.59,0.53,True,24,4,4,4
6428,97.28,0.17,Gradient Boost (General Model),11,None,1207,1112,2,kingdom,1.0,0.92,0.0,0.04,0.08,0.49,0.45,True,22,1,1,1
643,97.2,1.17,Gradient Boost (General Model),11,None,3269,2718,1,kingdom,1.0,0.83,0.0,0.03,0.06,0.45,0.38,True,23,1,1,1
6436,13.91,0.36,Neural Network (Specific Model),11,None,975,749,48,order,0.57,0.44,0.3,0.39,1.48,0.57,0.25,True,2,0,0,0
6451,99.7,103.01,Gradient Boost (General Model),11,None,14623,13618,228,genus,0.67,0.63,0.12,0.14,0.35,0.7,0.44,True,24,15,12,13
646,23.93,0.74,Neural Network (Specific Model),11,None,966,790,36,order,0.49,0.4,0.12,0.72,4.95,0.55,0.22,True,4,0,0,0
647,24.21,1.23,Neural Network (Specific Model),11,None,800,699,42,family,0.89,0.78,0.16,0.13,0.32,0.63,0.49,True,10,2,1,1
648,48.79,1.48,Gradient Boost (General Model),11,None,1026,901,34,genus,0.58,0.51,0.34,0.47,1.55,0.62,0.32,True,16,1,0,1
6481,52.04,13.69,Gradient Boost (General Model),11,None,2544,2371,102,genus,0.76,0.71,0.24,0.22,0.62,0.84,0.6,True,11,0,0,0
649,4.83,0.0,Neural Network (Specific Model),11,None,342,137,10,kingdom,1.0,0.4,0.0,0.0,0.0,0.43,0.17,True,0,0,0,0
6554,92.69,4.06,Gradient Boost (General Model),11,None,3857,3225,50,phylum,0.8,0.67,0.05,0.2,0.52,0.5,0.33,True,22,5,4,5
6557,14.36,0.99,Neural Network (Specific Model),11,None,359,338,3,kingdom,1.0,0.94,0.0,0.0,0.0,0.59,0.55,True,7,1,1,1
656,39.81,0.8,Gradient Boost (General Model),11,None,1175,1088,41,genus,0.84,0.78,0.74,0.05,0.1,0.78,0.61,False,10,0,0,0
6565,100.0,111.67,Gradient Boost (General Model),11,None,13658,12083,269,phylum,0.81,0.72,0.05,0.06,0.13,0.56,0.4,True,22,11,10,10
6580,94.63,38.47,Gradient Boost (General Model),11,None,6604,5349,159,phylum,0.78,0.63,0.1,0.08,0.17,0.54,0.34,True,23,4,3,3
6595,98.07,3.3,Gradient Boost (General Model),11,None,1983,1755,17,class,0.91,0.8,0.03,0.68,4.01,0.52,0.42,True,22,2,2,2
6611,12.22,0.03,Neural Network (Specific Model),11,None,596,548,26,class,0.9,0.82,0.21,0.09,0.19,0.62,0.51,True,8,0,0,0
6636,37.82,0.94,Neural Network (Specific Model),11,None,1692,1410,55,phylum,0.84,0.7,0.06,0.08,0.17,0.54,0.38,True,18,1,1,1
6642,10.14,0.0,Neural Network (Specific Model),11,None,815,673,34,order,0.53,0.44,0.15,0.75,6.64,0.55,0.24,True,3,1,0,0
6652,19.93,1.13,Neural Network (Specific Model),11,None,1118,1074,30,genus,0.79,0.76,0.19,0.08,0.17,0.82,0.63,True,8,1,1,1
6678,100.0,56.15,Gradient Boost (General Model),11,None,6112,5840,100,family,0.91,0.87,0.15,0.1,0.22,0.72,0.62,True,24,3,3,3
6683,95.93,1.79,Neural Network (Specific Model),11,None,2377,2221,1,kingdom,1.0,0.93,0.0,0.06,0.13,0.77,0.72,True,19,2,2,2
670,85.64,3.71,Gradient Boost (General Model),11,None,2350,2196,29,genus,0.61,0.57,0.07,0.27,0.74,0.64,0.36,True,22,2,2,2
6734,91.52,2.86,Gradient Boost (General Model),11,None,3220,2784,51,phylum,0.8,0.69,0.06,0.17,0.43,0.51,0.35,True,23,3,4,4
6754,8.1,0.01,Neural Network (Specific Model),11,None,321,302,9,class,0.84,0.79,0.17,0.13,0.31,0.65,0.52,True,0,0,0,0
6759,81.79,0.28,Neural Network (Specific Model),11,None,1985,1871,10,family,0.84,0.79,0.03,0.39,1.48,0.66,0.52,True,20,1,0,0
6777,87.3,6.9,Gradient Boost (General Model),11,None,2590,2319,37,phylum,0.83,0.75,0.09,0.06,0.13,0.56,0.42,True,17,1,1,1
683,26.62,0.35,Neural Network (Specific Model),11,None,1316,1107,56,order,0.51,0.43,0.1,0.72,6.07,0.54,0.23,True,13,0,0,0
6918,10.17,0.34,Neural Network (Specific Model),11,None,325,284,11,class,0.77,0.67,0.05,0.21,0.58,0.6,0.4,True,2,1,1,1
6937,27.85,1.14,Neural Network (Specific Model),11,None,949,872,27,genus,0.66,0.6,0.19,0.09,0.19,0.65,0.39,True,9,1,1,1
694,15.16,0.23,Neural Network (Specific Model),11,None,773,617,28,order,0.63,0.51,0.18,0.19,0.5,0.5,0.25,True,8,0,0,0
7089,75.15,7.39,Neural Network (Specific Model),11,None,2588,2548,33,order,0.96,0.95,0.14,0.06,0.13,0.94,0.89,True,20,2,1,2
711,64.43,2.5,Neural Network (Specific Model),11,None,1783,1661,50,phylum,0.96,0.9,0.17,0.17,0.41,0.67,0.6,True,18,1,1,1
7182,52.33,2.91,Gradient Boost (General Model),11,None,632,540,16,phylum,0.74,0.64,0.07,0.77,5.29,0.58,0.37,True,16,1,0,2
719,95.87,0.87,Gradient Boost (General Model),11,None,3232,2744,14,order,0.55,0.47,0.01,0.48,2.25,0.5,0.24,True,21,0,0,0
7192,11.45,0.01,Neural Network (Specific Model),11,None,562,511,17,genus,0.58,0.53,0.28,0.24,0.68,0.66,0.35,True,5,0,0,0
7293,98.32,2.11,Gradient Boost (General Model),11,None,2411,2269,18,genus,0.5,0.47,0.02,0.85,9.06,0.59,0.28,True,23,3,2,2
7325,98.31,15.94,Gradient Boost (General Model),11,None,4111,3948,5,class,0.91,0.87,0.3,0.03,0.05,0.78,0.68,True,24,2,2,2
7375,47.9,4.64,Gradient Boost (General Model),11,None,1046,896,33,family,0.74,0.64,0.08,0.38,1.36,0.56,0.35,True,12,0,0,0
7393,8.89,0.13,Neural Network (Specific Model),11,None,285,241,11,class,0.88,0.75,0.08,0.65,3.1,0.56,0.42,True,4,0,0,0
7458,4.88,0.4,Neural Network (Specific Model),11,None,466,287,11,kingdom,1.0,0.61,0.0,0.0,0.0,0.53,0.33,True,2,0,0,0
7485,83.54,7.02,Neural Network (Specific Model),11,None,2375,2337,49,kingdom,1.0,0.98,0.0,0.0,0.0,0.98,0.97,True,20,0,0,0
755,57.48,1.24,Neural Network (Specific Model),11,None,2616,2354,51,class,0.9,0.81,0.12,0.1,0.22,0.62,0.5,True,17,1,1,1
7651,12.32,0.33,Neural Network (Specific Model),11,None,571,382,18,phylum,0.93,0.62,0.01,0.07,0.14,0.5,0.31,True,1,0,0,0
7661,97.24,83.62,Gradient Boost (General Model),11,None,5588,4902,55,genus,0.55,0.48,0.17,0.07,0.14,0.61,0.29,True,24,6,6,4
77,82.61,1.47,Gradient Boost (General Model),11,None,1862,1530,51,class,0.74,0.61,0.09,0.32,1.06,0.51,0.31,True,20,2,1,1
787,96.36,1.95,Gradient Boost (General Model),11,None,1978,1757,25,class,0.92,0.82,0.01,0.6,2.02,0.55,0.45,True,22,1,2,2
788,97.95,5.22,Gradient Boost (General Model),11,None,2728,2557,14,phylum,0.84,0.79,0.04,0.1,0.23,0.54,0.43,True,23,4,4,4
789,91.67,0.88,Gradient Boost (General Model),11,None,2316,2110,10,phylum,0.78,0.71,0.02,0.51,2.54,0.54,0.38,True,22,2,2,2
7915,14.24,0.26,Neural Network (Specific Model),11,None,422,404,1,kingdom,0.98,0.94,0.0,0.0,0.0,0.55,0.52,True,4,0,0,0
792,88.85,2.33,Gradient Boost (General Model),11,None,1864,1717,6,kingdom,1.0,0.92,0.01,0.04,0.08,0.49,0.45,True,22,1,1,1
793,97.11,3.35,Neural Network (Specific Model),11,None,1933,1859,14,kingdom,1.0,0.96,0.14,0.03,0.06,0.95,0.92,True,20,0,2,0
800,88.29,3.21,Gradient Boost (General Model),11,None,626,536,4,class,0.61,0.53,0.01,0.64,4.77,0.52,0.27,True,19,2,0,2
802,57.74,1.86,Gradient Boost (General Model),11,None,1811,1638,51,phylum,0.83,0.75,0.09,0.05,0.11,0.56,0.42,True,18,0,0,0
8060,96.59,21.55,Gradient Boost (General Model),11,None,4194,3679,90,phylum,0.87,0.76,0.24,0.05,0.1,0.57,0.44,True,22,3,3,3
811,96.38,1.15,Gradient Boost (General Model),11,None,3098,2933,18,family,0.82,0.77,0.05,0.16,0.4,0.72,0.56,True,22,2,2,2
8174,13.8,1.13,Neural Network (Specific Model),11,None,508,467,45,family,0.71,0.66,0.25,0.65,4.86,0.75,0.49,True,1,0,0,0
8262,5.94,0.0,Neural Network (Specific Model),11,None,217,211,1,kingdom,1.0,0.97,0.0,0.0,0.0,0.74,0.72,True,7,1,1,1
8287,14.89,0.44,Neural Network (Specific Model),11,None,886,810,24,class,0.95,0.87,0.23,0.09,0.2,0.68,0.59,True,4,0,0,0
8307,33.15,0.19,Neural Network (Specific Model),11,None,697,652,15,class,0.96,0.9,0.11,0.09,0.2,0.63,0.56,True,18,0,0,0
8393,7.59,0.01,Neural Network (Specific Model),11,None,434,284,18,class,0.75,0.49,0.1,0.62,4.15,0.51,0.25,True,6,0,0,0
840,92.92,18.92,Gradient Boost (General Model),11,None,2808,2601,45,phylum,0.94,0.87,0.08,0.15,0.35,0.63,0.55,True,22,2,2,2
8406,11.42,0.29,Neural Network (Specific Model),11,None,509,462,7,phylum,0.92,0.84,0.09,0.08,0.18,0.55,0.46,True,11,1,1,2
8409,13.23,0.76,Neural Network (Specific Model),11,None,776,727,24,genus,0.54,0.51,0.12,0.59,2.14,0.64,0.32,True,5,1,1,1
8471,99.51,38.43,Neural Network (Specific Model),11,None,5091,4904,54,order,0.93,0.9,0.08,0.24,0.6,0.73,0.66,True,21,2,2,2
850,98.27,1.22,Neural Network (Specific Model),11,None,2941,2652,42,phylum,0.88,0.79,0.05,0.13,0.3,0.59,0.47,True,23,1,1,1
8527,11.14,8.77,Neural Network (Specific Model),11,None,369,346,15,genus,0.77,0.72,0.22,0.38,1.44,0.69,0.5,True,4,0,0,0
8630,96.86,12.29,Gradient Boost (General Model),11,None,2076,1945,26,genus,0.68,0.64,0.26,0.04,0.09,0.65,0.41,True,21,2,2,2
8686,23.06,1.24,Neural Network (Specific Model),11,None,988,932,37,order,0.92,0.87,0.35,0.15,0.33,0.72,0.62,True,13,0,0,0
8728,5.79,0.06,Neural Network (Specific Model),11,None,250,206,9,kingdom,1.0,0.82,0.17,0.04,0.08,0.53,0.43,True,4,1,1,1
9125,88.6,5.77,Gradient Boost (General Model),11,None,1216,1052,15,genus,0.64,0.56,0.03,0.77,5.52,0.51,0.28,True,18,2,0,2
916,72.61,2.68,Gradient Boost (General Model),11,None,2030,1858,63,genus,0.85,0.78,0.12,0.36,1.18,0.67,0.52,True,18,3,0,2
98,83.37,8.16,Gradient Boost (General Model),11,None,6231,4818,134,class,0.58,0.45,0.09,0.77,7.5,0.5,0.22,True,21,1,1,1
9838,96.62,0.06,Gradient Boost (General Model),11,None,1645,1558,1,kingdom,1.0,0.95,0.0,0.06,0.13,0.86,0.81,True,21,1,1,1
9853,4.75,0.0,Neural Network (Specific Model),11,None,279,228,12,family,0.64,0.52,0.16,0.59,3.23,0.59,0.3,True,6,0,0,0
9907,17.65,3.78,Neural Network (Specific Model),11,None,1352,1047,54,order,0.61,0.47,0.22,0.67,3.82,0.54,0.26,True,4,0,0,0
