,Completeness,Contamination,Completeness_Model_Used,Translation_Table_Used,Additional_Notes,n_genes_called,n_genes_mapped,n_contigs,taxonomic_level,proportion_genes_retained_in_major_clades,genes_retained_index,clade_separation_score,contamination_portion,n_effective_surplus_clades,mean_hit_identity,reference_representation_score,pass.GUNC,tRNA,16S,5S,23S
bin.0,99.99,0.29,Neural Network (Specific Model),11,None,2570,2529,2,family,0.97,0.96,0.02,0.05,0.11,0.97,0.93,True,2,5,0,5
bin.1,100.0,0.05,Neural Network (Specific Model),11,None,4348,4150,4,genus,0.93,0.89,0.06,0.06,0.14,0.93,0.82,True,6,7,7,7
bin.10,99.83,0.41,Neural Network (Specific Model),11,None,2852,2570,4,order,0.92,0.83,0.01,0.04,0.08,0.68,0.57,True,21,4,4,4
bin.100,3.89,0.06,Neural Network (Specific Model),11,None,248,222,1,kingdom,1.0,0.9,0.0,0.0,0.0,0.86,0.77,True,0,0,0,0
bin.101,5.05,0.18,Neural Network (Specific Model),11,None,376,359,4,class,0.95,0.91,0.15,0.04,0.09,0.86,0.78,True,2,0,0,0
bin.102,60.48,6.91,Gradient Boost (General Model),11,None,1221,1180,37,genus,0.94,0.91,0.86,0.32,0.78,0.97,0.89,False,20,12,11,12
bin.103,56.63,21.13,Neural Network (Specific Model),11,None,3479,3347,63,genus,0.83,0.8,0.21,0.07,0.14,0.94,0.75,True,13,2,2,2
bin.104,18.25,2.18,Neural Network (Specific Model),11,None,542,533,5,kingdom,1.0,0.98,0.0,0.0,0.0,0.97,0.96,True,3,2,2,2
bin.105,13.79,6.55,Neural Network (Specific Model),11,None,591,589,9,family,0.97,0.97,0.07,0.03,0.07,0.98,0.95,True,5,0,0,0
bin.106,57.99,25.09,Gradient Boost (General Model),11,None,2708,2647,33,family,0.96,0.94,0.09,0.13,0.3,0.95,0.89,True,16,9,4,9
bin.107,10.57,0.0,Neural Network (Specific Model),11,None,315,311,7,family,0.98,0.97,0.17,0.28,0.72,0.96,0.92,True,3,0,0,0
bin.108,10.63,11.56,Neural Network (Specific Model),11,None,474,454,3,genus,0.9,0.86,0.07,0.05,0.1,0.97,0.84,True,0,0,0,0
bin.109,6.58,2.06,Neural Network (Specific Model),11,None,402,355,4,genus,0.75,0.67,0.12,0.12,0.28,0.9,0.6,True,4,0,0,0
bin.11,100.0,1.24,Neural Network (Specific Model),11,None,3322,3101,2,genus,0.78,0.73,0.05,0.03,0.07,0.95,0.7,True,24,6,6,6
bin.110,7.28,0.0,Neural Network (Specific Model),11,None,284,245,3,class,0.96,0.83,0.07,0.03,0.05,0.84,0.7,True,1,0,0,0
bin.12,99.96,0.33,Neural Network (Specific Model),11,None,3831,3705,3,genus,0.95,0.92,0.04,0.07,0.15,0.93,0.86,True,0,4,4,4
bin.13,100.0,0.32,Gradient Boost (General Model),11,None,2250,2198,1,kingdom,1.0,0.98,0.0,0.0,0.0,0.94,0.92,True,23,5,5,5
bin.14,99.96,0.44,Neural Network (Specific Model),11,None,2085,1965,1,kingdom,1.0,0.94,0.0,0.0,0.0,0.89,0.83,True,24,4,4,4
bin.15,99.51,0.74,Neural Network (Specific Model),11,None,2458,2398,1,kingdom,1.0,0.98,0.0,0.0,0.0,0.93,0.91,True,0,6,6,6
bin.16,99.98,0.5,Neural Network (Specific Model),11,None,2849,2757,1,kingdom,1.0,0.97,0.0,0.0,0.0,0.9,0.87,True,0,6,6,6
bin.17,98.06,0.83,Gradient Boost (General Model),11,None,2891,2704,1,kingdom,1.0,0.94,0.0,0.0,0.0,0.76,0.71,True,0,7,6,7
bin.18,100.0,0.5,Neural Network (Specific Model),11,None,3634,3511,3,family,0.93,0.9,0.01,0.14,0.32,0.94,0.85,True,0,7,7,7
bin.19,100.0,0.53,Neural Network (Specific Model),11,None,2449,2304,1,kingdom,1.0,0.94,0.0,0.0,0.0,0.92,0.87,True,0,6,6,6
bin.2,100.0,0.35,Neural Network (Specific Model),11,None,4223,4073,5,kingdom,1.0,0.96,0.0,0.0,0.0,0.96,0.92,True,0,7,7,7
bin.20,99.04,0.06,Gradient Boost (General Model),11,None,2295,2214,1,kingdom,1.0,0.96,0.0,0.0,0.0,0.93,0.89,True,22,4,0,4
bin.21,99.97,0.37,Neural Network (Specific Model),11,None,4409,4321,6,genus,0.96,0.94,0.14,0.06,0.14,0.97,0.91,True,0,5,5,5
bin.22,99.99,0.02,Neural Network (Specific Model),11,None,2312,2222,1,kingdom,1.0,0.96,0.0,0.0,0.0,0.96,0.92,True,23,7,7,7
bin.23,100.0,1.42,Neural Network (Specific Model),11,None,3274,3195,1,kingdom,1.0,0.98,0.0,0.0,0.0,0.95,0.93,True,22,4,0,4
bin.24,99.89,1.78,Neural Network (Specific Model),11,None,3005,2943,3,family,0.94,0.92,0.03,0.18,0.43,0.95,0.88,True,22,6,0,6
bin.25,99.99,0.25,Neural Network (Specific Model),11,None,3933,3845,6,family,0.96,0.94,0.04,0.05,0.11,0.96,0.9,True,21,5,5,5
bin.26,99.03,0.07,Gradient Boost (General Model),11,None,2919,2848,2,genus,0.79,0.77,0.02,0.14,0.34,0.94,0.72,True,23,6,5,6
bin.27,99.95,0.26,Neural Network (Specific Model),11,None,2836,2772,3,family,0.96,0.94,0.01,0.07,0.16,0.93,0.87,True,23,6,6,6
bin.28,99.99,0.54,Neural Network (Specific Model),11,None,3272,3169,2,kingdom,1.0,0.97,0.0,0.0,0.0,0.93,0.9,True,22,5,0,5
bin.29,99.99,0.1,Neural Network (Specific Model),11,None,2129,2032,1,kingdom,1.0,0.95,0.0,0.0,0.0,0.92,0.87,True,23,4,0,4
bin.3,99.93,0.19,Neural Network (Specific Model),11,None,2338,2192,1,kingdom,1.0,0.94,0.0,0.0,0.0,0.92,0.86,True,22,5,0,5
bin.30,96.06,0.74,Neural Network (Specific Model),11,None,2023,1967,18,kingdom,1.0,0.97,0.0,0.0,0.0,0.95,0.93,True,18,3,3,3
bin.31,99.99,0.44,Neural Network (Specific Model),11,None,1847,1773,4,kingdom,1.0,0.96,0.0,0.0,0.0,0.93,0.89,True,9,4,0,4
bin.32,99.66,0.02,Neural Network (Specific Model),11,None,2704,2569,4,genus,0.86,0.82,0.01,0.03,0.06,0.98,0.8,True,16,5,1,5
bin.33,100.0,5.82,Neural Network (Specific Model),11,None,4177,4084,5,genus,0.83,0.81,0.04,0.06,0.13,0.96,0.78,True,21,6,0,6
bin.34,99.87,0.88,Neural Network (Specific Model),11,None,3100,3007,8,kingdom,1.0,0.97,0.0,0.0,0.0,0.95,0.92,True,22,7,8,7
bin.35,96.23,1.05,Neural Network (Specific Model),11,None,3075,2961,13,family,0.95,0.92,0.11,0.11,0.25,0.95,0.87,True,24,5,0,5
bin.36,98.33,0.47,Gradient Boost (General Model),11,None,3015,2961,6,family,0.93,0.92,0.05,0.17,0.43,0.94,0.86,True,20,5,5,5
bin.37,87.79,0.93,Neural Network (Specific Model),11,None,2837,2781,14,genus,0.86,0.84,0.03,0.16,0.39,0.85,0.72,True,17,5,1,5
bin.38,95.18,1.03,Gradient Boost (General Model),11,None,2954,2888,11,family,0.95,0.93,0.04,0.09,0.19,0.96,0.89,True,9,6,0,6
bin.39,88.54,0.28,Neural Network (Specific Model),11,None,2563,2452,6,genus,0.73,0.7,0.05,0.55,2.1,0.77,0.54,True,20,1,1,1
bin.4,99.79,0.11,Neural Network (Specific Model),11,None,3043,2973,4,family,0.96,0.93,0.01,0.03,0.06,0.96,0.9,True,13,5,5,5
bin.40,78.84,2.06,Neural Network (Specific Model),11,None,2273,2193,30,family,0.95,0.91,0.15,0.11,0.24,0.94,0.86,True,18,3,3,3
bin.41,73.65,0.9,Neural Network (Specific Model),11,None,3219,3060,46,order,0.98,0.93,0.2,0.06,0.12,0.95,0.88,True,14,1,2,2
bin.42,72.61,0.12,Neural Network (Specific Model),11,None,2696,2598,37,family,0.96,0.92,0.13,0.02,0.05,0.93,0.86,True,18,3,0,3
bin.43,63.73,2.09,Neural Network (Specific Model),11,None,2723,2634,60,genus,0.86,0.83,0.18,0.1,0.22,0.96,0.8,True,10,7,7,7
bin.44,69.06,3.85,Neural Network (Specific Model),11,None,4113,3979,53,family,0.93,0.9,0.07,0.26,0.67,0.9,0.8,True,20,5,5,5
bin.45,49.86,0.3,Neural Network (Specific Model),11,None,1695,1652,4,genus,0.83,0.81,0.01,0.4,1.44,0.8,0.65,True,1,6,5,6
bin.46,51.86,0.03,Gradient Boost (General Model),11,None,1081,1045,26,family,0.95,0.92,0.11,0.03,0.06,0.94,0.86,True,14,3,0,3
bin.47,59.64,0.6,Gradient Boost (General Model),11,None,1913,1882,1,kingdom,1.0,0.98,0.0,0.0,0.0,0.93,0.92,True,21,4,4,4
bin.48,75.89,2.11,Neural Network (Specific Model),11,None,2681,2577,10,genus,0.88,0.84,0.04,0.47,1.97,0.8,0.67,True,7,5,5,5
bin.49,43.93,0.45,Gradient Boost (General Model),11,None,1524,1491,2,kingdom,1.0,0.98,0.0,0.0,0.0,0.85,0.83,True,0,3,1,3
bin.5,100.0,0.9,Neural Network (Specific Model),11,None,3833,3715,1,kingdom,1.0,0.97,0.0,0.0,0.0,0.92,0.89,True,22,6,0,6
bin.50,66.29,0.0,Neural Network (Specific Model),11,None,1973,1935,3,family,0.94,0.92,0.03,0.09,0.19,0.9,0.83,True,9,0,0,0
bin.51,62.32,4.92,Neural Network (Specific Model),11,None,2591,2496,39,genus,0.9,0.87,0.13,0.08,0.19,0.96,0.83,True,12,5,2,5
bin.52,37.25,1.92,Neural Network (Specific Model),11,None,1677,1660,52,genus,0.95,0.94,0.04,0.12,0.27,0.99,0.93,True,16,2,4,3
bin.53,50.96,7.13,Gradient Boost (General Model),11,None,1745,1682,60,family,0.92,0.89,0.2,0.06,0.14,0.9,0.8,True,15,2,2,2
bin.54,31.24,0.05,Neural Network (Specific Model),11,None,1135,1112,1,kingdom,1.0,0.98,0.0,0.0,0.0,0.93,0.91,True,14,1,1,1
bin.55,15.59,0.06,Neural Network (Specific Model),11,None,452,444,1,kingdom,1.0,0.98,0.0,0.0,0.0,0.93,0.92,True,9,1,0,1
bin.56,23.76,0.04,Neural Network (Specific Model),11,None,1174,1109,4,class,0.95,0.9,0.18,0.02,0.05,0.87,0.78,True,0,0,0,0
bin.57,36.8,2.81,Neural Network (Specific Model),11,None,1104,1058,1,kingdom,1.0,0.96,0.0,0.0,0.0,0.78,0.75,True,10,5,5,5
bin.58,49.97,2.22,Neural Network (Specific Model),11,None,1929,1866,45,class,0.99,0.96,0.17,0.03,0.06,0.94,0.9,True,10,2,2,2
bin.59,26.61,0.19,Neural Network (Specific Model),11,None,862,848,2,kingdom,1.0,0.98,0.0,0.0,0.0,0.95,0.93,True,1,0,0,0
bin.6,100.0,1.71,Neural Network (Specific Model),11,None,4219,4055,3,kingdom,1.0,0.96,0.0,0.0,0.0,0.91,0.87,True,0,7,8,7
bin.60,8.51,0.0,Neural Network (Specific Model),11,None,255,249,1,kingdom,1.0,0.98,0.0,0.0,0.0,0.86,0.84,True,4,1,1,1
bin.61,89.57,7.48,Neural Network (Specific Model),11,None,2222,2188,33,genus,0.93,0.92,0.05,0.54,1.76,0.86,0.79,True,21,7,8,7
bin.62,11.3,0.0,Neural Network (Specific Model),11,None,457,442,14,family,0.97,0.94,0.06,0.03,0.06,0.97,0.91,True,5,0,0,0
bin.63,21.14,0.0,Neural Network (Specific Model),11,None,695,683,1,kingdom,1.0,0.98,0.0,0.0,0.0,0.95,0.94,True,13,3,3,3
bin.64,30.26,0.8,Neural Network (Specific Model),11,None,1235,1198,25,genus,0.82,0.8,0.33,0.07,0.16,0.95,0.76,True,13,4,0,4
bin.65,12.98,0.01,Neural Network (Specific Model),11,None,327,326,3,kingdom,1.0,1.0,0.0,0.0,0.0,0.97,0.96,True,0,0,0,0
bin.66,31.61,1.13,Neural Network (Specific Model),11,None,1889,1833,47,genus,0.81,0.79,0.25,0.29,0.78,0.9,0.71,True,14,1,0,2
bin.67,20.59,0.19,Neural Network (Specific Model),11,None,560,509,17,family,0.85,0.77,0.06,0.6,2.74,0.63,0.49,True,12,1,1,2
bin.68,12.55,0.0,Neural Network (Specific Model),11,None,330,322,1,kingdom,1.0,0.98,0.0,0.0,0.0,0.97,0.94,True,0,0,0,0
bin.69,35.11,6.98,Neural Network (Specific Model),11,None,1120,1093,7,family,0.95,0.93,0.04,0.05,0.1,0.96,0.89,True,11,2,2,2
bin.7,100.0,0.92,Neural Network (Specific Model),11,None,5070,5027,1,kingdom,1.0,0.99,0.0,0.0,0.0,0.98,0.97,True,0,8,9,8
bin.70,25.57,0.23,Neural Network (Specific Model),11,None,1423,1386,34,kingdom,1.0,0.97,0.0,0.0,0.0,0.97,0.95,True,4,0,0,0
bin.71,11.47,0.0,Neural Network (Specific Model),11,None,298,293,1,kingdom,1.0,0.98,0.0,0.0,0.0,0.98,0.96,True,1,0,0,0
bin.72,29.61,0.67,Neural Network (Specific Model),11,None,1248,1168,6,class,0.98,0.91,0.06,0.04,0.08,0.89,0.81,True,6,0,0,0
bin.73,13.58,0.39,Neural Network (Specific Model),11,None,487,476,2,class,0.97,0.94,0.09,0.02,0.04,0.93,0.88,True,5,1,1,1
bin.74,7.71,0.0,Neural Network (Specific Model),11,None,246,242,2,family,0.97,0.95,0.02,0.02,0.04,0.97,0.92,True,5,0,0,0
bin.75,12.54,0.18,Neural Network (Specific Model),11,None,435,425,2,genus,0.79,0.77,0.06,0.17,0.43,0.95,0.73,True,2,3,1,3
bin.76,15.98,0.0,Neural Network (Specific Model),11,None,421,399,1,kingdom,1.0,0.95,0.0,0.0,0.0,0.92,0.87,True,0,2,1,2
bin.77,16.18,0.01,Neural Network (Specific Model),11,None,408,400,1,kingdom,1.0,0.98,0.0,0.0,0.0,0.93,0.91,True,0,2,1,2
bin.78,15.1,0.01,Neural Network (Specific Model),11,None,519,502,2,kingdom,1.0,0.97,0.0,0.0,0.0,0.8,0.77,True,0,0,0,0
bin.79,20.61,0.0,Neural Network (Specific Model),11,None,648,629,12,class,0.98,0.95,0.09,0.04,0.08,0.82,0.78,True,7,0,0,0
bin.8,99.94,0.37,Neural Network (Specific Model),11,None,4952,4679,3,family,0.96,0.91,0.01,0.04,0.1,0.89,0.81,True,0,5,5,5
bin.80,8.11,0.05,Neural Network (Specific Model),11,None,479,454,13,phylum,0.99,0.94,1.0,0.19,0.46,0.92,0.86,False,2,0,0,0
bin.81,7.33,0.02,Neural Network (Specific Model),11,None,239,219,1,kingdom,1.0,0.92,0.0,0.0,0.0,0.88,0.8,True,3,0,0,0
bin.82,6.28,0.0,Neural Network (Specific Model),11,None,248,244,1,kingdom,1.0,0.98,0.0,0.0,0.0,0.85,0.84,True,0,0,0,0
bin.83,10.38,0.0,Neural Network (Specific Model),11,None,437,423,1,kingdom,1.0,0.97,0.0,0.0,0.0,0.9,0.87,True,0,1,1,1
bin.84,10.73,0.0,Neural Network (Specific Model),11,None,291,284,4,family,0.96,0.94,0.03,0.02,0.04,0.97,0.92,True,0,0,0,0
bin.85,10.94,0.03,Neural Network (Specific Model),11,None,310,299,12,class,0.97,0.94,0.18,0.02,0.05,0.76,0.71,True,0,0,0,0
bin.86,9.42,0.0,Neural Network (Specific Model),11,None,310,299,2,genus,0.89,0.85,0.02,0.07,0.15,0.96,0.82,True,0,0,0,0
bin.87,8.57,0.01,Neural Network (Specific Model),11,None,346,338,1,kingdom,1.0,0.98,0.0,0.0,0.0,0.81,0.79,True,7,2,2,2
bin.88,10.04,0.89,Neural Network (Specific Model),11,None,470,458,2,genus,0.81,0.79,0.01,0.09,0.21,0.96,0.77,True,5,1,0,1
bin.89,9.68,0.01,Neural Network (Specific Model),11,None,288,280,4,genus,0.87,0.85,0.05,0.56,2.89,0.79,0.67,True,0,0,0,0
bin.9,99.95,0.69,Neural Network (Specific Model),11,None,5116,5026,3,kingdom,1.0,0.98,0.0,0.0,0.0,0.94,0.92,True,0,4,4,4
bin.90,24.33,6.01,Neural Network (Specific Model),11,None,1538,1435,15,genus,0.73,0.68,0.18,0.73,5.48,0.89,0.6,True,1,0,0,0
bin.91,8.96,1.01,Neural Network (Specific Model),11,None,570,547,13,genus,0.68,0.65,0.29,0.87,11.76,0.89,0.58,True,4,0,0,0
bin.92,7.47,0.0,Neural Network (Specific Model),11,None,227,216,1,kingdom,1.0,0.95,0.0,0.0,0.0,0.92,0.87,True,2,0,0,0
bin.93,40.03,4.85,Neural Network (Specific Model),11,None,1470,1427,16,kingdom,1.0,0.97,0.0,0.0,0.0,0.92,0.9,True,19,4,0,4
bin.94,26.25,6.27,Neural Network (Specific Model),11,None,1120,1098,19,kingdom,1.0,0.98,0.0,0.0,0.0,0.95,0.93,True,14,1,0,1
bin.95,11.17,0.07,Neural Network (Specific Model),11,None,331,327,9,genus,0.84,0.83,0.15,0.18,0.46,0.96,0.8,True,3,1,0,0
bin.96,42.67,9.26,Neural Network (Specific Model),11,None,3504,3374,100,class,0.96,0.92,0.77,0.06,0.13,0.89,0.83,False,17,4,2,5
bin.97,6.09,0.0,Neural Network (Specific Model),11,None,328,231,1,kingdom,1.0,0.7,0.0,0.0,0.0,0.8,0.57,True,0,2,2,2
bin.98,9.3,0.02,Neural Network (Specific Model),11,None,240,237,1,kingdom,1.0,0.99,0.0,0.0,0.0,0.94,0.93,True,0,0,0,0
bin.99,8.23,0.14,Neural Network (Specific Model),11,None,337,327,13,kingdom,1.0,0.97,0.0,0.0,0.0,0.96,0.93,True,4,0,0,0
