,Completeness,Contamination,Completeness_Model_Used,Translation_Table_Used,Additional_Notes,n_genes_called,n_genes_mapped,n_contigs,taxonomic_level,proportion_genes_retained_in_major_clades,genes_retained_index,clade_separation_score,contamination_portion,n_effective_surplus_clades,mean_hit_identity,reference_representation_score,pass.GUNC,tRNA,16S,5S,23S
bin.0,99.93,0.19,Neural Network (Specific Model),11,None,2376,2228,1,kingdom,1.0,0.94,0.0,0.0,0.0,0.92,0.86,True,22,5,0,5
bin.1,99.99,0.24,Neural Network (Specific Model),11,None,2595,2553,2,genus,0.91,0.9,0.03,0.09,0.19,0.97,0.87,True,22,5,0,5
bin.10,100.0,0.59,Neural Network (Specific Model),11,None,3574,3452,6,genus,0.92,0.89,0.02,0.19,0.47,0.94,0.84,True,23,7,7,7
bin.11,97.3,0.56,Neural Network (Specific Model),11,None,2394,2338,4,kingdom,1.0,0.98,0.0,0.0,0.0,0.93,0.91,True,22,6,6,6
bin.12,100.0,1.31,Gradient Boost (General Model),11,None,2964,2659,5,class,0.94,0.84,0.01,0.05,0.1,0.68,0.57,True,21,4,4,4
bin.13,99.89,1.58,Neural Network (Specific Model),11,None,2114,1984,2,kingdom,1.0,0.94,0.0,0.0,0.0,0.88,0.83,True,24,4,4,4
bin.14,98.59,0.05,Gradient Boost (General Model),11,None,2284,2196,2,family,0.95,0.91,0.02,0.11,0.25,0.94,0.85,True,22,4,0,4
bin.15,99.98,0.08,Neural Network (Specific Model),11,None,4539,4336,3,family,0.95,0.9,0.01,0.08,0.17,0.93,0.84,True,22,7,7,7
bin.16,99.98,0.98,Neural Network (Specific Model),11,None,4124,4022,5,genus,0.92,0.9,0.05,0.03,0.06,0.96,0.87,True,23,5,5,5
bin.17,100.0,0.02,Neural Network (Specific Model),11,None,2322,2231,1,kingdom,1.0,0.96,0.0,0.0,0.0,0.95,0.92,True,23,7,7,7
bin.18,97.5,0.93,Gradient Boost (General Model),11,None,2739,2543,3,class,0.95,0.89,0.01,0.02,0.05,0.76,0.67,True,22,7,6,7
bin.19,99.86,3.48,Neural Network (Specific Model),11,None,3578,3469,20,class,0.98,0.95,0.02,0.02,0.05,0.8,0.76,True,22,6,5,6
bin.2,99.99,0.52,Neural Network (Specific Model),11,None,4882,4612,4,family,0.96,0.9,0.01,0.05,0.1,0.89,0.81,True,23,5,5,5
bin.20,99.96,0.32,Neural Network (Specific Model),11,None,2883,2781,6,genus,0.83,0.8,0.17,0.03,0.06,0.95,0.76,True,23,6,6,6
bin.21,99.94,2.46,Neural Network (Specific Model),11,None,3981,3851,5,genus,0.95,0.92,0.04,0.07,0.16,0.93,0.85,True,23,4,4,4
bin.22,96.76,1.9,Neural Network (Specific Model),11,None,5545,5418,2,kingdom,1.0,0.98,0.0,0.0,0.0,0.93,0.91,True,22,4,4,4
bin.23,98.08,0.0,Gradient Boost (General Model),11,None,2800,2726,3,family,0.95,0.92,0.02,0.25,0.65,0.92,0.85,True,23,6,5,6
bin.24,99.64,0.66,Neural Network (Specific Model),11,None,2730,2588,7,family,0.96,0.91,0.03,0.1,0.22,0.96,0.87,True,22,5,1,5
bin.25,98.66,3.0,Gradient Boost (General Model),11,None,3449,3342,11,genus,0.87,0.84,0.09,0.03,0.06,0.97,0.81,True,23,7,4,7
bin.26,96.28,0.01,Gradient Boost (General Model),11,None,2491,2450,3,family,0.94,0.92,0.02,0.13,0.31,0.94,0.87,True,23,5,5,5
bin.27,99.61,1.09,Neural Network (Specific Model),11,None,3245,3148,4,genus,0.84,0.82,0.08,0.1,0.21,0.96,0.78,True,22,5,0,5
bin.28,99.94,1.63,Neural Network (Specific Model),11,None,2201,2096,5,kingdom,1.0,0.95,0.0,0.0,0.0,0.91,0.87,True,23,4,0,4
bin.29,96.0,5.9,Neural Network (Specific Model),11,None,5306,5115,2,kingdom,1.0,0.96,0.0,0.0,0.0,0.93,0.89,True,22,7,1,7
bin.3,100.0,0.32,Gradient Boost (General Model),11,None,2252,2199,1,kingdom,1.0,0.98,0.0,0.0,0.0,0.94,0.92,True,23,5,5,5
bin.30,94.29,2.33,Neural Network (Specific Model),11,None,3268,3194,8,genus,0.9,0.88,0.19,0.12,0.27,0.96,0.84,True,22,6,0,6
bin.31,97.64,13.58,Gradient Boost (General Model),11,None,4317,4155,22,family,0.93,0.9,0.2,0.15,0.36,0.93,0.84,True,23,6,6,6
bin.32,80.19,4.64,Neural Network (Specific Model),11,None,4368,4219,1,kingdom,1.0,0.97,0.0,0.0,0.0,0.94,0.91,True,24,7,8,7
bin.33,77.04,1.59,Neural Network (Specific Model),11,None,2813,2740,3,genus,0.86,0.84,0.05,0.06,0.13,0.96,0.81,True,21,4,0,4
bin.34,99.98,24.62,Neural Network (Specific Model),11,None,11342,10500,258,class,0.96,0.89,0.97,0.34,0.82,0.89,0.79,False,24,1,1,1
bin.35,78.52,4.65,Gradient Boost (General Model),11,None,5665,5197,101,genus,0.8,0.73,0.39,0.28,0.83,0.91,0.67,True,22,9,7,9
bin.36,74.21,2.89,Gradient Boost (General Model),11,None,5005,4698,12,family,0.95,0.89,0.08,0.02,0.05,0.93,0.83,True,23,4,0,4
bin.37,78.12,2.36,Gradient Boost (General Model),11,None,4255,4148,18,family,0.95,0.93,0.05,0.26,0.69,0.89,0.82,True,22,4,4,4
bin.38,81.68,4.11,Gradient Boost (General Model),11,None,3560,3378,3,genus,0.88,0.84,0.11,0.02,0.05,0.94,0.79,True,22,5,2,5
bin.39,84.39,5.39,Gradient Boost (General Model),11,None,4587,4350,9,genus,0.87,0.83,0.07,0.06,0.14,0.94,0.78,True,22,5,5,5
bin.4,100.0,0.53,Neural Network (Specific Model),11,None,2467,2318,1,kingdom,1.0,0.94,0.0,0.0,0.0,0.92,0.86,True,23,6,6,6
bin.40,67.87,6.38,Neural Network (Specific Model),11,None,4309,4106,46,genus,0.8,0.76,0.23,0.19,0.47,0.89,0.68,True,19,1,0,1
bin.41,88.33,0.53,Neural Network (Specific Model),11,None,4717,4625,28,genus,0.94,0.92,0.01,0.14,0.31,0.99,0.91,True,21,3,2,3
bin.42,66.91,0.97,Neural Network (Specific Model),11,None,1507,1405,20,kingdom,1.0,0.93,0.0,0.0,0.0,0.91,0.85,True,18,3,0,3
bin.43,94.92,0.15,Neural Network (Specific Model),11,None,3946,3853,13,genus,0.96,0.94,0.3,0.04,0.07,0.97,0.91,True,22,3,3,3
bin.44,67.25,4.2,Gradient Boost (General Model),11,None,5356,5077,5,kingdom,1.0,0.95,0.0,0.0,0.0,0.9,0.85,True,23,6,6,6
bin.45,64.42,5.15,Gradient Boost (General Model),11,None,3077,2915,34,class,0.98,0.93,0.1,0.05,0.1,0.92,0.86,True,21,4,4,4
bin.46,52.52,0.18,Gradient Boost (General Model),11,None,2217,2075,45,family,0.93,0.87,0.24,0.13,0.31,0.91,0.79,True,17,1,1,1
bin.47,64.69,6.0,Gradient Boost (General Model),4,None,3760,3407,58,family,0.94,0.85,0.13,0.1,0.22,0.84,0.72,True,22,7,1,6
bin.48,50.12,5.03,Gradient Boost (General Model),11,None,5416,5097,23,kingdom,1.0,0.94,0.0,0.0,0.0,0.94,0.88,True,23,5,5,5
bin.49,47.76,3.92,Gradient Boost (General Model),11,None,5251,5010,8,family,0.97,0.92,0.02,0.05,0.11,0.94,0.87,True,22,5,2,5
bin.5,95.56,0.94,Neural Network (Specific Model),11,None,3316,3230,3,family,0.94,0.91,0.02,0.03,0.07,0.96,0.88,True,22,5,5,5
bin.50,43.93,4.24,Gradient Boost (General Model),11,None,6374,5916,63,family,0.94,0.87,0.92,0.09,0.19,0.85,0.75,False,24,6,8,6
bin.51,34.0,4.56,Neural Network (Specific Model),11,None,2472,2310,3,genus,0.84,0.78,0.03,0.06,0.12,0.94,0.73,True,22,4,4,4
bin.52,41.32,1.69,Gradient Boost (General Model),11,None,4032,3794,14,kingdom,1.0,0.94,0.0,0.0,0.0,0.93,0.87,True,18,3,4,4
bin.53,39.72,2.29,Gradient Boost (General Model),11,None,2849,2758,28,kingdom,1.0,0.97,0.0,0.0,0.0,0.96,0.93,True,13,1,1,1
bin.54,42.49,9.7,Gradient Boost (General Model),11,None,3379,3241,1,kingdom,1.0,0.96,0.0,0.0,0.0,0.91,0.87,True,16,3,1,3
bin.55,36.1,5.69,Neural Network (Specific Model),11,None,3057,2830,62,genus,0.83,0.77,0.44,0.22,0.61,0.9,0.69,True,14,0,0,1
bin.56,17.84,0.02,Neural Network (Specific Model),4,None,682,619,12,kingdom,1.0,0.91,0.0,0.0,0.0,0.91,0.82,True,6,0,0,0
bin.57,27.34,1.6,Neural Network (Specific Model),11,None,1197,1130,36,genus,0.94,0.88,0.88,0.56,2.05,0.96,0.85,False,7,1,0,1
bin.58,20.22,0.68,Neural Network (Specific Model),11,None,1185,1083,34,genus,0.93,0.85,0.32,0.02,0.05,0.93,0.78,True,14,2,0,2
bin.59,32.65,3.21,Gradient Boost (General Model),4,Low confidence prediction - substantial (28%) disagreement between completeness prediction models,9590,8627,189,order,0.96,0.87,0.98,0.28,0.67,0.89,0.77,False,23,2,4,4
bin.6,99.97,1.87,Neural Network (Specific Model),11,None,4494,4310,2,family,0.92,0.88,0.01,0.12,0.26,0.93,0.82,True,22,7,8,7
bin.60,15.97,0.21,Neural Network (Specific Model),11,None,959,919,2,genus,0.86,0.83,0.07,0.35,1.15,0.9,0.75,True,11,1,1,1
bin.61,11.08,0.0,Neural Network (Specific Model),11,None,271,259,3,genus,0.9,0.86,0.31,0.59,2.18,0.94,0.81,True,8,1,0,1
bin.62,7.47,0.14,Neural Network (Specific Model),11,None,820,774,8,family,0.98,0.92,0.24,0.07,0.16,0.94,0.87,True,4,2,1,2
bin.63,4.75,0.01,Neural Network (Specific Model),11,None,381,298,18,class,0.95,0.74,0.98,0.21,0.5,0.79,0.59,False,1,0,0,0
bin.64,4.57,0.0,Neural Network (Specific Model),4,None,438,411,1,kingdom,1.0,0.94,0.0,0.0,0.0,0.94,0.88,True,1,0,0,0
bin.65,5.59,0.02,Neural Network (Specific Model),11,None,569,428,14,kingdom,1.0,0.75,0.0,0.0,0.0,0.79,0.59,True,6,0,0,0
bin.66,4.03,0.06,Neural Network (Specific Model),11,None,249,223,1,kingdom,1.0,0.9,0.0,0.0,0.0,0.86,0.77,True,0,0,0,0
bin.7,100.0,0.92,Neural Network (Specific Model),11,None,5100,5053,1,kingdom,1.0,0.99,0.0,0.0,0.0,0.98,0.97,True,24,8,9,8
bin.8,99.98,1.61,Neural Network (Specific Model),11,None,2909,2808,9,family,0.93,0.9,0.02,0.1,0.23,0.91,0.82,True,22,6,6,6
bin.9,100.0,2.29,Neural Network (Specific Model),11,None,3116,2967,8,family,0.89,0.85,0.06,0.18,0.45,0.77,0.66,True,22,5,5,5
