,Completeness,Contamination,Completeness_Model_Used,Translation_Table_Used,Additional_Notes,n_genes_called,n_genes_mapped,n_contigs,taxonomic_level,proportion_genes_retained_in_major_clades,genes_retained_index,clade_separation_score,contamination_portion,n_effective_surplus_clades,mean_hit_identity,reference_representation_score,pass.GUNC,tRNA,16S,5S,23S
Metabat2.1,8.0,0.18,Neural Network (Specific Model),11,None,332,114,2,kingdom,1.0,0.34,0.0,0.04,0.07,0.42,0.14,True,17,0,0,0
Metabat2.10,100.0,3.19,Gradient Boost (General Model),11,None,2790,2664,2,order,0.82,0.79,0.01,0.51,1.58,0.66,0.52,True,23,1,1,1
Metabat2.100,46.87,0.03,Neural Network (Specific Model),11,None,884,854,5,kingdom,0.99,0.96,0.0,0.0,0.0,0.83,0.8,True,13,1,1,1
Metabat2.101,79.95,1.93,Gradient Boost (General Model),11,None,2918,2445,84,kingdom,1.0,0.84,0.09,0.03,0.07,0.49,0.41,True,17,1,1,1
Metabat2.102,16.5,0.05,Neural Network (Specific Model),11,None,347,310,5,genus,0.67,0.6,0.13,0.08,0.18,0.7,0.42,True,5,0,0,0
Metabat2.103,14.5,0.22,Neural Network (Specific Model),11,None,408,386,18,family,0.9,0.85,0.11,0.12,0.27,0.67,0.56,True,5,0,0,0
Metabat2.104,80.69,1.68,Neural Network (Specific Model),11,None,2024,1904,7,phylum,0.97,0.92,0.1,0.04,0.08,0.65,0.6,True,17,1,2,2
Metabat2.105,56.96,0.95,Gradient Boost (General Model),11,None,2135,1765,78,phylum,0.79,0.66,0.16,0.11,0.25,0.54,0.36,True,19,1,1,1
Metabat2.106,64.45,3.18,Gradient Boost (General Model),11,None,1969,1841,50,kingdom,1.0,0.93,0.1,0.02,0.04,0.54,0.5,True,20,1,1,1
Metabat2.107,4.5,0.0,Neural Network (Specific Model),11,None,252,238,18,kingdom,1.0,0.94,1.0,0.03,0.06,0.74,0.69,False,0,0,0,0
Metabat2.108,81.14,23.06,Gradient Boost (General Model),11,None,4064,3557,178,genus,0.52,0.46,0.32,0.05,0.11,0.64,0.29,True,15,0,1,0
Metabat2.109,16.59,0.0,Neural Network (Specific Model),11,None,549,500,24,family,0.75,0.69,0.81,0.04,0.08,0.73,0.5,False,6,0,0,0
Metabat2.11,60.19,0.0,Gradient Boost (General Model),11,None,779,712,4,phylum,0.97,0.89,0.02,0.31,0.91,0.54,0.48,True,21,2,2,2
Metabat2.110,12.53,0.19,Neural Network (Specific Model),11,None,366,340,4,genus,0.51,0.47,0.1,0.48,2.07,0.72,0.34,True,6,0,0,0
Metabat2.111,19.34,0.02,Neural Network (Specific Model),11,None,878,786,39,phylum,0.95,0.85,0.62,0.22,0.56,0.68,0.58,False,4,0,0,0
Metabat2.112,76.3,0.14,Gradient Boost (General Model),11,None,557,442,4,phylum,0.82,0.65,0.01,0.53,2.03,0.5,0.32,True,15,0,0,0
Metabat2.113,75.22,0.81,Gradient Boost (General Model),11,None,1870,1795,24,genus,0.72,0.7,0.11,0.2,0.51,0.71,0.49,True,18,2,3,2
Metabat2.114,14.98,0.0,Neural Network (Specific Model),11,None,282,260,11,phylum,0.79,0.73,0.14,0.41,1.63,0.5,0.37,True,3,0,0,0
Metabat2.115,66.39,0.65,Neural Network (Specific Model),11,None,1264,1218,41,genus,0.91,0.88,0.11,0.22,0.53,0.77,0.68,True,18,2,1,1
Metabat2.116,98.93,1.18,Neural Network (Specific Model),11,None,3823,3404,32,phylum,0.87,0.77,0.02,0.19,0.51,0.56,0.44,True,23,2,1,1
Metabat2.117,93.7,72.54,Gradient Boost (General Model),11,None,7157,6664,210,genus,0.63,0.59,0.27,0.12,0.29,0.71,0.42,True,24,6,5,5
Metabat2.118,82.74,0.45,Gradient Boost (General Model),11,None,1715,1554,48,phylum,0.92,0.83,0.09,0.06,0.13,0.56,0.47,True,18,1,1,1
Metabat2.119,30.9,0.21,Neural Network (Specific Model),11,None,450,379,26,genus,0.65,0.55,0.09,0.76,5.55,0.54,0.29,True,6,0,0,1
Metabat2.12,100.0,0.17,Gradient Boost (General Model),11,None,1655,1544,2,kingdom,1.0,0.93,0.0,0.0,0.0,0.6,0.56,True,22,2,2,2
Metabat2.120,92.64,4.94,Gradient Boost (General Model),11,None,3153,2742,64,family,0.79,0.68,0.05,0.71,4.69,0.55,0.38,True,21,3,2,3
Metabat2.121,70.94,0.49,Neural Network (Specific Model),11,None,1617,1481,58,phylum,0.93,0.85,0.17,0.09,0.19,0.58,0.5,True,14,2,2,2
Metabat2.122,10.22,0.0,Neural Network (Specific Model),11,None,519,385,21,class,0.86,0.64,0.14,0.19,0.45,0.64,0.41,True,1,0,0,0
Metabat2.123,93.58,1.65,Gradient Boost (General Model),11,None,2396,2146,45,phylum,0.8,0.72,0.05,0.48,2.27,0.52,0.37,True,22,2,1,1
Metabat2.124,53.86,1.9,Gradient Boost (General Model),11,None,1223,1164,53,family,0.86,0.82,0.39,0.06,0.12,0.78,0.64,True,7,1,0,1
Metabat2.125,66.86,7.53,Gradient Boost (General Model),11,None,1449,1364,32,genus,0.65,0.61,0.51,0.04,0.09,0.63,0.39,False,20,2,2,2
Metabat2.126,69.31,1.27,Gradient Boost (General Model),11,None,1749,1644,31,family,0.8,0.75,0.09,0.2,0.55,0.66,0.49,True,19,1,0,0
Metabat2.127,84.99,1.09,Neural Network (Specific Model),11,None,1891,1778,64,phylum,0.98,0.92,0.16,0.03,0.07,0.59,0.55,True,22,2,2,2
Metabat2.128,53.57,0.24,Gradient Boost (General Model),11,None,1071,968,34,kingdom,1.0,0.9,0.09,0.03,0.06,0.53,0.48,True,18,3,1,1
Metabat2.129,29.34,1.18,Neural Network (Specific Model),11,None,1433,1092,85,order,0.56,0.43,0.09,0.74,5.66,0.49,0.21,True,10,0,0,0
Metabat2.13,7.54,0.05,Neural Network (Specific Model),11,None,251,222,16,class,0.91,0.81,0.14,0.27,0.7,0.57,0.46,True,1,0,0,0
Metabat2.130,66.01,1.15,Gradient Boost (General Model),11,None,1709,1445,69,phylum,0.94,0.79,0.1,0.2,0.51,0.51,0.4,True,13,1,1,1
Metabat2.131,15.2,0.47,Neural Network (Specific Model),11,None,551,469,16,kingdom,1.0,0.85,0.11,0.03,0.06,0.59,0.5,True,6,3,1,3
Metabat2.132,87.26,1.4,Gradient Boost (General Model),11,None,2918,2799,4,order,0.87,0.84,0.01,0.08,0.18,0.77,0.64,True,22,1,1,1
Metabat2.133,27.54,6.6,Neural Network (Specific Model),11,None,600,563,7,phylum,0.94,0.88,0.51,0.02,0.05,0.65,0.57,False,7,0,0,0
Metabat2.134,70.13,0.33,Gradient Boost (General Model),11,None,1521,1404,45,family,0.72,0.67,0.13,0.23,0.66,0.58,0.39,True,17,2,1,1
Metabat2.135,74.51,13.8,Gradient Boost (General Model),11,None,1224,1040,69,phylum,0.93,0.79,0.32,0.33,0.83,0.55,0.43,True,18,1,1,1
Metabat2.136,15.82,1.12,Neural Network (Specific Model),11,None,759,615,16,kingdom,1.0,0.81,0.06,0.03,0.06,0.57,0.47,True,1,0,0,0
Metabat2.137,21.47,2.85,Neural Network (Specific Model),11,None,580,523,26,order,0.86,0.77,0.11,0.02,0.05,0.57,0.44,True,8,0,0,0
Metabat2.138,85.12,1.0,Gradient Boost (General Model),11,None,1459,1350,36,genus,0.81,0.75,0.19,0.16,0.4,0.65,0.49,True,14,0,0,0
Metabat2.139,59.13,2.64,Gradient Boost (General Model),11,None,1803,1590,92,phylum,0.94,0.83,0.78,0.05,0.11,0.62,0.51,False,10,1,0,0
Metabat2.14,7.84,0.0,Neural Network (Specific Model),11,None,339,324,16,genus,0.91,0.87,0.55,0.33,1.05,0.94,0.82,False,3,0,0,0
Metabat2.140,7.63,0.08,Neural Network (Specific Model),11,None,260,230,12,phylum,0.91,0.81,0.47,0.31,0.83,0.63,0.51,False,3,0,0,0
Metabat2.141,84.27,1.76,Gradient Boost (General Model),11,None,2092,2026,51,kingdom,1.0,0.97,0.0,0.0,0.0,0.84,0.81,True,18,4,2,2
Metabat2.142,19.1,0.02,Neural Network (Specific Model),11,None,475,453,26,order,0.94,0.89,0.19,0.2,0.48,0.68,0.61,True,9,0,0,0
Metabat2.143,95.82,4.1,Gradient Boost (General Model),11,None,2259,2140,18,phylum,0.93,0.88,0.1,0.24,0.66,0.6,0.53,True,22,2,2,2
Metabat2.144,90.68,1.47,Gradient Boost (General Model),11,None,2273,2111,36,order,0.88,0.82,0.05,0.51,1.61,0.57,0.47,True,21,2,3,3
Metabat2.145,69.48,29.1,Gradient Boost (General Model),11,None,5518,4984,227,phylum,0.93,0.84,0.71,0.02,0.05,0.67,0.57,False,24,1,2,1
Metabat2.146,82.87,1.86,Neural Network (Specific Model),11,None,2038,1907,26,phylum,0.96,0.89,0.11,0.15,0.34,0.65,0.58,True,18,3,4,3
Metabat2.147,9.79,0.01,Neural Network (Specific Model),11,None,294,242,25,genus,0.63,0.52,0.2,0.48,2.09,0.58,0.3,True,7,0,0,0
Metabat2.148,97.14,1.75,Gradient Boost (General Model),11,None,2222,2088,1,kingdom,1.0,0.94,0.0,0.0,0.0,0.57,0.53,True,23,1,0,1
Metabat2.149,9.11,0.21,Neural Network (Specific Model),11,None,650,453,11,family,0.7,0.49,0.02,0.64,4.25,0.57,0.28,True,4,0,0,0
Metabat2.15,82.02,0.11,Gradient Boost (General Model),11,None,1659,1605,5,genus,0.61,0.59,0.05,0.13,0.31,0.65,0.38,True,22,3,3,3
Metabat2.150,42.82,1.34,Gradient Boost (General Model),11,None,1456,1347,41,family,0.78,0.72,0.07,0.49,2.39,0.6,0.43,True,16,0,1,0
Metabat2.151,93.93,2.71,Gradient Boost (General Model),11,None,1066,921,7,genus,0.62,0.53,0.02,0.49,1.91,0.51,0.27,True,16,1,1,1
Metabat2.152,11.31,0.0,Neural Network (Specific Model),11,None,560,420,34,class,0.54,0.4,0.13,0.71,5.52,0.52,0.21,True,2,0,0,0
Metabat2.153,72.37,0.0,Gradient Boost (General Model),11,None,1009,920,36,phylum,0.94,0.86,0.03,0.11,0.24,0.53,0.46,True,19,2,2,1
Metabat2.154,83.06,3.97,Neural Network (Specific Model),11,None,1747,1670,14,phylum,0.98,0.94,0.31,0.03,0.06,0.92,0.86,True,21,2,2,2
Metabat2.155,25.67,1.04,Neural Network (Specific Model),11,None,1426,1161,77,kingdom,1.0,0.81,0.12,0.03,0.06,0.49,0.4,True,7,0,0,0
Metabat2.156,83.78,0.02,Neural Network (Specific Model),11,None,1923,1898,29,kingdom,1.0,0.99,0.0,0.0,0.0,0.99,0.97,True,20,1,1,1
Metabat2.157,75.22,0.76,Neural Network (Specific Model),11,None,1343,1312,63,class,0.98,0.96,0.23,0.04,0.08,0.98,0.94,True,15,1,1,1
Metabat2.158,27.54,0.75,Neural Network (Specific Model),11,None,881,830,52,genus,0.73,0.68,0.21,0.26,0.76,0.64,0.44,True,11,1,1,1
Metabat2.159,5.63,0.01,Neural Network (Specific Model),11,None,202,188,17,phylum,0.94,0.88,0.65,0.08,0.17,0.71,0.62,False,1,0,0,0
Metabat2.16,78.97,1.23,Gradient Boost (General Model),11,None,1398,1308,5,order,0.82,0.77,0.03,0.6,2.32,0.56,0.43,True,21,1,1,1
Metabat2.160,4.34,0.03,Neural Network (Specific Model),11,None,221,141,7,kingdom,1.0,0.64,0.01,0.02,0.04,0.49,0.31,True,0,0,0,0
Metabat2.161,77.47,3.45,Gradient Boost (General Model),11,None,1507,1418,46,family,0.77,0.73,0.24,0.16,0.41,0.64,0.47,True,21,2,2,2
Metabat2.162,18.85,0.01,Neural Network (Specific Model),11,None,474,359,27,phylum,0.75,0.57,0.1,0.35,1.22,0.49,0.28,True,8,1,1,1
Metabat2.163,33.12,0.02,Neural Network (Specific Model),11,None,755,696,4,kingdom,0.99,0.92,0.0,0.0,0.0,0.55,0.5,True,7,1,1,1
Metabat2.164,5.83,0.03,Neural Network (Specific Model),11,None,273,205,19,phylum,0.84,0.63,0.64,0.56,2.07,0.71,0.45,False,0,0,0,0
Metabat2.165,8.16,0.0,Neural Network (Specific Model),11,None,207,195,14,phylum,0.97,0.91,0.38,0.04,0.09,0.61,0.56,True,2,0,0,0
Metabat2.166,16.18,0.01,Neural Network (Specific Model),11,None,337,323,1,kingdom,1.0,0.96,0.0,0.09,0.2,0.66,0.63,True,8,0,0,0
Metabat2.167,37.97,0.03,Neural Network (Specific Model),11,None,604,535,3,family,0.82,0.73,0.01,0.4,1.08,0.54,0.39,True,8,0,0,0
Metabat2.168,61.93,2.09,Gradient Boost (General Model),11,None,1180,884,52,phylum,0.95,0.71,0.39,0.24,0.67,0.52,0.37,True,19,0,1,1
Metabat2.169,11.78,0.0,Neural Network (Specific Model),11,None,243,237,1,kingdom,1.0,0.98,0.0,0.0,0.0,0.81,0.79,True,7,0,0,0
Metabat2.17,9.71,0.0,Neural Network (Specific Model),11,None,249,246,10,kingdom,1.0,0.99,0.0,0.0,0.0,0.95,0.94,True,1,1,1,1
Metabat2.170,74.6,3.58,Gradient Boost (General Model),11,None,1737,1512,73,genus,0.52,0.46,0.05,0.29,0.84,0.55,0.25,True,17,1,1,1
Metabat2.171,13.29,0.7,Neural Network (Specific Model),11,None,560,524,25,order,0.87,0.82,0.33,0.21,0.53,0.74,0.61,True,1,0,0,0
Metabat2.172,44.57,0.46,Gradient Boost (General Model),11,None,1221,1121,41,genus,0.68,0.63,0.2,0.04,0.07,0.6,0.38,True,10,0,0,0
Metabat2.173,82.84,6.79,Gradient Boost (General Model),11,None,1681,1501,64,genus,0.65,0.58,0.12,0.7,4.07,0.55,0.32,True,23,1,0,1
Metabat2.174,42.32,3.01,Gradient Boost (General Model),11,None,1232,1101,13,phylum,0.82,0.74,0.05,0.09,0.21,0.56,0.41,True,17,1,1,1
Metabat2.175,73.63,34.19,Gradient Boost (General Model),11,None,2999,2796,81,genus,0.55,0.51,0.19,0.36,1.31,0.62,0.32,True,20,1,3,1
Metabat2.176,17.21,0.0,Neural Network (Specific Model),11,None,352,337,12,family,0.88,0.85,0.06,0.31,0.98,0.66,0.56,True,10,1,2,1
Metabat2.177,87.35,3.2,Neural Network (Specific Model),11,None,2832,2660,51,order,0.92,0.87,0.1,0.24,0.67,0.72,0.62,True,18,3,1,3
Metabat2.178,23.58,0.06,Neural Network (Specific Model),11,None,839,713,41,class,0.69,0.59,0.12,0.34,1.09,0.52,0.3,True,8,0,0,0
Metabat2.179,8.0,0.07,Neural Network (Specific Model),11,None,260,211,28,class,0.67,0.54,0.05,0.78,6.57,0.5,0.27,True,2,0,1,0
Metabat2.18,5.6,0.01,Neural Network (Specific Model),11,None,369,311,8,phylum,0.9,0.76,0.06,0.04,0.08,0.59,0.44,True,0,0,0,0
Metabat2.180,9.32,0.08,Neural Network (Specific Model),11,None,288,273,18,order,0.95,0.9,0.45,0.12,0.29,0.65,0.59,False,7,0,0,0
Metabat2.181,90.43,0.71,Gradient Boost (General Model),11,None,1879,1789,15,genus,0.44,0.42,0.03,0.61,3.13,0.59,0.25,True,16,1,0,0
Metabat2.182,95.59,39.9,Gradient Boost (General Model),11,None,5453,5095,160,phylum,0.92,0.86,0.24,0.03,0.07,0.58,0.5,True,22,1,1,1
Metabat2.183,12.72,0.34,Neural Network (Specific Model),11,None,700,584,26,family,0.56,0.47,0.11,0.75,5.58,0.58,0.27,True,10,0,0,0
Metabat2.184,15.93,0.17,Neural Network (Specific Model),11,None,451,423,12,order,0.76,0.71,0.16,0.25,0.72,0.62,0.44,True,10,1,1,1
Metabat2.185,9.46,0.77,Neural Network (Specific Model),11,None,265,250,13,phylum,0.95,0.9,0.08,0.04,0.08,0.66,0.59,True,8,0,0,0
Metabat2.186,8.54,0.05,Neural Network (Specific Model),11,None,361,283,29,phylum,0.87,0.68,0.11,0.76,6.5,0.49,0.34,True,0,0,0,0
Metabat2.187,8.79,0.22,Neural Network (Specific Model),11,None,503,472,16,genus,0.5,0.47,0.39,0.72,5.49,0.74,0.35,True,1,0,0,0
Metabat2.188,7.35,0.0,Neural Network (Specific Model),11,None,330,300,18,genus,0.78,0.71,0.22,0.33,1.06,0.91,0.65,True,0,0,0,0
Metabat2.189,98.61,2.73,Gradient Boost (General Model),11,None,3061,2893,12,family,0.76,0.72,0.04,0.12,0.28,0.66,0.47,True,20,1,1,1
Metabat2.19,31.19,0.04,Neural Network (Specific Model),11,None,839,797,7,phylum,0.97,0.92,0.17,0.02,0.05,0.8,0.74,True,8,0,0,0
Metabat2.190,27.47,1.45,Neural Network (Specific Model),11,None,1441,1189,89,family,0.49,0.41,0.12,0.78,5.59,0.53,0.21,True,14,0,0,0
Metabat2.191,5.95,0.01,Neural Network (Specific Model),11,None,226,192,11,phylum,0.93,0.79,0.15,0.15,0.36,0.56,0.44,True,4,0,0,0
Metabat2.192,12.04,0.05,Neural Network (Specific Model),11,None,420,393,16,family,0.9,0.85,0.02,0.35,1.04,0.65,0.55,True,0,0,0,0
Metabat2.193,22.54,1.21,Neural Network (Specific Model),11,None,648,571,28,order,0.57,0.51,0.11,0.59,3.48,0.55,0.28,True,5,1,1,1
Metabat2.194,57.53,1.45,Gradient Boost (General Model),11,None,1330,1270,54,family,0.8,0.77,0.22,0.35,1.19,0.62,0.47,True,23,2,2,2
Metabat2.195,53.6,0.98,Gradient Boost (General Model),11,None,1395,1301,8,genus,0.74,0.69,0.1,0.03,0.07,0.68,0.47,True,14,1,0,1
Metabat2.196,98.69,1.6,Gradient Boost (General Model),11,None,1888,1828,10,class,0.94,0.91,0.06,0.04,0.09,0.95,0.87,True,22,2,0,2
Metabat2.197,13.69,0.0,Neural Network (Specific Model),11,None,271,236,9,class,0.78,0.68,0.07,0.65,4.16,0.5,0.34,True,1,0,0,0
Metabat2.198,50.27,1.39,Gradient Boost (General Model),11,None,754,673,9,phylum,0.7,0.63,0.02,0.74,5.25,0.5,0.31,True,17,1,1,1
Metabat2.199,25.49,0.03,Neural Network (Specific Model),11,None,551,501,3,kingdom,1.0,0.91,0.0,0.0,0.0,0.51,0.46,True,5,0,0,0
Metabat2.2,6.8,0.0,Neural Network (Specific Model),11,None,233,220,1,kingdom,1.0,0.94,0.0,0.06,0.13,0.57,0.54,True,3,0,0,0
Metabat2.20,94.41,1.66,Gradient Boost (General Model),11,None,2319,2059,3,phylum,0.87,0.77,0.01,0.35,1.0,0.5,0.39,True,22,3,3,3
Metabat2.200,94.86,0.69,Gradient Boost (General Model),11,None,2188,1849,10,kingdom,0.99,0.84,0.0,0.0,0.0,0.52,0.44,True,21,1,0,1
Metabat2.201,92.31,6.53,Gradient Boost (General Model),11,None,2679,2318,24,genus,0.59,0.51,0.15,0.09,0.21,0.61,0.31,True,21,2,3,3
Metabat2.202,96.38,2.17,Gradient Boost (General Model),11,None,1464,1305,2,kingdom,1.0,0.89,0.0,0.0,0.0,0.52,0.46,True,22,2,2,2
Metabat2.203,17.7,0.0,Neural Network (Specific Model),11,None,379,364,6,class,0.91,0.87,0.19,0.46,1.65,0.61,0.54,True,2,0,0,0
Metabat2.204,16.95,0.01,Neural Network (Specific Model),11,None,388,369,16,genus,0.77,0.73,0.26,0.13,0.3,0.67,0.49,True,3,0,0,0
Metabat2.205,22.55,0.56,Neural Network (Specific Model),11,None,373,365,12,order,0.96,0.94,0.5,0.02,0.05,0.74,0.69,False,4,0,0,0
Metabat2.206,17.73,0.25,Neural Network (Specific Model),11,None,875,708,46,class,0.71,0.57,0.15,0.29,0.88,0.53,0.31,True,2,0,0,0
Metabat2.207,25.18,6.16,Neural Network (Specific Model),11,None,1775,1616,94,phylum,0.94,0.85,0.74,0.19,0.46,0.71,0.6,False,5,1,1,1
Metabat2.208,90.63,44.14,Gradient Boost (General Model),11,None,4406,3930,124,phylum,0.81,0.72,0.1,0.06,0.13,0.55,0.4,True,21,1,1,1
Metabat2.209,71.37,0.6,Gradient Boost (General Model),11,None,2065,1871,7,family,0.79,0.71,0.03,0.25,0.69,0.7,0.5,True,22,0,0,0
Metabat2.21,77.86,1.17,Gradient Boost (General Model),11,None,1839,1592,35,family,0.74,0.64,0.12,0.03,0.06,0.55,0.36,True,22,2,3,4
Metabat2.210,57.56,0.68,Neural Network (Specific Model),11,None,1197,1158,4,order,0.82,0.8,0.02,0.06,0.14,0.71,0.57,True,17,2,0,2
Metabat2.211,60.96,1.19,Neural Network (Specific Model),11,None,1209,1134,28,order,0.9,0.85,0.02,0.07,0.15,0.57,0.48,True,11,0,0,0
Metabat2.212,92.52,6.81,Gradient Boost (General Model),11,None,2443,2288,20,order,0.88,0.82,0.11,0.31,0.9,0.64,0.53,True,22,3,4,3
Metabat2.213,58.03,2.54,Gradient Boost (General Model),11,None,2495,2093,89,class,0.56,0.47,0.05,0.67,4.47,0.49,0.23,True,15,2,2,2
Metabat2.214,29.95,0.05,Neural Network (Specific Model),11,None,524,485,4,genus,0.68,0.63,0.27,0.13,0.29,0.66,0.41,True,10,0,0,0
Metabat2.215,7.88,6.63,Neural Network (Specific Model),11,None,230,227,8,phylum,0.98,0.97,0.48,0.08,0.16,0.74,0.71,False,3,0,0,0
Metabat2.216,6.27,0.0,Neural Network (Specific Model),11,None,295,267,9,phylum,0.92,0.83,0.06,0.36,1.01,0.57,0.48,True,7,0,0,0
Metabat2.217,40.21,0.96,Gradient Boost (General Model),11,None,932,875,7,order,0.85,0.8,0.07,0.24,0.66,0.58,0.47,True,13,1,1,1
Metabat2.218,7.69,0.08,Neural Network (Specific Model),11,None,243,208,9,phylum,0.95,0.81,0.28,0.34,0.94,0.57,0.47,True,6,0,0,0
Metabat2.219,19.53,0.04,Neural Network (Specific Model),11,None,486,411,4,class,0.91,0.77,0.04,0.7,4.03,0.52,0.4,True,5,0,0,0
Metabat2.22,59.23,6.77,Gradient Boost (General Model),11,None,2321,2177,107,phylum,0.94,0.88,0.83,0.03,0.06,0.79,0.69,False,14,0,0,0
Metabat2.220,52.79,0.03,Gradient Boost (General Model),11,None,903,822,5,class,0.85,0.77,0.03,0.14,0.33,0.54,0.42,True,9,0,0,0
Metabat2.221,5.8,0.0,Neural Network (Specific Model),11,None,227,182,2,order,0.82,0.66,0.01,0.59,1.85,0.56,0.37,True,5,0,0,0
Metabat2.222,88.11,0.34,Neural Network (Specific Model),11,None,1813,1709,3,phylum,0.98,0.92,0.01,0.02,0.05,0.62,0.57,True,22,2,2,2
Metabat2.223,42.69,0.01,Neural Network (Specific Model),11,None,553,512,2,phylum,0.97,0.9,0.01,0.2,0.47,0.56,0.5,True,22,2,0,2
Metabat2.224,20.46,0.69,Neural Network (Specific Model),11,None,459,443,5,kingdom,1.0,0.96,0.0,0.0,0.0,0.84,0.8,True,9,0,0,0
Metabat2.225,79.84,0.06,Neural Network (Specific Model),11,None,688,584,2,kingdom,0.99,0.84,0.0,0.0,0.0,0.54,0.45,True,19,1,0,1
Metabat2.226,7.93,0.0,Neural Network (Specific Model),11,None,225,214,4,family,0.84,0.8,0.19,0.09,0.19,0.91,0.72,True,0,0,0,0
Metabat2.227,96.01,0.11,Gradient Boost (General Model),11,None,2742,2525,2,kingdom,1.0,0.92,0.0,0.0,0.0,0.57,0.53,True,23,2,2,2
Metabat2.228,6.45,0.01,Neural Network (Specific Model),11,None,215,174,15,phylum,0.8,0.65,0.15,0.67,3.16,0.5,0.33,True,1,0,0,0
Metabat2.229,93.35,0.05,Gradient Boost (General Model),11,None,1665,1572,3,phylum,0.95,0.9,0.11,0.05,0.12,0.88,0.79,True,21,1,1,1
Metabat2.23,96.15,0.1,Gradient Boost (General Model),11,None,2905,2663,7,family,0.76,0.7,0.04,0.16,0.4,0.65,0.46,True,22,2,2,2
Metabat2.230,16.73,2.12,Neural Network (Specific Model),11,None,311,298,5,family,0.88,0.85,0.12,0.15,0.37,0.62,0.52,True,12,0,0,0
Metabat2.231,6.92,0.17,Neural Network (Specific Model),11,None,276,256,7,genus,0.54,0.5,0.26,0.82,7.75,0.71,0.36,True,2,0,0,0
Metabat2.232,95.44,0.01,Neural Network (Specific Model),11,None,1747,1723,6,phylum,0.97,0.96,0.04,0.05,0.09,0.77,0.74,True,23,2,2,2
Metabat2.233,16.54,0.01,Neural Network (Specific Model),11,None,267,256,2,order,0.9,0.86,0.01,0.09,0.21,0.65,0.56,True,6,0,0,0
Metabat2.234,11.99,5.26,Neural Network (Specific Model),11,None,594,566,18,class,0.95,0.91,0.67,0.03,0.06,0.95,0.86,False,7,1,1,1
Metabat2.235,7.45,0.01,Neural Network (Specific Model),11,None,191,167,7,genus,0.54,0.47,0.29,0.63,3.19,0.53,0.25,True,0,0,0,0
Metabat2.236,5.1,0.11,Neural Network (Specific Model),11,None,151,142,4,class,0.85,0.8,0.02,0.64,3.56,0.51,0.41,True,1,0,0,0
Metabat2.237,10.48,0.11,Neural Network (Specific Model),11,None,382,148,3,kingdom,1.0,0.39,0.0,0.03,0.07,0.42,0.16,True,18,0,0,0
Metabat2.238,88.92,1.18,Gradient Boost (General Model),11,None,2186,2043,2,kingdom,0.99,0.93,0.0,0.0,0.0,0.59,0.54,True,22,1,1,1
Metabat2.239,13.64,0.54,Neural Network (Specific Model),11,None,583,334,30,phylum,0.9,0.51,0.62,0.28,0.79,0.55,0.28,False,5,0,0,0
Metabat2.24,9.7,0.01,Neural Network (Specific Model),11,None,300,290,8,order,0.88,0.85,0.1,0.2,0.49,0.67,0.57,True,9,0,0,0
Metabat2.240,74.77,0.19,Gradient Boost (General Model),11,None,1756,1636,10,order,0.86,0.81,0.02,0.59,2.44,0.57,0.46,True,14,1,1,1
Metabat2.241,53.23,0.58,Neural Network (Specific Model),11,None,1550,1457,55,phylum,0.97,0.91,0.33,0.02,0.04,0.73,0.67,True,17,1,1,1
Metabat2.242,56.82,0.47,Gradient Boost (General Model),11,None,805,745,4,class,0.87,0.8,0.03,0.06,0.12,0.53,0.42,True,17,0,0,0
Metabat2.243,95.0,1.79,Gradient Boost (General Model),11,None,2532,2235,7,phylum,0.89,0.78,0.07,0.04,0.08,0.57,0.45,True,23,3,2,2
Metabat2.244,71.59,1.43,Gradient Boost (General Model),11,None,2302,1995,50,order,0.73,0.64,0.08,0.24,0.7,0.54,0.34,True,23,2,1,2
Metabat2.245,53.23,0.0,Gradient Boost (General Model),11,None,582,521,2,kingdom,1.0,0.89,0.0,0.0,0.0,0.51,0.46,True,21,2,2,2
Metabat2.246,87.23,4.37,Gradient Boost (General Model),11,None,3355,2726,123,order,0.54,0.44,0.09,0.5,2.41,0.51,0.23,True,21,1,0,1
Metabat2.247,15.63,0.12,Neural Network (Specific Model),11,None,204,185,3,order,0.57,0.51,0.01,0.73,6.96,0.48,0.24,True,3,0,0,0
Metabat2.248,14.27,0.02,Neural Network (Specific Model),11,None,653,504,42,class,0.74,0.57,0.08,0.75,5.39,0.48,0.28,True,6,0,0,0
Metabat2.249,89.68,2.73,Gradient Boost (General Model),11,None,2810,2718,41,kingdom,1.0,0.97,0.0,0.0,0.0,0.94,0.91,True,21,1,1,1
Metabat2.25,3.67,0.0,Neural Network (Specific Model),11,None,212,152,14,family,0.59,0.42,0.07,0.66,2.8,0.56,0.24,True,2,0,0,0
Metabat2.26,86.11,0.94,Gradient Boost (General Model),11,None,1380,1333,7,order,0.9,0.87,0.02,0.2,0.53,0.63,0.55,True,21,1,1,0
Metabat2.27,10.59,0.42,Neural Network (Specific Model),11,None,431,388,18,order,0.89,0.81,0.19,0.38,1.18,0.6,0.48,True,4,0,0,0
Metabat2.28,6.66,0.01,Neural Network (Specific Model),11,None,201,174,5,genus,0.47,0.4,0.29,0.38,1.46,0.56,0.23,True,4,1,0,0
Metabat2.29,16.84,0.05,Neural Network (Specific Model),11,None,604,541,32,order,0.85,0.76,0.08,0.37,1.07,0.63,0.48,True,5,0,0,0
Metabat2.3,9.06,0.1,Neural Network (Specific Model),11,None,246,231,1,kingdom,1.0,0.93,0.0,0.0,0.0,0.64,0.6,True,5,0,0,0
Metabat2.30,94.25,1.78,Gradient Boost (General Model),11,None,583,498,6,kingdom,0.98,0.84,0.0,0.0,0.0,0.51,0.43,True,20,2,0,1
Metabat2.31,8.85,1.76,Neural Network (Specific Model),11,None,338,305,12,class,0.83,0.75,0.06,0.13,0.31,0.57,0.43,True,3,0,0,0
Metabat2.32,26.76,0.16,Neural Network (Specific Model),11,None,834,807,5,kingdom,1.0,0.97,0.0,0.0,0.0,0.8,0.78,True,9,0,0,0
Metabat2.33,26.05,0.86,Neural Network (Specific Model),11,None,681,639,34,class,0.97,0.91,0.17,0.04,0.07,0.66,0.6,True,5,0,0,0
Metabat2.34,55.84,0.0,Gradient Boost (General Model),11,None,955,846,2,class,0.87,0.77,0.01,0.04,0.08,0.59,0.45,True,16,1,1,1
Metabat2.35,17.04,0.36,Neural Network (Specific Model),11,None,510,450,8,kingdom,1.0,0.88,0.03,0.03,0.07,0.53,0.47,True,7,1,1,1
Metabat2.36,10.21,0.0,Neural Network (Specific Model),11,None,417,384,4,family,0.64,0.59,0.1,0.18,0.47,0.6,0.35,True,0,0,0,0
Metabat2.37,99.96,0.97,Gradient Boost (General Model),11,None,2154,1972,12,order,0.87,0.8,0.02,0.42,1.62,0.54,0.43,True,23,5,3,4
Metabat2.38,28.5,0.48,Neural Network (Specific Model),11,None,740,692,1,kingdom,0.99,0.93,0.0,0.0,0.0,0.58,0.54,True,5,0,0,0
Metabat2.39,38.6,1.45,Neural Network (Specific Model),11,None,1329,1218,6,class,0.79,0.73,0.08,0.12,0.29,0.67,0.49,True,15,1,1,1
Metabat2.4,14.0,0.18,Neural Network (Specific Model),11,None,206,198,1,kingdom,1.0,0.96,0.0,0.0,0.0,0.55,0.53,True,3,0,0,0
Metabat2.40,91.4,1.35,Gradient Boost (General Model),11,None,1355,1215,13,class,0.92,0.82,0.03,0.72,4.16,0.51,0.42,True,21,2,2,2
Metabat2.41,14.87,0.0,Neural Network (Specific Model),11,None,376,333,4,phylum,0.92,0.81,0.06,0.38,1.11,0.51,0.41,True,3,0,0,0
Metabat2.42,35.07,3.99,Neural Network (Specific Model),11,None,1703,1413,94,phylum,0.83,0.69,0.12,0.21,0.57,0.5,0.35,True,10,2,1,2
Metabat2.43,5.89,0.0,Neural Network (Specific Model),11,None,361,296,27,class,0.73,0.6,0.04,0.71,6.45,0.48,0.29,True,2,0,0,0
Metabat2.44,73.43,1.15,Gradient Boost (General Model),11,None,1534,1412,37,class,0.91,0.84,0.08,0.06,0.12,0.59,0.49,True,19,2,2,2
Metabat2.45,77.03,0.2,Gradient Boost (General Model),11,None,1418,1362,11,class,0.94,0.9,0.04,0.28,0.74,0.59,0.53,True,10,2,2,2
Metabat2.46,9.87,0.0,Neural Network (Specific Model),11,None,538,422,26,class,0.64,0.5,0.06,0.79,5.69,0.51,0.26,True,6,1,0,0
Metabat2.47,93.72,1.37,Gradient Boost (General Model),11,None,2264,2150,12,class,0.92,0.87,0.05,0.05,0.1,0.62,0.54,True,23,3,4,4
Metabat2.48,8.87,0.01,Neural Network (Specific Model),11,None,253,236,17,family,0.93,0.87,0.12,0.31,0.8,0.66,0.57,True,2,1,0,1
Metabat2.49,24.83,0.04,Neural Network (Specific Model),11,None,527,461,4,class,0.89,0.78,0.01,0.61,3.29,0.51,0.4,True,6,0,0,0
Metabat2.5,97.63,0.0,Neural Network (Specific Model),11,None,1912,1825,1,kingdom,1.0,0.95,0.0,0.0,0.0,0.65,0.62,True,22,1,1,1
Metabat2.50,74.32,0.01,Gradient Boost (General Model),11,None,1558,1451,8,class,0.94,0.88,0.01,0.29,0.77,0.56,0.49,True,22,3,3,3
Metabat2.51,13.02,0.7,Neural Network (Specific Model),11,None,779,664,31,phylum,0.94,0.8,0.79,0.07,0.14,0.75,0.6,False,0,0,0,0
Metabat2.52,86.76,0.51,Gradient Boost (General Model),11,None,1944,1847,3,order,0.92,0.87,0.03,0.3,0.86,0.65,0.56,True,20,2,2,2
Metabat2.53,33.85,0.0,Neural Network (Specific Model),11,None,1042,977,11,class,0.92,0.86,0.05,0.21,0.54,0.62,0.53,True,19,1,1,1
Metabat2.54,89.48,5.28,Neural Network (Specific Model),11,None,2924,2802,48,phylum,0.97,0.93,0.14,0.03,0.07,0.69,0.64,True,21,2,2,2
Metabat2.55,7.13,0.0,Neural Network (Specific Model),11,None,281,244,12,phylum,0.96,0.83,0.9,0.19,0.44,0.61,0.51,False,1,0,0,0
Metabat2.56,9.69,0.04,Neural Network (Specific Model),11,None,268,249,2,genus,0.59,0.54,0.08,0.29,0.89,0.64,0.35,True,2,1,1,1
Metabat2.57,23.15,0.25,Neural Network (Specific Model),11,None,681,621,3,genus,0.63,0.57,0.04,0.18,0.48,0.67,0.39,True,10,1,1,1
Metabat2.58,96.73,0.12,Gradient Boost (General Model),11,None,623,544,1,kingdom,0.99,0.86,0.0,0.0,0.0,0.52,0.45,True,20,1,0,2
Metabat2.59,96.19,0.43,Gradient Boost (General Model),11,None,1173,1131,1,kingdom,1.0,0.96,0.0,0.0,0.0,0.59,0.57,True,21,1,1,1
Metabat2.6,8.34,0.08,Neural Network (Specific Model),11,None,202,167,2,kingdom,1.0,0.83,0.0,0.0,0.0,0.55,0.45,True,2,1,1,1
Metabat2.60,96.21,4.1,Gradient Boost (General Model),11,None,3189,3052,28,genus,0.65,0.62,0.18,0.13,0.31,0.78,0.49,True,21,4,4,4
Metabat2.61,44.41,0.7,Gradient Boost (General Model),11,None,1015,955,27,genus,0.55,0.52,0.05,0.55,3.11,0.58,0.3,True,15,1,1,1
Metabat2.62,7.82,0.01,Neural Network (Specific Model),11,None,299,265,11,genus,0.45,0.4,0.19,0.65,4.43,0.77,0.31,True,0,0,0,0
Metabat2.63,9.58,0.0,Neural Network (Specific Model),11,None,431,370,5,kingdom,1.0,0.86,0.06,0.02,0.04,0.57,0.49,True,1,0,0,0
Metabat2.64,13.39,0.01,Neural Network (Specific Model),11,None,331,322,2,genus,0.75,0.73,0.02,0.04,0.09,0.63,0.45,True,7,0,0,0
Metabat2.65,15.51,0.03,Neural Network (Specific Model),11,None,268,248,15,genus,0.55,0.51,0.12,0.34,1.14,0.54,0.27,True,2,0,0,0
Metabat2.66,54.86,1.38,Neural Network (Specific Model),11,None,2015,1837,87,class,0.86,0.78,0.08,0.1,0.23,0.56,0.44,True,13,2,1,1
Metabat2.67,10.29,0.01,Neural Network (Specific Model),11,None,361,341,6,genus,0.67,0.64,0.15,0.03,0.06,0.59,0.37,True,3,0,0,0
Metabat2.68,84.27,0.54,Gradient Boost (General Model),11,None,1356,1218,39,phylum,0.95,0.85,0.17,0.19,0.46,0.53,0.46,True,15,1,1,1
Metabat2.69,15.54,0.49,Neural Network (Specific Model),11,None,562,506,26,family,0.62,0.56,0.48,0.15,0.37,0.61,0.34,False,14,0,0,0
Metabat2.7,7.0,0.04,Neural Network (Specific Model),11,None,279,252,6,family,0.62,0.56,0.04,0.64,3.42,0.54,0.3,True,1,0,0,0
Metabat2.70,10.2,0.26,Neural Network (Specific Model),11,None,373,330,10,class,0.72,0.64,0.11,0.33,1.11,0.53,0.34,True,0,0,0,0
Metabat2.71,34.55,0.15,Neural Network (Specific Model),11,None,593,579,3,order,0.92,0.9,0.04,0.03,0.05,0.76,0.68,True,13,0,0,0
Metabat2.72,53.22,0.33,Neural Network (Specific Model),11,None,1740,1585,80,family,0.75,0.68,0.11,0.54,2.12,0.59,0.4,True,17,1,1,1
Metabat2.73,5.39,0.01,Neural Network (Specific Model),11,None,261,216,5,family,0.57,0.47,0.02,0.78,7.99,0.51,0.24,True,3,1,1,1
Metabat2.74,6.4,0.34,Neural Network (Specific Model),11,None,196,147,16,phylum,0.96,0.72,0.02,0.36,1.14,0.52,0.37,True,8,0,0,0
Metabat2.75,5.03,0.0,Neural Network (Specific Model),11,None,259,222,13,genus,0.56,0.48,0.56,0.54,1.86,0.7,0.33,False,0,0,0,0
Metabat2.76,96.06,1.87,Gradient Boost (General Model),11,None,3235,2669,39,phylum,0.77,0.63,0.01,0.72,5.23,0.45,0.29,True,23,1,1,1
Metabat2.77,8.36,0.22,Neural Network (Specific Model),11,None,305,268,9,kingdom,1.0,0.88,0.1,0.04,0.08,0.49,0.43,True,5,0,0,0
Metabat2.78,7.26,0.15,Neural Network (Specific Model),11,None,224,218,3,genus,0.84,0.82,0.28,0.81,7.37,0.92,0.76,True,0,0,0,0
Metabat2.79,71.3,0.6,Neural Network (Specific Model),11,None,1342,1251,1,kingdom,0.99,0.92,0.0,0.0,0.0,0.55,0.51,True,16,0,0,0
Metabat2.8,98.69,0.46,Neural Network (Specific Model),11,None,2390,2235,1,kingdom,1.0,0.94,0.0,0.06,0.13,0.77,0.72,True,19,2,2,2
Metabat2.80,7.38,0.31,Neural Network (Specific Model),11,None,275,252,10,family,0.73,0.67,0.17,0.77,7.27,0.72,0.48,True,0,0,0,0
Metabat2.81,31.17,0.17,Neural Network (Specific Model),11,None,816,762,2,phylum,0.91,0.85,0.01,0.13,0.3,0.59,0.5,True,14,1,1,1
Metabat2.82,94.82,0.71,Gradient Boost (General Model),11,None,1864,1714,14,class,0.82,0.75,0.03,0.14,0.35,0.56,0.42,True,22,2,2,2
Metabat2.83,75.14,2.23,Neural Network (Specific Model),11,None,1523,1361,33,phylum,0.91,0.81,0.05,0.13,0.31,0.56,0.45,True,20,1,1,1
Metabat2.84,9.53,0.17,Neural Network (Specific Model),11,None,214,208,3,order,0.96,0.93,0.08,0.49,1.69,0.69,0.64,True,5,0,0,0
Metabat2.85,9.23,0.13,Neural Network (Specific Model),11,None,340,295,22,kingdom,1.0,0.87,0.15,0.02,0.05,0.51,0.44,True,1,0,0,0
Metabat2.86,16.1,0.09,Neural Network (Specific Model),11,None,417,409,2,kingdom,1.0,0.98,0.0,0.0,0.0,0.56,0.55,True,14,1,1,1
Metabat2.87,50.9,0.05,Neural Network (Specific Model),11,None,1177,1029,61,genus,0.67,0.58,0.22,0.66,3.44,0.54,0.31,True,8,0,0,0
Metabat2.88,94.22,3.48,Gradient Boost (General Model),11,None,746,663,6,class,0.73,0.65,0.01,0.77,5.91,0.52,0.34,True,19,1,0,1
Metabat2.89,96.54,4.44,Gradient Boost (General Model),11,None,2583,2446,29,class,0.89,0.85,0.07,0.05,0.11,0.62,0.52,True,23,5,3,4
Metabat2.9,97.89,0.39,Neural Network (Specific Model),11,None,1691,1615,2,class,0.94,0.89,0.01,0.04,0.08,0.68,0.61,True,23,2,2,2
Metabat2.90,57.91,3.36,Gradient Boost (General Model),11,None,3259,2968,181,phylum,0.87,0.79,0.21,0.21,0.58,0.61,0.48,True,14,1,1,1
Metabat2.91,80.84,6.59,Gradient Boost (General Model),11,None,2289,1979,44,phylum,0.95,0.82,0.26,0.05,0.11,0.57,0.47,True,18,2,1,1
Metabat2.92,5.19,0.0,Neural Network (Specific Model),11,None,224,180,6,genus,0.55,0.44,0.12,0.45,2.04,0.66,0.29,True,3,1,1,1
Metabat2.93,97.48,0.49,Gradient Boost (General Model),11,None,651,591,1,kingdom,0.99,0.9,0.0,0.0,0.0,0.61,0.55,True,21,1,1,1
Metabat2.94,7.09,0.02,Neural Network (Specific Model),11,None,258,245,2,genus,0.7,0.67,0.5,0.05,0.11,0.72,0.48,False,12,1,1,1
Metabat2.95,94.93,1.64,Gradient Boost (General Model),11,None,3734,3212,1,kingdom,0.99,0.85,0.0,0.0,0.0,0.57,0.48,True,23,1,0,1
Metabat2.96,9.22,0.08,Neural Network (Specific Model),11,None,280,228,12,phylum,0.94,0.76,0.16,0.41,1.07,0.54,0.41,True,3,0,0,0
Metabat2.97,71.26,3.58,Neural Network (Specific Model),11,None,1995,1882,65,class,0.94,0.89,0.95,0.04,0.08,0.95,0.84,False,18,1,1,1
Metabat2.98,88.81,0.03,Neural Network (Specific Model),11,None,1748,1714,12,order,0.96,0.94,0.24,0.02,0.05,0.97,0.91,True,22,3,0,3
Metabat2.99,52.28,2.27,Neural Network (Specific Model),11,None,1670,1604,62,phylum,0.99,0.95,0.81,0.04,0.07,0.81,0.77,False,8,0,0,0
