,Completeness,Contamination,Completeness_Model_Used,Translation_Table_Used,Additional_Notes,n_genes_called,n_genes_mapped,n_contigs,taxonomic_level,proportion_genes_retained_in_major_clades,genes_retained_index,clade_separation_score,contamination_portion,n_effective_surplus_clades,mean_hit_identity,reference_representation_score,pass.GUNC,tRNA,16S,5S,23S
bin.0,61.74,12.11,Gradient Boost (General Model),11,None,4764,4379,159,class,0.91,0.84,0.25,0.04,0.08,0.69,0.57,True,22,2,3,2
bin.1,94.74,1.95,Gradient Boost (General Model),11,None,2855,2663,37,family,0.82,0.77,0.06,0.34,1.16,0.63,0.48,True,23,4,4,4
bin.101,17.54,0.01,Neural Network (Specific Model),11,None,344,312,32,genus,0.83,0.76,0.08,0.15,0.38,0.57,0.43,True,3,0,0,0
bin.1018,91.06,1.3,Neural Network (Specific Model),11,None,2051,1985,11,order,0.95,0.92,0.38,0.02,0.04,0.96,0.89,True,22,3,0,3
bin.105,12.9,0.6,Neural Network (Specific Model),11,None,498,445,5,phylum,0.92,0.83,0.51,0.31,0.94,0.66,0.54,False,3,1,0,1
bin.1050,93.9,0.96,Gradient Boost (General Model),11,None,2174,2059,1,kingdom,1.0,0.94,0.0,0.0,0.0,0.65,0.62,True,22,1,1,1
bin.107,32.64,5.43,Neural Network (Specific Model),11,None,1914,1715,121,genus,0.62,0.55,0.63,0.25,0.73,0.82,0.46,False,8,0,0,0
bin.1077,99.72,0.02,Gradient Boost (General Model),11,None,1246,1122,6,phylum,0.96,0.86,0.02,0.19,0.45,0.55,0.47,True,22,2,0,2
bin.109,61.98,5.91,Gradient Boost (General Model),11,None,3636,3235,150,phylum,0.94,0.84,0.51,0.1,0.23,0.69,0.58,False,22,1,1,1
bin.11,29.01,1.44,Neural Network (Specific Model),11,None,3159,1931,221,phylum,0.82,0.5,0.19,0.6,3.02,0.53,0.26,True,8,0,0,0
bin.111,58.51,8.47,Gradient Boost (General Model),11,None,4089,3444,213,phylum,0.91,0.77,0.36,0.07,0.15,0.64,0.49,True,17,3,4,3
bin.112,10.92,0.06,Neural Network (Specific Model),11,None,448,389,10,order,0.87,0.76,0.11,0.47,1.95,0.6,0.46,True,14,2,2,2
bin.113,11.15,0.0,Neural Network (Specific Model),11,None,707,509,61,phylum,0.77,0.55,0.18,0.29,0.91,0.55,0.31,True,2,0,0,0
bin.116,22.22,1.66,Neural Network (Specific Model),11,None,2091,1422,115,phylum,0.79,0.54,0.17,0.62,4.12,0.54,0.29,True,10,0,0,0
bin.1164,5.71,0.0,Neural Network (Specific Model),11,None,344,148,7,kingdom,1.0,0.43,0.09,0.03,0.06,0.51,0.22,True,19,0,0,0
bin.117,13.23,0.24,Neural Network (Specific Model),11,None,795,649,16,phylum,0.87,0.71,0.42,0.48,1.93,0.62,0.44,True,4,0,0,0
bin.118,4.5,0.11,Neural Network (Specific Model),11,None,246,218,19,phylum,0.9,0.8,0.69,0.07,0.14,0.69,0.55,False,3,0,0,0
bin.119,17.0,0.47,Neural Network (Specific Model),11,None,941,799,23,phylum,0.91,0.77,0.4,0.09,0.2,0.67,0.52,True,5,2,3,2
bin.12,20.03,0.12,Neural Network (Specific Model),11,None,1035,834,88,phylum,0.87,0.7,0.3,0.09,0.19,0.57,0.4,True,4,0,0,0
bin.121,9.98,0.0,Neural Network (Specific Model),11,None,526,457,41,genus,0.56,0.49,0.34,0.35,1.2,0.64,0.31,True,3,0,0,0
bin.122,8.26,0.0,Neural Network (Specific Model),11,None,638,466,21,kingdom,1.0,0.73,0.24,0.04,0.08,0.57,0.42,True,5,1,1,1
bin.123,26.79,1.71,Neural Network (Specific Model),11,None,1375,1187,76,phylum,0.94,0.81,0.54,0.07,0.16,0.6,0.49,False,7,0,0,0
bin.125,80.58,12.36,Gradient Boost (General Model),11,None,2421,2108,65,phylum,0.91,0.79,0.19,0.08,0.17,0.57,0.45,True,17,1,2,2
bin.129,40.15,10.31,Gradient Boost (General Model),11,None,5824,4195,344,kingdom,1.0,0.72,0.12,0.03,0.06,0.52,0.38,True,16,1,2,1
bin.13,25.36,1.53,Neural Network (Specific Model),11,None,1206,1011,70,kingdom,1.0,0.84,0.18,0.03,0.07,0.55,0.46,True,10,0,0,0
bin.130,10.08,0.71,Neural Network (Specific Model),11,None,807,665,46,class,0.8,0.66,0.08,0.13,0.29,0.59,0.39,True,13,0,0,0
bin.131,56.88,5.42,Gradient Boost (General Model),11,None,2752,2192,99,order,0.73,0.58,0.19,0.07,0.16,0.58,0.34,True,19,1,2,2
bin.134,63.11,6.48,Gradient Boost (General Model),11,None,3498,2853,195,phylum,0.92,0.75,0.33,0.05,0.11,0.56,0.42,True,13,0,1,0
bin.138,4.6,0.04,Neural Network (Specific Model),11,None,372,267,29,phylum,0.96,0.69,0.35,0.09,0.21,0.59,0.4,True,0,0,0,0
bin.139,20.06,0.61,Neural Network (Specific Model),11,None,1381,1152,86,phylum,0.86,0.72,0.22,0.07,0.15,0.58,0.42,True,14,1,1,1
bin.142,36.3,1.39,Neural Network (Specific Model),11,None,2144,1829,107,phylum,0.85,0.72,0.17,0.13,0.31,0.57,0.41,True,10,1,2,2
bin.144,7.83,0.09,Neural Network (Specific Model),11,None,534,469,46,phylum,0.91,0.8,0.63,0.08,0.18,0.68,0.54,False,2,0,0,0
bin.145,5.18,0.01,Neural Network (Specific Model),11,None,313,269,18,genus,0.55,0.48,0.51,0.74,6.26,0.79,0.38,False,2,0,0,0
bin.146,74.73,5.85,Gradient Boost (General Model),11,None,2542,2221,114,order,0.83,0.72,0.07,0.44,1.74,0.55,0.4,True,19,2,2,1
bin.148,61.28,5.01,Neural Network (Specific Model),11,None,1693,1550,126,kingdom,1.0,0.92,0.38,0.07,0.16,0.94,0.86,True,16,1,2,0
bin.150,22.19,4.07,Neural Network (Specific Model),11,None,1709,1504,91,phylum,0.94,0.83,0.69,0.1,0.24,0.66,0.54,False,16,0,0,0
bin.151,82.63,12.4,Gradient Boost (General Model),11,None,3287,2892,40,phylum,0.82,0.73,0.04,0.08,0.19,0.56,0.41,True,21,2,4,4
bin.1513,11.09,0.19,Neural Network (Specific Model),11,None,433,352,4,phylum,0.88,0.72,0.1,0.62,3.21,0.53,0.38,True,6,1,0,0
bin.153,63.19,20.94,Gradient Boost (General Model),11,None,4738,3993,217,phylum,0.83,0.7,0.12,0.12,0.27,0.57,0.4,True,20,0,0,0
bin.158,22.46,1.08,Neural Network (Specific Model),11,None,794,682,34,kingdom,1.0,0.86,0.09,0.03,0.07,0.54,0.46,True,13,0,0,0
bin.159,12.94,0.13,Neural Network (Specific Model),11,None,925,698,32,order,0.81,0.61,0.25,0.45,1.33,0.64,0.39,True,1,0,0,0
bin.16,28.65,4.67,Neural Network (Specific Model),11,None,1450,1110,98,phylum,0.93,0.71,0.37,0.28,0.77,0.56,0.4,True,18,2,0,2
bin.1608,6.84,0.04,Neural Network (Specific Model),11,None,308,227,7,phylum,0.96,0.7,0.03,0.18,0.46,0.52,0.37,True,3,0,0,0
bin.1610,95.03,10.09,Gradient Boost (General Model),11,None,2082,1936,17,genus,0.59,0.55,0.07,0.07,0.15,0.65,0.36,True,23,2,2,2
bin.1616,85.19,0.48,Neural Network (Specific Model),11,None,1839,1732,5,family,0.85,0.8,0.01,0.51,2.25,0.63,0.5,True,22,2,2,2
bin.1623,97.13,0.9,Gradient Boost (General Model),11,None,2171,2035,2,kingdom,1.0,0.94,0.0,0.0,0.0,0.57,0.53,True,23,1,0,1
bin.163,6.52,0.0,Neural Network (Specific Model),11,None,387,260,32,order,0.6,0.4,0.28,0.65,3.29,0.58,0.23,True,2,0,0,0
bin.166,99.83,0.22,Gradient Boost (General Model),11,None,2199,2109,10,order,0.93,0.89,0.07,0.08,0.18,0.63,0.57,True,22,3,3,3
bin.167,30.76,1.14,Neural Network (Specific Model),11,None,882,832,38,class,0.94,0.88,0.63,0.05,0.11,0.75,0.67,False,11,0,0,0
bin.1680,6.62,0.09,Neural Network (Specific Model),11,None,289,257,3,phylum,0.92,0.82,0.16,0.07,0.14,0.67,0.55,True,11,1,1,1
bin.169,39.9,1.74,Neural Network (Specific Model),11,None,1379,1145,81,phylum,0.92,0.77,0.16,0.05,0.1,0.58,0.44,True,11,0,0,0
bin.17,50.62,5.01,Gradient Boost (General Model),11,None,3583,3290,154,order,0.89,0.81,0.35,0.32,0.85,0.74,0.6,True,21,2,1,1
bin.170,14.11,0.26,Neural Network (Specific Model),11,None,926,783,31,phylum,0.89,0.75,0.46,0.27,0.78,0.62,0.46,False,8,0,0,0
bin.171,7.56,0.01,Neural Network (Specific Model),11,None,291,239,17,phylum,0.95,0.78,0.51,0.61,2.32,0.6,0.47,False,4,0,0,0
bin.172,5.51,0.0,Neural Network (Specific Model),11,None,333,250,15,phylum,0.84,0.63,0.47,0.73,4.01,0.63,0.39,False,2,1,0,1
bin.177,13.15,1.25,Neural Network (Specific Model),11,None,755,391,42,phylum,0.9,0.47,0.48,0.21,0.57,0.55,0.26,False,7,1,0,1
bin.178,91.58,1.79,Gradient Boost (General Model),11,None,3789,3263,9,phylum,0.84,0.73,0.02,0.29,0.9,0.58,0.42,True,23,1,0,1
bin.18,81.01,22.32,Gradient Boost (General Model),11,None,2463,2111,197,phylum,0.95,0.81,0.24,0.19,0.47,0.54,0.44,True,10,0,0,0
bin.180,41.77,15.03,Neural Network (Specific Model),11,None,1598,1291,67,genus,0.53,0.42,0.17,0.72,4.89,0.53,0.23,True,21,0,0,0
bin.181,15.29,0.08,Neural Network (Specific Model),11,None,673,618,32,family,0.82,0.75,0.11,0.29,0.88,0.66,0.5,True,7,0,0,0
bin.182,66.08,6.75,Gradient Boost (General Model),11,None,2792,2360,89,class,0.79,0.67,0.19,0.42,1.43,0.53,0.35,True,21,4,4,4
bin.1826,96.88,0.12,Gradient Boost (General Model),11,None,1162,1120,1,kingdom,1.0,0.96,0.0,0.0,0.0,0.59,0.57,True,21,1,1,1
bin.1834,100.0,12.9,Gradient Boost (General Model),11,None,2063,1929,6,class,0.93,0.87,0.01,0.17,0.43,0.62,0.54,True,22,2,2,2
bin.184,28.99,4.18,Neural Network (Specific Model),11,None,1280,1053,53,phylum,0.88,0.73,0.54,0.35,0.97,0.64,0.46,False,7,0,0,0
bin.1863,7.76,0.17,Neural Network (Specific Model),11,None,359,122,1,kingdom,1.0,0.34,0.0,0.04,0.09,0.42,0.14,True,17,0,0,0
bin.1875,97.78,1.56,Gradient Boost (General Model),11,None,2704,2492,2,kingdom,0.99,0.92,0.0,0.0,0.0,0.58,0.53,True,23,2,2,2
bin.188,10.94,0.09,Neural Network (Specific Model),11,None,435,261,31,kingdom,1.0,0.6,0.46,0.04,0.09,0.52,0.31,False,1,0,0,0
bin.19,64.43,4.89,Gradient Boost (General Model),11,None,3032,2494,91,family,0.67,0.55,0.19,0.17,0.42,0.61,0.34,True,22,3,2,3
bin.190,10.15,0.01,Neural Network (Specific Model),11,None,565,468,29,genus,0.56,0.46,0.38,0.53,2.54,0.77,0.35,True,6,0,0,0
bin.194,11.67,0.17,Neural Network (Specific Model),11,None,1083,764,78,phylum,0.85,0.6,0.36,0.67,3.26,0.56,0.33,True,6,1,0,1
bin.1953,94.53,2.78,Gradient Boost (General Model),11,None,1589,1397,3,order,0.86,0.76,0.05,0.14,0.34,0.53,0.4,True,22,2,2,2
bin.2,93.0,5.66,Neural Network (Specific Model),11,None,3030,2897,53,phylum,0.97,0.92,0.4,0.02,0.05,0.94,0.87,True,22,2,2,2
bin.203,86.72,17.97,Gradient Boost (General Model),11,None,1503,1168,66,class,0.56,0.44,0.35,0.74,5.34,0.56,0.24,True,21,1,0,1
bin.204,9.77,0.25,Neural Network (Specific Model),11,None,816,597,47,class,0.76,0.56,0.35,0.4,1.5,0.57,0.32,True,3,0,0,0
bin.205,13.78,0.08,Neural Network (Specific Model),11,None,721,512,68,kingdom,1.0,0.71,0.15,0.03,0.06,0.51,0.36,True,7,1,1,1
bin.206,43.46,3.06,Gradient Boost (General Model),11,None,1957,1542,89,order,0.79,0.62,0.28,0.05,0.1,0.59,0.37,True,17,1,1,1
bin.207,68.6,0.4,Gradient Boost (General Model),11,None,1110,797,40,order,0.67,0.48,0.21,0.56,2.76,0.52,0.25,True,20,1,0,1
bin.209,16.74,0.65,Neural Network (Specific Model),11,None,1150,1088,70,phylum,0.98,0.92,0.84,0.04,0.08,0.93,0.86,False,13,1,1,1
bin.21,14.38,0.31,Neural Network (Specific Model),11,None,940,555,80,phylum,0.83,0.49,0.59,0.32,0.91,0.54,0.27,False,6,0,0,0
bin.211,6.08,0.03,Neural Network (Specific Model),11,None,339,255,26,family,0.82,0.62,0.35,0.52,1.54,0.61,0.38,True,2,0,0,0
bin.212,69.83,1.0,Neural Network (Specific Model),11,None,1984,1889,63,order,0.93,0.89,0.29,0.05,0.1,0.77,0.69,True,23,2,2,2
bin.218,16.49,1.63,Neural Network (Specific Model),11,None,607,550,8,genus,0.55,0.5,0.37,0.39,1.19,0.66,0.33,True,4,2,2,2
bin.2187,95.9,0.92,Neural Network (Specific Model),11,None,2396,2245,1,kingdom,1.0,0.94,0.0,0.06,0.12,0.78,0.73,True,19,2,2,2
bin.22,28.28,3.42,Neural Network (Specific Model),11,None,1128,994,88,phylum,0.93,0.82,0.4,0.14,0.34,0.7,0.58,True,13,0,1,1
bin.221,17.94,1.1,Neural Network (Specific Model),11,None,755,596,51,family,0.65,0.51,0.21,0.84,10.26,0.56,0.29,True,8,2,0,1
bin.223,9.98,1.14,Neural Network (Specific Model),11,None,772,696,37,genus,0.59,0.53,0.83,0.24,0.68,0.75,0.4,False,7,0,0,0
bin.224,50.01,2.86,Gradient Boost (General Model),11,None,1125,985,86,phylum,0.84,0.74,0.14,0.13,0.28,0.55,0.41,True,14,1,1,1
bin.225,21.2,0.19,Neural Network (Specific Model),11,None,1234,948,20,phylum,0.85,0.65,0.3,0.36,1.22,0.57,0.37,True,13,0,0,0
bin.226,7.76,0.1,Neural Network (Specific Model),11,None,398,276,17,phylum,0.91,0.63,0.72,0.34,1.06,0.59,0.37,False,5,1,1,1
bin.2278,11.77,0.0,Neural Network (Specific Model),11,None,214,204,4,genus,0.6,0.57,0.09,0.24,0.68,0.63,0.36,True,4,1,1,1
bin.230,22.11,0.59,Neural Network (Specific Model),11,None,1431,1152,64,class,0.8,0.64,0.25,0.41,1.47,0.59,0.38,True,3,0,0,0
bin.233,13.47,0.09,Neural Network (Specific Model),11,None,728,598,45,phylum,0.89,0.73,0.47,0.35,1.12,0.7,0.51,False,2,0,0,0
bin.236,56.99,3.15,Gradient Boost (General Model),11,None,969,784,48,class,0.78,0.63,0.13,0.81,8.66,0.55,0.35,True,18,1,0,1
bin.238,68.71,9.17,Gradient Boost (General Model),11,None,2413,2173,48,family,0.76,0.68,0.21,0.14,0.33,0.65,0.44,True,21,1,1,1
bin.2384,97.33,3.06,Gradient Boost (General Model),11,None,2735,2612,2,family,0.76,0.72,0.02,0.49,1.39,0.66,0.48,True,23,1,1,1
bin.241,90.22,14.3,Gradient Boost (General Model),11,None,3391,2947,64,kingdom,1.0,0.87,0.12,0.02,0.05,0.56,0.49,True,19,2,3,3
bin.244,35.11,2.28,Neural Network (Specific Model),11,None,2011,1669,104,phylum,0.92,0.76,0.22,0.26,0.74,0.6,0.45,True,16,1,0,0
bin.25,10.13,0.11,Neural Network (Specific Model),11,None,372,327,25,phylum,0.96,0.84,0.34,0.03,0.07,0.66,0.56,True,3,0,0,0
bin.250,19.77,1.38,Neural Network (Specific Model),11,None,1712,1238,87,phylum,0.88,0.64,0.45,0.13,0.31,0.59,0.38,True,18,1,1,1
bin.253,3.88,0.0,Neural Network (Specific Model),11,None,307,272,19,genus,0.61,0.54,0.53,0.64,4.41,0.78,0.42,False,2,0,0,0
bin.254,81.38,7.3,Gradient Boost (General Model),11,None,3305,2951,85,class,0.83,0.74,0.21,0.04,0.08,0.69,0.51,True,18,0,0,0
bin.255,6.77,0.02,Neural Network (Specific Model),11,None,625,513,50,phylum,0.92,0.76,0.69,0.09,0.2,0.64,0.48,False,0,0,0,0
bin.256,17.07,2.68,Neural Network (Specific Model),11,None,1293,1122,82,family,0.76,0.66,0.14,0.56,3.19,0.61,0.41,True,13,0,0,0
bin.257,5.72,0.02,Neural Network (Specific Model),11,None,292,236,13,order,0.67,0.54,0.21,0.76,6.43,0.58,0.31,True,1,0,0,0
bin.259,4.11,0.01,Neural Network (Specific Model),11,None,299,216,20,phylum,0.88,0.64,0.72,0.23,0.59,0.66,0.42,False,13,1,1,1
bin.26,43.58,1.45,Gradient Boost (General Model),11,None,4319,2894,163,kingdom,1.0,0.67,0.05,0.03,0.07,0.49,0.33,True,17,1,0,1
bin.261,97.76,3.9,Neural Network (Specific Model),11,None,2055,1927,15,genus,0.84,0.79,0.18,0.09,0.21,0.93,0.74,True,23,2,2,2
bin.263,92.9,2.26,Gradient Boost (General Model),11,None,2479,2016,21,family,0.54,0.44,0.09,0.06,0.12,0.55,0.24,True,22,1,0,1
bin.268,4.12,0.06,Neural Network (Specific Model),11,None,361,182,19,kingdom,1.0,0.5,0.0,0.06,0.13,0.52,0.26,True,1,0,0,0
bin.269,14.02,0.05,Neural Network (Specific Model),11,None,971,799,76,class,0.86,0.71,0.58,0.12,0.29,0.65,0.46,False,10,0,0,0
bin.27,25.19,1.24,Neural Network (Specific Model),11,None,1504,1287,66,phylum,0.93,0.8,0.19,0.03,0.06,0.62,0.49,True,13,0,1,1
bin.270,81.15,0.68,Gradient Boost (General Model),11,None,2038,1900,38,family,0.8,0.74,1.0,0.04,0.09,0.92,0.68,False,18,1,1,1
bin.271,9.03,0.11,Neural Network (Specific Model),11,None,574,438,26,phylum,0.94,0.71,0.4,0.1,0.23,0.6,0.43,True,2,0,0,0
bin.274,10.26,0.12,Neural Network (Specific Model),11,None,501,390,28,genus,0.54,0.42,0.58,0.5,2.18,0.79,0.33,False,5,0,0,0
bin.275,14.72,1.19,Neural Network (Specific Model),11,None,584,467,32,phylum,0.92,0.73,0.48,0.56,2.9,0.61,0.45,False,7,0,0,0
bin.276,14.96,1.61,Neural Network (Specific Model),11,None,932,723,22,order,0.78,0.61,0.15,0.56,1.88,0.61,0.37,True,8,0,0,0
bin.2765,93.84,0.21,Gradient Boost (General Model),11,None,661,578,1,kingdom,0.98,0.86,0.0,0.0,0.0,0.52,0.45,True,20,1,0,2
bin.28,8.49,0.28,Neural Network (Specific Model),11,None,339,244,33,phylum,0.88,0.63,0.54,0.27,0.78,0.69,0.44,False,2,0,0,0
bin.283,97.99,2.91,Gradient Boost (General Model),11,None,2893,2703,6,phylum,0.88,0.82,0.04,0.1,0.22,0.59,0.48,True,23,1,1,1
bin.287,6.07,0.01,Neural Network (Specific Model),11,None,421,325,26,phylum,0.96,0.74,0.67,0.13,0.31,0.74,0.55,False,1,0,0,0
bin.29,5.38,0.03,Neural Network (Specific Model),11,None,411,324,25,order,0.61,0.48,0.2,0.69,5.96,0.56,0.27,True,8,0,0,0
bin.294,83.21,2.16,Gradient Boost (General Model),11,None,1497,1303,37,phylum,0.94,0.82,0.12,0.32,1.0,0.52,0.43,True,20,1,1,1
bin.296,91.34,12.24,Gradient Boost (General Model),11,None,2230,2100,39,family,0.75,0.71,0.18,0.35,0.91,0.73,0.51,True,23,3,2,4
bin.298,5.14,0.11,Neural Network (Specific Model),11,None,355,265,21,phylum,0.89,0.67,0.18,0.32,1.09,0.56,0.38,True,5,0,0,0
bin.3,84.6,3.51,Gradient Boost (General Model),11,None,3715,3436,132,class,0.92,0.85,0.44,0.05,0.11,0.94,0.8,True,22,0,0,0
bin.308,85.44,5.99,Gradient Boost (General Model),11,None,2902,2520,85,phylum,0.9,0.78,0.43,0.04,0.08,0.56,0.44,True,22,6,3,3
bin.31,9.14,0.0,Neural Network (Specific Model),11,None,764,540,67,kingdom,1.0,0.71,0.58,0.03,0.06,0.57,0.4,False,6,0,0,0
bin.311,6.03,0.01,Neural Network (Specific Model),11,None,362,240,20,phylum,0.86,0.57,0.17,0.37,1.41,0.55,0.31,True,3,1,0,2
bin.313,37.83,4.4,Neural Network (Specific Model),11,None,1896,1575,105,class,0.87,0.72,0.42,0.13,0.29,0.6,0.43,True,16,2,1,1
bin.315,66.5,5.44,Gradient Boost (General Model),11,None,2162,1768,90,phylum,0.95,0.78,0.34,0.08,0.18,0.59,0.46,True,15,0,0,1
bin.317,7.51,0.09,Neural Network (Specific Model),11,None,457,445,35,kingdom,1.0,0.97,0.0,0.0,0.0,0.93,0.91,True,0,0,0,0
bin.325,14.67,0.13,Neural Network (Specific Model),11,None,578,455,37,class,0.87,0.68,0.88,0.28,0.71,0.64,0.44,False,1,0,0,0
bin.329,9.15,0.02,Neural Network (Specific Model),11,None,599,382,29,kingdom,1.0,0.64,0.24,0.04,0.08,0.53,0.33,True,4,0,0,0
bin.332,37.33,0.44,Neural Network (Specific Model),11,None,1154,1028,66,phylum,0.91,0.81,0.43,0.03,0.05,0.6,0.48,True,13,0,0,0
bin.334,95.5,5.66,Gradient Boost (General Model),11,None,2884,2586,66,phylum,0.95,0.85,0.2,0.21,0.56,0.64,0.54,True,24,4,4,4
bin.336,6.94,0.01,Neural Network (Specific Model),11,None,583,439,14,order,0.79,0.59,0.15,0.32,0.94,0.62,0.37,True,2,0,0,0
bin.339,5.71,0.06,Neural Network (Specific Model),11,None,675,371,34,order,0.75,0.41,0.06,0.53,2.3,0.56,0.23,True,1,0,0,0
bin.34,14.28,4.26,Neural Network (Specific Model),11,None,1542,1017,125,phylum,0.82,0.54,0.24,0.75,4.64,0.54,0.29,True,6,0,0,0
bin.351,18.65,0.39,Neural Network (Specific Model),11,None,863,708,51,phylum,0.9,0.74,0.44,0.35,0.88,0.64,0.47,True,8,0,0,0
bin.354,6.42,0.01,Neural Network (Specific Model),11,None,395,168,17,kingdom,0.99,0.42,0.0,0.0,0.0,0.53,0.22,True,2,0,0,0
bin.36,60.19,5.02,Gradient Boost (General Model),11,None,2096,1792,113,phylum,0.78,0.67,0.17,0.49,2.36,0.53,0.36,True,13,1,1,1
bin.365,95.63,7.58,Gradient Boost (General Model),11,None,2632,2458,21,phylum,0.93,0.87,0.05,0.05,0.1,0.57,0.5,True,23,2,2,2
bin.366,48.08,3.27,Gradient Boost (General Model),11,None,1235,1068,11,genus,0.55,0.48,0.04,0.83,6.41,0.5,0.24,True,19,1,0,0
bin.369,7.5,0.09,Neural Network (Specific Model),11,None,255,211,14,phylum,0.91,0.75,0.15,0.19,0.51,0.55,0.41,True,1,0,0,0
bin.372,6.06,0.0,Neural Network (Specific Model),11,None,297,257,12,genus,0.53,0.46,0.34,0.82,9.13,0.67,0.31,True,7,1,1,1
bin.374,8.78,0.01,Neural Network (Specific Model),11,None,537,457,23,kingdom,1.0,0.85,0.69,0.08,0.17,0.72,0.62,False,6,0,0,0
bin.377,84.22,10.56,Gradient Boost (General Model),11,None,2450,2089,70,genus,0.52,0.44,0.14,0.79,5.63,0.55,0.24,True,22,2,2,2
bin.4,64.03,7.18,Gradient Boost (General Model),11,None,4538,3674,152,phylum,0.84,0.68,0.16,0.26,0.75,0.57,0.39,True,19,3,1,2
bin.40,33.07,2.74,Neural Network (Specific Model),11,None,1922,1674,126,genus,0.62,0.54,0.25,0.3,0.87,0.64,0.35,True,17,0,0,0
bin.41,9.75,0.2,Neural Network (Specific Model),11,None,315,267,17,genus,0.49,0.41,0.28,0.31,0.9,0.58,0.24,True,8,0,0,0
bin.410,50.64,0.53,Gradient Boost (General Model),11,None,1323,1134,52,order,0.55,0.47,0.09,0.77,6.94,0.53,0.25,True,18,1,0,1
bin.415,8.1,0.03,Neural Network (Specific Model),11,None,453,405,14,genus,0.5,0.45,0.19,0.24,0.69,0.68,0.3,True,4,0,0,0
bin.42,42.44,1.26,Gradient Boost (General Model),11,None,1839,1640,120,phylum,0.95,0.85,0.23,0.03,0.07,0.59,0.5,True,12,2,0,0
bin.426,5.11,0.01,Neural Network (Specific Model),11,None,405,262,9,class,0.67,0.43,0.07,0.82,11.01,0.51,0.22,True,2,0,2,2
bin.43,49.26,9.08,Gradient Boost (General Model),11,None,2443,2100,53,family,0.51,0.43,0.49,0.83,7.04,0.68,0.3,False,20,3,4,3
bin.435,92.04,3.75,Neural Network (Specific Model),11,None,2383,2270,25,kingdom,1.0,0.95,0.18,0.04,0.08,0.81,0.77,True,20,1,1,1
bin.436,7.33,0.0,Neural Network (Specific Model),11,None,564,483,33,genus,0.51,0.43,0.64,0.5,2.44,0.74,0.32,False,3,1,1,1
bin.45,60.87,3.72,Gradient Boost (General Model),11,None,2903,2658,141,phylum,0.96,0.88,0.34,0.06,0.12,0.71,0.63,True,14,0,1,1
bin.460,7.99,0.0,Neural Network (Specific Model),11,None,386,332,29,genus,0.62,0.53,0.74,0.6,3.73,0.72,0.38,False,1,0,0,0
bin.469,5.1,0.46,Neural Network (Specific Model),11,None,279,227,9,order,0.7,0.57,0.31,0.57,2.98,0.63,0.36,True,5,0,1,1
bin.47,10.61,0.11,Neural Network (Specific Model),11,None,574,372,39,phylum,0.76,0.49,0.2,0.41,1.48,0.51,0.25,True,8,0,0,0
bin.477,6.22,0.01,Neural Network (Specific Model),11,None,383,265,20,phylum,0.89,0.61,0.28,0.6,3.03,0.62,0.38,True,4,1,0,1
bin.48,58.71,9.5,Gradient Boost (General Model),11,None,3071,2688,158,genus,0.52,0.46,0.51,0.17,0.45,0.64,0.29,False,22,2,1,2
bin.49,10.0,0.27,Neural Network (Specific Model),11,None,844,691,73,phylum,0.91,0.74,0.26,0.04,0.08,0.57,0.42,True,6,0,0,0
bin.496,4.95,0.08,Neural Network (Specific Model),11,None,321,273,15,phylum,0.93,0.79,0.41,0.17,0.4,0.63,0.49,True,1,0,0,0
bin.5,42.38,10.58,Gradient Boost (General Model),11,None,4705,4125,265,phylum,0.92,0.8,0.37,0.09,0.2,0.59,0.48,True,17,1,1,1
bin.50,19.1,0.18,Neural Network (Specific Model),11,None,994,870,43,phylum,0.94,0.82,0.34,0.13,0.32,0.63,0.52,True,12,2,3,2
bin.503,10.08,0.22,Neural Network (Specific Model),11,None,458,277,23,phylum,0.9,0.54,0.44,0.34,0.96,0.6,0.32,True,1,0,0,0
bin.504,9.92,0.01,Neural Network (Specific Model),11,None,665,470,17,phylum,0.89,0.63,0.34,0.38,1.4,0.63,0.4,True,2,0,0,0
bin.506,4.69,0.03,Neural Network (Specific Model),11,None,285,227,24,phylum,0.84,0.67,0.51,0.43,1.56,0.61,0.41,False,0,0,0,0
bin.51,81.57,11.82,Gradient Boost (General Model),11,None,3235,2921,74,phylum,0.91,0.83,0.33,0.06,0.12,0.64,0.53,True,19,3,3,3
bin.523,6.44,0.02,Neural Network (Specific Model),11,None,206,134,6,phylum,0.9,0.58,0.08,0.55,2.48,0.47,0.27,True,1,0,0,0
bin.53,41.38,5.98,Gradient Boost (General Model),11,None,2447,1993,149,phylum,0.95,0.77,0.45,0.12,0.29,0.57,0.44,False,18,2,1,2
bin.54,41.69,0.37,Gradient Boost (General Model),11,None,2242,2007,137,class,0.91,0.81,0.29,0.07,0.14,0.73,0.6,True,18,2,2,2
bin.559,13.34,0.71,Neural Network (Specific Model),11,None,934,792,34,class,0.78,0.66,0.71,0.46,1.41,0.65,0.43,False,11,0,0,0
bin.56,9.31,0.35,Neural Network (Specific Model),11,None,811,686,47,genus,0.52,0.44,0.53,0.8,6.9,0.68,0.3,False,2,0,0,0
bin.575,5.94,0.05,Neural Network (Specific Model),11,None,307,203,19,kingdom,1.0,0.66,0.3,0.05,0.1,0.58,0.38,True,0,0,0,0
bin.578,99.29,0.42,Neural Network (Specific Model),11,None,1751,1674,2,class,0.93,0.89,0.01,0.05,0.11,0.69,0.61,True,23,2,2,2
bin.58,8.81,0.1,Neural Network (Specific Model),4,None,1000,673,80,phylum,0.79,0.54,0.3,0.57,3.32,0.57,0.3,True,6,1,0,0
bin.588,6.44,0.0,Neural Network (Specific Model),11,None,283,230,18,family,0.61,0.5,0.62,0.26,0.74,0.75,0.37,False,1,0,0,0
bin.59,96.7,3.99,Gradient Boost (General Model),11,None,2351,2144,30,phylum,0.94,0.86,0.78,0.05,0.1,0.92,0.79,False,22,2,0,2
bin.596,10.52,0.02,Neural Network (Specific Model),11,None,398,341,14,phylum,0.93,0.79,0.39,0.2,0.52,0.65,0.51,True,6,0,0,0
bin.6,74.46,4.3,Gradient Boost (General Model),11,None,2608,2368,129,genus,0.65,0.59,0.17,0.3,0.91,0.63,0.37,True,22,3,2,3
bin.60,45.36,4.48,Gradient Boost (General Model),11,None,3778,2809,239,class,0.68,0.51,0.14,0.67,5.26,0.52,0.27,True,21,1,0,0
bin.62,38.35,0.96,Neural Network (Specific Model),11,None,4047,3202,305,phylum,0.85,0.67,0.27,0.33,1.12,0.59,0.39,True,12,1,1,1
bin.63,14.26,1.11,Neural Network (Specific Model),11,None,1050,907,78,phylum,0.9,0.77,0.66,0.12,0.28,0.64,0.49,False,5,0,0,0
bin.634,29.61,0.08,Neural Network (Specific Model),11,None,496,446,2,kingdom,1.0,0.9,0.0,0.0,0.0,0.52,0.46,True,17,2,2,2
bin.64,52.47,4.46,Gradient Boost (General Model),11,None,2017,1760,102,phylum,0.95,0.83,0.26,0.04,0.08,0.62,0.52,True,11,0,0,0
bin.659,6.15,0.04,Neural Network (Specific Model),11,None,294,203,14,order,0.8,0.55,0.41,0.53,2.88,0.63,0.35,True,2,0,0,0
bin.66,5.82,0.01,Neural Network (Specific Model),11,None,436,373,21,phylum,0.95,0.82,0.56,0.1,0.23,0.74,0.61,False,0,0,0,0
bin.67,61.02,17.5,Gradient Boost (General Model),11,None,6328,4968,339,order,0.7,0.55,0.22,0.33,1.01,0.62,0.34,True,17,0,0,0
bin.676,90.22,4.15,Gradient Boost (General Model),11,None,2259,2095,15,family,0.82,0.76,0.07,0.14,0.35,0.67,0.51,True,21,1,1,1
bin.692,89.15,7.26,Gradient Boost (General Model),11,None,2018,1821,30,phylum,0.91,0.82,0.17,0.26,0.73,0.56,0.46,True,23,1,1,1
bin.71,63.95,4.04,Gradient Boost (General Model),11,None,2324,2107,115,class,0.82,0.75,0.29,0.2,0.52,0.61,0.45,True,15,3,2,2
bin.722,99.3,5.96,Gradient Boost (General Model),11,None,3932,3764,16,class,0.88,0.84,0.15,0.03,0.06,0.76,0.64,True,24,1,1,1
bin.75,22.55,5.32,Neural Network (Specific Model),11,None,2033,1614,186,kingdom,1.0,0.79,0.36,0.09,0.19,0.84,0.67,True,11,0,0,0
bin.751,5.15,0.0,Neural Network (Specific Model),11,None,265,218,5,phylum,0.92,0.76,0.25,0.73,3.49,0.67,0.5,True,2,0,0,0
bin.768,93.58,2.53,Gradient Boost (General Model),11,None,2647,2363,17,order,0.89,0.79,0.06,0.27,0.78,0.6,0.48,True,16,2,2,2
bin.77,11.71,0.24,Neural Network (Specific Model),11,None,411,312,25,genus,0.62,0.47,0.36,0.48,2.17,0.55,0.26,True,13,2,1,2
bin.776,8.24,0.0,Neural Network (Specific Model),11,None,258,207,14,phylum,0.92,0.74,0.32,0.21,0.57,0.6,0.44,True,2,0,0,0
bin.78,30.14,6.53,Neural Network (Specific Model),11,None,1513,1333,58,family,0.73,0.65,0.38,0.16,0.41,0.65,0.42,True,10,0,0,0
bin.784,9.43,0.07,Neural Network (Specific Model),11,None,507,382,15,class,0.62,0.47,0.29,0.59,3.24,0.6,0.28,True,4,0,0,0
bin.793,84.91,4.29,Gradient Boost (General Model),11,None,2095,1965,18,family,0.8,0.75,0.04,0.4,1.53,0.67,0.51,True,21,3,3,3
bin.80,20.4,3.68,Neural Network (Specific Model),11,None,1067,849,85,family,0.73,0.58,0.71,0.18,0.44,0.8,0.46,False,5,0,0,0
bin.81,38.72,1.79,Neural Network (Specific Model),11,None,2546,1907,155,phylum,0.76,0.57,0.23,0.13,0.32,0.57,0.32,True,15,3,1,1
bin.86,90.74,4.25,Gradient Boost (General Model),11,None,2544,2346,37,class,0.92,0.85,0.4,0.06,0.12,0.64,0.55,True,21,2,2,2
bin.866,4.81,0.0,Neural Network (Specific Model),11,None,318,253,12,phylum,0.87,0.69,0.45,0.32,0.86,0.64,0.44,True,0,0,0,0
bin.867,96.95,1.76,Neural Network (Specific Model),11,None,2267,2107,4,phylum,0.9,0.83,0.02,0.11,0.24,0.57,0.48,True,23,1,1,1
bin.88,17.28,0.4,Neural Network (Specific Model),11,None,825,701,33,phylum,0.94,0.8,0.63,0.44,1.34,0.67,0.53,False,7,0,0,0
bin.89,72.67,6.77,Gradient Boost (General Model),11,None,2557,2340,67,class,0.91,0.83,0.07,0.27,0.71,0.6,0.5,True,18,2,1,2
bin.9,15.39,0.01,Neural Network (Specific Model),11,None,794,499,51,phylum,0.81,0.51,0.26,0.56,2.88,0.52,0.27,True,6,1,0,0
bin.90,27.12,5.21,Neural Network (Specific Model),11,None,1610,1500,72,family,0.83,0.77,0.21,0.22,0.62,0.8,0.62,True,17,0,0,0
bin.97,60.34,0.83,Gradient Boost (General Model),11,None,2062,1777,138,phylum,0.95,0.81,0.23,0.22,0.56,0.64,0.52,True,19,1,1,2
bin.99,5.51,0.02,Neural Network (Specific Model),11,None,602,396,33,phylum,0.84,0.55,0.18,0.59,2.67,0.54,0.3,True,8,0,0,0
bin.999,87.29,1.29,Gradient Boost (General Model),11,None,738,634,14,order,0.87,0.74,0.05,0.56,2.49,0.5,0.37,True,9,1,1,1
recluster_141.bin.0,95.27,46.4,Gradient Boost (General Model),11,None,4073,3530,30,order,0.79,0.68,0.12,0.35,1.08,0.59,0.4,True,23,6,6,6
recluster_141.bin.1,45.11,11.17,Neural Network (Specific Model),11,None,2049,1726,28,genus,0.52,0.44,0.22,0.14,0.32,0.6,0.26,True,18,0,0,0
recluster_30.bin.0,79.22,24.12,Gradient Boost (General Model),11,None,2778,2191,224,genus,0.54,0.43,0.22,0.78,6.09,0.54,0.23,True,13,1,1,1
recluster_30.bin.1,60.44,17.82,Gradient Boost (General Model),11,None,2071,1577,173,phylum,0.95,0.72,0.29,0.25,0.69,0.54,0.39,True,16,0,0,0
recluster_328.bin.0,93.52,1.21,Gradient Boost (General Model),11,None,696,627,5,phylum,0.87,0.79,0.46,0.07,0.14,0.64,0.5,False,21,1,1,1
recluster_328.bin.1,62.24,10.24,Gradient Boost (General Model),11,None,1528,1082,61,family,0.57,0.41,0.53,0.14,0.32,0.59,0.24,False,18,2,1,2
recluster_61.bin.0,48.08,9.96,Gradient Boost (General Model),11,None,4735,4126,234,genus,0.62,0.54,0.32,0.18,0.45,0.69,0.37,True,23,1,0,0
recluster_61.bin.1,43.94,9.15,Gradient Boost (General Model),11,None,2837,2468,116,genus,0.68,0.59,0.28,0.05,0.11,0.73,0.43,True,17,0,1,0
recluster_860.bin.0,97.72,0.15,Gradient Boost (General Model),11,None,3313,3004,13,phylum,0.93,0.85,0.15,0.04,0.08,0.63,0.54,True,22,2,2,2
recluster_860.bin.1,97.07,6.13,Gradient Boost (General Model),11,None,3662,3413,12,phylum,0.95,0.88,0.14,0.08,0.18,0.63,0.56,True,22,1,2,1
