,Completeness,Contamination,Completeness_Model_Used,Translation_Table_Used,Additional_Notes,n_genes_called,n_genes_mapped,n_contigs,taxonomic_level,proportion_genes_retained_in_major_clades,genes_retained_index,clade_separation_score,contamination_portion,n_effective_surplus_clades,mean_hit_identity,reference_representation_score,pass.GUNC,tRNA,16S,5S,23S
1002,100.0,0.02,Neural Network (Specific Model),11,None,2322,2231,1,kingdom,1.0,0.96,0.0,0.0,0.0,0.95,0.92,True,23,7,7,7
1006,5.75,0.0,Neural Network (Specific Model),11,None,302,290,1,kingdom,1.0,0.96,0.0,0.0,0.0,0.86,0.83,True,1,0,0,0
1021,99.99,0.28,Neural Network (Specific Model),11,None,4680,4472,7,genus,0.93,0.89,0.05,0.07,0.15,0.93,0.83,True,22,7,8,7
1040,7.84,0.04,Neural Network (Specific Model),11,None,258,248,1,kingdom,1.0,0.96,0.0,0.0,0.0,0.83,0.8,True,1,0,0,0
106,93.77,2.64,Neural Network (Specific Model),11,None,3218,3144,8,genus,0.91,0.89,0.2,0.11,0.26,0.96,0.86,True,22,6,0,6
1071,71.31,4.14,Gradient Boost (General Model),11,None,5440,5144,7,kingdom,1.0,0.95,0.0,0.0,0.0,0.9,0.85,True,23,6,6,6
1097,97.58,1.04,Gradient Boost (General Model),11,None,3321,3226,11,genus,0.87,0.84,0.06,0.02,0.05,0.97,0.82,True,23,4,2,4
1121,50.09,0.45,Neural Network (Specific Model),11,None,2199,2081,21,family,0.95,0.9,0.11,0.11,0.24,0.93,0.84,True,21,4,4,4
1135,41.93,1.91,Neural Network (Specific Model),4,None,3656,3393,23,kingdom,1.0,0.93,0.0,0.0,0.0,0.92,0.86,True,18,2,2,3
1139,6.16,0.01,Neural Network (Specific Model),11,None,349,164,1,kingdom,0.98,0.46,0.0,0.0,0.0,0.48,0.22,True,7,0,0,0
1153,100.0,1.07,Gradient Boost (General Model),11,None,2842,2565,5,class,0.94,0.85,0.01,0.04,0.09,0.68,0.58,True,21,4,4,4
1201,10.72,0.05,Neural Network (Specific Model),4,None,780,672,9,genus,0.89,0.76,0.27,0.04,0.07,0.86,0.65,True,8,0,0,0
1205,13.29,4.28,Neural Network (Specific Model),11,None,2244,1829,43,family,0.92,0.75,0.9,0.39,1.09,0.87,0.65,False,10,2,1,2
1215,17.41,0.09,Neural Network (Specific Model),11,None,799,778,1,kingdom,0.99,0.97,0.0,0.0,0.0,0.92,0.9,True,14,2,0,2
123,98.51,0.05,Gradient Boost (General Model),11,None,2270,2181,2,family,0.95,0.91,0.02,0.11,0.24,0.94,0.85,True,22,4,0,4
1271,42.39,9.76,Gradient Boost (General Model),11,None,3329,3191,1,kingdom,1.0,0.96,0.0,0.0,0.0,0.91,0.87,True,16,3,1,3
1273,7.1,0.0,Neural Network (Specific Model),4,None,247,234,7,family,0.99,0.94,0.01,0.17,0.4,0.95,0.89,True,0,0,0,0
13,100.0,53.05,Neural Network (Specific Model),11,None,3918,3701,28,kingdom,1.0,0.94,0.0,0.0,0.0,0.91,0.86,True,23,7,0,7
1339,88.69,0.82,Neural Network (Specific Model),11,None,4742,4656,30,genus,0.94,0.92,0.01,0.13,0.3,0.99,0.91,True,23,2,1,2
1340,4.93,0.05,Neural Network (Specific Model),11,None,274,245,2,class,0.98,0.88,0.09,0.03,0.05,0.87,0.76,True,0,0,0,0
1353,9.52,0.0,Neural Network (Specific Model),11,None,349,321,7,genus,0.87,0.8,0.3,0.05,0.1,0.95,0.75,True,0,0,0,0
1361,84.28,7.86,Neural Network (Specific Model),11,None,3380,3266,16,genus,0.87,0.84,0.04,0.39,1.4,0.79,0.67,True,21,7,5,7
1365,59.35,1.51,Neural Network (Specific Model),11,None,1987,1937,2,family,0.95,0.92,0.02,0.03,0.06,0.95,0.88,True,18,2,0,2
1366,96.14,5.87,Neural Network (Specific Model),11,None,5308,5112,2,kingdom,1.0,0.96,0.0,0.0,0.0,0.93,0.89,True,22,7,1,7
1367,96.13,108.99,Neural Network (Specific Model),11,None,12159,11707,19,kingdom,1.0,0.96,0.0,0.0,0.0,0.92,0.89,True,23,13,13,13
1368,6.34,0.01,Neural Network (Specific Model),11,None,395,378,2,class,0.96,0.92,0.05,0.06,0.13,0.83,0.76,True,1,0,0,0
1369,99.3,29.84,Neural Network (Specific Model),11,None,5985,5689,54,family,0.9,0.86,0.82,0.28,0.69,0.95,0.81,False,21,1,1,1
1371,88.99,0.27,Neural Network (Specific Model),11,None,2242,2143,5,family,0.93,0.89,0.02,0.12,0.28,0.76,0.67,True,22,5,5,5
1372,7.88,0.01,Neural Network (Specific Model),11,None,478,451,2,family,0.94,0.89,0.05,0.04,0.07,0.94,0.83,True,4,1,0,1
1373,66.48,2.96,Gradient Boost (General Model),11,None,4608,4319,12,family,0.96,0.9,0.08,0.02,0.05,0.93,0.84,True,22,3,0,3
1375,95.75,99.11,Neural Network (Specific Model),11,None,8017,7763,18,family,0.93,0.9,0.03,0.06,0.13,0.93,0.83,True,23,16,16,16
1378,93.13,9.02,Neural Network (Specific Model),11,None,6046,5868,27,family,0.95,0.92,0.09,0.31,0.88,0.89,0.82,True,23,5,5,5
1379,63.96,3.0,Neural Network (Specific Model),11,None,3652,3487,41,family,0.92,0.88,0.12,0.16,0.41,0.86,0.75,True,20,2,0,2
1383,18.27,0.02,Neural Network (Specific Model),11,None,804,755,3,genus,0.64,0.6,0.06,0.66,5.2,0.78,0.47,True,2,0,0,0
14,93.32,0.86,Neural Network (Specific Model),11,None,2391,2328,6,genus,0.9,0.88,0.03,0.02,0.05,0.98,0.86,True,22,5,1,5
140,41.32,1.73,Gradient Boost (General Model),11,None,3996,3760,13,kingdom,1.0,0.94,0.0,0.0,0.0,0.93,0.87,True,17,3,4,4
159,81.36,4.3,Gradient Boost (General Model),11,None,3615,3427,4,genus,0.88,0.84,0.11,0.02,0.05,0.94,0.79,True,22,3,0,3
189,99.92,2.47,Neural Network (Specific Model),11,None,3818,3692,5,family,0.96,0.93,0.02,0.07,0.15,0.93,0.86,True,23,4,4,4
194,95.32,0.01,Gradient Boost (General Model),11,None,2441,2400,3,family,0.94,0.92,0.01,0.12,0.28,0.94,0.87,True,23,5,5,5
205,7.85,0.04,Neural Network (Specific Model),11,None,315,236,1,kingdom,1.0,0.75,0.0,0.0,0.0,0.83,0.63,True,1,0,0,0
209,100.0,0.32,Gradient Boost (General Model),11,None,2252,2199,1,kingdom,1.0,0.98,0.0,0.0,0.0,0.94,0.92,True,23,5,5,5
215,80.19,4.64,Neural Network (Specific Model),11,None,4368,4219,1,kingdom,1.0,0.97,0.0,0.0,0.0,0.94,0.91,True,24,7,8,7
227,100.0,0.53,Neural Network (Specific Model),11,None,2467,2318,1,kingdom,1.0,0.94,0.0,0.0,0.0,0.92,0.86,True,23,6,6,6
238,44.52,7.63,Gradient Boost (General Model),11,None,5690,5294,43,genus,0.89,0.83,0.06,0.52,1.81,0.85,0.7,True,22,1,2,1
254,40.92,2.3,Gradient Boost (General Model),11,None,5162,4926,7,family,0.97,0.92,0.01,0.05,0.11,0.94,0.87,True,21,1,0,1
257,84.39,5.38,Gradient Boost (General Model),11,None,4449,4262,9,genus,0.89,0.85,0.08,0.06,0.13,0.94,0.8,True,23,5,5,5
27,42.95,2.09,Gradient Boost (General Model),11,None,2961,2841,35,class,0.99,0.95,0.43,0.02,0.05,0.95,0.9,True,13,0,0,0
284,99.99,0.24,Neural Network (Specific Model),11,None,2563,2523,2,genus,0.92,0.91,0.03,0.09,0.19,0.97,0.88,True,22,5,0,5
286,4.16,0.0,Neural Network (Specific Model),11,None,410,354,1,kingdom,1.0,0.86,0.0,0.0,0.0,0.89,0.77,True,1,0,0,0
36,65.36,5.73,Gradient Boost (General Model),11,None,3271,3102,36,class,0.98,0.93,0.1,0.05,0.09,0.92,0.86,True,21,4,4,4
370,15.82,0.28,Neural Network (Specific Model),11,None,939,865,26,kingdom,1.0,0.92,0.0,0.0,0.0,0.92,0.85,True,5,0,0,0
383,99.98,0.24,Neural Network (Specific Model),11,None,2549,2398,2,kingdom,1.0,0.94,0.0,0.0,0.0,0.92,0.87,True,22,7,0,7
409,4.8,0.0,Neural Network (Specific Model),11,None,279,259,2,genus,0.92,0.85,0.03,0.15,0.37,0.91,0.77,True,1,0,0,0
50,100.0,0.45,Neural Network (Specific Model),11,None,3406,3284,6,genus,0.93,0.9,0.03,0.16,0.38,0.94,0.85,True,23,7,7,7
503,34.13,4.77,Neural Network (Specific Model),11,None,2461,2299,3,genus,0.84,0.79,0.03,0.06,0.12,0.94,0.74,True,22,4,4,4
576,100.0,0.92,Neural Network (Specific Model),11,None,5100,5053,1,kingdom,1.0,0.99,0.0,0.0,0.0,0.98,0.97,True,24,8,9,8
577,44.6,4.95,Gradient Boost (General Model),11,None,4917,4652,12,kingdom,1.0,0.95,0.0,0.0,0.0,0.94,0.89,True,22,3,3,3
583,98.08,0.0,Gradient Boost (General Model),11,None,2777,2703,3,family,0.95,0.93,0.02,0.25,0.64,0.92,0.85,True,23,6,5,6
669,99.56,1.11,Neural Network (Specific Model),11,None,3241,3143,4,genus,0.84,0.82,0.08,0.1,0.21,0.96,0.78,True,22,5,0,5
682,99.89,1.58,Neural Network (Specific Model),11,None,2078,1964,2,kingdom,1.0,0.95,0.0,0.0,0.0,0.89,0.84,True,24,4,4,4
686,27.38,0.66,Neural Network (Specific Model),11,None,1055,1028,1,kingdom,1.0,0.97,0.0,0.0,0.0,0.92,0.89,True,5,0,0,0
756,95.43,0.89,Neural Network (Specific Model),11,None,3202,3119,3,kingdom,1.0,0.97,0.0,0.0,0.0,0.95,0.93,True,22,5,5,5
806,81.76,1.42,Neural Network (Specific Model),11,None,2919,2826,13,genus,0.87,0.84,0.07,0.13,0.31,0.95,0.8,True,22,5,5,5
807,97.5,0.93,Gradient Boost (General Model),11,None,2724,2528,3,class,0.95,0.89,0.01,0.02,0.05,0.76,0.67,True,22,7,6,7
873,99.97,1.88,Neural Network (Specific Model),11,None,4391,4210,2,family,0.91,0.87,0.01,0.09,0.2,0.94,0.82,True,22,7,8,7
913,95.88,0.77,Neural Network (Specific Model),11,None,5531,5406,2,kingdom,1.0,0.98,0.0,0.0,0.0,0.93,0.91,True,22,4,4,4
994,11.38,0.2,Neural Network (Specific Model),11,None,884,829,17,kingdom,1.0,0.94,0.0,0.0,0.0,0.94,0.88,True,9,0,0,0
