,Marker lineage,# genomes,# markers,# marker sets,0,1,2,3,4,5+,Completeness,Contamination,Strain heterogeneity,n_genes_called,n_genes_mapped,n_contigs,taxonomic_level,proportion_genes_retained_in_major_clades,genes_retained_index,clade_separation_score,contamination_portion,n_effective_surplus_clades,mean_hit_identity,reference_representation_score,pass.GUNC,tRNA,16S,5S,23S
bin.0,p__Bacteroidetes (UID2605),350,316,210,8,301,6,1,0,0,96.19,3.57,33.33,3012,2707,16,phylum,0.92,0.82,0.65,0.06,0.13,0.58,0.48,False,23,4,3,3
bin.1,o__Clostridiales (UID1120),304,247,141,87,154,6,0,0,0,54.61,3.31,66.67,1671,1525,14,phylum,0.96,0.87,0.5,0.04,0.08,0.61,0.53,False,16,1,1,1
bin.2,c__Deltaproteobacteria (UID3216),83,247,155,8,177,58,4,0,0,95.35,33.94,2.86,3291,3088,15,phylum,0.92,0.86,0.71,0.17,0.39,0.64,0.55,False,23,1,1,1
bin.3,root (UID1),5656,56,24,0,0,3,52,1,0,100.0,191.67,0.61,5599,5161,31,phylum,0.94,0.87,0.75,0.26,0.69,0.59,0.52,False,23,4,3,4
bin.4,k__Archaea (UID2),207,148,106,6,66,26,45,3,2,95.75,87.22,3.43,5964,5449,55,kingdom,1.0,0.91,0.88,0.38,0.89,0.65,0.59,False,24,5,5,5
bin.5,k__Bacteria (UID203),5449,104,58,1,52,49,2,0,0,99.84,61.21,1.82,5496,4557,21,genus,0.5,0.41,0.54,0.38,1.06,0.59,0.25,False,23,2,0,2
bin.6,root (UID1),5656,56,24,0,0,1,1,16,38,100.0,418.48,0.47,32220,23938,1678,kingdom,1.0,0.74,0.56,0.04,0.08,0.56,0.42,False,24,9,6,7
bin.7,root (UID1),5656,56,24,0,0,0,0,0,56,100.0,8803.25,1.0,341752,285413,15367,phylum,0.84,0.71,0.74,0.44,1.64,0.64,0.45,False,25,205,168,197
