,Completeness,Contamination,Completeness_Model_Used,Translation_Table_Used,Additional_Notes,n_genes_called,n_genes_mapped,n_contigs,taxonomic_level,proportion_genes_retained_in_major_clades,genes_retained_index,clade_separation_score,contamination_portion,n_effective_surplus_clades,mean_hit_identity,reference_representation_score,pass.GUNC,tRNA,16S,5S,23S
10060,34.94,2.48,Neural Network (Specific Model),11,None,1391,1206,65,class,0.63,0.54,0.14,0.55,2.95,0.53,0.29,True,12,0,0,0
10217,5.96,0.01,Neural Network (Specific Model),11,None,351,269,11,order,0.55,0.42,0.12,0.76,6.94,0.54,0.23,True,7,0,0,0
10371,96.57,3.42,Gradient Boost (General Model),11,None,2358,2215,14,class,0.88,0.82,0.02,0.13,0.3,0.57,0.47,True,22,2,2,2
10467,56.73,5.16,Gradient Boost (General Model),11,None,3119,2702,51,phylum,0.86,0.75,0.04,0.21,0.57,0.57,0.43,True,15,2,1,1
10472,59.22,4.6,Gradient Boost (General Model),11,None,1801,1654,37,class,0.93,0.85,0.06,0.28,0.73,0.59,0.5,True,18,0,0,0
10576,18.71,0.93,Neural Network (Specific Model),11,None,1535,1168,47,class,0.69,0.53,0.07,0.42,1.56,0.52,0.27,True,9,1,1,1
10817,95.9,0.92,Neural Network (Specific Model),11,None,2396,2245,1,kingdom,1.0,0.94,0.0,0.06,0.12,0.78,0.73,True,19,2,2,2
10931,7.41,0.09,Neural Network (Specific Model),11,None,279,257,11,class,0.89,0.82,0.11,0.06,0.13,0.66,0.54,True,4,0,0,0
11014,93.84,0.21,Gradient Boost (General Model),11,None,661,578,1,kingdom,0.98,0.86,0.0,0.0,0.0,0.52,0.45,True,20,1,0,2
11200,68.45,13.53,Gradient Boost (General Model),11,None,1732,1494,107,phylum,0.95,0.82,0.46,0.24,0.68,0.56,0.46,False,10,0,0,0
11429,10.8,0.01,Neural Network (Specific Model),11,None,496,357,38,class,0.6,0.43,0.06,0.74,7.34,0.53,0.23,True,4,0,0,0
11435,75.06,4.67,Gradient Boost (General Model),11,None,1826,1681,26,phylum,0.95,0.87,0.08,0.08,0.18,0.65,0.56,True,19,1,1,1
11480,9.87,0.0,Neural Network (Specific Model),11,None,582,388,32,class,0.72,0.48,0.06,0.75,5.81,0.51,0.24,True,2,1,0,0
1154,61.37,5.77,Gradient Boost (General Model),11,None,731,593,20,kingdom,0.98,0.8,0.0,0.0,0.0,0.53,0.42,True,20,1,0,1
1155,56.76,5.61,Gradient Boost (General Model),11,None,2859,2285,106,order,0.71,0.57,0.16,0.07,0.15,0.58,0.33,True,19,1,2,2
11665,30.42,3.01,Neural Network (Specific Model),11,None,1194,1091,44,phylum,0.93,0.85,0.19,0.03,0.07,0.61,0.51,True,19,0,0,0
11669,10.75,0.0,Neural Network (Specific Model),11,None,557,512,22,genus,0.7,0.64,0.18,0.15,0.37,0.67,0.43,True,5,0,0,0
11678,33.9,0.78,Neural Network (Specific Model),11,None,663,645,32,kingdom,1.0,0.97,0.17,0.02,0.05,0.97,0.94,True,11,0,1,0
11706,59.7,3.25,Gradient Boost (General Model),11,None,1644,1538,16,family,0.81,0.76,0.08,0.09,0.21,0.66,0.5,True,19,1,1,1
11735,8.75,0.32,Neural Network (Specific Model),11,None,330,313,17,genus,0.89,0.85,0.71,0.04,0.09,0.87,0.73,False,0,0,0,0
11813,31.12,0.64,Neural Network (Specific Model),11,None,1965,1499,78,phylum,0.81,0.61,0.06,0.71,4.3,0.51,0.31,True,14,0,0,0
1203,86.93,0.0,Neural Network (Specific Model),11,None,1716,1634,6,class,0.96,0.92,0.03,0.03,0.07,0.92,0.84,True,22,2,2,2
12151,23.02,1.18,Neural Network (Specific Model),11,None,779,712,19,family,0.78,0.71,0.21,0.05,0.11,0.67,0.48,True,5,0,0,0
12230,6.6,0.0,Neural Network (Specific Model),11,None,511,376,30,order,0.58,0.42,0.09,0.56,2.5,0.54,0.23,True,4,0,0,0
12238,56.23,0.21,Gradient Boost (General Model),11,None,1547,1411,57,phylum,0.92,0.84,0.17,0.2,0.52,0.6,0.5,True,14,2,1,1
12245,8.19,0.0,Neural Network (Specific Model),11,None,413,359,19,phylum,0.9,0.78,0.18,0.09,0.2,0.62,0.48,True,3,0,0,0
12392,96.56,63.74,Gradient Boost (General Model),11,None,4527,4017,33,phylum,0.82,0.73,0.05,0.05,0.11,0.56,0.41,True,21,4,4,4
12395,6.72,0.46,Neural Network (Specific Model),11,None,393,367,15,genus,0.83,0.78,0.25,0.08,0.17,0.83,0.65,True,2,0,0,0
124,93.35,1.28,Gradient Boost (General Model),11,None,2279,1904,14,order,0.61,0.51,0.05,0.13,0.32,0.55,0.28,True,22,1,0,1
1242,91.58,1.2,Gradient Boost (General Model),11,None,1872,1803,12,family,0.93,0.9,0.07,0.05,0.1,0.96,0.86,True,21,2,0,2
1244,97.99,2.88,Gradient Boost (General Model),11,None,2886,2696,6,phylum,0.88,0.82,0.04,0.1,0.21,0.59,0.49,True,23,1,1,1
12513,33.47,0.77,Neural Network (Specific Model),11,None,1660,1535,47,phylum,0.97,0.89,0.13,0.03,0.06,0.7,0.63,True,15,1,1,1
12662,33.74,8.69,Neural Network (Specific Model),11,None,1793,1520,46,phylum,0.83,0.71,0.14,0.09,0.2,0.57,0.4,True,12,0,0,0
12871,89.59,13.89,Gradient Boost (General Model),11,None,2336,2198,44,family,0.78,0.73,0.16,0.34,0.88,0.73,0.53,True,21,3,3,5
12899,33.91,5.11,Neural Network (Specific Model),11,None,2184,1958,80,family,0.7,0.62,0.12,0.48,2.28,0.61,0.38,True,10,0,0,0
12908,43.61,8.73,Gradient Boost (General Model),11,None,3057,2719,94,genus,0.69,0.61,0.22,0.08,0.19,0.7,0.43,True,17,1,0,0
13092,12.31,0.75,Neural Network (Specific Model),11,None,326,307,17,phylum,0.97,0.91,0.3,0.03,0.06,0.74,0.68,True,5,0,0,0
1313,57.14,0.99,Gradient Boost (General Model),11,None,1763,1599,114,phylum,0.95,0.86,0.2,0.19,0.47,0.64,0.56,True,17,1,1,2
13547,79.97,5.58,Gradient Boost (General Model),11,None,1723,1584,17,phylum,0.93,0.85,0.1,0.23,0.59,0.56,0.48,True,21,1,1,1
13823,13.05,0.13,Neural Network (Specific Model),11,None,260,225,5,kingdom,1.0,0.86,0.0,0.0,0.0,0.55,0.47,True,12,1,1,1
13851,10.19,0.34,Neural Network (Specific Model),11,None,433,342,4,phylum,0.85,0.67,0.02,0.06,0.13,0.59,0.4,True,0,0,0,0
13879,8.79,0.29,Neural Network (Specific Model),11,None,581,467,20,family,0.71,0.57,0.11,0.08,0.18,0.65,0.37,True,2,0,0,0
14019,16.1,0.22,Neural Network (Specific Model),11,None,410,358,16,genus,0.54,0.47,0.12,0.74,4.66,0.52,0.24,True,1,0,0,0
14052,8.85,0.11,Neural Network (Specific Model),11,None,351,304,1,kingdom,1.0,0.86,0.0,0.0,0.0,0.56,0.49,True,10,0,0,0
14104,9.63,0.0,Neural Network (Specific Model),11,None,406,335,18,phylum,0.97,0.8,0.33,0.14,0.32,0.63,0.51,True,6,0,0,0
14582,100.0,92.17,Gradient Boost (General Model),11,None,7491,6963,33,phylum,0.94,0.87,0.85,0.63,1.95,0.61,0.54,False,24,5,6,6
14583,96.04,0.19,Gradient Boost (General Model),11,None,1289,1061,38,phylum,0.92,0.76,0.09,0.19,0.49,0.5,0.38,True,20,1,1,1
14584,24.05,3.7,Neural Network (Specific Model),11,None,670,594,25,phylum,0.93,0.82,0.52,0.05,0.1,0.57,0.47,False,12,1,1,1
1887,9.61,0.36,Neural Network (Specific Model),11,None,307,274,1,kingdom,0.99,0.89,0.0,0.0,0.0,0.61,0.54,True,2,0,0,0
2049,92.86,0.3,Gradient Boost (General Model),11,None,2122,1999,13,order,0.91,0.86,0.04,0.3,0.9,0.6,0.52,True,16,2,2,2
2059,9.21,0.01,Neural Network (Specific Model),11,None,323,183,1,kingdom,0.99,0.56,0.0,0.0,0.0,0.51,0.29,True,0,0,0,0
2202,99.96,0.13,Gradient Boost (General Model),11,None,2086,2007,5,genus,0.62,0.59,0.04,0.06,0.12,0.65,0.38,True,22,3,3,3
3044,93.9,0.96,Gradient Boost (General Model),11,None,2174,2059,1,kingdom,1.0,0.94,0.0,0.0,0.0,0.65,0.62,True,22,1,1,1
3097,23.56,1.2,Neural Network (Specific Model),11,None,1052,889,56,kingdom,1.0,0.85,0.14,0.03,0.06,0.54,0.46,True,10,0,0,0
3101,52.71,0.55,Gradient Boost (General Model),11,None,1196,1032,39,class,0.62,0.54,0.04,0.77,6.09,0.52,0.28,True,19,2,1,2
3228,22.65,1.58,Neural Network (Specific Model),11,None,1536,1355,67,family,0.75,0.67,0.08,0.53,2.85,0.62,0.41,True,14,1,1,1
3249,97.13,0.9,Gradient Boost (General Model),11,None,2171,2035,2,kingdom,1.0,0.94,0.0,0.0,0.0,0.57,0.53,True,23,1,0,1
3251,92.36,0.46,Neural Network (Specific Model),11,None,2245,2140,21,kingdom,1.0,0.95,0.2,0.04,0.07,0.81,0.78,True,20,1,1,1
3266,90.98,1.9,Gradient Boost (General Model),11,None,2051,1940,17,phylum,0.96,0.91,0.09,0.03,0.05,0.64,0.58,True,20,2,2,2
3464,91.16,1.89,Neural Network (Specific Model),11,None,2516,2440,34,family,0.91,0.89,0.14,0.03,0.06,0.99,0.87,True,22,2,2,2
3532,35.01,4.3,Neural Network (Specific Model),11,None,1659,1424,69,class,0.89,0.77,0.25,0.09,0.2,0.59,0.46,True,14,0,0,0
3633,96.87,1.81,Neural Network (Specific Model),11,None,2265,2105,4,phylum,0.9,0.83,0.02,0.11,0.24,0.57,0.48,True,23,1,1,1
3659,91.54,1.48,Gradient Boost (General Model),11,None,3741,3220,7,phylum,0.85,0.73,0.01,0.29,0.87,0.58,0.42,True,23,1,0,1
3753,36.64,0.31,Neural Network (Specific Model),11,None,1246,1071,54,phylum,0.93,0.8,0.15,0.05,0.11,0.58,0.46,True,11,0,0,0
3839,52.61,4.64,Gradient Boost (General Model),11,None,2560,2339,90,phylum,0.96,0.88,0.38,0.04,0.09,0.72,0.63,True,13,0,2,1
3900,55.08,3.78,Gradient Boost (General Model),11,None,735,616,37,phylum,0.82,0.69,0.05,0.79,7.22,0.54,0.37,True,14,0,0,0
4042,21.94,1.09,Neural Network (Specific Model),11,None,757,648,28,kingdom,1.0,0.86,0.1,0.03,0.06,0.54,0.46,True,13,0,0,0
4072,85.63,2.59,Gradient Boost (General Model),11,None,1612,1407,42,order,0.84,0.73,0.09,0.68,3.95,0.52,0.38,True,21,1,1,1
4086,94.76,0.38,Gradient Boost (General Model),11,None,1580,1398,9,genus,0.61,0.54,0.03,0.82,6.94,0.51,0.27,True,22,3,2,2
4238,82.29,1.23,Gradient Boost (General Model),11,None,1917,1803,12,order,0.85,0.8,0.58,0.03,0.06,0.91,0.73,False,19,1,1,1
4267,100.0,12.97,Gradient Boost (General Model),11,None,2034,1901,5,class,0.93,0.87,0.01,0.17,0.41,0.62,0.54,True,22,2,2,2
4370,71.62,4.44,Gradient Boost (General Model),11,None,2065,1817,37,phylum,0.91,0.8,0.23,0.05,0.11,0.56,0.45,True,16,1,2,2
4450,96.88,0.12,Gradient Boost (General Model),11,None,1162,1120,1,kingdom,1.0,0.96,0.0,0.0,0.0,0.59,0.57,True,21,1,1,1
4499,84.81,5.49,Gradient Boost (General Model),11,None,2067,1947,18,family,0.84,0.79,0.05,0.43,1.8,0.66,0.53,True,21,3,3,3
4809,88.15,4.27,Gradient Boost (General Model),11,None,2253,2088,13,order,0.91,0.84,0.08,0.26,0.7,0.66,0.55,True,19,1,1,1
4879,24.21,0.94,Neural Network (Specific Model),11,None,1359,830,62,phylum,0.77,0.47,0.07,0.57,2.51,0.51,0.24,True,5,0,0,0
5030,9.72,0.22,Neural Network (Specific Model),11,None,312,275,1,kingdom,1.0,0.88,0.0,0.04,0.08,0.53,0.47,True,5,0,0,0
5132,20.59,1.7,Neural Network (Specific Model),11,None,1443,1207,90,phylum,0.88,0.74,0.17,0.05,0.12,0.57,0.42,True,13,0,0,0
5268,42.53,2.25,Neural Network (Specific Model),11,None,2143,1748,102,phylum,0.9,0.74,0.27,0.24,0.68,0.6,0.44,True,15,1,0,0
5418,90.47,1.46,Neural Network (Specific Model),11,None,2054,1987,11,order,0.95,0.92,0.38,0.02,0.04,0.96,0.89,True,22,3,0,3
5524,97.01,5.45,Gradient Boost (General Model),11,None,3610,3365,10,phylum,0.95,0.88,0.15,0.08,0.18,0.63,0.56,True,22,1,2,1
5550,97.72,0.12,Gradient Boost (General Model),11,None,3234,2943,10,phylum,0.94,0.85,0.16,0.03,0.07,0.63,0.54,True,22,2,2,2
5602,100.0,42.59,Gradient Boost (General Model),11,None,1630,1368,32,phylum,0.82,0.69,0.27,0.13,0.31,0.6,0.41,True,21,3,2,3
5652,25.41,0.39,Neural Network (Specific Model),11,None,1361,1151,66,phylum,0.88,0.75,0.09,0.05,0.11,0.58,0.44,True,14,1,1,1
5698,67.33,6.14,Gradient Boost (General Model),11,None,2130,1842,61,order,0.85,0.74,0.08,0.13,0.3,0.56,0.41,True,16,1,1,1
5714,55.1,3.16,Gradient Boost (General Model),11,None,1139,991,74,genus,0.51,0.44,0.08,0.7,4.84,0.55,0.25,True,14,1,0,2
5794,15.66,2.63,Neural Network (Specific Model),11,None,1559,1024,64,kingdom,1.0,0.66,0.09,0.04,0.07,0.52,0.34,True,5,0,0,0
5805,92.86,2.09,Gradient Boost (General Model),11,None,2577,2425,24,class,0.9,0.85,0.06,0.05,0.11,0.62,0.52,True,22,4,4,4
5911,99.28,0.42,Neural Network (Specific Model),11,None,1734,1665,2,class,0.93,0.89,0.01,0.05,0.1,0.69,0.61,True,23,2,2,2
5913,59.03,2.34,Gradient Boost (General Model),11,None,1980,1686,51,phylum,0.87,0.74,0.12,0.4,1.23,0.51,0.38,True,19,3,3,3
6015,35.79,2.33,Neural Network (Specific Model),11,None,1518,1233,64,order,0.81,0.66,0.37,0.04,0.09,0.6,0.39,True,16,0,0,0
6334,19.55,0.75,Neural Network (Specific Model),11,None,637,602,25,family,0.92,0.87,0.26,0.25,0.6,0.76,0.67,True,8,0,0,0
6343,71.99,4.06,Gradient Boost (General Model),11,None,2329,2151,31,phylum,0.91,0.84,0.14,0.02,0.05,0.64,0.54,True,18,2,3,3
6382,11.62,0.11,Neural Network (Specific Model),11,None,791,607,28,genus,0.62,0.47,0.17,0.04,0.08,0.62,0.29,True,0,1,1,1
640,99.7,0.02,Gradient Boost (General Model),11,None,1223,1102,5,phylum,0.96,0.86,0.01,0.19,0.44,0.55,0.47,True,22,2,0,2
6724,17.77,0.12,Neural Network (Specific Model),11,None,1158,895,42,order,0.72,0.56,0.17,0.34,1.16,0.56,0.32,True,6,1,0,1
7293,33.6,0.94,Neural Network (Specific Model),11,None,1640,1359,69,phylum,0.94,0.78,0.2,0.08,0.18,0.57,0.44,True,17,2,1,2
7315,99.3,3.53,Gradient Boost (General Model),11,None,3794,3636,13,class,0.89,0.85,0.15,0.03,0.06,0.76,0.65,True,24,1,1,1
7363,65.59,5.3,Gradient Boost (General Model),11,None,1884,1596,58,phylum,0.94,0.8,0.12,0.03,0.07,0.58,0.46,True,17,0,0,1
7374,70.11,4.42,Gradient Boost (General Model),11,None,1902,1696,59,phylum,0.9,0.81,0.02,0.03,0.06,0.55,0.44,True,19,2,2,1
7504,41.32,0.41,Neural Network (Specific Model),11,None,1437,1289,38,phylum,0.93,0.83,0.22,0.09,0.21,0.58,0.48,True,16,3,4,3
7588,49.27,1.29,Neural Network (Specific Model),11,None,1445,1385,35,family,0.92,0.88,0.34,0.02,0.04,0.78,0.69,True,23,2,2,2
7826,27.74,1.52,Neural Network (Specific Model),11,None,1467,1267,60,phylum,0.84,0.73,0.17,0.14,0.33,0.56,0.41,True,6,1,1,1
7859,27.58,1.19,Neural Network (Specific Model),11,None,1274,1102,54,genus,0.72,0.62,0.12,0.16,0.37,0.62,0.39,True,4,0,0,0
813,44.22,1.4,Gradient Boost (General Model),11,None,4548,3024,154,phylum,0.78,0.52,0.05,0.72,5.59,0.49,0.25,True,18,1,2,3
8411,20.32,1.58,Neural Network (Specific Model),11,None,1028,886,44,phylum,0.95,0.82,0.31,0.04,0.08,0.59,0.49,True,11,1,1,1
8422,26.16,1.04,Neural Network (Specific Model),11,None,1174,1064,57,kingdom,1.0,0.91,0.0,0.0,0.0,0.73,0.66,True,13,0,0,0
847,67.66,0.45,Gradient Boost (General Model),11,None,984,737,31,family,0.57,0.43,0.24,0.45,1.5,0.51,0.22,True,20,1,0,1
850,94.53,2.78,Gradient Boost (General Model),11,None,1582,1391,3,family,0.73,0.65,0.05,0.42,1.68,0.53,0.34,True,22,2,2,2
8649,65.49,2.39,Gradient Boost (General Model),11,None,2195,1902,34,phylum,0.91,0.79,0.07,0.02,0.05,0.6,0.48,True,21,2,2,2
8679,5.69,0.0,Neural Network (Specific Model),11,None,322,210,15,phylum,0.78,0.51,0.08,0.42,1.7,0.49,0.25,True,2,0,0,0
8767,24.32,0.11,Neural Network (Specific Model),11,None,1001,787,38,phylum,0.82,0.64,0.1,0.1,0.22,0.58,0.37,True,12,0,1,1
8814,15.97,0.43,Neural Network (Specific Model),11,None,1051,907,37,family,0.73,0.63,0.13,0.22,0.61,0.62,0.39,True,10,0,0,0
9087,52.45,0.23,Gradient Boost (General Model),11,None,1213,1079,21,class,0.91,0.81,0.09,0.68,4.23,0.54,0.44,True,13,1,1,1
9333,8.28,0.11,Neural Network (Specific Model),11,None,271,183,1,kingdom,1.0,0.68,0.0,0.0,0.0,0.54,0.37,True,1,0,0,0
9343,38.03,0.96,Neural Network (Specific Model),11,None,1230,1096,45,genus,0.53,0.47,0.16,0.61,3.62,0.58,0.28,True,18,1,1,1
9384,72.71,5.34,Gradient Boost (General Model),11,None,2207,2129,53,class,0.97,0.93,0.5,0.03,0.05,0.96,0.9,False,15,0,0,0
9418,32.82,0.3,Neural Network (Specific Model),11,None,2840,2422,143,phylum,0.87,0.74,0.14,0.2,0.55,0.6,0.45,True,11,1,1,1
9431,71.15,3.66,Gradient Boost (General Model),11,None,2179,1982,35,class,0.88,0.8,0.14,0.02,0.05,0.69,0.55,True,18,0,0,0
9442,32.52,1.69,Neural Network (Specific Model),11,None,1162,741,61,phylum,0.89,0.57,0.36,0.45,1.56,0.52,0.3,True,17,0,0,0
9514,96.8,68.09,Gradient Boost (General Model),11,None,5173,4485,34,order,0.8,0.69,0.1,0.33,1.01,0.59,0.41,True,23,6,6,6
9644,35.98,4.93,Neural Network (Specific Model),11,None,2022,1889,49,genus,0.66,0.62,0.13,0.2,0.52,0.7,0.43,True,12,1,2,1
9647,84.13,12.25,Gradient Boost (General Model),11,None,2718,2415,91,phylum,0.91,0.81,0.45,0.04,0.08,0.56,0.45,True,22,3,3,3
9652,37.08,6.51,Neural Network (Specific Model),11,None,1724,1555,50,family,0.64,0.58,0.28,0.16,0.4,0.63,0.36,True,15,0,0,0
9751,85.28,0.48,Neural Network (Specific Model),11,None,1836,1730,5,family,0.85,0.8,0.01,0.51,2.26,0.63,0.5,True,22,2,0,0
9826,19.7,0.91,Neural Network (Specific Model),11,None,1008,941,30,genus,0.74,0.69,0.17,0.14,0.33,0.78,0.53,True,12,0,0,0
9935,27.95,1.51,Neural Network (Specific Model),11,None,1031,925,45,phylum,0.96,0.86,0.21,0.02,0.05,0.6,0.51,True,8,0,0,0
