,Completeness,Contamination,Completeness_Model_Used,Translation_Table_Used,Additional_Notes,n_genes_called,n_genes_mapped,n_contigs,taxonomic_level,proportion_genes_retained_in_major_clades,genes_retained_index,clade_separation_score,contamination_portion,n_effective_surplus_clades,mean_hit_identity,reference_representation_score,pass.GUNC,tRNA,16S,5S,23S
bin.0,100.0,0.96,Neural Network (Specific Model),11,None,1867,1828,1,kingdom,1.0,0.98,0.0,0.0,0.0,0.86,0.84,True,24,6,7,6
bin.1,100.0,0.17,Neural Network (Specific Model),11,None,1937,1901,1,kingdom,1.0,0.98,0.0,0.0,0.0,0.86,0.84,True,24,6,7,6
bin.10,99.98,0.12,Neural Network (Specific Model),11,None,3100,3041,1,kingdom,1.0,0.98,0.0,0.0,0.0,0.84,0.82,True,23,6,3,6
bin.11,99.45,0.15,Neural Network (Specific Model),11,None,3491,3355,1,kingdom,1.0,0.96,0.0,0.0,0.0,0.81,0.78,True,22,7,7,7
bin.12,99.91,0.98,Neural Network (Specific Model),11,None,3618,3500,6,family,0.96,0.93,0.09,0.08,0.18,0.97,0.9,True,23,6,6,6
bin.13,100.0,0.76,Neural Network (Specific Model),11,None,2001,1842,1,kingdom,1.0,0.92,0.0,0.0,0.0,0.93,0.86,True,23,5,0,5
bin.14,99.7,1.46,Neural Network (Specific Model),11,None,2758,2696,2,kingdom,1.0,0.98,0.0,0.0,0.0,0.95,0.93,True,22,6,0,6
bin.15,99.96,1.95,Neural Network (Specific Model),11,None,3835,3749,4,genus,0.85,0.83,0.03,0.16,0.4,0.95,0.79,True,23,8,8,8
bin.16,98.76,0.23,Neural Network (Specific Model),11,None,3549,3484,2,family,0.96,0.94,0.01,0.03,0.07,0.96,0.91,True,22,4,5,4
bin.17,99.33,4.59,Neural Network (Specific Model),11,None,3538,3396,9,family,0.94,0.9,0.13,0.03,0.06,0.95,0.85,True,23,5,5,5
bin.18,98.59,0.01,Neural Network (Specific Model),11,None,2660,2621,2,family,0.95,0.94,0.01,0.05,0.1,0.94,0.88,True,21,4,0,4
bin.19,99.49,0.42,Gradient Boost (General Model),11,None,3269,3055,3,genus,0.69,0.64,0.01,0.3,0.92,0.76,0.49,True,23,7,7,7
bin.2,100.0,0.08,Neural Network (Specific Model),11,None,2009,1978,1,kingdom,1.0,0.98,0.0,0.0,0.0,0.85,0.84,True,24,6,7,6
bin.20,99.98,0.19,Neural Network (Specific Model),11,None,1947,1897,1,kingdom,1.0,0.97,0.0,0.0,0.0,0.93,0.91,True,22,4,0,4
bin.21,99.07,0.67,Gradient Boost (General Model),11,None,3438,3263,3,family,0.93,0.88,0.01,0.56,1.79,0.74,0.65,True,23,7,7,7
bin.22,95.7,1.03,Neural Network (Specific Model),11,None,1842,1725,10,class,0.98,0.92,0.14,0.04,0.07,0.94,0.87,True,22,4,0,4
bin.23,90.57,0.37,Neural Network (Specific Model),11,None,3755,3658,4,kingdom,1.0,0.97,0.0,0.0,0.0,0.94,0.91,True,22,5,5,5
bin.24,98.56,2.3,Neural Network (Specific Model),11,None,4144,3954,34,class,0.98,0.94,0.19,0.08,0.17,0.95,0.89,True,21,5,5,5
bin.25,85.68,0.47,Neural Network (Specific Model),11,None,1928,1861,13,kingdom,1.0,0.97,0.0,0.0,0.0,0.94,0.91,True,22,4,4,4
bin.26,83.61,1.35,Neural Network (Specific Model),11,None,3649,3491,3,family,0.93,0.89,0.02,0.1,0.23,0.94,0.84,True,22,7,7,7
bin.27,71.26,4.44,Neural Network (Specific Model),11,None,1662,1608,29,genus,0.93,0.9,0.22,0.03,0.06,0.95,0.86,True,23,19,17,17
bin.28,82.03,2.67,Neural Network (Specific Model),11,None,4666,4408,26,kingdom,1.0,0.94,0.0,0.0,0.0,0.91,0.86,True,23,4,4,4
bin.29,92.67,4.79,Gradient Boost (General Model),11,None,3721,3600,11,family,0.94,0.91,0.13,0.02,0.05,0.96,0.88,True,22,4,3,4
bin.3,99.98,0.02,Neural Network (Specific Model),11,None,2047,1996,1,kingdom,1.0,0.98,0.0,0.0,0.0,0.93,0.91,True,22,6,6,6
bin.30,67.95,1.22,Neural Network (Specific Model),11,None,2399,2312,41,genus,0.9,0.87,0.14,0.03,0.06,0.96,0.83,True,22,6,0,6
bin.31,86.59,8.57,Neural Network (Specific Model),11,None,5618,5396,70,family,0.89,0.86,0.17,0.21,0.56,0.87,0.74,True,23,5,0,5
bin.32,67.79,0.34,Neural Network (Specific Model),11,None,2578,2481,1,kingdom,1.0,0.96,0.0,0.0,0.0,0.77,0.74,True,23,6,6,6
bin.33,50.69,4.17,Neural Network (Specific Model),11,None,1208,1190,30,kingdom,1.0,0.99,0.0,0.0,0.0,0.95,0.94,True,17,5,5,5
bin.34,50.06,0.26,Neural Network (Specific Model),11,None,1395,1362,30,kingdom,1.0,0.98,0.0,0.0,0.0,0.96,0.93,True,15,3,3,3
bin.35,30.41,0.02,Neural Network (Specific Model),11,None,712,685,20,kingdom,1.0,0.96,0.0,0.0,0.0,0.93,0.89,True,15,1,0,0
bin.36,32.87,0.11,Neural Network (Specific Model),11,None,1232,1184,1,kingdom,1.0,0.96,0.0,0.0,0.0,0.78,0.75,True,5,0,0,0
bin.37,45.94,5.01,Neural Network (Specific Model),11,None,1020,996,13,genus,0.94,0.92,0.01,0.49,1.57,0.86,0.79,True,15,4,5,4
bin.38,33.45,0.15,Neural Network (Specific Model),11,None,1354,1317,1,kingdom,1.0,0.97,0.0,0.0,0.0,0.8,0.78,True,5,0,0,0
bin.39,12.65,0.0,Neural Network (Specific Model),11,None,333,324,1,kingdom,1.0,0.97,0.0,0.0,0.0,0.77,0.75,True,2,0,0,0
bin.4,99.92,0.03,Neural Network (Specific Model),11,None,2359,2264,2,class,0.98,0.94,0.01,0.24,0.58,0.94,0.88,True,22,5,5,5
bin.40,16.33,0.0,Neural Network (Specific Model),11,None,399,388,2,kingdom,1.0,0.97,0.0,0.0,0.0,0.8,0.78,True,2,0,0,0
bin.41,27.22,0.04,Neural Network (Specific Model),11,None,966,933,1,kingdom,1.0,0.96,0.0,0.0,0.0,0.8,0.77,True,12,3,3,3
bin.42,24.13,0.01,Neural Network (Specific Model),11,None,777,741,1,kingdom,1.0,0.95,0.0,0.0,0.0,0.8,0.76,True,12,3,3,3
bin.43,19.16,0.01,Neural Network (Specific Model),11,None,672,650,1,kingdom,1.0,0.97,0.0,0.0,0.0,0.78,0.76,True,1,0,0,0
bin.44,17.12,0.02,Neural Network (Specific Model),11,None,588,570,1,kingdom,1.0,0.97,0.0,0.0,0.0,0.8,0.77,True,12,3,3,2
bin.45,29.11,0.23,Neural Network (Specific Model),11,None,1204,1180,30,kingdom,1.0,0.98,0.0,0.0,0.0,0.96,0.94,True,15,3,3,3
bin.46,23.58,0.49,Neural Network (Specific Model),11,None,805,766,24,genus,0.89,0.85,0.31,0.23,0.63,0.92,0.78,True,7,1,0,1
bin.47,14.72,0.4,Neural Network (Specific Model),11,None,710,693,28,kingdom,1.0,0.98,0.0,0.0,0.0,0.97,0.95,True,6,0,0,0
bin.48,9.98,0.0,Neural Network (Specific Model),11,None,399,357,15,genus,0.92,0.83,0.52,0.09,0.2,0.91,0.76,False,1,1,1,1
bin.49,11.17,0.0,Neural Network (Specific Model),11,None,220,214,1,kingdom,1.0,0.97,0.0,0.0,0.0,0.77,0.75,True,4,1,0,1
bin.5,100.0,0.34,Neural Network (Specific Model),11,None,4173,4019,3,family,0.97,0.93,0.05,0.06,0.13,0.96,0.89,True,23,7,8,7
bin.50,28.2,3.45,Neural Network (Specific Model),11,None,867,852,3,kingdom,1.0,0.98,0.0,0.0,0.0,0.79,0.77,True,10,4,4,4
bin.51,7.8,0.0,Neural Network (Specific Model),11,None,187,174,1,kingdom,0.99,0.93,0.0,0.0,0.0,0.76,0.7,True,2,0,0,0
bin.52,21.39,0.13,Neural Network (Specific Model),11,None,679,665,2,class,0.98,0.96,0.01,0.02,0.05,0.76,0.72,True,20,3,3,3
bin.53,63.85,7.39,Neural Network (Specific Model),11,None,2765,2668,19,family,0.94,0.9,0.03,0.31,0.89,0.8,0.72,True,21,4,4,5
bin.54,12.67,0.0,Neural Network (Specific Model),11,None,638,617,1,kingdom,1.0,0.97,0.0,0.0,0.0,0.94,0.9,True,3,0,0,0
bin.55,7.25,0.03,Neural Network (Specific Model),11,None,287,286,13,genus,0.95,0.95,0.01,0.24,0.57,0.99,0.94,True,6,1,1,1
bin.56,7.49,0.0,Neural Network (Specific Model),11,None,301,296,1,kingdom,1.0,0.98,0.0,0.0,0.0,0.94,0.93,True,1,0,0,0
bin.57,15.47,0.11,Neural Network (Specific Model),11,None,462,258,1,kingdom,0.99,0.55,0.0,0.0,0.0,0.44,0.24,True,19,0,0,0
bin.58,6.04,0.06,Neural Network (Specific Model),11,None,371,368,1,kingdom,1.0,0.99,0.0,0.0,0.0,0.97,0.96,True,0,0,0,0
bin.59,34.73,5.1,Neural Network (Specific Model),11,None,853,840,19,genus,0.95,0.94,0.04,0.54,1.73,0.86,0.81,True,16,5,4,4
bin.6,100.0,0.0,Neural Network (Specific Model),11,None,1892,1852,1,kingdom,1.0,0.98,0.0,0.0,0.0,0.86,0.84,True,24,6,7,6
bin.60,9.86,1.58,Neural Network (Specific Model),11,None,282,279,9,genus,0.94,0.93,0.04,0.56,1.88,0.86,0.8,True,1,0,0,0
bin.61,12.13,2.57,Neural Network (Specific Model),11,None,471,453,13,phylum,1.0,0.96,0.34,0.02,0.05,0.87,0.83,True,7,1,1,1
bin.7,100.0,1.79,Neural Network (Specific Model),11,None,3965,3810,1,kingdom,1.0,0.96,0.0,0.0,0.0,0.9,0.87,True,22,6,0,6
bin.8,99.62,0.01,Neural Network (Specific Model),11,None,3342,3226,7,genus,0.93,0.9,0.13,0.03,0.05,0.93,0.83,True,22,6,6,6
bin.9,99.99,0.38,Neural Network (Specific Model),11,None,2982,2810,1,kingdom,1.0,0.94,0.0,0.0,0.0,0.91,0.86,True,23,5,0,5
