,Completeness,Contamination,Completeness_Model_Used,Translation_Table_Used,Additional_Notes,n_genes_called,n_genes_mapped,n_contigs,taxonomic_level,proportion_genes_retained_in_major_clades,genes_retained_index,clade_separation_score,contamination_portion,n_effective_surplus_clades,mean_hit_identity,reference_representation_score,pass.GUNC,tRNA,16S,5S,23S
bin.0,99.94,0.01,Neural Network (Specific Model),11,None,3300,3201,4,family,0.96,0.93,0.03,0.03,0.06,0.96,0.9,True,22,7,7,7
bin.1,99.98,1.42,Neural Network (Specific Model),11,None,2685,2519,3,kingdom,1.0,0.94,0.0,0.0,0.0,0.92,0.86,True,22,7,1,7
bin.10,98.39,3.0,Gradient Boost (General Model),11,None,4097,3866,4,genus,0.82,0.77,0.03,0.08,0.18,0.95,0.73,True,22,9,5,9
bin.11,99.99,1.37,Neural Network (Specific Model),11,None,3374,3105,9,family,0.96,0.88,0.06,0.05,0.1,0.94,0.83,True,22,4,0,4
bin.12,92.37,2.55,Neural Network (Specific Model),11,None,3617,3494,21,family,0.97,0.93,0.25,0.02,0.04,0.97,0.9,True,22,2,6,6
bin.13,90.03,0.48,Neural Network (Specific Model),11,None,1934,1877,10,genus,0.91,0.88,0.08,0.02,0.05,0.95,0.83,True,23,3,3,3
bin.14,99.13,0.2,Gradient Boost (General Model),11,None,2203,2131,1,kingdom,1.0,0.97,0.0,0.0,0.0,0.9,0.87,True,22,3,0,3
bin.15,97.64,1.37,Gradient Boost (General Model),11,None,2975,2919,11,genus,0.91,0.89,0.04,0.03,0.07,0.97,0.86,True,21,3,0,3
bin.16,97.99,5.73,Gradient Boost (General Model),11,None,3975,3752,28,genus,0.94,0.88,0.26,0.04,0.07,0.96,0.85,True,23,5,3,5
bin.17,95.06,2.76,Neural Network (Specific Model),11,None,4054,3925,7,genus,0.93,0.9,0.03,0.06,0.13,0.96,0.87,True,22,4,0,4
bin.18,87.36,1.24,Neural Network (Specific Model),11,None,3038,2858,20,genus,0.87,0.82,0.08,0.08,0.17,0.95,0.78,True,21,3,0,3
bin.19,92.43,1.89,Neural Network (Specific Model),11,None,3406,3286,20,genus,0.94,0.91,0.05,0.03,0.06,0.93,0.84,True,23,1,1,1
bin.2,100.0,0.26,Neural Network (Specific Model),11,None,2569,2419,1,kingdom,1.0,0.94,0.0,0.0,0.0,0.91,0.86,True,23,6,6,6
bin.20,90.59,0.23,Neural Network (Specific Model),11,None,2812,2733,10,family,0.94,0.91,0.04,0.04,0.08,0.95,0.86,True,23,5,5,5
bin.21,88.01,1.77,Neural Network (Specific Model),11,None,4954,4853,36,kingdom,1.0,0.98,0.0,0.0,0.0,0.98,0.96,True,23,8,9,8
bin.22,95.75,0.23,Neural Network (Specific Model),11,None,3489,3379,9,family,0.95,0.92,0.05,0.03,0.06,0.95,0.88,True,23,6,6,7
bin.23,84.1,3.83,Neural Network (Specific Model),11,None,3521,3349,34,kingdom,1.0,0.95,0.0,0.0,0.0,0.93,0.88,True,20,1,1,1
bin.24,83.56,0.18,Neural Network (Specific Model),11,None,2518,2436,5,family,0.92,0.89,0.01,0.57,1.75,0.73,0.65,True,17,3,3,3
bin.25,95.45,0.36,Gradient Boost (General Model),11,None,3023,2784,12,family,0.88,0.81,0.05,0.39,1.11,0.74,0.6,True,23,6,6,6
bin.26,82.88,2.5,Neural Network (Specific Model),11,None,2637,2514,24,genus,0.86,0.82,0.17,0.06,0.12,0.88,0.72,True,23,6,4,5
bin.27,85.47,0.43,Neural Network (Specific Model),11,None,3334,3255,7,kingdom,1.0,0.98,0.0,0.0,0.0,0.94,0.91,True,21,4,4,4
bin.28,78.07,0.7,Neural Network (Specific Model),11,None,3018,2908,25,class,0.98,0.94,0.04,0.02,0.05,0.8,0.75,True,22,3,3,2
bin.29,76.85,0.85,Neural Network (Specific Model),11,None,1936,1833,34,kingdom,1.0,0.95,0.0,0.0,0.0,0.93,0.88,True,21,2,0,4
bin.3,99.98,0.09,Neural Network (Specific Model),11,None,2418,2358,1,kingdom,1.0,0.98,0.0,0.0,0.0,0.95,0.92,True,23,7,7,7
bin.30,82.47,1.66,Neural Network (Specific Model),11,None,1831,1753,36,kingdom,1.0,0.96,0.0,0.0,0.0,0.95,0.91,True,22,4,0,3
bin.31,81.58,1.02,Neural Network (Specific Model),11,None,3474,3337,13,family,0.94,0.91,0.07,0.06,0.14,0.94,0.85,True,22,2,2,2
bin.32,86.23,1.43,Neural Network (Specific Model),11,None,5610,5299,12,kingdom,1.0,0.94,0.0,0.0,0.0,0.88,0.83,True,21,4,5,4
bin.33,73.79,2.65,Gradient Boost (General Model),11,None,2359,2128,41,class,0.95,0.86,0.12,0.03,0.06,0.74,0.64,True,19,6,2,5
bin.34,71.86,6.83,Gradient Boost (General Model),11,None,2793,2514,28,order,0.96,0.86,0.04,0.28,0.7,0.66,0.57,True,22,4,3,4
bin.35,54.69,0.27,Neural Network (Specific Model),11,None,1567,1514,5,genus,0.86,0.83,0.03,0.16,0.4,0.95,0.79,True,12,2,0,2
bin.36,82.94,6.19,Neural Network (Specific Model),11,None,2915,2826,24,genus,0.83,0.81,0.42,0.1,0.23,0.97,0.78,True,20,3,1,3
bin.37,80.79,0.19,Neural Network (Specific Model),11,None,4082,3972,24,kingdom,1.0,0.97,0.0,0.0,0.0,0.93,0.91,True,19,1,3,1
bin.38,55.59,4.1,Gradient Boost (General Model),11,None,6006,5618,37,kingdom,1.0,0.94,0.0,0.0,0.0,0.92,0.86,True,23,5,6,5
bin.39,81.98,6.84,Neural Network (Specific Model),11,None,5708,5426,58,family,0.91,0.87,0.12,0.18,0.45,0.86,0.75,True,24,3,0,2
bin.4,99.92,1.93,Neural Network (Specific Model),11,None,3518,3392,4,family,0.92,0.89,0.04,0.06,0.13,0.93,0.83,True,22,5,5,5
bin.40,49.48,0.43,Neural Network (Specific Model),11,None,1390,1311,22,genus,0.92,0.87,0.11,0.02,0.05,0.96,0.84,True,14,0,0,0
bin.41,81.08,7.45,Neural Network (Specific Model),11,None,3755,3670,32,kingdom,1.0,0.98,0.0,0.0,0.0,0.95,0.93,True,21,3,2,3
bin.42,43.84,0.99,Neural Network (Specific Model),11,None,2421,2217,18,genus,0.85,0.78,0.07,0.09,0.2,0.92,0.71,True,20,2,0,2
bin.43,48.25,8.94,Gradient Boost (General Model),4,None,5700,5265,51,kingdom,1.0,0.92,0.0,0.0,0.0,0.9,0.83,True,20,5,0,5
bin.44,38.88,3.17,Neural Network (Specific Model),11,None,1501,1420,39,family,0.96,0.91,0.32,0.04,0.09,0.95,0.87,True,12,0,0,0
bin.45,59.08,8.09,Neural Network (Specific Model),11,None,2032,1933,34,genus,0.85,0.81,0.48,0.13,0.31,0.93,0.75,False,15,3,2,2
bin.46,47.56,0.35,Neural Network (Specific Model),11,None,1710,1628,11,order,0.95,0.91,0.02,0.03,0.07,0.71,0.65,True,14,0,0,0
bin.47,39.72,0.76,Neural Network (Specific Model),11,None,1355,1289,28,genus,0.89,0.84,0.09,0.19,0.44,0.93,0.78,True,11,1,1,0
bin.48,42.49,2.13,Neural Network (Specific Model),11,None,3021,2833,47,kingdom,1.0,0.94,0.0,0.0,0.0,0.9,0.84,True,13,2,1,2
bin.49,34.03,4.21,Gradient Boost (General Model),11,None,8212,7695,13,kingdom,1.0,0.94,0.0,0.0,0.0,0.92,0.87,True,23,5,5,5
bin.5,100.0,1.47,Neural Network (Specific Model),11,None,4201,4030,5,kingdom,1.0,0.96,0.0,0.0,0.0,0.93,0.89,True,22,7,7,7
bin.50,35.9,2.31,Neural Network (Specific Model),4,None,4527,4154,16,genus,0.89,0.82,0.24,0.04,0.08,0.9,0.74,True,23,4,3,4
bin.51,30.13,0.76,Neural Network (Specific Model),11,None,964,898,3,family,0.95,0.88,0.01,0.55,1.64,0.72,0.63,True,8,0,0,0
bin.52,55.66,3.33,Gradient Boost (General Model),11,None,1813,1744,19,genus,0.82,0.79,0.03,0.64,3.34,0.72,0.56,True,15,0,0,0
bin.53,30.82,3.56,Neural Network (Specific Model),11,None,984,928,19,family,0.93,0.88,0.05,0.58,2.06,0.72,0.64,True,9,1,0,0
bin.54,24.27,0.79,Neural Network (Specific Model),11,None,933,890,29,genus,0.96,0.92,0.04,0.08,0.16,0.95,0.87,True,6,0,0,0
bin.55,17.26,0.12,Neural Network (Specific Model),11,None,648,589,15,class,0.97,0.88,0.13,0.06,0.12,0.72,0.63,True,10,0,0,0
bin.56,27.71,2.28,Neural Network (Specific Model),11,None,2875,2165,35,class,0.94,0.71,0.02,0.14,0.32,0.63,0.45,True,22,3,4,4
bin.57,25.08,0.77,Neural Network (Specific Model),11,None,1786,1714,23,kingdom,1.0,0.96,0.0,0.0,0.0,0.96,0.92,True,10,0,0,0
bin.58,17.83,0.01,Neural Network (Specific Model),11,None,559,506,1,kingdom,1.0,0.91,0.0,0.0,0.0,0.72,0.66,True,1,0,0,0
bin.59,19.88,0.09,Neural Network (Specific Model),11,None,818,708,17,order,0.92,0.8,0.18,0.04,0.08,0.68,0.54,True,3,0,0,0
bin.6,99.97,0.61,Neural Network (Specific Model),11,None,2479,2419,11,family,0.95,0.92,0.05,0.04,0.08,0.93,0.86,True,22,5,5,5
bin.60,20.47,0.02,Neural Network (Specific Model),11,None,766,751,1,kingdom,1.0,0.98,0.0,0.0,0.0,0.9,0.88,True,15,2,0,2
bin.61,12.53,0.18,Neural Network (Specific Model),11,None,381,372,1,kingdom,1.0,0.98,0.0,0.0,0.0,0.94,0.92,True,4,2,1,2
bin.62,25.18,1.17,Neural Network (Specific Model),4,None,1708,1418,37,genus,0.75,0.62,0.06,0.31,1.0,0.72,0.45,True,12,1,1,1
bin.63,10.95,0.0,Neural Network (Specific Model),11,None,418,410,1,kingdom,1.0,0.98,0.0,0.0,0.0,0.75,0.73,True,16,2,2,2
bin.64,7.89,0.0,Neural Network (Specific Model),11,None,315,296,8,genus,0.89,0.84,0.15,0.08,0.18,0.84,0.7,True,1,1,0,0
bin.65,8.29,0.27,Neural Network (Specific Model),11,None,421,397,5,genus,0.86,0.81,0.08,0.59,3.05,0.82,0.67,True,9,0,0,0
bin.66,13.24,0.1,Neural Network (Specific Model),11,None,419,385,14,family,0.91,0.84,0.27,0.03,0.06,0.92,0.78,True,4,0,0,0
bin.67,13.18,0.0,Neural Network (Specific Model),11,None,520,515,2,kingdom,1.0,0.99,0.0,0.0,0.0,0.97,0.96,True,3,0,0,0
bin.68,6.92,0.0,Neural Network (Specific Model),11,None,266,252,1,kingdom,1.0,0.95,0.0,0.0,0.0,0.95,0.9,True,3,0,0,0
bin.69,5.97,0.0,Neural Network (Specific Model),11,None,273,263,1,kingdom,1.0,0.96,0.0,0.0,0.0,0.97,0.93,True,1,0,0,0
bin.7,90.68,1.46,Neural Network (Specific Model),11,None,3115,3007,21,family,0.97,0.94,0.19,0.04,0.08,0.96,0.9,True,22,4,4,4
bin.70,8.93,2.15,Neural Network (Specific Model),11,None,1155,867,25,kingdom,1.0,0.75,0.0,0.0,0.0,0.8,0.6,True,12,0,0,0
bin.71,4.03,0.1,Neural Network (Specific Model),11,None,239,220,2,phylum,1.0,0.92,0.1,0.08,0.18,0.87,0.8,True,0,0,0,0
bin.72,4.12,0.01,Neural Network (Specific Model),11,None,376,344,4,family,0.98,0.9,0.03,0.04,0.08,0.91,0.82,True,4,0,0,0
bin.73,7.08,0.0,Neural Network (Specific Model),11,None,234,187,1,kingdom,1.0,0.8,0.0,0.0,0.0,0.68,0.55,True,0,0,0,0
bin.74,5.16,0.0,Neural Network (Specific Model),11,None,264,245,3,order,0.98,0.91,0.06,0.03,0.05,0.84,0.76,True,0,0,0,0
bin.75,6.23,0.08,Neural Network (Specific Model),11,None,327,177,18,phylum,0.97,0.52,0.54,0.1,0.22,0.65,0.34,False,0,0,0,0
bin.76,7.22,0.12,Neural Network (Specific Model),11,None,382,373,18,genus,0.95,0.93,0.7,0.51,1.47,0.98,0.91,False,1,0,0,0
bin.77,4.29,0.01,Neural Network (Specific Model),11,None,684,608,12,genus,0.9,0.8,0.01,0.52,1.88,0.8,0.64,True,9,1,1,1
bin.78,7.97,1.34,Neural Network (Specific Model),11,None,214,209,7,genus,0.83,0.81,0.02,0.62,2.35,0.73,0.59,True,3,0,0,0
bin.8,98.34,0.05,Gradient Boost (General Model),11,None,2666,2614,5,family,0.93,0.91,0.01,0.23,0.6,0.93,0.84,True,22,6,6,7
bin.9,99.01,0.45,Gradient Boost (General Model),11,None,2550,2469,1,kingdom,1.0,0.97,0.0,0.0,0.0,0.92,0.89,True,23,5,5,5
