,Completeness,Contamination,Completeness_Model_Used,Translation_Table_Used,Additional_Notes,n_genes_called,n_genes_mapped,n_contigs,taxonomic_level,proportion_genes_retained_in_major_clades,genes_retained_index,clade_separation_score,contamination_portion,n_effective_surplus_clades,mean_hit_identity,reference_representation_score,pass.GUNC,tRNA,16S,5S,23S
bin.0,93.75,1.51,Gradient Boost (General Model),11,None,2091,1949,9,class,0.93,0.87,0.01,0.27,0.7,0.56,0.49,True,19,3,3,3
bin.1,100.0,6.71,Gradient Boost (General Model),11,None,2149,2048,1,kingdom,1.0,0.95,0.0,0.0,0.0,0.65,0.61,True,22,2,2,2
bin.10,97.65,0.24,Neural Network (Specific Model),11,None,1599,1541,1,kingdom,1.0,0.96,0.0,0.0,0.0,0.68,0.65,True,23,2,2,2
bin.100,65.8,6.47,Gradient Boost (General Model),11,None,3171,2748,77,phylum,0.81,0.7,0.04,0.75,6.03,0.49,0.34,True,17,2,0,2
bin.101,49.72,3.46,Neural Network (Specific Model),11,None,1453,1393,19,order,0.86,0.82,0.14,0.05,0.1,0.88,0.72,True,16,2,2,2
bin.102,48.67,0.17,Neural Network (Specific Model),11,None,824,792,9,family,0.87,0.83,0.03,0.31,0.84,0.7,0.58,True,16,2,2,2
bin.103,47.41,0.65,Gradient Boost (General Model),11,None,1634,1484,25,phylum,0.92,0.83,0.06,0.03,0.05,0.63,0.53,True,16,1,1,1
bin.104,35.86,1.96,Neural Network (Specific Model),11,None,681,626,11,family,0.83,0.76,0.03,0.47,1.89,0.59,0.45,True,14,1,1,1
bin.105,56.5,0.16,Gradient Boost (General Model),11,None,1820,1571,40,order,0.55,0.48,0.05,0.46,2.07,0.51,0.24,True,15,1,0,1
bin.106,59.81,1.62,Gradient Boost (General Model),11,None,1137,1059,22,family,0.78,0.72,0.06,0.35,1.16,0.63,0.46,True,14,1,1,1
bin.107,72.24,0.34,Gradient Boost (General Model),11,None,437,392,7,phylum,0.77,0.69,0.04,0.76,4.92,0.56,0.39,True,17,1,0,1
bin.108,55.03,1.58,Gradient Boost (General Model),11,None,1143,1102,23,class,0.95,0.92,0.08,0.05,0.1,0.65,0.59,True,17,1,1,1
bin.109,71.99,9.15,Gradient Boost (General Model),11,None,4898,3879,98,phylum,0.79,0.62,0.05,0.39,1.31,0.51,0.31,True,22,2,0,1
bin.11,99.11,3.25,Gradient Boost (General Model),11,None,1803,1757,6,class,0.95,0.93,0.08,0.04,0.09,0.95,0.88,True,22,2,0,2
bin.110,26.76,0.0,Neural Network (Specific Model),11,None,394,383,1,kingdom,1.0,0.97,0.0,0.0,0.0,0.62,0.6,True,15,1,1,1
bin.111,20.27,0.0,Neural Network (Specific Model),11,None,568,519,2,kingdom,0.99,0.91,0.0,0.0,0.0,0.55,0.5,True,9,0,0,0
bin.112,69.96,2.8,Gradient Boost (General Model),11,None,444,378,7,kingdom,1.0,0.85,0.0,0.03,0.06,0.53,0.45,True,15,0,0,1
bin.113,51.91,1.29,Gradient Boost (General Model),11,None,1255,985,22,class,0.52,0.41,0.09,0.26,0.77,0.48,0.2,True,11,0,0,0
bin.114,50.42,7.27,Neural Network (Specific Model),11,None,1943,1823,17,order,0.89,0.83,0.03,0.22,0.59,0.61,0.51,True,16,0,0,0
bin.115,12.17,0.11,Neural Network (Specific Model),11,None,393,380,2,family,0.82,0.8,0.01,0.55,2.49,0.62,0.5,True,21,2,2,2
bin.116,31.32,0.48,Neural Network (Specific Model),11,None,576,538,4,genus,0.77,0.72,0.09,0.03,0.06,0.63,0.45,True,14,1,1,1
bin.117,31.11,0.97,Neural Network (Specific Model),11,None,1389,1118,33,class,0.61,0.49,0.08,0.71,5.98,0.46,0.22,True,9,0,0,0
bin.118,16.18,0.12,Neural Network (Specific Model),11,None,309,303,1,kingdom,0.99,0.97,0.0,0.0,0.0,0.61,0.59,True,12,1,1,1
bin.119,42.76,3.69,Neural Network (Specific Model),11,None,1084,973,28,family,0.83,0.75,0.06,0.3,0.9,0.68,0.5,True,12,1,0,1
bin.12,96.22,2.42,Gradient Boost (General Model),11,None,2000,1777,11,class,0.91,0.81,0.02,0.67,3.83,0.53,0.43,True,22,2,2,2
bin.120,46.37,0.68,Gradient Boost (General Model),11,None,1320,1198,21,order,0.82,0.75,0.07,0.57,2.3,0.59,0.44,True,17,1,1,1
bin.121,52.01,4.12,Gradient Boost (General Model),11,None,2336,2116,49,class,0.91,0.82,0.07,0.2,0.51,0.6,0.49,True,14,0,0,0
bin.122,22.61,0.02,Neural Network (Specific Model),11,None,506,483,2,family,0.85,0.81,0.01,0.36,1.29,0.65,0.53,True,8,0,0,0
bin.123,23.13,0.08,Neural Network (Specific Model),11,None,646,614,14,genus,0.72,0.68,0.25,0.03,0.07,0.7,0.48,True,13,0,0,0
bin.124,60.74,4.76,Neural Network (Specific Model),11,None,2278,2247,29,family,0.89,0.88,0.27,0.06,0.13,0.94,0.83,True,18,1,1,1
bin.125,26.82,0.7,Neural Network (Specific Model),11,None,1331,1211,25,family,0.81,0.74,0.17,0.21,0.54,0.74,0.55,True,11,2,2,2
bin.126,14.29,0.01,Neural Network (Specific Model),11,None,411,390,10,genus,0.68,0.65,0.39,0.09,0.19,0.67,0.43,True,8,0,1,1
bin.127,57.04,1.06,Neural Network (Specific Model),11,None,1022,965,3,phylum,0.98,0.92,0.01,0.17,0.42,0.63,0.59,True,16,1,1,1
bin.128,12.65,0.03,Neural Network (Specific Model),11,None,347,323,1,kingdom,0.99,0.92,0.0,0.0,0.0,0.62,0.57,True,13,2,2,1
bin.129,53.18,5.34,Neural Network (Specific Model),11,None,1407,1362,33,order,0.95,0.92,0.2,0.03,0.07,0.81,0.74,True,15,1,1,2
bin.13,96.09,3.95,Gradient Boost (General Model),11,None,4077,3591,17,phylum,0.87,0.77,0.01,0.19,0.5,0.56,0.43,True,23,2,1,1
bin.130,21.57,0.52,Neural Network (Specific Model),11,None,971,820,31,kingdom,1.0,0.84,0.13,0.04,0.08,0.51,0.43,True,6,0,0,0
bin.131,14.97,0.0,Neural Network (Specific Model),11,None,242,215,1,kingdom,1.0,0.88,0.0,0.0,0.0,0.54,0.48,True,12,1,1,1
bin.132,9.46,0.09,Neural Network (Specific Model),11,None,294,278,8,phylum,0.9,0.85,0.15,0.03,0.06,0.64,0.54,True,6,0,0,0
bin.133,69.88,10.06,Gradient Boost (General Model),11,None,996,847,15,phylum,0.76,0.65,0.03,0.79,7.04,0.51,0.33,True,20,1,0,1
bin.134,6.98,0.02,Neural Network (Specific Model),11,None,211,201,1,kingdom,0.99,0.94,0.0,0.0,0.0,0.62,0.59,True,7,0,0,0
bin.135,10.24,0.0,Neural Network (Specific Model),11,None,408,349,1,kingdom,1.0,0.86,0.0,0.0,0.0,0.54,0.47,True,6,0,0,0
bin.136,35.63,0.07,Neural Network (Specific Model),11,None,1055,935,36,phylum,0.83,0.74,0.09,0.11,0.26,0.52,0.38,True,11,0,0,0
bin.137,52.36,1.07,Neural Network (Specific Model),11,None,1306,1204,22,phylum,0.92,0.85,0.15,0.04,0.08,0.58,0.49,True,17,0,0,0
bin.138,13.77,5.54,Neural Network (Specific Model),11,None,526,505,4,family,0.81,0.78,0.02,0.38,1.2,0.67,0.52,True,3,0,0,0
bin.139,10.19,0.0,Neural Network (Specific Model),11,None,287,265,1,kingdom,0.99,0.91,0.0,0.0,0.0,0.6,0.55,True,8,1,1,1
bin.14,98.5,0.04,Gradient Boost (General Model),11,None,2135,2066,2,kingdom,1.0,0.97,0.0,0.0,0.0,0.64,0.62,True,22,3,3,3
bin.140,24.09,0.75,Neural Network (Specific Model),11,None,987,961,21,order,0.9,0.88,0.15,0.3,0.8,0.73,0.64,True,7,0,0,0
bin.141,25.6,0.8,Neural Network (Specific Model),11,None,1213,1137,20,genus,0.62,0.58,0.5,0.39,1.24,0.82,0.48,False,6,0,0,0
bin.142,44.15,0.62,Neural Network (Specific Model),11,None,1764,1381,38,order,0.62,0.49,0.09,0.26,0.71,0.5,0.24,True,16,3,0,3
bin.143,47.22,12.61,Gradient Boost (General Model),11,None,2222,1972,18,phylum,0.83,0.74,0.03,0.1,0.22,0.55,0.41,True,20,2,2,2
bin.144,48.68,0.64,Neural Network (Specific Model),11,None,1083,1016,23,phylum,0.9,0.85,0.23,0.14,0.34,0.57,0.49,True,13,0,0,0
bin.145,23.99,0.14,Neural Network (Specific Model),11,None,247,208,2,kingdom,1.0,0.84,0.0,0.03,0.06,0.51,0.43,True,12,2,0,1
bin.146,9.11,0.02,Neural Network (Specific Model),11,None,240,221,1,kingdom,1.0,0.92,0.0,0.0,0.0,0.72,0.66,True,2,0,0,0
bin.147,29.37,0.02,Neural Network (Specific Model),11,None,607,556,12,class,0.85,0.78,0.03,0.16,0.39,0.55,0.43,True,10,1,1,1
bin.148,25.6,0.37,Neural Network (Specific Model),11,None,1678,1378,58,class,0.69,0.57,0.13,0.24,0.67,0.54,0.3,True,9,1,1,1
bin.149,43.2,5.07,Gradient Boost (General Model),11,None,1422,1340,31,genus,0.47,0.44,0.2,0.42,1.62,0.63,0.28,True,17,0,0,0
bin.15,96.95,1.82,Gradient Boost (General Model),11,None,2227,1970,12,family,0.73,0.64,0.01,0.54,2.82,0.58,0.37,True,21,2,1,2
bin.150,11.5,0.2,Neural Network (Specific Model),11,None,338,304,10,phylum,0.89,0.8,0.43,0.35,1.01,0.63,0.51,True,3,0,2,1
bin.151,15.62,0.0,Neural Network (Specific Model),11,None,314,305,2,order,0.9,0.88,0.04,0.13,0.3,0.71,0.62,True,11,0,0,0
bin.152,38.7,0.05,Neural Network (Specific Model),11,None,663,634,7,order,0.94,0.9,0.06,0.1,0.23,0.67,0.61,True,7,0,0,0
bin.153,22.74,0.63,Neural Network (Specific Model),11,None,834,706,29,class,0.66,0.56,0.22,0.77,6.17,0.52,0.29,True,8,0,0,0
bin.154,98.53,0.64,Neural Network (Specific Model),11,None,2347,2198,1,kingdom,1.0,0.94,0.0,0.06,0.12,0.78,0.73,True,19,2,2,2
bin.155,9.86,0.06,Neural Network (Specific Model),11,None,202,187,6,phylum,0.97,0.9,0.19,0.02,0.04,0.64,0.58,True,2,0,0,0
bin.156,18.84,1.02,Neural Network (Specific Model),11,None,774,680,17,phylum,0.92,0.81,0.12,0.02,0.05,0.57,0.46,True,8,0,0,0
bin.157,32.06,0.27,Neural Network (Specific Model),11,None,546,519,1,kingdom,1.0,0.95,0.0,0.0,0.0,0.58,0.55,True,12,1,1,1
bin.158,4.93,0.0,Neural Network (Specific Model),11,None,208,188,2,class,0.98,0.89,0.02,0.25,0.65,0.65,0.58,True,0,0,0,0
bin.159,32.46,0.0,Neural Network (Specific Model),11,None,245,216,1,kingdom,1.0,0.88,0.0,0.03,0.07,0.51,0.45,True,15,0,0,0
bin.16,97.9,0.63,Gradient Boost (General Model),11,None,3321,3118,3,family,0.74,0.69,0.01,0.14,0.35,0.65,0.45,True,22,1,2,1
bin.160,24.84,0.01,Neural Network (Specific Model),11,None,638,619,1,kingdom,1.0,0.97,0.0,0.0,0.0,0.69,0.67,True,11,1,1,1
bin.161,95.93,0.07,Gradient Boost (General Model),11,None,1636,1554,1,kingdom,1.0,0.95,0.0,0.06,0.13,0.86,0.82,True,21,1,1,1
bin.162,11.68,3.46,Neural Network (Specific Model),11,None,567,530,3,order,0.84,0.78,0.03,0.11,0.24,0.71,0.56,True,5,2,2,2
bin.163,40.15,3.14,Neural Network (Specific Model),11,None,1246,1183,32,family,0.78,0.74,0.14,0.52,2.62,0.62,0.46,True,16,3,3,3
bin.164,29.56,0.06,Neural Network (Specific Model),11,None,547,479,13,genus,0.68,0.59,0.03,0.65,3.31,0.53,0.31,True,19,1,0,1
bin.165,36.71,5.05,Neural Network (Specific Model),11,None,835,775,8,class,0.91,0.85,0.06,0.04,0.07,0.59,0.5,True,8,0,0,0
bin.166,34.62,1.52,Neural Network (Specific Model),11,None,250,217,7,phylum,0.78,0.68,0.02,0.72,3.89,0.54,0.37,True,11,0,0,1
bin.167,14.72,0.07,Neural Network (Specific Model),11,None,272,220,6,genus,0.65,0.53,0.03,0.74,4.62,0.52,0.28,True,1,0,0,0
bin.168,27.9,0.52,Neural Network (Specific Model),11,None,769,737,11,phylum,0.94,0.9,0.24,0.1,0.22,0.71,0.64,True,16,1,0,0
bin.169,43.32,4.57,Neural Network (Specific Model),11,None,1133,1068,24,genus,0.74,0.7,0.11,0.07,0.16,0.72,0.5,True,16,0,0,0
bin.17,97.37,4.13,Gradient Boost (General Model),11,None,2700,2553,9,phylum,0.9,0.85,0.05,0.02,0.05,0.64,0.54,True,23,5,4,4
bin.170,33.79,0.31,Neural Network (Specific Model),11,None,884,816,21,class,0.95,0.88,0.02,0.24,0.68,0.6,0.53,True,10,0,0,0
bin.171,37.72,1.04,Neural Network (Specific Model),11,None,1456,1360,32,class,0.85,0.79,0.07,0.06,0.14,0.65,0.51,True,10,0,0,0
bin.172,28.51,0.01,Neural Network (Specific Model),11,None,739,713,4,genus,0.72,0.7,0.06,0.23,0.63,0.68,0.48,True,13,1,1,1
bin.173,22.81,0.15,Neural Network (Specific Model),11,None,894,816,25,phylum,0.85,0.78,0.18,0.04,0.09,0.64,0.5,True,9,0,0,0
bin.174,47.0,4.82,Gradient Boost (General Model),11,None,1998,1684,41,class,0.58,0.49,0.17,0.69,3.44,0.53,0.26,True,8,0,0,0
bin.175,21.46,0.51,Neural Network (Specific Model),11,None,765,657,13,class,0.76,0.65,0.06,0.14,0.33,0.56,0.36,True,10,1,1,1
bin.176,19.72,0.11,Neural Network (Specific Model),11,None,410,396,7,genus,0.86,0.83,0.17,0.08,0.18,0.74,0.61,True,13,0,0,0
bin.177,19.49,0.05,Neural Network (Specific Model),11,None,868,835,23,genus,0.91,0.88,0.16,0.1,0.21,0.97,0.85,True,14,0,0,0
bin.178,33.31,0.04,Neural Network (Specific Model),11,None,1496,1231,34,phylum,0.79,0.65,0.03,0.68,4.92,0.46,0.3,True,10,0,0,0
bin.179,44.1,0.57,Neural Network (Specific Model),11,None,2324,1882,58,phylum,0.79,0.64,0.11,0.73,5.81,0.48,0.3,True,7,0,0,0
bin.18,95.69,0.7,Gradient Boost (General Model),11,None,2236,2138,18,genus,0.44,0.42,0.05,0.65,3.53,0.6,0.25,True,23,4,4,4
bin.180,37.14,4.04,Neural Network (Specific Model),11,None,1265,1182,30,order,0.88,0.82,0.24,0.18,0.43,0.64,0.53,True,11,0,0,0
bin.181,14.58,0.16,Neural Network (Specific Model),11,None,452,422,13,order,0.9,0.84,0.18,0.23,0.6,0.61,0.52,True,5,0,0,0
bin.182,18.99,0.96,Neural Network (Specific Model),11,None,587,537,20,phylum,0.79,0.73,0.1,0.46,1.99,0.51,0.37,True,9,1,0,0
bin.183,15.16,0.02,Neural Network (Specific Model),11,None,773,650,24,phylum,0.81,0.68,0.07,0.7,4.37,0.53,0.36,True,4,0,0,0
bin.184,35.74,0.23,Neural Network (Specific Model),11,None,1591,1211,37,phylum,0.79,0.6,0.03,0.44,1.65,0.49,0.29,True,13,0,0,0
bin.185,20.59,0.37,Neural Network (Specific Model),11,None,567,514,9,class,0.81,0.74,0.04,0.16,0.38,0.55,0.4,True,1,0,0,0
bin.186,15.93,0.0,Neural Network (Specific Model),11,None,477,424,12,order,0.84,0.75,0.16,0.5,1.66,0.62,0.47,True,5,0,0,0
bin.187,10.62,0.07,Neural Network (Specific Model),11,None,193,181,1,kingdom,1.0,0.94,0.0,0.0,0.0,0.62,0.58,True,3,1,1,1
bin.188,12.28,0.0,Neural Network (Specific Model),11,None,266,249,1,kingdom,0.99,0.93,0.0,0.0,0.0,0.66,0.62,True,6,0,0,0
bin.189,14.65,1.07,Neural Network (Specific Model),11,None,667,608,22,phylum,0.91,0.83,0.2,0.26,0.74,0.58,0.49,True,8,0,0,0
bin.19,97.01,0.33,Neural Network (Specific Model),11,None,1702,1573,1,kingdom,0.99,0.92,0.0,0.0,0.0,0.55,0.51,True,22,2,2,2
bin.190,13.62,0.18,Neural Network (Specific Model),11,None,297,267,1,kingdom,1.0,0.9,0.0,0.0,0.0,0.59,0.53,True,4,0,0,0
bin.191,22.27,0.0,Neural Network (Specific Model),11,None,514,489,4,class,0.93,0.88,0.04,0.04,0.08,0.59,0.52,True,3,1,1,1
bin.192,62.75,2.64,Neural Network (Specific Model),11,None,691,515,9,kingdom,1.0,0.75,0.04,0.24,0.58,0.47,0.35,True,16,1,0,1
bin.193,23.87,0.02,Neural Network (Specific Model),11,None,721,662,22,genus,0.66,0.61,0.09,0.7,4.46,0.57,0.35,True,4,0,0,0
bin.194,22.82,0.0,Neural Network (Specific Model),11,None,223,181,1,kingdom,0.99,0.81,0.0,0.0,0.0,0.53,0.43,True,11,1,0,1
bin.195,17.92,0.4,Neural Network (Specific Model),11,None,284,262,10,family,0.62,0.57,0.14,0.25,0.72,0.6,0.34,True,9,0,0,0
bin.196,19.69,0.26,Neural Network (Specific Model),11,None,621,575,13,genus,0.74,0.68,0.08,0.44,1.87,0.64,0.44,True,11,0,0,0
bin.197,18.25,0.22,Neural Network (Specific Model),11,None,752,709,3,class,0.94,0.88,0.02,0.23,0.61,0.62,0.54,True,14,1,1,1
bin.198,13.44,0.06,Neural Network (Specific Model),11,None,525,423,18,order,0.56,0.45,0.28,0.68,4.06,0.52,0.23,True,2,0,0,0
bin.199,24.3,0.63,Neural Network (Specific Model),11,None,1172,1085,41,phylum,0.88,0.82,0.1,0.18,0.46,0.6,0.49,True,9,1,1,1
bin.2,95.02,0.17,Neural Network (Specific Model),11,None,1634,1583,5,class,0.97,0.94,0.08,0.02,0.05,0.77,0.72,True,22,2,2,2
bin.20,100.0,2.55,Gradient Boost (General Model),11,None,3319,3241,10,order,0.93,0.91,0.03,0.02,0.04,0.97,0.88,True,23,1,1,1
bin.200,10.9,0.0,Neural Network (Specific Model),11,None,214,203,1,kingdom,1.0,0.94,0.0,0.0,0.0,0.54,0.51,True,7,0,0,0
bin.201,11.35,0.0,Neural Network (Specific Model),11,None,221,205,1,kingdom,1.0,0.92,0.0,0.0,0.0,0.54,0.5,True,7,0,0,0
bin.202,16.44,0.0,Neural Network (Specific Model),11,None,308,291,8,genus,0.59,0.56,0.35,0.21,0.58,0.62,0.35,True,8,0,0,0
bin.203,28.93,0.42,Neural Network (Specific Model),11,None,1045,934,17,class,0.88,0.78,0.07,0.12,0.26,0.6,0.47,True,8,0,0,0
bin.204,11.64,0.02,Neural Network (Specific Model),11,None,192,184,1,kingdom,1.0,0.96,0.0,0.0,0.0,0.59,0.56,True,7,0,0,0
bin.205,15.45,0.06,Neural Network (Specific Model),11,None,327,311,13,family,0.84,0.8,0.15,0.37,1.3,0.6,0.48,True,4,0,0,0
bin.206,17.44,0.3,Neural Network (Specific Model),11,None,437,411,10,genus,0.5,0.47,0.29,0.39,1.42,0.66,0.31,True,14,0,0,0
bin.207,18.72,0.03,Neural Network (Specific Model),11,None,623,529,12,family,0.69,0.59,0.06,0.79,6.6,0.53,0.31,True,4,0,0,0
bin.208,38.81,3.19,Neural Network (Specific Model),11,None,1139,1074,9,genus,0.51,0.48,0.09,0.11,0.24,0.63,0.3,True,13,1,1,1
bin.209,11.27,0.27,Neural Network (Specific Model),11,None,195,189,2,class,0.95,0.92,0.05,0.03,0.07,0.72,0.66,True,9,3,2,3
bin.21,96.77,0.26,Gradient Boost (General Model),11,None,2929,2772,1,kingdom,1.0,0.94,0.0,0.0,0.0,0.57,0.54,True,22,1,1,1
bin.210,16.19,0.0,Neural Network (Specific Model),11,None,203,202,1,kingdom,0.99,0.98,0.0,0.0,0.0,0.62,0.61,True,1,0,0,0
bin.211,8.31,0.01,Neural Network (Specific Model),11,None,210,204,1,kingdom,1.0,0.97,0.0,0.0,0.0,0.55,0.53,True,2,0,0,0
bin.212,10.11,0.0,Neural Network (Specific Model),11,None,296,287,12,genus,0.82,0.79,0.75,0.37,1.15,0.76,0.6,False,3,0,0,0
bin.213,13.57,0.01,Neural Network (Specific Model),11,None,412,370,10,order,0.81,0.73,0.02,0.44,1.66,0.57,0.42,True,8,0,0,0
bin.214,16.29,0.0,Neural Network (Specific Model),11,None,285,271,1,kingdom,1.0,0.95,0.0,0.0,0.0,0.66,0.63,True,5,2,2,2
bin.215,19.44,0.21,Neural Network (Specific Model),11,None,510,471,13,phylum,0.94,0.87,0.1,0.09,0.2,0.58,0.5,True,2,0,0,0
bin.216,19.58,0.5,Neural Network (Specific Model),11,None,633,603,3,phylum,0.95,0.9,0.02,0.27,0.76,0.59,0.53,True,6,0,0,0
bin.217,7.55,0.0,Neural Network (Specific Model),11,None,170,161,1,kingdom,1.0,0.95,0.0,0.0,0.0,0.65,0.62,True,4,1,0,1
bin.218,16.56,0.0,Neural Network (Specific Model),11,None,339,293,2,kingdom,1.0,0.86,0.0,0.0,0.0,0.49,0.42,True,13,1,1,1
bin.219,13.04,0.01,Neural Network (Specific Model),11,None,621,566,22,phylum,0.86,0.79,0.08,0.09,0.19,0.6,0.47,True,2,0,0,0
bin.22,93.8,3.39,Gradient Boost (General Model),11,None,2005,1919,1,kingdom,1.0,0.96,0.0,0.03,0.05,0.59,0.57,True,23,2,2,2
bin.220,23.22,0.03,Neural Network (Specific Model),11,None,889,766,24,kingdom,1.0,0.86,0.09,0.02,0.05,0.49,0.42,True,3,1,1,1
bin.221,19.02,1.86,Neural Network (Specific Model),11,None,874,771,28,class,0.75,0.66,0.09,0.31,0.91,0.53,0.35,True,4,1,1,1
bin.222,9.93,0.0,Neural Network (Specific Model),11,None,209,202,2,genus,0.87,0.84,0.02,0.07,0.16,0.69,0.59,True,9,1,1,1
bin.223,7.51,0.0,Neural Network (Specific Model),11,None,312,282,1,kingdom,0.99,0.89,0.0,0.0,0.0,0.73,0.65,True,4,0,0,0
bin.224,11.3,0.03,Neural Network (Specific Model),11,None,432,393,12,kingdom,1.0,0.91,0.07,0.04,0.07,0.56,0.51,True,4,0,0,0
bin.225,11.19,0.0,Neural Network (Specific Model),11,None,429,409,18,order,0.96,0.92,0.15,0.4,0.92,0.87,0.8,True,2,0,0,0
bin.226,13.51,0.14,Neural Network (Specific Model),11,None,440,393,11,family,0.77,0.69,0.2,0.34,1.15,0.61,0.42,True,16,1,0,1
bin.227,17.28,7.74,Neural Network (Specific Model),11,None,756,715,10,kingdom,0.99,0.94,0.0,0.0,0.0,0.56,0.53,True,8,0,0,0
bin.228,9.89,0.24,Neural Network (Specific Model),11,None,271,268,8,phylum,0.95,0.94,0.14,0.02,0.05,0.77,0.73,True,0,0,0,0
bin.229,11.39,0.14,Neural Network (Specific Model),11,None,323,300,12,family,0.79,0.73,0.08,0.45,1.93,0.61,0.44,True,3,1,1,1
bin.23,95.42,4.12,Gradient Boost (General Model),11,None,2680,2566,7,order,0.93,0.89,0.05,0.22,0.55,0.74,0.65,True,23,1,1,1
bin.230,11.98,0.01,Neural Network (Specific Model),11,None,380,360,1,kingdom,1.0,0.95,0.0,0.0,0.0,0.81,0.76,True,8,0,0,0
bin.231,8.06,0.01,Neural Network (Specific Model),11,None,191,163,3,phylum,0.96,0.82,0.03,0.03,0.07,0.54,0.44,True,5,0,0,0
bin.232,11.41,0.0,Neural Network (Specific Model),11,None,225,217,3,phylum,0.97,0.94,0.03,0.06,0.13,0.59,0.55,True,8,0,0,0
bin.233,12.06,0.0,Neural Network (Specific Model),11,None,215,205,1,kingdom,1.0,0.95,0.0,0.0,0.0,0.68,0.64,True,4,0,0,0
bin.234,11.56,0.0,Neural Network (Specific Model),11,None,307,291,9,class,0.91,0.86,0.17,0.09,0.2,0.62,0.53,True,1,1,0,0
bin.235,11.26,0.44,Neural Network (Specific Model),11,None,331,301,9,order,0.85,0.78,0.01,0.39,1.29,0.56,0.43,True,7,4,4,4
bin.236,30.71,0.29,Neural Network (Specific Model),11,None,605,580,14,kingdom,0.99,0.95,0.0,0.0,0.0,0.84,0.8,True,11,0,0,0
bin.237,9.39,0.0,Neural Network (Specific Model),11,None,265,218,6,kingdom,0.99,0.82,0.0,0.0,0.0,0.52,0.42,True,6,0,0,0
bin.238,10.64,0.02,Neural Network (Specific Model),11,None,243,235,1,kingdom,0.99,0.96,0.0,0.0,0.0,0.64,0.61,True,7,0,0,0
bin.239,23.37,2.85,Neural Network (Specific Model),11,None,466,461,4,family,0.86,0.85,0.04,0.06,0.12,0.65,0.56,True,8,0,0,0
bin.24,97.78,1.02,Gradient Boost (General Model),11,None,2108,1954,3,class,0.86,0.8,0.01,0.08,0.18,0.56,0.44,True,22,2,2,2
bin.240,12.37,0.01,Neural Network (Specific Model),11,None,270,259,2,genus,0.44,0.42,0.02,0.6,3.01,0.58,0.24,True,4,1,1,1
bin.241,11.46,0.08,Neural Network (Specific Model),11,None,476,448,6,genus,0.62,0.58,0.09,0.45,1.9,0.69,0.4,True,5,0,0,0
bin.242,16.79,0.03,Neural Network (Specific Model),11,None,418,385,3,class,0.86,0.79,0.01,0.04,0.07,0.62,0.49,True,3,0,0,0
bin.243,14.6,0.08,Neural Network (Specific Model),11,None,709,559,23,class,0.72,0.57,0.05,0.8,7.53,0.49,0.28,True,7,1,0,0
bin.244,7.43,0.08,Neural Network (Specific Model),11,None,220,210,6,genus,0.71,0.68,0.14,0.59,3.57,0.61,0.41,True,5,0,0,0
bin.245,7.5,0.05,Neural Network (Specific Model),11,None,228,208,1,kingdom,0.98,0.89,0.0,0.0,0.0,0.66,0.59,True,4,0,0,0
bin.246,6.92,1.23,Neural Network (Specific Model),11,None,216,206,7,kingdom,1.0,0.95,0.0,0.0,0.0,0.94,0.89,True,4,0,0,0
bin.247,11.33,0.0,Neural Network (Specific Model),11,None,251,233,1,kingdom,1.0,0.93,0.0,0.0,0.0,0.63,0.59,True,7,1,1,1
bin.248,8.4,0.0,Neural Network (Specific Model),11,None,245,220,1,kingdom,1.0,0.9,0.0,0.03,0.07,0.55,0.5,True,3,1,1,1
bin.249,9.53,0.0,Neural Network (Specific Model),11,None,309,289,3,order,0.84,0.79,0.01,0.55,2.57,0.58,0.46,True,6,1,1,1
bin.25,96.94,1.17,Gradient Boost (General Model),11,None,1690,1584,4,kingdom,1.0,0.94,0.0,0.04,0.08,0.49,0.46,True,22,1,1,1
bin.250,10.03,0.0,Neural Network (Specific Model),11,None,231,209,1,kingdom,1.0,0.9,0.0,0.0,0.0,0.67,0.61,True,1,0,0,0
bin.251,7.37,0.0,Neural Network (Specific Model),11,None,233,217,2,class,0.92,0.85,0.02,0.43,1.21,0.58,0.5,True,1,1,2,1
bin.252,55.34,20.59,Gradient Boost (General Model),11,None,2086,1956,21,order,0.88,0.82,0.03,0.49,1.54,0.57,0.47,True,20,2,3,2
bin.253,7.77,0.0,Neural Network (Specific Model),11,None,229,220,1,kingdom,0.99,0.95,0.0,0.0,0.0,0.68,0.64,True,5,1,1,1
bin.254,11.02,0.44,Neural Network (Specific Model),11,None,317,279,10,order,0.93,0.82,0.09,0.15,0.35,0.63,0.52,True,3,0,0,0
bin.255,11.86,0.0,Neural Network (Specific Model),11,None,311,259,10,phylum,0.83,0.69,0.04,0.15,0.38,0.5,0.35,True,5,0,0,0
bin.256,12.09,0.52,Neural Network (Specific Model),11,None,337,317,14,genus,0.66,0.62,0.31,0.58,3.13,0.64,0.39,True,2,0,0,0
bin.257,11.11,0.07,Neural Network (Specific Model),11,None,344,291,12,phylum,0.96,0.81,0.27,0.42,1.43,0.59,0.48,True,5,0,0,0
bin.258,85.61,2.88,Gradient Boost (General Model),4,None,787,577,11,kingdom,1.0,0.73,0.1,0.02,0.05,0.5,0.36,True,21,1,0,2
bin.259,7.73,0.01,Neural Network (Specific Model),11,None,212,203,6,genus,0.75,0.72,0.14,0.24,0.67,0.75,0.54,True,8,1,0,0
bin.26,99.75,1.28,Gradient Boost (General Model),11,None,2793,2622,4,kingdom,0.99,0.93,0.0,0.0,0.0,0.59,0.55,True,23,1,1,1
bin.260,9.29,0.09,Neural Network (Specific Model),11,None,189,178,1,kingdom,1.0,0.94,0.0,0.03,0.06,0.64,0.6,True,2,0,0,0
bin.261,9.28,0.1,Neural Network (Specific Model),11,None,198,186,1,kingdom,1.0,0.94,0.0,0.03,0.06,0.62,0.59,True,2,0,0,0
bin.262,10.86,0.0,Neural Network (Specific Model),11,None,199,190,1,kingdom,0.98,0.94,0.0,0.0,0.0,0.55,0.51,True,4,0,0,0
bin.263,8.42,0.22,Neural Network (Specific Model),11,None,220,176,5,phylum,0.9,0.72,0.24,0.09,0.21,0.63,0.45,True,4,0,0,0
bin.264,8.56,0.01,Neural Network (Specific Model),11,None,180,174,1,kingdom,1.0,0.97,0.0,0.0,0.0,0.65,0.63,True,7,1,0,1
bin.265,10.9,0.0,Neural Network (Specific Model),11,None,229,198,1,kingdom,1.0,0.86,0.0,0.03,0.06,0.53,0.46,True,4,0,0,0
bin.266,10.74,0.03,Neural Network (Specific Model),11,None,248,220,4,genus,0.53,0.47,0.04,0.79,6.63,0.5,0.23,True,3,0,0,0
bin.267,5.67,0.0,Neural Network (Specific Model),11,None,251,237,12,genus,0.86,0.81,0.13,0.53,2.87,0.7,0.57,True,4,0,0,0
bin.268,10.57,0.09,Neural Network (Specific Model),11,None,390,365,1,kingdom,1.0,0.94,0.0,0.0,0.0,0.63,0.59,True,5,1,1,1
bin.269,7.53,0.18,Neural Network (Specific Model),11,None,208,199,5,phylum,0.99,0.95,0.03,0.07,0.14,0.66,0.63,True,1,0,0,0
bin.27,93.62,2.6,Neural Network (Specific Model),11,None,2942,2835,12,class,0.93,0.9,0.02,0.21,0.52,0.69,0.63,True,22,2,2,2
bin.270,6.43,0.0,Neural Network (Specific Model),11,None,202,184,1,kingdom,1.0,0.91,0.0,0.0,0.0,0.65,0.59,True,4,0,0,0
bin.271,7.57,0.95,Neural Network (Specific Model),11,None,236,231,5,class,0.93,0.91,0.14,0.03,0.06,0.66,0.6,True,6,0,0,0
bin.272,6.93,0.0,Neural Network (Specific Model),11,None,287,269,9,genus,0.61,0.57,0.22,0.12,0.27,0.66,0.37,True,4,0,0,0
bin.273,7.32,0.01,Neural Network (Specific Model),11,None,193,183,1,kingdom,1.0,0.95,0.0,0.0,0.0,0.64,0.61,True,4,0,0,0
bin.274,6.59,0.0,Neural Network (Specific Model),11,None,199,176,1,kingdom,1.0,0.88,0.0,0.0,0.0,0.56,0.5,True,0,0,0,0
bin.275,4.9,0.72,Neural Network (Specific Model),11,None,238,212,3,kingdom,1.0,0.89,0.0,0.0,0.0,0.55,0.49,True,2,0,0,0
bin.276,7.34,0.0,Neural Network (Specific Model),11,None,277,222,15,family,0.58,0.46,0.08,0.56,3.37,0.57,0.26,True,4,0,0,0
bin.277,16.07,0.0,Neural Network (Specific Model),11,None,251,232,1,kingdom,1.0,0.92,0.0,0.0,0.0,0.6,0.55,True,3,1,1,1
bin.278,12.39,0.0,Neural Network (Specific Model),11,None,300,223,9,kingdom,1.0,0.74,0.05,0.04,0.09,0.46,0.34,True,2,0,0,0
bin.279,14.62,1.02,Neural Network (Specific Model),11,None,402,381,10,phylum,0.87,0.82,0.14,0.23,0.59,0.61,0.5,True,10,0,0,0
bin.28,91.96,0.44,Gradient Boost (General Model),11,None,1893,1670,12,class,0.81,0.71,0.03,0.1,0.21,0.55,0.39,True,17,3,3,3
bin.280,12.63,0.01,Neural Network (Specific Model),11,None,401,350,10,phylum,0.8,0.7,0.04,0.65,2.91,0.52,0.36,True,5,0,0,0
bin.281,19.01,0.02,Neural Network (Specific Model),11,None,495,470,13,order,0.98,0.93,0.14,0.05,0.11,0.64,0.59,True,3,0,0,0
bin.282,35.39,7.44,Neural Network (Specific Model),11,None,1685,1599,46,genus,0.43,0.41,0.37,0.74,5.57,0.82,0.33,True,4,1,0,1
bin.283,8.37,0.02,Neural Network (Specific Model),11,None,232,220,7,order,0.88,0.84,0.16,0.06,0.12,0.62,0.52,True,1,0,0,0
bin.284,5.62,0.0,Neural Network (Specific Model),11,None,179,167,1,kingdom,1.0,0.93,0.0,0.04,0.07,0.56,0.52,True,3,0,0,0
bin.285,6.12,0.0,Neural Network (Specific Model),11,None,176,169,1,kingdom,0.99,0.95,0.0,0.0,0.0,0.61,0.58,True,1,0,0,0
bin.286,6.08,0.0,Neural Network (Specific Model),11,None,173,164,1,kingdom,1.0,0.95,0.0,0.0,0.0,0.61,0.57,True,1,0,0,0
bin.287,6.62,0.0,Neural Network (Specific Model),11,None,213,199,1,kingdom,1.0,0.93,0.0,0.0,0.0,0.57,0.54,True,3,1,1,1
bin.288,8.19,0.0,Neural Network (Specific Model),11,None,199,186,1,kingdom,0.99,0.93,0.0,0.0,0.0,0.6,0.56,True,2,0,0,0
bin.289,8.27,0.0,Neural Network (Specific Model),11,None,228,173,8,phylum,0.88,0.67,0.04,0.54,2.76,0.47,0.31,True,4,0,0,0
bin.29,94.52,1.11,Gradient Boost (General Model),11,None,2314,2057,2,phylum,0.87,0.77,0.01,0.35,1.0,0.5,0.39,True,22,3,3,3
bin.290,5.94,0.24,Neural Network (Specific Model),11,None,235,219,4,order,0.91,0.85,0.09,0.17,0.41,0.77,0.65,True,2,0,0,0
bin.291,6.91,0.0,Neural Network (Specific Model),11,None,238,220,1,kingdom,1.0,0.92,0.0,0.0,0.0,0.63,0.58,True,4,0,0,0
bin.292,8.16,0.26,Neural Network (Specific Model),11,None,248,123,4,kingdom,0.98,0.49,0.0,0.0,0.0,0.47,0.23,True,0,0,0,0
bin.293,6.9,0.0,Neural Network (Specific Model),11,None,236,224,1,kingdom,1.0,0.94,0.0,0.0,0.0,0.64,0.6,True,4,0,0,0
bin.294,9.83,0.0,Neural Network (Specific Model),11,None,238,226,2,kingdom,1.0,0.95,0.0,0.0,0.0,0.66,0.62,True,2,0,0,0
bin.295,9.1,0.65,Neural Network (Specific Model),11,None,216,211,3,order,0.96,0.94,0.08,0.07,0.15,0.93,0.87,True,3,2,1,1
bin.296,10.12,0.01,Neural Network (Specific Model),11,None,284,270,5,family,0.82,0.78,0.09,0.28,0.89,0.7,0.55,True,0,0,0,0
bin.297,9.84,0.03,Neural Network (Specific Model),11,None,252,238,2,kingdom,1.0,0.94,0.13,0.03,0.07,0.52,0.49,True,1,0,0,0
bin.298,6.41,0.27,Neural Network (Specific Model),11,None,329,288,4,phylum,0.84,0.74,0.07,0.19,0.48,0.56,0.41,True,3,2,2,2
bin.299,10.48,0.0,Neural Network (Specific Model),11,None,294,247,2,class,0.91,0.77,0.03,0.63,3.65,0.56,0.43,True,4,0,0,0
bin.3,99.24,0.04,Gradient Boost (General Model),11,None,2572,2385,2,kingdom,1.0,0.92,0.0,0.0,0.0,0.57,0.53,True,23,2,2,2
bin.30,92.89,7.79,Gradient Boost (General Model),11,None,1636,1532,7,family,0.81,0.75,0.03,0.54,2.01,0.56,0.42,True,23,1,1,1
bin.300,8.39,4.53,Neural Network (Specific Model),11,None,291,281,4,kingdom,0.99,0.96,0.0,0.0,0.0,0.93,0.89,True,2,2,0,2
bin.301,13.64,0.12,Neural Network (Specific Model),11,None,314,305,1,kingdom,1.0,0.97,0.0,0.0,0.0,0.73,0.7,True,0,0,0,0
bin.302,7.27,0.53,Neural Network (Specific Model),11,None,379,329,8,genus,0.61,0.53,0.19,0.19,0.48,0.6,0.32,True,4,0,0,0
bin.303,11.31,1.61,Neural Network (Specific Model),11,None,480,447,15,order,0.89,0.83,0.18,0.26,0.77,0.66,0.55,True,0,0,0,0
bin.304,14.86,2.45,Neural Network (Specific Model),11,None,891,761,15,order,0.64,0.55,0.08,0.57,3.09,0.58,0.32,True,4,0,0,0
bin.305,7.56,0.1,Neural Network (Specific Model),11,None,199,186,2,kingdom,0.99,0.93,0.0,0.0,0.0,0.67,0.62,True,0,0,0,0
bin.306,5.46,0.07,Neural Network (Specific Model),11,None,194,169,3,family,0.81,0.71,0.03,0.59,3.38,0.63,0.45,True,2,0,0,0
bin.307,8.17,0.0,Neural Network (Specific Model),11,None,205,193,1,kingdom,1.0,0.94,0.0,0.0,0.0,0.66,0.62,True,1,0,0,0
bin.308,7.96,0.0,Neural Network (Specific Model),11,None,205,196,4,family,0.82,0.78,0.08,0.45,0.98,0.66,0.51,True,4,0,0,0
bin.309,6.72,0.09,Neural Network (Specific Model),11,None,202,180,4,class,0.78,0.69,0.08,0.28,0.81,0.51,0.35,True,0,0,1,1
bin.31,96.24,6.2,Gradient Boost (General Model),11,None,2700,2617,28,genus,0.84,0.81,0.09,0.03,0.06,0.88,0.71,True,24,2,2,2
bin.310,6.79,3.1,Neural Network (Specific Model),11,None,229,205,3,kingdom,1.0,0.9,0.0,0.06,0.12,0.53,0.48,True,3,1,3,3
bin.311,6.39,0.02,Neural Network (Specific Model),11,None,178,167,6,family,0.88,0.83,0.1,0.57,3.31,0.8,0.66,True,3,0,0,0
bin.312,7.25,0.0,Neural Network (Specific Model),11,None,223,204,1,kingdom,0.99,0.91,0.0,0.0,0.0,0.6,0.55,True,2,0,0,0
bin.313,8.45,0.01,Neural Network (Specific Model),11,None,252,216,1,kingdom,0.99,0.85,0.0,0.0,0.0,0.63,0.54,True,1,0,0,0
bin.314,6.9,0.0,Neural Network (Specific Model),11,None,240,219,4,family,0.74,0.68,0.06,0.17,0.42,0.59,0.4,True,1,0,0,0
bin.315,7.76,0.01,Neural Network (Specific Model),11,None,267,253,4,genus,0.67,0.63,0.15,0.35,1.17,0.72,0.45,True,5,1,1,1
bin.316,6.64,0.04,Neural Network (Specific Model),11,None,279,262,1,kingdom,1.0,0.94,0.0,0.0,0.0,0.66,0.62,True,1,0,0,0
bin.317,8.48,0.4,Neural Network (Specific Model),11,None,299,278,6,phylum,0.88,0.82,0.04,0.06,0.12,0.56,0.46,True,3,0,0,0
bin.318,9.08,0.06,Neural Network (Specific Model),11,None,298,286,4,class,0.84,0.8,0.07,0.49,2.02,0.59,0.48,True,4,0,0,0
bin.319,10.14,0.1,Neural Network (Specific Model),11,None,384,329,14,phylum,0.9,0.77,0.17,0.15,0.38,0.58,0.44,True,2,1,1,1
bin.32,96.1,8.29,Gradient Boost (General Model),11,None,2637,2478,28,phylum,0.86,0.81,0.03,0.12,0.26,0.53,0.43,True,23,4,4,4
bin.320,24.74,17.01,Neural Network (Specific Model),11,None,1261,988,35,class,0.86,0.67,0.03,0.64,2.89,0.5,0.34,True,13,0,0,0
bin.321,6.77,0.08,Neural Network (Specific Model),11,None,236,215,2,phylum,0.93,0.84,0.03,0.21,0.56,0.57,0.48,True,7,0,0,0
bin.322,8.5,0.0,Neural Network (Specific Model),11,None,180,167,1,kingdom,0.99,0.92,0.0,0.0,0.0,0.57,0.53,True,6,0,0,0
bin.323,5.85,0.8,Neural Network (Specific Model),11,None,214,178,3,class,0.86,0.71,0.07,0.29,0.88,0.55,0.39,True,1,0,0,0
bin.324,6.02,0.76,Neural Network (Specific Model),11,None,218,183,3,kingdom,0.98,0.83,0.0,0.0,0.0,0.5,0.42,True,0,0,0,0
bin.325,4.35,0.01,Neural Network (Specific Model),11,None,261,236,5,family,0.89,0.81,0.06,0.33,1.01,0.78,0.63,True,8,0,0,0
bin.326,8.15,0.0,Neural Network (Specific Model),11,None,208,163,1,kingdom,1.0,0.78,0.0,0.04,0.09,0.56,0.44,True,0,0,0,0
bin.327,7.21,0.0,Neural Network (Specific Model),11,None,244,232,3,genus,0.49,0.47,0.06,0.62,3.84,0.59,0.28,True,0,0,0,0
bin.328,5.58,0.72,Neural Network (Specific Model),11,None,283,249,5,order,0.81,0.71,0.02,0.37,1.2,0.57,0.41,True,0,0,0,0
bin.329,4.7,0.05,Neural Network (Specific Model),11,None,240,192,5,phylum,0.92,0.73,0.01,0.3,0.97,0.52,0.38,True,0,0,0,0
bin.33,97.74,1.45,Gradient Boost (General Model),11,None,2489,2282,8,class,0.86,0.79,0.01,0.17,0.41,0.58,0.46,True,24,4,4,4
bin.330,6.61,0.0,Neural Network (Specific Model),11,None,248,215,2,class,0.89,0.77,0.01,0.2,0.55,0.57,0.44,True,3,0,0,0
bin.331,7.02,0.0,Neural Network (Specific Model),11,None,184,176,7,genus,0.78,0.75,0.11,0.41,1.58,0.85,0.64,True,3,0,0,0
bin.332,7.02,1.15,Neural Network (Specific Model),11,None,268,251,4,phylum,0.92,0.86,0.07,0.07,0.16,0.67,0.58,True,0,0,0,0
bin.333,5.89,0.27,Neural Network (Specific Model),11,None,262,245,4,genus,0.87,0.81,0.01,0.17,0.45,0.95,0.77,True,4,0,0,0
bin.334,4.86,0.13,Neural Network (Specific Model),11,None,193,168,10,kingdom,1.0,0.87,0.0,0.04,0.09,0.44,0.39,True,3,0,0,0
bin.335,6.14,0.53,Neural Network (Specific Model),11,None,248,227,2,kingdom,1.0,0.92,0.0,0.03,0.05,0.52,0.47,True,5,0,0,0
bin.336,5.38,0.0,Neural Network (Specific Model),11,None,295,283,5,genus,0.45,0.43,0.1,0.55,3.22,0.58,0.25,True,0,0,0,0
bin.337,8.16,3.23,Neural Network (Specific Model),11,None,265,255,4,genus,0.76,0.74,0.03,0.74,4.71,0.63,0.46,True,1,1,1,1
bin.338,7.73,0.22,Neural Network (Specific Model),11,None,320,311,3,genus,0.66,0.64,0.09,0.72,5.09,0.79,0.51,True,0,0,0,0
bin.339,7.16,0.11,Neural Network (Specific Model),11,None,295,277,4,class,0.9,0.85,0.04,0.11,0.25,0.62,0.53,True,0,0,0,0
bin.34,98.45,1.14,Gradient Boost (General Model),11,None,2554,2425,6,order,0.81,0.77,0.01,0.5,1.44,0.66,0.51,True,23,1,1,1
bin.340,8.47,1.29,Neural Network (Specific Model),11,None,377,339,8,class,0.94,0.84,0.03,0.24,0.66,0.64,0.54,True,0,0,0,0
bin.341,9.58,0.0,Neural Network (Specific Model),11,None,361,284,12,family,0.66,0.52,0.21,0.6,3.67,0.55,0.28,True,5,1,1,1
bin.342,12.1,0.85,Neural Network (Specific Model),11,None,360,331,13,genus,0.6,0.56,0.18,0.41,1.66,0.6,0.33,True,7,0,0,0
bin.343,6.99,1.42,Neural Network (Specific Model),11,None,457,352,17,phylum,0.94,0.72,0.04,0.27,0.73,0.49,0.36,True,2,0,0,0
bin.344,10.64,1.04,Neural Network (Specific Model),11,None,811,763,21,order,0.94,0.88,0.12,0.11,0.27,0.91,0.8,True,5,0,1,0
bin.345,86.23,17.62,Gradient Boost (General Model),11,None,2039,1804,42,genus,0.55,0.49,0.02,0.3,0.92,0.54,0.27,True,18,3,3,3
bin.346,74.93,20.45,Gradient Boost (General Model),11,None,1283,1230,18,family,0.91,0.87,0.08,0.29,0.76,0.66,0.57,True,13,3,5,3
bin.347,54.84,19.06,Gradient Boost (General Model),11,None,3310,3012,80,genus,0.57,0.52,0.22,0.26,0.78,0.69,0.36,True,11,6,4,4
bin.348,49.34,14.62,Gradient Boost (General Model),11,None,1366,1293,17,family,0.86,0.82,0.05,0.38,1.43,0.66,0.54,True,14,2,0,2
bin.349,33.64,5.8,Neural Network (Specific Model),11,None,1234,1071,30,phylum,0.84,0.73,0.08,0.05,0.11,0.56,0.41,True,10,1,1,1
bin.35,88.15,1.52,Gradient Boost (General Model),11,None,1480,1275,6,genus,0.6,0.52,0.04,0.82,6.54,0.52,0.27,True,21,2,2,2
bin.350,6.43,0.0,Neural Network (Specific Model),11,None,297,232,8,order,0.68,0.53,0.08,0.56,2.64,0.55,0.29,True,1,0,0,0
bin.351,33.21,5.41,Neural Network (Specific Model),11,None,619,592,13,genus,0.67,0.64,0.65,0.04,0.07,0.61,0.39,False,4,0,0,0
bin.352,11.55,0.0,Neural Network (Specific Model),11,None,341,319,13,genus,0.52,0.49,0.36,0.05,0.1,0.6,0.29,True,4,0,0,0
bin.353,64.53,23.37,Gradient Boost (General Model),11,None,2944,2761,64,phylum,0.91,0.85,0.16,0.26,0.73,0.59,0.5,True,22,4,4,4
bin.354,29.35,6.75,Neural Network (Specific Model),11,None,1276,1129,33,genus,0.63,0.56,0.2,0.05,0.09,0.65,0.36,True,6,1,1,1
bin.355,13.17,1.51,Neural Network (Specific Model),11,None,612,566,18,order,0.7,0.64,0.24,0.58,2.54,0.59,0.38,True,8,0,0,0
bin.356,14.81,1.76,Neural Network (Specific Model),11,None,452,423,13,order,0.83,0.77,0.33,0.04,0.08,0.72,0.56,True,6,1,0,0
bin.357,30.26,7.18,Neural Network (Specific Model),11,None,1208,1077,21,kingdom,1.0,0.89,0.07,0.04,0.08,0.56,0.5,True,15,1,1,1
bin.358,25.56,2.74,Neural Network (Specific Model),11,None,294,271,3,kingdom,0.99,0.91,0.0,0.0,0.0,0.5,0.45,True,10,0,0,0
bin.359,16.64,0.46,Neural Network (Specific Model),11,None,452,397,16,phylum,0.96,0.85,0.14,0.22,0.57,0.54,0.46,True,12,1,1,1
bin.36,89.07,1.14,Neural Network (Specific Model),11,None,1750,1713,1,kingdom,0.99,0.97,0.0,0.0,0.0,0.7,0.68,True,23,3,2,4
bin.360,8.58,2.64,Neural Network (Specific Model),11,None,300,282,6,genus,0.77,0.73,0.09,0.26,0.75,0.66,0.48,True,5,0,0,0
bin.361,35.33,7.49,Neural Network (Specific Model),11,None,425,359,3,phylum,0.75,0.64,0.03,0.22,0.56,0.53,0.34,True,12,0,0,0
bin.362,28.38,2.49,Neural Network (Specific Model),11,None,726,699,22,kingdom,1.0,0.96,0.53,0.02,0.04,0.82,0.79,False,7,0,0,0
bin.363,15.58,0.71,Neural Network (Specific Model),11,None,584,558,16,family,0.78,0.74,0.24,0.09,0.2,0.75,0.56,True,4,0,0,0
bin.364,7.18,8.7,Neural Network (Specific Model),11,None,204,196,6,kingdom,0.99,0.96,0.0,0.0,0.0,0.59,0.56,True,6,0,0,0
bin.365,6.2,0.17,Neural Network (Specific Model),11,None,211,194,3,phylum,0.95,0.88,0.01,0.05,0.12,0.67,0.59,True,2,0,0,0
bin.366,58.71,24.54,Gradient Boost (General Model),11,None,3421,3273,61,genus,0.63,0.61,0.13,0.29,0.88,0.7,0.43,True,17,7,6,7
bin.367,21.58,2.73,Neural Network (Specific Model),11,None,1022,970,30,class,0.91,0.87,0.22,0.05,0.11,0.65,0.57,True,14,1,1,1
bin.368,67.31,34.79,Gradient Boost (General Model),11,None,3240,2990,51,phylum,0.92,0.85,0.09,0.05,0.11,0.68,0.57,True,18,0,0,0
bin.369,13.01,3.6,Neural Network (Specific Model),11,None,308,299,4,class,0.99,0.96,0.02,0.02,0.04,0.95,0.91,True,4,0,0,0
bin.37,88.18,4.53,Gradient Boost (General Model),11,None,2018,1713,17,class,0.69,0.59,0.02,0.2,0.53,0.55,0.32,True,20,1,0,1
bin.370,9.05,3.01,Neural Network (Specific Model),11,None,225,217,3,family,0.94,0.91,0.09,0.02,0.05,0.96,0.88,True,3,0,0,0
bin.371,11.55,3.01,Neural Network (Specific Model),11,None,275,263,8,genus,0.59,0.56,0.48,0.05,0.09,0.61,0.34,False,1,0,0,0
bin.372,13.73,6.12,Neural Network (Specific Model),11,None,486,466,6,genus,0.83,0.79,0.08,0.2,0.55,0.92,0.73,True,7,1,1,1
bin.373,11.0,8.43,Neural Network (Specific Model),11,None,222,210,3,phylum,0.93,0.88,0.02,0.14,0.34,0.57,0.5,True,0,0,0,0
bin.374,13.46,5.97,Neural Network (Specific Model),11,None,420,367,15,phylum,0.93,0.82,0.17,0.49,1.0,0.53,0.44,True,8,2,0,2
bin.375,20.56,6.19,Neural Network (Specific Model),11,None,780,739,11,class,0.93,0.88,0.07,0.14,0.32,0.63,0.55,True,9,0,0,0
bin.376,8.07,2.32,Neural Network (Specific Model),11,None,188,170,7,class,0.94,0.85,0.04,0.16,0.38,0.62,0.52,True,3,0,0,0
bin.377,8.36,1.94,Neural Network (Specific Model),11,None,300,288,3,genus,0.82,0.78,0.02,0.71,5.74,0.55,0.43,True,5,0,0,0
bin.378,8.57,6.19,Neural Network (Specific Model),11,None,246,235,3,phylum,0.97,0.92,0.13,0.05,0.11,0.58,0.53,True,3,0,0,0
bin.379,45.54,23.28,Neural Network (Specific Model),11,None,1707,1579,39,phylum,0.91,0.84,0.13,0.14,0.33,0.57,0.48,True,15,0,0,0
bin.38,95.03,1.61,Gradient Boost (General Model),11,None,3690,3189,1,kingdom,0.99,0.86,0.0,0.0,0.0,0.57,0.49,True,23,1,0,1
bin.380,10.22,3.33,Neural Network (Specific Model),11,None,214,204,3,family,0.84,0.8,0.08,0.09,0.19,0.63,0.5,True,0,0,0,0
bin.381,15.08,1.56,Neural Network (Specific Model),11,None,424,386,14,genus,0.62,0.56,0.1,0.59,3.45,0.55,0.31,True,7,0,0,0
bin.382,6.12,1.04,Neural Network (Specific Model),11,None,239,222,3,kingdom,0.99,0.92,0.0,0.0,0.0,0.52,0.48,True,2,0,0,0
bin.383,9.67,3.19,Neural Network (Specific Model),11,None,358,338,11,genus,0.8,0.75,0.38,0.05,0.1,0.66,0.5,True,0,0,0,0
bin.384,92.94,45.85,Gradient Boost (General Model),11,None,3631,3490,68,class,0.93,0.89,0.04,0.28,0.72,0.59,0.53,True,10,0,0,0
bin.385,22.03,3.34,Neural Network (Specific Model),11,None,1049,960,30,order,0.86,0.79,0.07,0.15,0.37,0.62,0.49,True,1,0,0,0
bin.386,58.45,19.1,Gradient Boost (General Model),11,None,1001,923,25,phylum,0.88,0.81,0.19,0.04,0.08,0.56,0.46,True,12,0,0,0
bin.387,25.48,20.07,Neural Network (Specific Model),11,None,1251,1143,22,genus,0.48,0.44,0.15,0.38,1.23,0.58,0.25,True,12,0,0,0
bin.388,52.15,26.52,Neural Network (Specific Model),11,None,2213,2072,59,genus,0.73,0.68,0.17,0.33,1.15,0.68,0.47,True,13,0,0,0
bin.389,40.77,18.51,Gradient Boost (General Model),11,None,1080,1052,23,order,0.94,0.91,0.05,0.15,0.36,0.64,0.59,True,10,1,1,1
bin.39,91.93,1.45,Gradient Boost (General Model),11,None,2010,1875,10,order,0.89,0.83,0.07,0.03,0.07,0.6,0.5,True,22,2,2,2
bin.390,35.89,11.13,Neural Network (Specific Model),11,None,1808,1719,46,genus,0.61,0.58,0.53,0.6,2.46,0.77,0.44,False,13,0,0,0
bin.391,28.98,12.63,Neural Network (Specific Model),11,None,365,280,6,kingdom,1.0,0.77,0.1,0.02,0.04,0.51,0.39,True,17,0,0,2
bin.392,84.97,24.15,Gradient Boost (General Model),11,None,633,550,15,kingdom,0.98,0.85,0.0,0.0,0.0,0.51,0.43,True,18,3,0,2
bin.393,24.28,19.75,Neural Network (Specific Model),11,None,1156,1069,13,class,0.93,0.86,0.07,0.2,0.5,0.65,0.56,True,6,0,0,0
bin.394,13.14,8.23,Neural Network (Specific Model),11,None,348,335,12,genus,0.6,0.58,0.61,0.04,0.08,0.64,0.37,False,4,0,0,0
bin.395,29.06,9.98,Neural Network (Specific Model),11,None,277,235,3,kingdom,1.0,0.85,0.0,0.0,0.0,0.55,0.46,True,4,0,0,0
bin.396,73.32,27.47,Gradient Boost (General Model),11,None,904,776,21,class,0.76,0.65,0.14,0.04,0.08,0.56,0.36,True,16,0,0,0
bin.397,12.8,1.78,Neural Network (Specific Model),11,None,434,403,12,phylum,0.91,0.85,0.08,0.12,0.27,0.77,0.65,True,11,0,0,0
bin.398,10.6,0.45,Neural Network (Specific Model),11,None,257,248,8,genus,0.81,0.78,0.18,0.1,0.24,0.77,0.6,True,5,0,0,0
bin.399,14.51,6.53,Neural Network (Specific Model),11,None,435,381,11,order,0.87,0.76,0.04,0.74,4.5,0.49,0.37,True,10,0,0,0
bin.4,100.0,0.35,Gradient Boost (General Model),11,None,1669,1555,1,kingdom,1.0,0.93,0.0,0.0,0.0,0.61,0.56,True,22,2,2,2
bin.40,95.51,0.01,Gradient Boost (General Model),11,None,1527,1470,1,kingdom,1.0,0.96,0.0,0.0,0.0,0.6,0.57,True,22,1,1,1
bin.400,55.24,36.19,Gradient Boost (General Model),11,None,2793,2401,83,genus,0.56,0.48,0.12,0.82,5.85,0.5,0.24,True,12,4,4,4
bin.401,9.95,0.42,Neural Network (Specific Model),11,None,448,382,9,phylum,0.92,0.79,0.12,0.32,0.91,0.57,0.45,True,5,0,0,0
bin.402,23.59,11.15,Neural Network (Specific Model),11,None,710,670,11,class,0.91,0.86,0.1,0.04,0.08,0.9,0.77,True,10,2,2,2
bin.403,12.23,11.4,Neural Network (Specific Model),11,None,188,176,2,genus,0.72,0.67,0.01,0.17,0.45,0.61,0.41,True,0,0,0,0
bin.404,9.0,6.92,Neural Network (Specific Model),11,None,256,254,5,kingdom,1.0,0.99,0.0,0.0,0.0,0.96,0.96,True,3,0,0,0
bin.405,6.6,0.09,Neural Network (Specific Model),11,None,297,274,7,order,0.98,0.9,0.15,0.1,0.24,0.94,0.85,True,6,0,0,0
bin.406,10.9,4.78,Neural Network (Specific Model),11,None,263,252,10,order,0.93,0.89,0.1,0.03,0.05,0.68,0.61,True,1,0,0,0
bin.407,31.34,20.29,Neural Network (Specific Model),11,None,2325,2162,57,class,0.91,0.84,0.15,0.14,0.34,0.73,0.61,True,11,0,1,0
bin.408,5.98,0.41,Neural Network (Specific Model),11,None,204,166,9,kingdom,0.98,0.8,0.0,0.0,0.0,0.48,0.38,True,3,0,0,0
bin.409,8.7,4.42,Neural Network (Specific Model),11,None,241,220,4,class,0.94,0.86,0.01,0.09,0.2,0.62,0.53,True,1,0,0,0
bin.41,100.0,1.56,Gradient Boost (General Model),11,None,2291,2055,13,class,0.69,0.62,0.01,0.6,3.82,0.51,0.31,True,23,2,2,2
bin.410,14.02,0.86,Neural Network (Specific Model),11,None,384,349,6,genus,0.67,0.61,0.06,0.07,0.15,0.67,0.41,True,4,0,0,0
bin.411,18.13,12.32,Neural Network (Specific Model),11,None,528,504,16,class,0.93,0.89,0.09,0.07,0.15,0.63,0.56,True,10,0,0,0
bin.412,5.08,0.4,Neural Network (Specific Model),11,None,200,172,9,genus,0.62,0.53,0.18,0.78,6.79,0.59,0.31,True,2,4,5,5
bin.413,5.84,1.21,Neural Network (Specific Model),11,None,250,240,3,order,0.9,0.86,0.03,0.47,1.91,0.8,0.68,True,0,0,0,0
bin.414,66.38,21.93,Neural Network (Specific Model),11,None,2790,2593,70,phylum,0.96,0.89,0.17,0.18,0.43,0.64,0.57,True,20,7,11,7
bin.415,66.72,46.12,Gradient Boost (General Model),11,None,6250,5547,145,genus,0.46,0.41,0.22,0.13,0.3,0.6,0.24,True,21,4,2,2
bin.416,86.57,35.23,Gradient Boost (General Model),11,Low confidence prediction - substantial (29%) disagreement between completeness prediction models,996,876,17,phylum,0.79,0.69,0.02,0.71,4.51,0.51,0.35,True,18,1,0,2
bin.417,51.47,37.17,Gradient Boost (General Model),11,None,2948,2746,55,genus,0.66,0.62,0.19,0.03,0.07,0.67,0.41,True,20,7,7,7
bin.418,17.33,2.34,Neural Network (Specific Model),11,None,814,723,26,genus,0.56,0.49,0.14,0.28,0.88,0.61,0.3,True,6,0,0,0
bin.419,60.35,42.98,Gradient Boost (General Model),11,None,4985,4213,126,genus,0.53,0.45,0.18,0.11,0.25,0.6,0.27,True,19,5,7,7
bin.42,97.03,14.4,Gradient Boost (General Model),11,None,3568,3356,39,family,0.8,0.76,0.06,0.16,0.39,0.72,0.55,True,22,3,2,3
bin.420,6.03,5.78,Neural Network (Specific Model),11,None,308,292,2,kingdom,1.0,0.94,0.0,0.0,0.0,0.87,0.82,True,0,0,0,0
bin.421,35.05,12.37,Neural Network (Specific Model),11,None,2342,2160,91,genus,0.63,0.58,0.13,0.29,0.89,0.72,0.42,True,17,5,5,6
bin.422,33.38,27.17,Neural Network (Specific Model),11,None,2339,2243,71,genus,0.86,0.82,0.31,0.08,0.17,0.95,0.78,True,14,1,0,1
bin.423,23.96,12.53,Neural Network (Specific Model),11,None,924,878,38,phylum,0.95,0.91,0.08,0.05,0.1,0.64,0.58,True,4,0,0,0
bin.424,17.82,11.33,Neural Network (Specific Model),11,None,1611,1280,72,phylum,0.85,0.68,0.12,0.55,2.72,0.52,0.35,True,3,0,0,0
bin.425,6.51,14.41,Neural Network (Specific Model),11,None,171,160,8,family,0.96,0.9,0.05,0.16,0.39,0.63,0.57,True,2,2,0,1
bin.426,5.35,5.02,Neural Network (Specific Model),11,None,211,204,2,kingdom,1.0,0.97,0.0,0.0,0.0,0.56,0.54,True,0,0,0,0
bin.427,9.34,9.06,Neural Network (Specific Model),11,None,201,195,3,genus,0.89,0.87,0.06,0.07,0.15,0.63,0.55,True,5,0,0,0
bin.428,36.79,24.69,Neural Network (Specific Model),11,None,1243,1177,35,genus,0.68,0.64,0.34,0.11,0.25,0.63,0.4,True,15,0,0,0
bin.429,50.2,25.45,Gradient Boost (General Model),11,None,1380,1284,59,genus,0.61,0.57,0.37,0.08,0.17,0.63,0.36,True,17,6,6,6
bin.43,93.37,3.08,Neural Network (Specific Model),11,None,2358,2305,38,kingdom,1.0,0.98,0.0,0.0,0.0,0.96,0.94,True,22,2,2,2
bin.430,8.17,8.78,Neural Network (Specific Model),11,None,190,178,2,kingdom,0.99,0.93,0.0,0.0,0.0,0.55,0.51,True,1,0,0,0
bin.431,13.63,18.82,Neural Network (Specific Model),11,None,646,603,9,kingdom,0.99,0.92,0.0,0.0,0.0,0.53,0.49,True,1,0,0,0
bin.432,9.76,11.52,Neural Network (Specific Model),11,None,280,268,7,class,0.99,0.95,0.07,0.06,0.12,0.93,0.88,True,3,0,0,0
bin.433,11.58,3.59,Neural Network (Specific Model),11,None,332,328,10,class,0.99,0.98,0.14,0.05,0.11,0.9,0.88,True,4,0,0,0
bin.434,45.1,19.37,Neural Network (Specific Model),11,None,3945,3696,105,phylum,0.93,0.87,0.28,0.07,0.14,0.79,0.69,True,12,0,1,0
bin.435,12.72,9.52,Neural Network (Specific Model),11,None,400,390,8,kingdom,1.0,0.98,0.0,0.0,0.0,0.69,0.67,True,0,0,0,0
bin.436,5.91,8.16,Neural Network (Specific Model),11,None,216,209,3,kingdom,1.0,0.97,0.0,0.0,0.0,0.53,0.51,True,0,0,0,0
bin.437,12.62,8.44,Neural Network (Specific Model),11,None,259,249,6,class,0.91,0.88,0.04,0.05,0.11,0.56,0.49,True,0,0,0,0
bin.438,6.71,2.85,Neural Network (Specific Model),11,None,328,279,10,order,0.86,0.73,0.01,0.21,0.53,0.64,0.47,True,1,0,0,0
bin.439,6.63,3.7,Neural Network (Specific Model),11,None,252,240,4,family,0.91,0.87,0.07,0.27,0.82,0.86,0.75,True,1,0,0,0
bin.44,98.35,5.13,Gradient Boost (General Model),11,None,4022,3484,16,class,0.59,0.51,0.03,0.7,5.19,0.49,0.25,True,23,2,2,2
bin.440,13.53,2.37,Neural Network (Specific Model),11,None,466,220,10,kingdom,0.99,0.47,0.0,0.0,0.0,0.48,0.23,True,0,0,0,0
bin.441,6.47,0.59,Neural Network (Specific Model),11,None,271,131,11,kingdom,1.0,0.48,0.0,0.0,0.0,0.48,0.23,True,0,0,0,0
bin.442,8.28,3.19,Neural Network (Specific Model),11,None,200,174,2,kingdom,1.0,0.87,0.0,0.02,0.05,0.51,0.44,True,0,0,0,0
bin.443,66.63,52.71,Gradient Boost (General Model),11,None,5219,4703,108,class,0.77,0.69,0.09,0.15,0.36,0.55,0.38,True,18,3,4,4
bin.444,40.88,24.35,Gradient Boost (General Model),11,None,2389,2158,63,class,0.81,0.73,0.08,0.19,0.52,0.57,0.42,True,12,1,1,1
bin.445,70.08,39.39,Gradient Boost (General Model),11,None,3992,3574,125,family,0.62,0.55,0.1,0.75,4.51,0.59,0.32,True,14,4,6,6
bin.446,64.08,58.97,Gradient Boost (General Model),11,None,5175,4853,120,phylum,0.93,0.88,0.14,0.05,0.11,0.57,0.5,True,22,7,6,6
bin.447,36.14,13.41,Neural Network (Specific Model),11,None,1051,999,29,genus,0.74,0.71,0.31,0.03,0.06,0.66,0.46,True,18,1,1,0
bin.448,7.66,0.15,Neural Network (Specific Model),11,None,272,239,10,genus,0.59,0.51,0.16,0.23,0.65,0.6,0.31,True,6,1,1,1
bin.449,93.87,80.53,Gradient Boost (General Model),11,Low confidence prediction - substantial (31%) disagreement between completeness prediction models,5685,5458,144,order,0.97,0.93,0.07,0.07,0.14,0.92,0.85,True,21,2,2,2
bin.45,98.02,1.02,Gradient Boost (General Model),11,None,3263,2725,1,kingdom,1.0,0.84,0.0,0.03,0.06,0.45,0.38,True,23,1,1,1
bin.450,54.2,32.3,Gradient Boost (General Model),11,None,2379,2260,78,family,0.92,0.87,0.11,0.19,0.5,0.91,0.79,True,16,5,3,4
bin.451,36.29,20.12,Neural Network (Specific Model),11,None,1707,1629,67,family,0.88,0.84,0.13,0.2,0.54,0.9,0.75,True,16,2,0,2
bin.452,15.92,1.03,Neural Network (Specific Model),11,None,601,569,19,genus,0.77,0.73,0.29,0.15,0.36,0.92,0.67,True,6,0,0,0
bin.453,67.53,43.76,Gradient Boost (General Model),11,None,3199,2828,73,genus,0.66,0.59,0.17,0.08,0.17,0.69,0.41,True,22,5,3,4
bin.454,22.55,16.63,Neural Network (Specific Model),11,None,1161,996,41,genus,0.53,0.46,0.14,0.12,0.3,0.67,0.3,True,10,2,2,2
bin.455,27.21,26.11,Neural Network (Specific Model),11,None,2339,2067,79,order,0.8,0.7,0.15,0.57,1.89,0.58,0.41,True,3,0,0,0
bin.456,84.77,51.86,Gradient Boost (General Model),11,None,1470,1306,40,phylum,0.92,0.81,0.2,0.08,0.18,0.53,0.43,True,10,1,1,1
bin.457,34.54,14.52,Neural Network (Specific Model),11,None,1104,910,54,genus,0.6,0.49,0.28,0.62,3.56,0.55,0.27,True,10,0,0,0
bin.458,28.3,1.27,Neural Network (Specific Model),11,None,860,689,42,genus,0.57,0.46,0.21,0.68,4.41,0.57,0.26,True,10,2,0,2
bin.459,54.43,28.56,Gradient Boost (General Model),11,None,714,631,18,kingdom,1.0,0.88,0.0,0.02,0.05,0.53,0.47,True,17,0,0,0
bin.46,89.52,2.79,Neural Network (Specific Model),11,None,2211,2127,17,order,0.91,0.88,0.07,0.23,0.59,0.67,0.59,True,23,2,2,2
bin.460,51.31,54.29,Gradient Boost (General Model),11,None,10341,8786,362,family,0.59,0.5,0.19,0.55,2.86,0.57,0.29,True,20,7,4,5
bin.461,48.26,41.57,Gradient Boost (General Model),11,None,5572,5287,208,genus,0.83,0.79,0.39,0.32,1.01,0.94,0.74,True,16,2,4,4
bin.462,20.6,5.54,Neural Network (Specific Model),11,None,581,552,22,genus,0.54,0.51,0.18,0.15,0.37,0.63,0.32,True,7,1,1,1
bin.463,8.9,36.5,Neural Network (Specific Model),11,None,1968,1850,75,family,0.9,0.84,0.09,0.46,1.86,0.61,0.51,True,7,0,0,0
bin.464,10.01,3.36,Neural Network (Specific Model),11,None,378,342,21,class,0.97,0.88,0.13,0.25,0.72,0.54,0.48,True,1,0,0,0
bin.465,8.05,4.21,Neural Network (Specific Model),11,None,219,205,10,phylum,0.91,0.85,0.36,0.05,0.1,0.74,0.63,True,5,0,0,0
bin.466,9.71,3.55,Neural Network (Specific Model),11,None,298,285,13,genus,0.76,0.73,0.38,0.07,0.16,0.8,0.58,True,9,3,3,3
bin.467,5.04,0.08,Neural Network (Specific Model),11,None,288,94,5,kingdom,1.0,0.33,0.0,0.03,0.07,0.46,0.15,True,0,0,0,0
bin.468,9.67,0.99,Neural Network (Specific Model),11,None,434,211,6,kingdom,1.0,0.48,0.0,0.0,0.0,0.41,0.2,True,2,0,0,0
bin.47,96.96,2.89,Gradient Boost (General Model),11,None,2646,2348,2,kingdom,0.99,0.88,0.0,0.0,0.0,0.53,0.47,True,23,2,1,2
bin.48,96.17,13.52,Gradient Boost (General Model),11,None,1321,1206,17,phylum,0.96,0.87,0.03,0.18,0.41,0.55,0.48,True,20,1,0,1
bin.49,100.0,9.01,Gradient Boost (General Model),11,None,2355,2154,12,family,0.69,0.64,0.01,0.79,6.92,0.55,0.35,True,23,4,4,4
bin.5,97.13,0.81,Gradient Boost (General Model),11,None,2125,1994,1,kingdom,1.0,0.94,0.0,0.0,0.0,0.57,0.53,True,23,1,0,1
bin.50,98.89,0.38,Gradient Boost (General Model),11,None,1203,1106,1,kingdom,1.0,0.92,0.0,0.04,0.08,0.49,0.45,True,21,1,1,1
bin.51,96.63,9.44,Neural Network (Specific Model),11,None,2111,2078,13,phylum,0.97,0.96,0.08,0.04,0.08,0.78,0.75,True,19,5,5,5
bin.52,96.91,5.74,Gradient Boost (General Model),11,None,2268,2113,17,phylum,0.93,0.87,0.04,0.03,0.07,0.58,0.5,True,22,2,2,4
bin.53,100.0,14.85,Gradient Boost (General Model),11,None,3722,3594,20,order,0.89,0.86,0.04,0.08,0.17,0.77,0.66,True,22,1,1,1
bin.54,91.54,5.16,Gradient Boost (General Model),11,None,3533,3005,12,kingdom,1.0,0.85,0.02,0.03,0.06,0.49,0.42,True,22,4,4,4
bin.55,96.62,3.53,Gradient Boost (General Model),11,None,1588,1533,9,family,0.79,0.77,0.04,0.12,0.28,0.64,0.49,True,22,2,2,2
bin.56,90.58,5.87,Gradient Boost (General Model),11,None,1908,1747,22,family,0.68,0.62,0.05,0.71,4.78,0.58,0.36,True,21,2,2,2
bin.57,95.1,0.48,Gradient Boost (General Model),11,None,1968,1816,3,order,0.86,0.79,0.01,0.27,0.74,0.58,0.46,True,22,2,2,2
bin.58,95.58,11.27,Gradient Boost (General Model),11,None,1747,1709,3,phylum,0.95,0.93,0.02,0.11,0.26,0.71,0.66,True,19,3,2,3
bin.59,83.96,9.71,Neural Network (Specific Model),11,None,2430,2385,41,genus,0.93,0.91,0.16,0.03,0.05,0.99,0.9,True,21,3,4,3
bin.6,95.87,0.53,Gradient Boost (General Model),11,None,2631,2537,4,kingdom,1.0,0.96,0.0,0.0,0.0,0.57,0.55,True,22,1,1,1
bin.60,89.27,2.95,Gradient Boost (General Model),11,None,3340,3133,42,family,0.65,0.61,0.07,0.44,1.83,0.58,0.36,True,22,1,1,1
bin.61,96.88,0.08,Gradient Boost (General Model),11,None,1147,1111,1,kingdom,1.0,0.97,0.0,0.0,0.0,0.59,0.57,True,21,1,1,1
bin.62,86.41,0.0,Gradient Boost (General Model),11,None,1566,1502,18,genus,0.47,0.45,0.03,0.72,5.86,0.61,0.27,True,22,2,3,3
bin.63,87.21,6.0,Gradient Boost (General Model),11,None,2175,1970,32,phylum,0.77,0.69,0.05,0.47,2.18,0.51,0.35,True,18,2,2,2
bin.64,89.42,11.24,Gradient Boost (General Model),11,None,3322,2925,30,phylum,0.93,0.82,0.02,0.03,0.06,0.55,0.45,True,22,4,5,5
bin.65,77.32,8.46,Neural Network (Specific Model),11,None,1506,1433,15,family,0.85,0.81,0.01,0.46,1.78,0.63,0.51,True,20,3,1,1
bin.66,74.06,2.09,Neural Network (Specific Model),11,None,1415,1394,7,phylum,0.99,0.97,0.11,0.04,0.08,0.96,0.94,True,18,1,0,1
bin.67,76.49,3.65,Neural Network (Specific Model),11,None,1936,1824,20,class,0.94,0.88,0.04,0.13,0.31,0.59,0.52,True,19,2,2,2
bin.68,93.53,0.1,Gradient Boost (General Model),11,None,699,621,4,kingdom,1.0,0.88,0.0,0.0,0.0,0.55,0.48,True,21,1,1,1
bin.69,92.19,8.52,Gradient Boost (General Model),11,None,3673,3432,42,class,0.87,0.82,0.04,0.1,0.23,0.6,0.49,True,21,6,6,6
bin.7,100.0,0.55,Gradient Boost (General Model),11,None,2291,2196,1,kingdom,1.0,0.96,0.0,0.0,0.0,0.64,0.61,True,22,2,2,2
bin.70,90.45,2.31,Gradient Boost (General Model),11,None,2403,2255,23,family,0.88,0.83,0.09,0.13,0.31,0.65,0.54,True,24,3,3,4
bin.71,88.76,2.05,Gradient Boost (General Model),11,None,1162,1037,8,family,0.73,0.65,0.07,0.36,1.26,0.54,0.35,True,14,2,1,1
bin.72,85.25,3.4,Gradient Boost (General Model),11,None,1743,1655,11,order,0.92,0.87,0.05,0.22,0.58,0.65,0.57,True,20,4,4,4
bin.73,81.09,0.11,Neural Network (Specific Model),11,None,2494,2263,30,family,0.77,0.69,0.06,0.53,2.03,0.6,0.42,True,22,1,1,1
bin.74,82.53,7.56,Gradient Boost (General Model),11,None,2121,2021,40,class,0.9,0.86,0.1,0.06,0.13,0.62,0.53,True,21,5,6,6
bin.75,76.03,0.83,Gradient Boost (General Model),11,None,1738,1644,15,family,0.83,0.79,0.05,0.35,1.21,0.63,0.5,True,21,1,1,1
bin.76,75.5,1.06,Gradient Boost (General Model),11,None,1511,1413,23,phylum,0.93,0.87,0.14,0.16,0.38,0.63,0.55,True,20,2,2,2
bin.77,78.94,0.02,Gradient Boost (General Model),11,None,3701,3087,51,phylum,0.8,0.67,0.01,0.54,2.5,0.5,0.33,True,23,1,0,1
bin.78,67.46,2.05,Gradient Boost (General Model),11,None,1252,1116,20,genus,0.56,0.5,0.05,0.78,6.67,0.53,0.27,True,21,2,2,2
bin.79,62.36,0.35,Neural Network (Specific Model),11,None,1825,1712,23,class,0.95,0.9,0.18,0.02,0.05,0.74,0.66,True,14,0,0,0
bin.8,97.85,0.59,Gradient Boost (General Model),11,None,3409,3178,1,kingdom,1.0,0.93,0.0,0.0,0.0,0.63,0.58,True,22,1,1,1
bin.80,79.18,6.93,Gradient Boost (General Model),11,None,2377,2303,38,family,0.92,0.89,0.16,0.05,0.1,0.78,0.69,True,22,3,3,4
bin.81,76.85,7.03,Gradient Boost (General Model),11,None,2290,2091,37,genus,0.54,0.49,0.1,0.04,0.09,0.61,0.3,True,20,2,2,2
bin.82,84.3,0.08,Gradient Boost (General Model),11,None,1293,1245,17,phylum,0.98,0.95,0.12,0.1,0.22,0.67,0.63,True,17,1,2,1
bin.83,97.58,0.47,Gradient Boost (General Model),11,None,671,601,1,kingdom,0.99,0.89,0.0,0.0,0.0,0.61,0.54,True,21,1,1,1
bin.84,75.29,3.75,Gradient Boost (General Model),11,None,4680,3970,87,phylum,0.82,0.69,0.03,0.74,5.31,0.47,0.33,True,18,0,0,0
bin.85,63.29,0.2,Gradient Boost (General Model),11,None,1013,961,4,family,0.86,0.82,0.01,0.43,1.8,0.63,0.51,True,24,2,2,2
bin.86,95.7,13.74,Gradient Boost (General Model),11,None,3267,3085,14,genus,0.49,0.46,0.07,0.41,1.64,0.63,0.29,True,24,2,2,2
bin.87,82.73,4.48,Gradient Boost (General Model),11,None,2684,2454,6,family,0.72,0.66,0.01,0.2,0.51,0.59,0.39,True,21,1,1,1
bin.88,64.45,0.35,Gradient Boost (General Model),11,None,4465,3441,63,class,0.53,0.41,0.03,0.74,5.78,0.5,0.2,True,20,0,0,0
bin.89,69.45,0.53,Gradient Boost (General Model),11,None,1466,1342,18,family,0.75,0.69,0.05,0.5,2.32,0.55,0.38,True,22,2,2,2
bin.9,95.66,4.84,Gradient Boost (General Model),11,None,2459,2345,18,class,0.92,0.88,0.1,0.05,0.1,0.65,0.57,True,22,2,2,2
bin.90,35.19,0.02,Neural Network (Specific Model),11,None,1260,1185,24,class,0.97,0.91,0.05,0.02,0.05,0.64,0.58,True,8,2,0,2
bin.91,97.99,0.03,Gradient Boost (General Model),11,None,745,663,1,kingdom,0.98,0.87,0.0,0.0,0.0,0.51,0.44,True,20,1,0,1
bin.92,55.14,0.48,Gradient Boost (General Model),11,None,1198,1144,4,family,0.81,0.77,0.01,0.49,2.34,0.61,0.47,True,17,2,2,3
bin.93,54.69,1.04,Gradient Boost (General Model),11,None,626,604,9,phylum,0.98,0.94,0.07,0.14,0.31,0.66,0.62,True,14,1,1,1
bin.94,49.28,0.37,Neural Network (Specific Model),11,None,1117,989,18,genus,0.8,0.71,0.01,0.43,0.97,0.58,0.41,True,15,0,0,0
bin.95,62.32,1.56,Gradient Boost (General Model),11,None,1520,1499,25,family,0.95,0.94,0.07,0.04,0.07,0.94,0.88,True,18,1,1,1
bin.96,53.64,1.24,Gradient Boost (General Model),11,None,919,866,24,kingdom,1.0,0.94,0.04,0.03,0.07,0.53,0.5,True,14,0,1,1
bin.97,45.25,0.72,Neural Network (Specific Model),11,None,1321,1235,6,class,0.88,0.82,0.04,0.04,0.09,0.69,0.56,True,15,1,0,0
bin.98,64.18,0.18,Neural Network (Specific Model),11,None,1477,1369,26,phylum,0.98,0.91,0.1,0.03,0.07,0.61,0.55,True,18,2,1,1
bin.99,61.96,5.82,Gradient Boost (General Model),11,None,2079,1921,19,genus,0.69,0.64,0.09,0.11,0.25,0.72,0.46,True,20,5,5,5
