,Completeness,Contamination,Completeness_Model_Used,Translation_Table_Used,Additional_Notes,n_genes_called,n_genes_mapped,n_contigs,taxonomic_level,proportion_genes_retained_in_major_clades,genes_retained_index,clade_separation_score,contamination_portion,n_effective_surplus_clades,mean_hit_identity,reference_representation_score,pass.GUNC,tRNA,16S,5S,23S
bin.0,100.0,108.42,Neural Network (Specific Model),11,None,14475,13838,66,family,0.87,0.83,0.97,0.58,1.7,0.94,0.78,False,23,20,14,20
bin.1,100.0,8.6,Neural Network (Specific Model),11,None,3417,3285,18,family,0.92,0.89,0.02,0.11,0.24,0.9,0.8,True,22,6,6,6
bin.2,100.0,0.91,Neural Network (Specific Model),11,None,5120,5072,2,kingdom,1.0,0.99,0.0,0.0,0.0,0.98,0.97,True,24,8,9,8
bin.3,94.85,0.23,Neural Network (Specific Model),11,None,2161,2127,1,kingdom,1.0,0.98,0.0,0.0,0.0,0.96,0.95,True,22,5,0,5
bin.4,97.12,101.83,Neural Network (Specific Model),11,None,8189,7872,19,genus,0.78,0.75,0.58,0.27,0.75,0.9,0.68,False,23,17,17,17
bin.5,99.06,112.12,Neural Network (Specific Model),11,None,23806,22959,38,class,0.99,0.95,0.96,0.13,0.3,0.93,0.88,False,23,30,28,30
bin.6,99.92,33.43,Neural Network (Specific Model),11,None,6916,6521,72,genus,0.83,0.78,0.76,0.35,0.89,0.95,0.74,False,24,2,2,2
bin.7,100.0,97.16,Neural Network (Specific Model),11,None,6536,6136,33,genus,0.92,0.86,0.94,0.36,0.98,0.92,0.79,False,24,11,4,11
bin.8,88.9,1.23,Neural Network (Specific Model),11,None,4751,4664,37,genus,0.94,0.92,0.01,0.13,0.3,0.99,0.91,True,23,4,2,4
bin.9,100.0,123.81,Neural Network (Specific Model),11,None,163299,152250,1377,phylum,1.0,0.93,0.96,0.32,0.9,0.89,0.83,False,25,191,133,194
