,Completeness,Contamination,Completeness_Model_Used,Translation_Table_Used,Additional_Notes,n_genes_called,n_genes_mapped,n_contigs,taxonomic_level,proportion_genes_retained_in_major_clades,genes_retained_index,clade_separation_score,contamination_portion,n_effective_surplus_clades,mean_hit_identity,reference_representation_score,pass.GUNC,tRNA,16S,5S,23S
Metabat2.1,5.97,0.0,Neural Network (Specific Model),11,None,273,263,1,kingdom,1.0,0.96,0.0,0.0,0.0,0.97,0.93,True,1,0,0,0
Metabat2.10,27.55,1.01,Neural Network (Specific Model),11,None,1483,1416,6,kingdom,1.0,0.95,0.0,0.0,0.0,0.9,0.86,True,14,3,3,3
Metabat2.100,98.34,0.05,Gradient Boost (General Model),11,None,2666,2614,5,family,0.93,0.91,0.01,0.23,0.6,0.93,0.84,True,22,6,6,7
Metabat2.101,99.13,0.29,Gradient Boost (General Model),11,None,2266,2174,2,family,0.95,0.91,0.04,0.12,0.27,0.91,0.83,True,22,3,0,3
Metabat2.102,18.56,0.01,Neural Network (Specific Model),11,None,643,583,4,order,0.95,0.86,0.07,0.26,0.63,0.75,0.65,True,1,0,0,0
Metabat2.103,98.39,3.0,Gradient Boost (General Model),11,None,4097,3866,4,genus,0.82,0.77,0.03,0.08,0.18,0.95,0.73,True,22,9,5,9
Metabat2.104,58.33,0.64,Neural Network (Specific Model),11,None,1715,1596,36,genus,0.92,0.85,0.31,0.06,0.12,0.95,0.81,True,14,0,0,0
Metabat2.105,51.15,3.04,Neural Network (Specific Model),11,None,1965,1841,62,genus,0.88,0.82,0.76,0.03,0.06,0.96,0.79,False,16,1,1,1
Metabat2.106,45.33,0.04,Neural Network (Specific Model),11,None,1279,1257,4,genus,0.95,0.94,0.07,0.04,0.08,0.97,0.91,True,12,0,0,0
Metabat2.107,49.57,6.82,Gradient Boost (General Model),4,None,5210,4815,45,kingdom,1.0,0.92,0.0,0.0,0.0,0.91,0.84,True,21,7,0,7
Metabat2.108,11.55,0.25,Neural Network (Specific Model),11,None,579,537,7,genus,0.76,0.71,0.27,0.6,3.33,0.9,0.64,True,6,0,0,0
Metabat2.109,23.53,0.84,Neural Network (Specific Model),11,None,912,807,13,genus,0.75,0.66,0.07,0.57,2.26,0.75,0.5,True,12,3,1,3
Metabat2.11,20.47,0.02,Neural Network (Specific Model),11,None,766,751,1,kingdom,1.0,0.98,0.0,0.0,0.0,0.9,0.88,True,15,2,0,2
Metabat2.110,16.58,0.0,Neural Network (Specific Model),11,None,524,513,2,kingdom,1.0,0.98,0.0,0.0,0.0,0.96,0.94,True,15,1,0,1
Metabat2.111,37.78,1.31,Neural Network (Specific Model),11,None,1338,1300,4,order,0.95,0.93,0.05,0.05,0.1,0.75,0.7,True,8,0,0,0
Metabat2.112,20.64,0.21,Neural Network (Specific Model),11,None,727,709,2,kingdom,1.0,0.98,0.0,0.0,0.0,0.94,0.92,True,11,1,0,1
Metabat2.113,19.6,0.14,Neural Network (Specific Model),11,None,750,732,3,kingdom,1.0,0.98,0.0,0.0,0.0,0.9,0.88,True,15,2,2,2
Metabat2.114,11.98,0.03,Neural Network (Specific Model),11,None,394,381,2,family,0.96,0.93,0.03,0.11,0.26,0.93,0.86,True,12,2,0,2
Metabat2.115,55.59,4.38,Gradient Boost (General Model),11,None,6359,5925,49,kingdom,1.0,0.93,0.0,0.0,0.0,0.92,0.86,True,23,5,6,5
Metabat2.116,15.78,0.0,Neural Network (Specific Model),11,None,887,851,14,family,0.95,0.91,0.18,0.02,0.05,0.94,0.85,True,6,0,0,0
Metabat2.117,12.89,0.0,Neural Network (Specific Model),11,None,584,544,3,kingdom,0.99,0.93,0.0,0.0,0.0,0.91,0.84,True,14,1,1,1
Metabat2.118,55.43,2.27,Neural Network (Specific Model),11,None,1756,1704,19,genus,0.86,0.84,0.75,0.06,0.12,0.97,0.82,False,17,5,2,5
Metabat2.119,7.4,0.04,Neural Network (Specific Model),11,None,718,611,6,genus,0.92,0.78,0.06,0.03,0.06,0.84,0.66,True,1,1,1,0
Metabat2.12,17.36,0.0,Neural Network (Specific Model),11,None,409,400,2,family,0.97,0.95,0.05,0.03,0.07,0.94,0.9,True,7,0,0,0
Metabat2.120,8.86,0.05,Neural Network (Specific Model),11,None,241,229,6,class,0.97,0.92,0.15,0.02,0.05,0.75,0.69,True,3,0,0,0
Metabat2.121,38.67,1.12,Neural Network (Specific Model),11,None,1324,1262,14,kingdom,1.0,0.95,0.0,0.0,0.0,0.93,0.89,True,11,0,0,0
Metabat2.122,4.38,0.0,Neural Network (Specific Model),11,None,340,306,9,genus,0.88,0.79,0.33,0.65,3.72,0.87,0.68,True,1,0,0,0
Metabat2.123,42.82,0.81,Neural Network (Specific Model),11,None,2280,2214,21,kingdom,1.0,0.97,0.0,0.0,0.0,0.97,0.94,True,16,2,2,2
Metabat2.124,10.38,0.02,Neural Network (Specific Model),11,None,535,489,5,genus,0.73,0.66,0.11,0.15,0.36,0.9,0.6,True,14,1,1,1
Metabat2.125,6.09,0.0,Neural Network (Specific Model),11,None,236,223,4,genus,0.94,0.89,0.26,0.17,0.43,0.92,0.81,True,3,0,0,0
Metabat2.126,15.91,0.0,Neural Network (Specific Model),11,None,613,600,3,kingdom,1.0,0.98,0.0,0.0,0.0,0.94,0.92,True,11,0,0,0
Metabat2.127,47.12,0.23,Neural Network (Specific Model),11,None,1268,1240,7,kingdom,1.0,0.98,0.0,0.0,0.0,0.98,0.95,True,17,3,2,3
Metabat2.128,8.58,0.12,Neural Network (Specific Model),11,None,302,298,3,family,0.97,0.95,0.04,0.1,0.24,0.95,0.91,True,6,2,2,2
Metabat2.129,38.69,0.99,Neural Network (Specific Model),11,None,1661,1600,3,family,0.96,0.92,0.04,0.07,0.16,0.96,0.88,True,11,0,0,0
Metabat2.13,9.23,0.0,Neural Network (Specific Model),11,None,413,407,2,kingdom,1.0,0.99,0.0,0.0,0.0,0.97,0.96,True,1,0,0,0
Metabat2.130,12.53,0.18,Neural Network (Specific Model),11,None,381,372,1,kingdom,1.0,0.98,0.0,0.0,0.0,0.94,0.92,True,4,2,1,2
Metabat2.131,53.12,0.22,Neural Network (Specific Model),11,None,1776,1731,5,family,0.96,0.94,0.09,0.03,0.05,0.96,0.9,True,17,2,2,2
Metabat2.132,37.66,0.75,Neural Network (Specific Model),11,None,1640,1571,4,family,0.94,0.9,0.04,0.08,0.18,0.94,0.85,True,19,1,1,1
Metabat2.133,10.78,0.0,Neural Network (Specific Model),11,None,539,484,3,order,0.94,0.84,0.19,0.02,0.05,0.91,0.77,True,2,0,0,0
Metabat2.134,17.51,0.0,Neural Network (Specific Model),11,None,1043,992,3,kingdom,1.0,0.95,0.0,0.0,0.0,0.92,0.87,True,7,0,0,0
Metabat2.135,5.49,0.0,Neural Network (Specific Model),11,None,207,183,6,class,0.98,0.86,0.12,0.1,0.23,0.7,0.61,True,2,0,0,0
Metabat2.136,18.6,0.0,Neural Network (Specific Model),11,None,718,687,3,family,0.91,0.87,0.03,0.43,1.35,0.75,0.65,True,14,1,1,1
Metabat2.137,7.02,0.0,Neural Network (Specific Model),11,None,210,206,2,genus,0.94,0.92,0.02,0.06,0.13,0.93,0.86,True,2,0,0,0
Metabat2.138,10.99,0.04,Neural Network (Specific Model),11,None,490,476,5,genus,0.93,0.91,0.21,0.07,0.14,0.94,0.85,True,5,0,0,0
Metabat2.139,29.14,0.03,Neural Network (Specific Model),11,None,923,897,3,family,0.97,0.94,0.05,0.07,0.15,0.95,0.89,True,14,1,1,1
Metabat2.14,84.6,1.24,Neural Network (Specific Model),11,None,3568,3433,3,kingdom,1.0,0.96,0.0,0.0,0.0,0.93,0.89,True,21,7,7,7
Metabat2.140,22.7,0.0,Neural Network (Specific Model),11,None,899,850,3,kingdom,1.0,0.95,0.0,0.0,0.0,0.93,0.88,True,10,2,3,3
Metabat2.141,7.02,0.01,Neural Network (Specific Model),11,None,262,252,4,family,0.94,0.9,0.13,0.03,0.07,0.94,0.85,True,3,0,0,0
Metabat2.142,9.61,0.11,Neural Network (Specific Model),11,None,372,359,7,genus,0.86,0.83,0.04,0.32,0.99,0.92,0.76,True,2,0,0,0
Metabat2.143,75.41,1.86,Neural Network (Specific Model),11,None,2528,2449,2,kingdom,1.0,0.97,0.0,0.0,0.0,0.96,0.93,True,18,6,6,6
Metabat2.144,100.0,0.26,Neural Network (Specific Model),11,None,2569,2419,1,kingdom,1.0,0.94,0.0,0.0,0.0,0.91,0.86,True,23,6,6,6
Metabat2.145,4.39,0.01,Neural Network (Specific Model),11,None,148,140,2,kingdom,1.0,0.95,0.0,0.0,0.0,0.95,0.9,True,2,0,1,1
Metabat2.15,13.01,0.02,Neural Network (Specific Model),11,None,968,944,17,kingdom,1.0,0.98,0.0,0.0,0.0,0.98,0.95,True,0,0,0,0
Metabat2.16,28.82,0.21,Neural Network (Specific Model),11,None,1628,1533,3,family,0.96,0.9,0.03,0.04,0.09,0.89,0.8,True,11,1,1,1
Metabat2.17,99.92,1.93,Neural Network (Specific Model),11,None,3518,3392,4,family,0.92,0.89,0.04,0.06,0.13,0.93,0.83,True,22,5,5,5
Metabat2.18,5.24,0.1,Neural Network (Specific Model),11,None,247,231,6,order,0.98,0.91,0.22,0.02,0.05,0.87,0.8,True,0,0,0,0
Metabat2.19,7.36,0.06,Neural Network (Specific Model),4,None,606,553,2,kingdom,1.0,0.91,0.0,0.0,0.0,0.92,0.84,True,4,0,0,0
Metabat2.2,88.35,1.47,Neural Network (Specific Model),11,None,2558,2393,2,kingdom,1.0,0.94,0.0,0.0,0.0,0.92,0.86,True,21,7,1,7
Metabat2.20,24.23,0.32,Neural Network (Specific Model),11,None,759,667,19,genus,0.67,0.59,0.13,0.16,0.4,0.75,0.44,True,4,0,0,0
Metabat2.21,6.73,0.01,Neural Network (Specific Model),11,None,313,297,13,genus,0.92,0.87,0.26,0.1,0.21,0.95,0.83,True,3,0,0,0
Metabat2.22,48.75,0.0,Neural Network (Specific Model),11,None,1331,1281,3,kingdom,1.0,0.96,0.0,0.0,0.0,0.73,0.7,True,16,3,3,3
Metabat2.23,3.27,0.0,Neural Network (Specific Model),11,None,438,381,7,kingdom,1.0,0.87,0.0,0.0,0.0,0.86,0.75,True,1,0,0,0
Metabat2.24,34.23,2.66,Neural Network (Specific Model),4,None,3831,3562,11,genus,0.89,0.83,0.24,0.04,0.09,0.91,0.75,True,23,4,3,4
Metabat2.25,28.78,0.37,Neural Network (Specific Model),11,None,801,742,15,family,0.94,0.87,0.01,0.5,1.17,0.78,0.68,True,12,1,0,0
Metabat2.26,8.36,0.06,Neural Network (Specific Model),11,None,764,654,22,genus,0.91,0.78,0.63,0.22,0.58,0.85,0.67,False,3,0,0,0
Metabat2.27,4.66,0.0,Neural Network (Specific Model),11,None,422,392,4,kingdom,1.0,0.93,0.0,0.0,0.0,0.9,0.84,True,3,0,0,0
Metabat2.28,81.82,1.26,Neural Network (Specific Model),11,None,2850,2592,7,family,0.95,0.87,0.04,0.05,0.11,0.93,0.81,True,18,3,0,3
Metabat2.29,12.75,0.0,Neural Network (Specific Model),11,None,281,276,3,genus,0.95,0.93,0.01,0.06,0.13,0.97,0.9,True,11,1,1,1
Metabat2.3,99.98,0.09,Neural Network (Specific Model),11,None,2418,2358,1,kingdom,1.0,0.98,0.0,0.0,0.0,0.95,0.92,True,23,7,7,7
Metabat2.30,9.52,0.03,Neural Network (Specific Model),11,None,331,326,3,kingdom,1.0,0.98,0.0,0.0,0.0,0.94,0.93,True,3,0,0,0
Metabat2.31,21.09,1.22,Neural Network (Specific Model),11,None,1589,1339,38,family,0.9,0.76,0.04,0.38,1.19,0.72,0.55,True,16,1,2,2
Metabat2.32,4.35,0.14,Neural Network (Specific Model),11,None,349,303,6,genus,0.91,0.79,0.15,0.2,0.49,0.8,0.63,True,1,0,0,0
Metabat2.33,6.29,0.01,Neural Network (Specific Model),11,None,370,360,13,family,0.96,0.94,0.34,0.06,0.12,0.93,0.87,True,2,0,0,0
Metabat2.34,4.03,0.1,Neural Network (Specific Model),11,None,239,220,2,phylum,1.0,0.92,0.1,0.08,0.18,0.87,0.8,True,0,0,0,0
Metabat2.35,8.16,0.0,Neural Network (Specific Model),11,None,367,339,15,family,0.95,0.88,0.46,0.46,1.18,0.87,0.76,False,1,0,0,0
Metabat2.36,20.62,0.0,Neural Network (Specific Model),11,None,727,680,19,genus,0.9,0.85,0.03,0.15,0.35,0.93,0.79,True,5,0,0,0
Metabat2.37,4.79,0.1,Neural Network (Specific Model),11,None,330,303,13,phylum,0.99,0.91,0.94,0.08,0.17,0.86,0.78,False,1,0,0,0
Metabat2.38,81.42,0.11,Neural Network (Specific Model),11,None,2715,2543,24,genus,0.87,0.82,0.08,0.06,0.13,0.95,0.77,True,18,1,0,1
Metabat2.39,68.89,0.03,Gradient Boost (General Model),11,None,1850,1791,5,family,0.95,0.92,0.04,0.06,0.13,0.94,0.87,True,18,3,3,3
Metabat2.4,7.08,0.0,Neural Network (Specific Model),11,None,234,187,1,kingdom,1.0,0.8,0.0,0.0,0.0,0.68,0.55,True,0,0,0,0
Metabat2.40,82.08,0.49,Neural Network (Specific Model),11,None,1717,1669,6,family,0.94,0.91,0.03,0.04,0.07,0.94,0.86,True,21,3,3,3
Metabat2.41,5.07,0.0,Neural Network (Specific Model),11,None,265,254,3,family,0.96,0.92,0.04,0.15,0.36,0.87,0.8,True,4,0,0,0
Metabat2.42,10.91,0.0,Neural Network (Specific Model),11,None,202,193,3,genus,0.94,0.9,0.13,0.04,0.09,0.95,0.86,True,5,0,0,0
Metabat2.43,9.29,1.16,Neural Network (Specific Model),11,None,545,531,11,kingdom,1.0,0.97,0.0,0.0,0.0,0.93,0.91,True,3,0,0,0
Metabat2.44,40.13,0.51,Neural Network (Specific Model),11,None,1790,1776,2,kingdom,1.0,0.99,0.0,0.0,0.0,0.99,0.98,True,16,6,7,6
Metabat2.45,49.3,0.37,Neural Network (Specific Model),11,None,1706,1671,8,family,0.95,0.93,0.02,0.1,0.23,0.95,0.89,True,20,3,0,3
Metabat2.46,19.5,0.01,Neural Network (Specific Model),11,None,681,666,2,kingdom,1.0,0.98,0.0,0.0,0.0,0.93,0.91,True,13,1,1,1
Metabat2.47,7.89,0.0,Neural Network (Specific Model),11,None,418,338,9,phylum,0.98,0.79,0.19,0.03,0.07,0.76,0.6,True,1,0,0,0
Metabat2.48,16.0,0.0,Neural Network (Specific Model),11,None,719,698,24,genus,0.81,0.79,0.37,0.14,0.34,0.87,0.68,True,4,0,0,1
Metabat2.49,64.18,0.23,Neural Network (Specific Model),11,None,1632,1545,27,kingdom,1.0,0.95,0.0,0.0,0.0,0.93,0.88,True,18,2,0,4
Metabat2.5,99.01,0.45,Gradient Boost (General Model),11,None,2550,2469,1,kingdom,1.0,0.97,0.0,0.0,0.0,0.92,0.89,True,23,5,5,5
Metabat2.50,18.63,3.65,Neural Network (Specific Model),11,None,1323,1253,29,genus,0.78,0.74,0.29,0.72,5.19,0.87,0.64,True,3,1,0,1
Metabat2.51,5.99,0.0,Neural Network (Specific Model),4,None,395,321,9,class,0.93,0.76,0.32,0.03,0.07,0.73,0.55,True,3,0,0,0
Metabat2.52,53.2,0.22,Neural Network (Specific Model),11,None,1821,1747,12,family,0.97,0.93,0.16,0.03,0.06,0.96,0.89,True,17,1,1,1
Metabat2.53,47.72,0.0,Neural Network (Specific Model),11,None,1320,1275,4,genus,0.88,0.85,0.03,0.16,0.4,0.95,0.81,True,12,2,0,2
Metabat2.54,9.06,0.47,Neural Network (Specific Model),11,None,338,324,4,kingdom,1.0,0.96,0.0,0.0,0.0,0.97,0.93,True,2,0,0,0
Metabat2.55,23.98,2.26,Neural Network (Specific Model),11,None,1274,1225,9,genus,0.9,0.86,0.24,0.09,0.21,0.95,0.82,True,9,0,0,0
Metabat2.56,16.66,0.5,Neural Network (Specific Model),11,None,579,552,5,genus,0.84,0.8,0.16,0.31,1.04,0.93,0.74,True,3,1,0,0
Metabat2.57,20.42,2.18,Neural Network (Specific Model),11,None,1768,1460,61,genus,0.74,0.61,0.41,0.74,6.12,0.84,0.51,True,8,0,0,0
Metabat2.58,99.79,63.34,Neural Network (Specific Model),11,None,5901,5612,64,genus,0.81,0.77,0.03,0.65,3.3,0.72,0.55,True,20,1,0,0
Metabat2.59,41.6,2.86,Neural Network (Specific Model),11,None,2948,2677,36,genus,0.81,0.74,0.2,0.18,0.48,0.89,0.66,True,16,2,1,2
Metabat2.6,13.79,0.02,Neural Network (Specific Model),11,None,633,597,2,kingdom,1.0,0.94,0.0,0.0,0.0,0.94,0.89,True,3,0,0,0
Metabat2.60,8.84,0.0,Neural Network (Specific Model),11,None,425,382,4,genus,0.87,0.78,0.2,0.23,0.61,0.9,0.7,True,3,0,0,0
Metabat2.61,10.4,0.8,Neural Network (Specific Model),11,None,918,711,20,family,0.98,0.76,0.55,0.04,0.09,0.81,0.61,False,12,0,0,0
Metabat2.62,12.79,0.0,Neural Network (Specific Model),11,None,522,490,3,kingdom,1.0,0.94,0.0,0.0,0.0,0.95,0.89,True,5,1,0,1
Metabat2.63,8.0,0.05,Neural Network (Specific Model),11,None,312,282,12,genus,0.83,0.75,0.09,0.49,2.24,0.74,0.56,True,8,0,0,0
Metabat2.64,43.65,8.78,Gradient Boost (General Model),11,None,8792,8221,40,kingdom,1.0,0.93,0.0,0.0,0.0,0.92,0.86,True,22,5,5,5
Metabat2.65,17.73,0.4,Neural Network (Specific Model),11,None,923,862,2,kingdom,1.0,0.93,0.0,0.0,0.0,0.84,0.79,True,6,0,0,0
Metabat2.66,28.57,0.12,Neural Network (Specific Model),11,None,905,878,6,genus,0.96,0.93,0.38,0.03,0.07,0.96,0.89,True,14,2,2,2
Metabat2.67,45.82,0.36,Neural Network (Specific Model),11,None,1722,1658,7,family,0.97,0.93,0.07,0.06,0.13,0.94,0.87,True,9,1,1,1
Metabat2.68,29.32,0.25,Neural Network (Specific Model),11,None,1172,1149,3,kingdom,1.0,0.98,0.0,0.0,0.0,0.95,0.93,True,12,1,1,1
Metabat2.69,72.11,0.29,Neural Network (Specific Model),11,None,2411,2353,5,family,0.96,0.93,0.05,0.02,0.05,0.96,0.89,True,21,4,3,4
Metabat2.7,22.73,0.0,Neural Network (Specific Model),11,None,562,545,3,family,0.95,0.92,0.02,0.05,0.1,0.93,0.86,True,10,2,2,2
Metabat2.70,23.57,0.25,Neural Network (Specific Model),11,None,1876,1787,30,kingdom,1.0,0.95,0.0,0.0,0.0,0.96,0.91,True,10,0,0,0
Metabat2.71,17.98,0.0,Neural Network (Specific Model),11,None,591,564,14,genus,0.95,0.91,0.06,0.23,0.54,0.92,0.84,True,5,1,1,0
Metabat2.72,45.96,0.2,Neural Network (Specific Model),11,None,1289,1184,7,family,0.9,0.83,0.01,0.27,0.7,0.73,0.61,True,14,0,0,0
Metabat2.73,84.14,3.31,Neural Network (Specific Model),11,None,3223,3103,32,class,0.98,0.94,0.04,0.02,0.05,0.8,0.75,True,22,6,6,3
Metabat2.74,23.86,0.83,Neural Network (Specific Model),11,None,933,889,29,genus,0.96,0.92,0.05,0.07,0.16,0.95,0.87,True,5,0,0,0
Metabat2.75,10.95,0.0,Neural Network (Specific Model),11,None,418,410,1,kingdom,1.0,0.98,0.0,0.0,0.0,0.75,0.73,True,16,2,2,2
Metabat2.76,83.93,7.58,Neural Network (Specific Model),11,None,4928,4739,41,kingdom,1.0,0.96,0.0,0.0,0.0,0.92,0.88,True,22,4,8,4
Metabat2.77,43.48,3.97,Gradient Boost (General Model),11,None,1854,1789,26,genus,0.87,0.84,0.39,0.46,2.07,0.95,0.8,True,13,2,1,1
Metabat2.78,20.33,2.12,Neural Network (Specific Model),11,None,2658,1985,33,class,0.92,0.69,0.02,0.11,0.26,0.63,0.43,True,21,3,4,4
Metabat2.79,62.52,0.23,Neural Network (Specific Model),11,None,1260,1211,20,kingdom,1.0,0.96,0.0,0.0,0.0,0.96,0.92,True,20,4,0,3
Metabat2.8,36.33,0.0,Neural Network (Specific Model),11,None,795,778,5,family,0.94,0.92,0.07,0.02,0.05,0.93,0.85,True,11,1,1,1
Metabat2.80,64.67,5.6,Neural Network (Specific Model),11,None,2193,2095,53,genus,0.86,0.82,0.64,0.11,0.26,0.93,0.77,False,16,2,1,1
Metabat2.81,27.55,0.05,Neural Network (Specific Model),11,None,1145,1033,6,class,0.95,0.85,0.13,0.03,0.05,0.75,0.64,True,17,5,5,5
Metabat2.82,61.87,7.66,Neural Network (Specific Model),11,None,6052,5482,166,kingdom,1.0,0.91,0.0,0.0,0.0,0.89,0.81,True,19,2,1,2
Metabat2.83,82.72,8.83,Neural Network (Specific Model),11,None,5846,5552,65,family,0.92,0.87,0.14,0.18,0.45,0.86,0.75,True,24,3,0,2
Metabat2.84,10.03,0.0,Neural Network (Specific Model),11,None,389,382,5,kingdom,1.0,0.98,0.0,0.0,0.0,0.97,0.95,True,3,0,1,0
Metabat2.85,7.16,0.0,Neural Network (Specific Model),11,None,193,179,6,kingdom,1.0,0.93,0.0,0.0,0.0,0.94,0.87,True,1,0,0,0
Metabat2.86,43.51,2.42,Neural Network (Specific Model),11,None,1469,1402,24,kingdom,1.0,0.95,0.0,0.0,0.0,0.86,0.82,True,9,2,2,2
Metabat2.87,46.32,0.66,Neural Network (Specific Model),11,None,1688,1634,3,kingdom,1.0,0.97,0.0,0.0,0.0,0.95,0.92,True,16,3,0,3
Metabat2.88,24.98,0.01,Neural Network (Specific Model),11,None,1093,1050,6,family,0.93,0.89,0.01,0.03,0.06,0.89,0.79,True,7,0,0,0
Metabat2.89,90.8,4.91,Neural Network (Specific Model),11,None,4156,4006,30,family,0.96,0.93,0.24,0.03,0.05,0.96,0.89,True,20,3,7,7
Metabat2.9,32.49,0.06,Neural Network (Specific Model),11,None,948,920,4,family,0.98,0.95,0.04,0.05,0.11,0.95,0.9,True,10,0,0,0
Metabat2.90,19.59,0.02,Neural Network (Specific Model),11,None,791,762,2,kingdom,1.0,0.96,0.0,0.0,0.0,0.9,0.86,True,7,1,1,1
Metabat2.91,12.61,0.0,Neural Network (Specific Model),11,None,378,357,2,kingdom,1.0,0.94,0.0,0.0,0.0,0.91,0.86,True,11,1,1,1
Metabat2.92,48.33,3.61,Neural Network (Specific Model),11,None,2060,1990,18,kingdom,1.0,0.97,0.0,0.0,0.0,0.95,0.92,True,17,4,2,4
Metabat2.93,4.48,0.01,Neural Network (Specific Model),11,None,717,637,14,genus,0.9,0.8,0.03,0.52,1.89,0.8,0.64,True,9,1,1,1
Metabat2.94,12.35,0.02,Neural Network (Specific Model),11,None,674,619,17,genus,0.94,0.86,0.53,0.07,0.15,0.94,0.81,False,10,0,0,0
Metabat2.95,72.42,7.59,Gradient Boost (General Model),11,None,3116,2698,32,class,0.97,0.84,0.07,0.31,0.81,0.65,0.55,True,23,4,3,4
Metabat2.96,10.86,0.0,Neural Network (Specific Model),11,None,442,413,16,genus,0.87,0.82,0.08,0.06,0.12,0.84,0.69,True,2,1,0,0
Metabat2.97,36.25,0.97,Neural Network (Specific Model),11,None,1321,1256,7,genus,0.86,0.81,0.2,0.11,0.25,0.86,0.7,True,19,4,2,3
Metabat2.98,42.7,2.46,Neural Network (Specific Model),11,None,1758,1669,16,kingdom,1.0,0.95,0.0,0.0,0.0,0.94,0.89,True,15,1,1,1
Metabat2.99,7.31,0.21,Neural Network (Specific Model),11,None,182,177,2,order,0.95,0.93,0.02,0.04,0.09,0.88,0.82,True,2,0,0,0
