,Completeness,Contamination,Completeness_Model_Used,Translation_Table_Used,Additional_Notes,n_genes_called,n_genes_mapped,n_contigs,taxonomic_level,proportion_genes_retained_in_major_clades,genes_retained_index,clade_separation_score,contamination_portion,n_effective_surplus_clades,mean_hit_identity,reference_representation_score,pass.GUNC,tRNA,16S,5S,23S
METADECODER.1,81.88,12.35,Neural Network (Specific Model),11,None,5455,5240,83,genus,0.82,0.79,0.21,0.28,0.84,0.87,0.69,True,16,2,0,2
METADECODER.10,70.3,8.29,Neural Network (Specific Model),11,None,2087,2029,18,family,0.93,0.91,0.18,0.09,0.19,0.96,0.87,True,22,5,5,5
METADECODER.100,7.15,0.01,Neural Network (Specific Model),11,None,191,188,3,kingdom,1.0,0.98,0.0,0.0,0.0,0.9,0.89,True,3,0,0,0
METADECODER.101,9.39,0.0,Neural Network (Specific Model),11,None,305,285,16,family,0.99,0.92,0.17,0.04,0.09,0.93,0.86,True,1,0,0,0
METADECODER.102,99.97,1.27,Neural Network (Specific Model),11,None,2738,2642,2,kingdom,1.0,0.96,0.0,0.0,0.0,0.91,0.87,True,22,6,6,6
METADECODER.103,11.48,0.01,Neural Network (Specific Model),11,None,488,427,10,genus,0.79,0.69,0.09,0.53,2.55,0.76,0.53,True,3,0,0,0
METADECODER.104,99.91,0.58,Neural Network (Specific Model),11,None,1912,1869,1,kingdom,1.0,0.98,0.0,0.0,0.0,0.92,0.9,True,24,5,5,5
METADECODER.105,39.71,2.55,Neural Network (Specific Model),11,None,1137,1109,7,genus,0.82,0.8,0.01,0.64,3.08,0.74,0.59,True,14,2,2,2
METADECODER.106,84.95,1.46,Neural Network (Specific Model),11,None,3664,3509,15,family,0.95,0.91,0.08,0.11,0.26,0.95,0.86,True,22,8,8,8
METADECODER.107,8.2,0.06,Neural Network (Specific Model),11,None,334,316,10,genus,0.69,0.65,0.1,0.44,1.83,0.71,0.46,True,0,0,0,0
METADECODER.108,78.56,0.21,Neural Network (Specific Model),11,None,2001,1963,1,kingdom,1.0,0.98,0.0,0.0,0.0,0.92,0.9,True,18,4,4,4
METADECODER.109,100.0,1.11,Neural Network (Specific Model),11,None,3185,3086,3,genus,0.83,0.8,0.02,0.23,0.65,0.94,0.75,True,23,6,0,6
METADECODER.11,57.67,8.13,Gradient Boost (General Model),11,None,2273,2096,54,family,0.89,0.82,0.1,0.39,1.19,0.75,0.61,True,17,9,8,8
METADECODER.110,85.83,6.56,Neural Network (Specific Model),11,None,3597,3494,13,genus,0.81,0.78,0.21,0.13,0.31,0.96,0.75,True,23,8,7,8
METADECODER.111,100.0,1.31,Neural Network (Specific Model),11,None,3555,3304,6,family,0.94,0.88,0.01,0.32,0.82,0.9,0.79,True,23,8,2,8
METADECODER.112,95.11,1.39,Neural Network (Specific Model),11,None,2803,2590,15,family,0.83,0.76,0.04,0.42,1.63,0.72,0.55,True,21,4,4,4
METADECODER.113,10.65,0.0,Neural Network (Specific Model),11,None,401,394,3,kingdom,1.0,0.98,0.0,0.0,0.0,0.95,0.93,True,6,0,0,0
METADECODER.114,17.58,0.01,Neural Network (Specific Model),11,None,521,512,3,class,0.99,0.98,0.04,0.05,0.1,0.8,0.78,True,13,1,0,1
METADECODER.115,10.22,0.02,Neural Network (Specific Model),11,None,302,298,4,kingdom,1.0,0.99,0.0,0.0,0.0,0.97,0.95,True,2,0,0,0
METADECODER.116,22.11,6.79,Neural Network (Specific Model),11,None,756,717,4,kingdom,1.0,0.95,0.0,0.0,0.0,0.71,0.67,True,5,0,0,0
METADECODER.117,10.31,0.02,Neural Network (Specific Model),11,None,391,369,5,genus,0.85,0.81,0.05,0.36,1.19,0.79,0.63,True,12,2,1,2
METADECODER.118,13.81,0.0,Neural Network (Specific Model),11,None,342,341,3,kingdom,1.0,1.0,0.0,0.0,0.0,0.98,0.97,True,7,1,1,1
METADECODER.119,9.55,0.01,Neural Network (Specific Model),11,None,242,240,3,kingdom,1.0,0.99,0.0,0.0,0.0,0.94,0.93,True,3,1,0,0
METADECODER.12,10.68,0.01,Neural Network (Specific Model),11,None,497,467,15,genus,0.9,0.84,0.26,0.06,0.12,0.89,0.75,True,6,2,1,2
METADECODER.120,20.73,3.84,Neural Network (Specific Model),11,None,779,748,14,genus,0.8,0.77,0.1,0.72,4.79,0.73,0.56,True,4,0,0,0
METADECODER.121,100.0,1.57,Neural Network (Specific Model),11,None,2702,2544,3,phylum,0.99,0.93,0.74,0.03,0.07,0.93,0.86,False,22,7,1,7
METADECODER.122,44.75,5.92,Gradient Boost (General Model),11,None,1556,1489,7,class,0.98,0.94,0.03,0.02,0.04,0.8,0.75,True,17,4,1,4
METADECODER.123,98.39,3.21,Gradient Boost (General Model),11,None,3914,3698,3,class,0.98,0.93,0.03,0.02,0.04,0.93,0.86,True,22,9,5,9
METADECODER.124,99.81,0.29,Neural Network (Specific Model),11,None,1679,1606,3,order,0.97,0.92,0.43,0.04,0.08,0.93,0.86,True,22,4,4,4
METADECODER.125,16.02,0.02,Neural Network (Specific Model),11,None,493,477,3,family,0.96,0.92,0.01,0.28,0.73,0.77,0.72,True,21,4,2,4
METADECODER.126,100.0,1.73,Neural Network (Specific Model),11,None,2518,2393,2,genus,0.89,0.85,0.01,0.03,0.06,0.96,0.81,True,23,6,6,6
METADECODER.127,100.0,1.83,Neural Network (Specific Model),11,None,3382,3120,2,kingdom,1.0,0.92,0.0,0.0,0.0,0.93,0.86,True,22,4,0,4
METADECODER.128,99.87,5.47,Gradient Boost (General Model),11,None,3811,3622,3,genus,0.93,0.89,0.03,0.04,0.08,0.96,0.85,True,23,4,4,4
METADECODER.129,6.77,1.58,Neural Network (Specific Model),11,None,207,202,3,genus,0.87,0.85,0.17,0.28,0.82,0.88,0.75,True,7,1,0,1
METADECODER.13,49.12,21.6,Neural Network (Specific Model),11,None,3708,3549,48,genus,0.94,0.9,0.29,0.06,0.14,0.94,0.84,True,17,0,0,0
METADECODER.130,99.99,0.43,Neural Network (Specific Model),11,None,1835,1765,1,kingdom,1.0,0.96,0.0,0.0,0.0,0.95,0.91,True,22,5,0,5
METADECODER.131,34.18,1.01,Neural Network (Specific Model),11,None,1211,1182,1,kingdom,1.0,0.98,0.0,0.0,0.0,0.95,0.92,True,13,1,1,1
METADECODER.132,100.0,1.22,Gradient Boost (General Model),11,None,2732,2652,4,class,0.98,0.95,0.03,0.05,0.1,0.78,0.74,True,22,4,4,4
METADECODER.133,99.91,0.06,Neural Network (Specific Model),11,None,3069,2996,1,kingdom,1.0,0.98,0.0,0.0,0.0,0.93,0.91,True,22,6,6,6
METADECODER.14,37.7,5.77,Neural Network (Specific Model),11,None,1582,1540,5,genus,0.79,0.77,0.02,0.67,3.65,0.73,0.56,True,9,0,0,0
METADECODER.15,58.2,1.88,Gradient Boost (General Model),11,None,1534,1504,33,genus,0.94,0.92,0.07,0.1,0.22,0.96,0.88,True,19,3,0,4
METADECODER.16,40.88,0.2,Neural Network (Specific Model),11,None,1270,1208,39,family,0.93,0.88,0.12,0.03,0.06,0.93,0.82,True,15,3,3,3
METADECODER.17,41.47,0.14,Neural Network (Specific Model),11,None,1606,1523,39,genus,0.89,0.84,1.0,0.03,0.06,0.98,0.82,False,16,1,0,0
METADECODER.18,74.46,11.83,Neural Network (Specific Model),11,None,4096,3992,35,kingdom,1.0,0.97,0.0,0.0,0.0,0.94,0.91,True,22,3,3,3
METADECODER.19,7.78,0.09,Neural Network (Specific Model),11,None,267,233,6,family,0.9,0.79,0.32,0.43,1.42,0.78,0.61,True,0,1,1,1
METADECODER.2,15.63,0.02,Neural Network (Specific Model),11,None,925,857,30,genus,0.79,0.73,0.26,0.6,3.46,0.83,0.61,True,2,0,0,0
METADECODER.20,40.17,0.25,Neural Network (Specific Model),11,None,1212,1087,31,genus,0.8,0.72,0.34,0.08,0.18,0.92,0.66,True,7,1,1,1
METADECODER.21,56.0,4.59,Neural Network (Specific Model),11,None,2364,2272,49,genus,0.89,0.86,0.54,0.23,0.64,0.92,0.79,False,23,4,4,5
METADECODER.22,94.89,0.81,Neural Network (Specific Model),11,None,2972,2887,7,order,0.95,0.93,0.03,0.04,0.09,0.74,0.68,True,22,6,6,6
METADECODER.23,39.63,0.5,Neural Network (Specific Model),11,None,1164,1142,8,family,0.98,0.96,0.12,0.06,0.13,0.97,0.93,True,11,0,0,0
METADECODER.24,37.1,9.62,Neural Network (Specific Model),11,None,2244,2168,25,genus,0.75,0.72,0.13,0.18,0.46,0.87,0.63,True,18,2,0,2
METADECODER.25,47.35,6.23,Neural Network (Specific Model),11,None,3318,3176,92,genus,0.8,0.76,0.4,0.44,1.13,0.89,0.68,True,18,2,1,2
METADECODER.26,42.0,6.61,Neural Network (Specific Model),11,None,2143,2086,29,family,0.94,0.92,0.19,0.34,0.96,0.85,0.78,True,16,2,0,2
METADECODER.27,6.53,0.08,Neural Network (Specific Model),11,None,370,346,18,kingdom,1.0,0.94,0.0,0.0,0.0,0.92,0.86,True,2,1,1,1
METADECODER.28,6.81,0.0,Neural Network (Specific Model),11,None,251,236,3,genus,0.78,0.74,0.03,0.59,3.61,0.77,0.57,True,0,0,0,0
METADECODER.29,100.0,2.92,Neural Network (Specific Model),11,None,2950,2885,6,genus,0.79,0.77,0.35,0.08,0.16,0.94,0.73,True,23,7,6,7
METADECODER.3,25.25,3.89,Neural Network (Specific Model),11,None,2026,1935,108,class,0.98,0.93,0.89,0.06,0.13,0.91,0.85,False,11,5,4,5
METADECODER.30,100.0,2.21,Neural Network (Specific Model),11,None,3451,3363,6,genus,0.81,0.79,0.11,0.12,0.28,0.97,0.77,True,23,6,2,6
METADECODER.31,92.55,12.41,Gradient Boost (General Model),11,None,3189,3116,20,genus,0.83,0.81,0.05,0.07,0.15,0.96,0.78,True,21,6,0,6
METADECODER.32,10.17,0.03,Neural Network (Specific Model),11,None,371,355,10,genus,0.83,0.79,0.18,0.17,0.45,0.86,0.68,True,7,0,0,0
METADECODER.33,18.54,0.15,Neural Network (Specific Model),11,None,491,484,1,kingdom,1.0,0.99,0.0,0.0,0.0,0.85,0.84,True,13,1,1,1
METADECODER.34,78.08,1.79,Gradient Boost (General Model),11,None,1575,1512,27,family,0.96,0.92,0.19,0.12,0.28,0.91,0.84,True,20,3,1,3
METADECODER.35,51.43,4.98,Neural Network (Specific Model),11,None,3158,3103,71,genus,0.92,0.9,0.59,0.09,0.2,0.99,0.89,False,19,6,6,6
METADECODER.36,25.34,6.85,Neural Network (Specific Model),11,None,1208,1163,14,genus,0.92,0.89,0.38,0.09,0.21,0.92,0.81,True,11,2,2,2
METADECODER.37,12.89,1.64,Neural Network (Specific Model),11,None,935,891,37,class,0.98,0.94,0.84,0.05,0.1,0.89,0.83,False,7,1,1,1
METADECODER.38,57.13,8.07,Gradient Boost (General Model),11,None,2295,2254,24,genus,0.85,0.84,0.18,0.02,0.05,0.98,0.82,True,20,4,0,4
METADECODER.39,99.89,0.2,Neural Network (Specific Model),11,None,2694,2609,5,family,0.94,0.91,0.02,0.03,0.06,0.95,0.86,True,23,6,5,6
METADECODER.4,31.44,8.06,Neural Network (Specific Model),11,None,1487,1456,33,family,0.97,0.95,0.22,0.02,0.05,0.97,0.92,True,14,6,6,6
METADECODER.40,100.0,1.48,Gradient Boost (General Model),11,None,1954,1832,4,phylum,0.98,0.92,0.01,0.15,0.35,0.63,0.58,True,23,3,4,3
METADECODER.41,15.25,0.01,Neural Network (Specific Model),11,None,563,546,9,genus,0.8,0.78,0.14,0.31,0.97,0.93,0.73,True,16,1,0,1
METADECODER.42,40.31,10.45,Neural Network (Specific Model),11,None,1729,1671,29,genus,0.82,0.8,0.17,0.62,3.45,0.85,0.68,True,9,3,1,2
METADECODER.43,10.49,0.09,Neural Network (Specific Model),11,None,517,479,10,class,0.98,0.91,0.15,0.03,0.07,0.79,0.72,True,16,1,1,1
METADECODER.44,48.62,0.6,Neural Network (Specific Model),11,None,1942,1895,12,genus,0.82,0.8,0.03,0.5,2.28,0.8,0.65,True,9,3,0,3
METADECODER.45,44.86,1.91,Neural Network (Specific Model),11,None,2145,2018,6,genus,0.94,0.89,0.03,0.05,0.11,0.89,0.79,True,16,3,3,3
METADECODER.46,53.97,1.22,Neural Network (Specific Model),11,None,1623,1587,24,genus,0.88,0.87,0.07,0.05,0.11,0.85,0.74,True,13,2,1,2
METADECODER.47,36.97,5.89,Neural Network (Specific Model),11,None,1251,1221,17,kingdom,1.0,0.98,0.0,0.0,0.0,0.94,0.91,True,16,3,4,3
METADECODER.48,39.05,3.6,Neural Network (Specific Model),11,None,1399,1341,23,genus,0.94,0.9,0.21,0.03,0.06,0.94,0.85,True,12,4,4,4
METADECODER.49,24.97,1.97,Neural Network (Specific Model),11,None,935,898,16,genus,0.92,0.88,0.12,0.09,0.22,0.88,0.78,True,12,0,0,0
METADECODER.5,64.56,25.17,Neural Network (Specific Model),11,None,3352,3237,60,kingdom,1.0,0.97,0.0,0.0,0.0,0.96,0.93,True,17,5,5,5
METADECODER.50,77.57,0.6,Gradient Boost (General Model),11,None,1649,1507,29,class,0.92,0.84,0.02,0.09,0.21,0.64,0.54,True,21,4,4,4
METADECODER.51,13.47,0.27,Neural Network (Specific Model),11,None,545,519,12,family,0.96,0.91,0.12,0.06,0.12,0.9,0.82,True,7,1,1,1
METADECODER.52,96.94,7.46,Neural Network (Specific Model),11,None,1965,1915,8,kingdom,1.0,0.97,0.0,0.0,0.0,0.94,0.91,True,22,3,0,3
METADECODER.53,43.86,2.58,Neural Network (Specific Model),11,None,1520,1469,22,genus,0.81,0.79,0.16,0.03,0.05,0.96,0.75,True,16,2,0,2
METADECODER.54,22.73,4.4,Neural Network (Specific Model),11,None,1059,1031,5,phylum,1.0,0.97,0.36,0.06,0.12,0.96,0.93,True,14,2,2,2
METADECODER.55,42.88,7.78,Neural Network (Specific Model),11,None,1537,1488,14,family,0.99,0.95,0.35,0.02,0.04,0.97,0.92,True,19,5,5,5
METADECODER.56,24.19,6.41,Neural Network (Specific Model),11,None,1116,1095,10,genus,0.9,0.88,0.05,0.09,0.2,0.92,0.81,True,15,2,0,2
METADECODER.57,33.55,0.6,Neural Network (Specific Model),11,None,1308,1279,12,family,0.94,0.92,0.14,0.03,0.06,0.97,0.89,True,14,3,3,3
METADECODER.58,10.49,0.23,Neural Network (Specific Model),11,None,336,305,1,kingdom,1.0,0.91,0.0,0.0,0.0,0.85,0.77,True,13,1,1,1
METADECODER.59,59.37,4.42,Neural Network (Specific Model),11,None,3231,3088,36,kingdom,1.0,0.96,0.0,0.0,0.0,0.9,0.86,True,18,3,3,3
METADECODER.6,99.98,4.22,Neural Network (Specific Model),11,None,3604,3514,8,family,0.95,0.93,0.15,0.04,0.09,0.96,0.89,True,23,7,7,7
METADECODER.60,8.62,0.0,Neural Network (Specific Model),11,None,214,209,3,genus,0.92,0.9,0.02,0.26,0.68,0.82,0.74,True,0,0,0,0
METADECODER.61,20.26,0.04,Neural Network (Specific Model),11,None,724,707,23,kingdom,1.0,0.98,0.0,0.0,0.0,0.94,0.92,True,10,0,0,0
METADECODER.62,50.05,7.23,Neural Network (Specific Model),11,None,1829,1749,38,genus,0.86,0.82,0.22,0.03,0.05,0.94,0.77,True,18,6,6,6
METADECODER.63,98.69,1.88,Neural Network (Specific Model),11,None,3635,3504,12,family,0.91,0.88,0.08,0.02,0.05,0.95,0.84,True,23,3,3,3
METADECODER.64,25.53,0.56,Neural Network (Specific Model),11,None,740,704,8,genus,0.89,0.85,0.03,0.39,1.34,0.77,0.65,True,17,4,2,4
METADECODER.65,82.2,0.71,Neural Network (Specific Model),11,None,3098,3010,5,genus,0.93,0.91,0.06,0.02,0.05,0.95,0.86,True,19,3,3,3
METADECODER.66,16.91,3.3,Neural Network (Specific Model),11,None,566,547,8,genus,0.83,0.8,0.13,0.14,0.33,0.86,0.69,True,0,0,0,0
METADECODER.67,26.24,0.58,Neural Network (Specific Model),11,None,883,850,4,genus,0.87,0.83,0.09,0.09,0.22,0.87,0.73,True,12,2,0,2
METADECODER.68,8.88,0.0,Neural Network (Specific Model),11,None,262,250,3,genus,0.88,0.84,0.12,0.17,0.43,0.89,0.74,True,0,0,0,0
METADECODER.69,38.99,3.99,Neural Network (Specific Model),11,None,1231,1189,6,genus,0.81,0.79,0.02,0.09,0.21,0.88,0.7,True,17,4,0,4
METADECODER.7,21.49,0.1,Neural Network (Specific Model),11,None,549,527,6,kingdom,1.0,0.96,0.0,0.0,0.0,0.94,0.91,True,8,0,0,0
METADECODER.70,26.21,1.22,Neural Network (Specific Model),11,None,1113,1079,11,genus,0.89,0.86,0.03,0.5,2.17,0.82,0.71,True,5,0,0,0
METADECODER.71,19.5,0.2,Neural Network (Specific Model),11,None,865,819,31,kingdom,1.0,0.95,0.0,0.0,0.0,0.93,0.88,True,8,0,0,0
METADECODER.72,11.92,1.0,Neural Network (Specific Model),11,None,777,756,33,genus,0.76,0.74,0.26,0.56,3.06,0.85,0.63,True,1,1,1,1
METADECODER.73,92.85,1.94,Gradient Boost (General Model),11,None,2800,2702,16,family,0.93,0.9,0.04,0.19,0.47,0.88,0.79,True,23,8,4,8
METADECODER.74,28.21,4.65,Neural Network (Specific Model),11,None,1426,1363,30,genus,0.76,0.73,0.34,0.8,6.7,0.87,0.63,True,14,3,1,2
METADECODER.75,99.21,3.54,Gradient Boost (General Model),11,None,3509,3235,11,family,0.89,0.82,0.02,0.4,1.15,0.76,0.62,True,22,6,6,6
METADECODER.76,100.0,1.18,Gradient Boost (General Model),11,None,3275,2910,10,class,0.97,0.86,0.02,0.32,0.83,0.65,0.56,True,23,9,9,9
METADECODER.77,98.63,2.75,Gradient Boost (General Model),11,None,2877,2687,14,genus,0.72,0.68,0.1,0.57,2.07,0.78,0.52,True,22,7,6,7
METADECODER.78,74.26,7.03,Neural Network (Specific Model),11,None,2451,2356,17,genus,0.77,0.74,0.04,0.43,1.86,0.74,0.55,True,15,5,5,5
METADECODER.79,100.0,0.83,Neural Network (Specific Model),11,None,2879,2813,9,phylum,0.99,0.97,0.98,0.18,0.43,0.96,0.93,False,23,7,7,7
METADECODER.8,44.44,4.98,Neural Network (Specific Model),11,None,2707,2630,37,family,0.95,0.92,0.24,0.03,0.06,0.94,0.87,True,14,1,0,0
METADECODER.80,12.17,3.58,Neural Network (Specific Model),11,None,330,324,5,genus,0.92,0.9,0.01,0.36,1.16,0.79,0.71,True,5,3,0,2
METADECODER.81,65.36,1.03,Neural Network (Specific Model),11,None,2224,2134,4,order,0.95,0.91,0.01,0.03,0.07,0.72,0.65,True,19,4,4,4
METADECODER.82,56.42,13.69,Gradient Boost (General Model),11,None,2468,2390,13,class,0.97,0.94,0.32,0.04,0.09,0.77,0.72,True,21,16,15,16
METADECODER.83,22.72,0.0,Neural Network (Specific Model),11,None,646,642,12,genus,0.95,0.94,0.5,0.05,0.1,0.99,0.93,False,7,0,0,0
METADECODER.84,40.74,4.44,Neural Network (Specific Model),11,None,1444,1423,6,family,0.96,0.95,0.05,0.13,0.3,0.96,0.91,True,12,5,0,5
METADECODER.85,13.02,0.13,Neural Network (Specific Model),11,None,614,593,21,kingdom,1.0,0.97,0.0,0.0,0.0,0.94,0.91,True,5,0,0,0
METADECODER.86,98.14,0.27,Gradient Boost (General Model),11,None,2952,2841,5,family,0.92,0.88,0.06,0.27,0.71,0.91,0.8,True,22,7,7,7
METADECODER.87,28.83,0.02,Neural Network (Specific Model),11,None,832,810,13,genus,0.92,0.89,0.51,0.04,0.08,0.96,0.86,False,11,1,1,1
METADECODER.88,14.34,0.0,Neural Network (Specific Model),11,None,277,274,4,class,1.0,0.99,0.02,0.03,0.05,0.96,0.95,True,4,0,0,0
METADECODER.89,24.5,0.88,Neural Network (Specific Model),11,None,931,916,7,genus,0.97,0.96,0.18,0.1,0.22,0.96,0.92,True,6,0,0,0
METADECODER.9,12.21,0.09,Neural Network (Specific Model),11,None,616,588,25,family,0.98,0.93,0.52,0.13,0.28,0.95,0.89,False,0,0,0,0
METADECODER.90,22.73,3.99,Neural Network (Specific Model),11,None,844,825,8,genus,0.86,0.84,0.11,0.08,0.17,0.95,0.8,True,17,5,0,5
METADECODER.91,8.99,0.0,Neural Network (Specific Model),11,None,299,295,1,kingdom,1.0,0.99,0.0,0.0,0.0,0.81,0.8,True,2,0,0,0
METADECODER.92,9.15,0.0,Neural Network (Specific Model),11,None,267,259,3,kingdom,1.0,0.97,0.0,0.0,0.0,0.96,0.93,True,2,0,0,0
METADECODER.93,100.0,8.38,Gradient Boost (General Model),11,None,2635,2557,4,class,0.97,0.94,0.01,0.04,0.09,0.93,0.88,True,23,6,5,6
METADECODER.94,99.88,4.2,Neural Network (Specific Model),11,None,3602,3501,11,family,0.94,0.92,0.04,0.03,0.06,0.95,0.87,True,23,5,5,5
METADECODER.95,21.81,2.07,Neural Network (Specific Model),11,None,956,918,10,genus,0.95,0.91,0.17,0.03,0.05,0.94,0.86,True,11,0,0,0
METADECODER.96,11.82,6.1,Neural Network (Specific Model),11,None,645,625,6,kingdom,1.0,0.97,0.0,0.0,0.0,0.96,0.93,True,9,3,2,2
METADECODER.97,24.09,8.18,Neural Network (Specific Model),11,None,910,865,12,family,0.96,0.91,0.27,0.05,0.1,0.94,0.86,True,9,2,2,2
METADECODER.98,16.07,0.95,Neural Network (Specific Model),11,None,1241,1139,16,genus,0.76,0.7,0.18,0.32,1.03,0.85,0.59,True,9,1,0,1
METADECODER.99,8.37,0.37,Neural Network (Specific Model),11,None,375,362,7,genus,0.75,0.72,0.04,0.49,2.39,0.74,0.53,True,4,0,0,0
