,Completeness,Contamination,Completeness_Model_Used,Translation_Table_Used,Additional_Notes,n_genes_called,n_genes_mapped,n_contigs,taxonomic_level,proportion_genes_retained_in_major_clades,genes_retained_index,clade_separation_score,contamination_portion,n_effective_surplus_clades,mean_hit_identity,reference_representation_score,pass.GUNC,tRNA,16S,5S,23S
bin.0,99.97,0.0,Neural Network (Specific Model),11,None,3272,3186,3,family,0.96,0.93,0.04,0.03,0.06,0.96,0.9,True,22,7,7,7
bin.1,98.76,0.34,Gradient Boost (General Model),11,None,1756,1650,2,kingdom,1.0,0.94,0.0,0.0,0.0,0.63,0.59,True,22,3,4,3
bin.10,99.99,0.28,Neural Network (Specific Model),11,None,2866,2804,4,genus,0.79,0.77,0.03,0.05,0.1,0.95,0.73,True,23,6,6,6
bin.100,9.06,0.0,Neural Network (Specific Model),11,None,305,298,3,kingdom,1.0,0.98,0.0,0.0,0.0,0.99,0.96,True,4,0,0,0
bin.101,9.8,0.0,Neural Network (Specific Model),11,None,440,418,11,class,0.97,0.92,0.11,0.04,0.08,0.76,0.7,True,11,1,1,1
bin.102,6.68,0.01,Neural Network (Specific Model),11,None,163,159,1,kingdom,1.0,0.98,0.0,0.0,0.0,0.92,0.9,True,4,2,2,2
bin.103,9.09,0.0,Neural Network (Specific Model),11,None,186,186,1,kingdom,1.0,1.0,0.0,0.0,0.0,0.99,0.99,True,3,0,0,0
bin.104,31.94,0.78,Neural Network (Specific Model),11,None,985,979,16,family,0.97,0.97,0.11,0.07,0.16,0.97,0.94,True,10,2,0,2
bin.105,28.59,1.09,Neural Network (Specific Model),11,None,1106,1086,20,genus,0.83,0.82,0.22,0.03,0.06,0.97,0.8,True,20,4,0,4
bin.106,24.11,0.4,Neural Network (Specific Model),11,None,833,818,10,genus,0.85,0.84,0.4,0.1,0.24,0.97,0.81,True,13,1,0,1
bin.107,8.85,0.0,Neural Network (Specific Model),11,None,191,186,2,kingdom,1.0,0.97,0.0,0.0,0.0,0.96,0.93,True,5,0,0,0
bin.108,9.5,0.17,Neural Network (Specific Model),11,None,256,252,1,kingdom,1.0,0.98,0.0,0.0,0.0,0.9,0.88,True,2,0,0,0
bin.109,7.03,0.0,Neural Network (Specific Model),11,None,296,279,1,kingdom,1.0,0.94,0.0,0.0,0.0,0.87,0.82,True,5,0,0,0
bin.11,98.39,3.21,Gradient Boost (General Model),11,None,3914,3698,3,class,0.98,0.93,0.03,0.02,0.04,0.93,0.86,True,22,9,5,9
bin.110,13.8,0.06,Neural Network (Specific Model),11,None,350,344,1,kingdom,1.0,0.98,0.0,0.0,0.0,0.72,0.71,True,10,2,2,2
bin.111,27.83,1.25,Neural Network (Specific Model),11,None,835,816,3,kingdom,1.0,0.97,0.0,0.0,0.0,0.71,0.69,True,16,2,2,2
bin.112,8.77,0.0,Neural Network (Specific Model),11,None,367,354,1,kingdom,1.0,0.96,0.0,0.0,0.0,0.9,0.86,True,4,0,0,0
bin.113,12.6,0.0,Neural Network (Specific Model),11,None,374,368,1,kingdom,1.0,0.98,0.0,0.0,0.0,0.87,0.86,True,15,2,0,2
bin.114,12.26,0.11,Neural Network (Specific Model),11,None,458,443,1,kingdom,1.0,0.97,0.0,0.0,0.0,0.93,0.9,True,8,1,1,1
bin.115,24.41,8.44,Neural Network (Specific Model),11,None,1772,1722,54,genus,0.74,0.72,0.31,0.91,13.34,0.93,0.67,True,9,1,1,1
bin.116,7.81,0.0,Neural Network (Specific Model),11,None,194,179,1,kingdom,1.0,0.92,0.0,0.0,0.0,0.93,0.86,True,4,0,0,0
bin.117,5.3,0.0,Neural Network (Specific Model),11,None,161,159,1,kingdom,1.0,0.99,0.0,0.0,0.0,0.85,0.84,True,2,1,1,1
bin.118,6.53,0.0,Neural Network (Specific Model),11,None,214,198,1,kingdom,1.0,0.93,0.0,0.0,0.0,0.92,0.85,True,2,0,0,0
bin.119,8.0,0.0,Neural Network (Specific Model),11,None,227,224,2,family,0.98,0.96,0.11,0.04,0.08,0.98,0.95,True,2,0,0,0
bin.12,99.72,0.29,Neural Network (Specific Model),11,None,1596,1563,2,kingdom,1.0,0.98,0.0,0.0,0.0,0.93,0.91,True,22,4,4,4
bin.120,11.14,0.0,Neural Network (Specific Model),11,None,322,316,1,kingdom,1.0,0.98,0.0,0.0,0.0,0.74,0.73,True,1,1,1,1
bin.121,7.99,0.0,Neural Network (Specific Model),11,None,243,242,1,kingdom,1.0,1.0,0.0,0.0,0.0,0.99,0.98,True,3,0,0,0
bin.122,9.78,0.04,Neural Network (Specific Model),11,None,390,377,2,kingdom,1.0,0.97,0.0,0.0,0.0,0.88,0.85,True,4,0,0,0
bin.123,5.63,0.08,Neural Network (Specific Model),11,None,181,179,1,kingdom,1.0,0.99,0.0,0.0,0.0,0.93,0.92,True,1,0,0,0
bin.124,8.07,0.0,Neural Network (Specific Model),11,None,210,191,1,kingdom,1.0,0.91,0.0,0.0,0.0,0.84,0.76,True,2,0,0,0
bin.125,6.42,0.0,Neural Network (Specific Model),11,None,226,220,1,kingdom,1.0,0.97,0.0,0.0,0.0,0.85,0.82,True,3,0,0,0
bin.126,6.08,0.0,Neural Network (Specific Model),11,None,200,198,1,kingdom,1.0,0.99,0.0,0.0,0.0,0.98,0.97,True,4,0,0,0
bin.127,44.52,1.56,Neural Network (Specific Model),11,None,2040,1999,28,family,0.97,0.95,0.16,0.03,0.06,0.95,0.9,True,16,4,3,3
bin.128,8.2,0.0,Neural Network (Specific Model),11,None,287,283,2,genus,0.84,0.83,0.02,0.19,0.51,0.86,0.71,True,1,0,0,0
bin.129,9.1,0.0,Neural Network (Specific Model),11,None,325,318,1,kingdom,1.0,0.98,0.0,0.0,0.0,0.83,0.81,True,0,0,0,0
bin.13,99.99,0.43,Neural Network (Specific Model),11,None,1835,1765,1,kingdom,1.0,0.96,0.0,0.0,0.0,0.95,0.91,True,22,5,0,5
bin.130,8.79,0.06,Neural Network (Specific Model),11,None,335,317,1,kingdom,1.0,0.95,0.0,0.0,0.0,0.7,0.66,True,4,0,0,0
bin.131,7.17,0.0,Neural Network (Specific Model),11,None,366,347,7,genus,0.79,0.75,0.22,0.57,3.12,0.86,0.65,True,4,2,2,2
bin.132,11.93,0.01,Neural Network (Specific Model),11,None,313,309,1,kingdom,1.0,0.99,0.0,0.0,0.0,0.81,0.8,True,11,1,0,1
bin.133,6.79,0.0,Neural Network (Specific Model),11,None,216,209,9,genus,0.99,0.96,0.09,0.03,0.07,0.97,0.93,True,0,0,0,0
bin.134,5.31,0.0,Neural Network (Specific Model),11,None,215,210,1,kingdom,1.0,0.97,0.0,0.0,0.0,0.81,0.78,True,0,0,0,0
bin.135,9.71,0.0,Neural Network (Specific Model),11,None,410,398,3,genus,0.87,0.85,0.02,0.49,1.77,0.83,0.71,True,2,0,0,0
bin.136,9.09,0.0,Neural Network (Specific Model),11,None,194,185,1,kingdom,1.0,0.95,0.0,0.0,0.0,0.71,0.67,True,2,0,0,0
bin.137,8.7,0.0,Neural Network (Specific Model),11,None,243,230,1,kingdom,1.0,0.95,0.0,0.0,0.0,0.95,0.9,True,0,0,0,0
bin.138,8.76,0.0,Neural Network (Specific Model),11,None,244,236,1,kingdom,1.0,0.97,0.0,0.0,0.0,0.95,0.92,True,2,0,0,0
bin.139,10.18,0.0,Neural Network (Specific Model),11,None,364,325,9,family,0.89,0.79,0.13,0.21,0.54,0.85,0.67,True,0,0,0,0
bin.14,100.0,0.25,Neural Network (Specific Model),11,None,2471,2346,1,kingdom,1.0,0.95,0.0,0.0,0.0,0.92,0.87,True,23,6,6,6
bin.140,4.94,0.0,Neural Network (Specific Model),11,None,236,213,7,family,0.96,0.86,0.18,0.49,1.62,0.93,0.8,True,0,0,0,0
bin.141,6.38,0.0,Neural Network (Specific Model),11,None,239,218,1,kingdom,1.0,0.91,0.0,0.0,0.0,0.89,0.82,True,0,1,1,1
bin.142,6.67,0.24,Neural Network (Specific Model),11,None,269,251,1,kingdom,1.0,0.93,0.0,0.0,0.0,0.86,0.8,True,0,0,0,0
bin.143,11.91,1.16,Neural Network (Specific Model),11,None,749,738,19,genus,0.94,0.93,0.41,0.15,0.38,0.97,0.91,True,1,0,0,0
bin.144,7.07,0.08,Neural Network (Specific Model),11,None,295,268,9,genus,0.83,0.75,0.29,0.61,3.98,0.85,0.64,True,0,0,0,0
bin.145,6.54,0.0,Neural Network (Specific Model),11,None,163,159,1,kingdom,1.0,0.98,0.0,0.0,0.0,0.98,0.96,True,6,0,0,0
bin.146,7.69,0.0,Neural Network (Specific Model),11,None,195,190,1,kingdom,1.0,0.97,0.0,0.0,0.0,0.85,0.83,True,3,0,0,0
bin.147,7.81,0.0,Neural Network (Specific Model),11,None,172,165,1,kingdom,1.0,0.96,0.0,0.0,0.0,0.95,0.91,True,3,1,1,1
bin.148,20.79,0.1,Neural Network (Specific Model),11,None,604,590,7,kingdom,1.0,0.98,0.0,0.0,0.0,0.94,0.92,True,5,2,2,2
bin.149,5.45,0.0,Neural Network (Specific Model),11,None,274,267,4,family,1.0,0.97,0.14,0.31,0.96,0.92,0.89,True,3,0,0,0
bin.15,100.0,0.5,Gradient Boost (General Model),11,None,3007,2851,1,kingdom,1.0,0.95,0.0,0.0,0.0,0.94,0.89,True,23,4,4,4
bin.150,7.64,0.15,Neural Network (Specific Model),11,None,289,265,10,genus,0.83,0.76,0.21,0.33,1.14,0.78,0.59,True,7,0,0,0
bin.151,8.47,0.0,Neural Network (Specific Model),11,None,264,259,1,kingdom,1.0,0.98,0.0,0.0,0.0,0.96,0.95,True,4,1,1,1
bin.152,5.05,0.0,Neural Network (Specific Model),11,None,232,215,2,family,0.93,0.86,0.06,0.04,0.07,0.88,0.76,True,2,0,0,0
bin.153,5.02,0.0,Neural Network (Specific Model),11,None,187,185,2,family,0.98,0.97,0.11,0.08,0.18,0.98,0.95,True,2,0,0,0
bin.154,6.94,0.0,Neural Network (Specific Model),11,None,230,184,1,kingdom,1.0,0.8,0.0,0.0,0.0,0.68,0.55,True,0,0,0,0
bin.155,5.31,0.0,Neural Network (Specific Model),11,None,207,193,1,kingdom,1.0,0.93,0.0,0.0,0.0,0.89,0.83,True,0,0,0,0
bin.156,5.28,0.01,Neural Network (Specific Model),11,None,189,184,1,kingdom,1.0,0.97,0.0,0.0,0.0,0.95,0.92,True,4,1,1,1
bin.157,3.51,0.04,Neural Network (Specific Model),11,None,235,228,1,kingdom,1.0,0.97,0.0,0.0,0.0,0.93,0.91,True,0,0,0,0
bin.158,3.72,0.28,Neural Network (Specific Model),11,None,215,202,3,kingdom,1.0,0.94,0.0,0.0,0.0,0.89,0.84,True,3,0,0,0
bin.159,9.78,0.0,Neural Network (Specific Model),11,None,317,309,1,kingdom,1.0,0.97,0.0,0.0,0.0,0.9,0.88,True,12,1,1,1
bin.16,100.0,1.11,Neural Network (Specific Model),11,None,3185,3086,3,genus,0.83,0.8,0.02,0.23,0.65,0.94,0.75,True,23,6,0,6
bin.160,8.53,0.01,Neural Network (Specific Model),11,None,376,368,16,genus,0.95,0.93,0.04,0.05,0.1,0.97,0.91,True,9,1,0,1
bin.161,7.16,0.0,Neural Network (Specific Model),11,None,392,377,7,order,0.94,0.9,0.14,0.03,0.06,0.81,0.73,True,1,0,0,0
bin.162,18.66,0.27,Neural Network (Specific Model),11,None,908,833,6,genus,0.74,0.68,0.15,0.43,1.73,0.85,0.57,True,1,0,0,0
bin.163,68.2,28.28,Neural Network (Specific Model),11,None,5680,5465,111,genus,0.92,0.89,0.18,0.02,0.04,0.94,0.83,True,22,3,3,3
bin.164,6.1,0.01,Neural Network (Specific Model),11,None,314,291,21,family,0.97,0.9,0.17,0.02,0.04,0.93,0.84,True,3,0,0,0
bin.165,54.98,13.82,Neural Network (Specific Model),11,None,2247,2184,32,family,0.95,0.93,0.08,0.03,0.07,0.92,0.85,True,20,1,2,1
bin.166,47.99,14.49,Neural Network (Specific Model),11,None,1771,1685,21,family,0.95,0.9,0.03,0.58,1.77,0.72,0.65,True,10,0,0,0
bin.167,15.25,1.45,Neural Network (Specific Model),11,None,556,536,8,class,0.98,0.94,0.04,0.04,0.08,0.77,0.72,True,17,2,2,2
bin.168,23.01,2.54,Neural Network (Specific Model),11,None,607,563,17,family,0.92,0.85,0.1,0.23,0.62,0.75,0.64,True,9,1,0,0
bin.169,14.16,0.84,Neural Network (Specific Model),11,None,591,577,12,genus,0.76,0.74,0.09,0.49,2.36,0.75,0.55,True,3,0,0,0
bin.17,98.42,0.07,Gradient Boost (General Model),11,None,2699,2648,3,family,0.92,0.91,0.01,0.23,0.6,0.93,0.84,True,22,7,7,7
bin.170,9.32,2.19,Neural Network (Specific Model),11,None,256,248,3,kingdom,1.0,0.97,0.0,0.0,0.0,0.98,0.95,True,4,0,0,0
bin.171,84.03,38.14,Neural Network (Specific Model),11,None,4737,4599,78,kingdom,1.0,0.97,0.0,0.0,0.0,0.96,0.93,True,20,8,8,8
bin.172,65.0,23.38,Neural Network (Specific Model),11,None,3151,3061,54,genus,0.89,0.86,0.05,0.44,1.68,0.79,0.68,True,19,9,3,8
bin.173,49.92,13.68,Neural Network (Specific Model),11,None,2959,2809,65,genus,0.76,0.72,0.25,0.63,4.0,0.83,0.6,True,13,5,3,4
bin.174,21.21,0.94,Neural Network (Specific Model),11,None,1274,1197,44,genus,0.75,0.7,0.3,0.75,5.56,0.8,0.56,True,11,3,2,4
bin.175,50.37,22.73,Neural Network (Specific Model),11,None,3002,2927,44,family,0.89,0.87,0.1,0.19,0.5,0.87,0.75,True,13,1,0,1
bin.176,10.22,0.03,Neural Network (Specific Model),11,None,544,519,20,class,0.97,0.93,0.13,0.02,0.05,0.83,0.77,True,0,0,0,0
bin.177,34.51,11.3,Neural Network (Specific Model),11,None,2111,2029,56,genus,0.93,0.89,0.33,0.05,0.1,0.95,0.85,True,15,1,1,1
bin.178,6.62,0.12,Neural Network (Specific Model),11,None,340,322,12,family,0.92,0.87,0.07,0.04,0.08,0.94,0.81,True,2,0,0,0
bin.179,30.86,9.17,Neural Network (Specific Model),11,None,1880,1805,51,genus,0.92,0.88,0.24,0.09,0.21,0.91,0.81,True,13,2,2,2
bin.18,99.93,0.44,Neural Network (Specific Model),11,None,3311,3052,1,kingdom,1.0,0.92,0.0,0.0,0.0,0.93,0.85,True,22,4,0,4
bin.180,63.21,36.75,Neural Network (Specific Model),11,None,3284,3193,45,kingdom,1.0,0.97,0.0,0.0,0.0,0.96,0.93,True,21,12,10,10
bin.181,18.24,1.17,Neural Network (Specific Model),11,None,1070,1031,33,family,0.95,0.92,0.37,0.07,0.14,0.95,0.87,True,7,0,0,0
bin.182,65.68,28.52,Gradient Boost (General Model),11,None,8836,8295,285,class,0.94,0.88,0.98,0.13,0.28,0.84,0.74,False,22,9,5,9
bin.183,14.72,5.5,Neural Network (Specific Model),11,None,512,473,17,kingdom,1.0,0.92,0.0,0.0,0.0,0.87,0.81,True,7,2,0,2
bin.19,100.0,1.31,Neural Network (Specific Model),11,None,3531,3293,5,family,0.94,0.88,0.01,0.32,0.82,0.91,0.8,True,23,8,2,8
bin.2,99.98,0.08,Neural Network (Specific Model),11,None,2356,2296,1,kingdom,1.0,0.97,0.0,0.0,0.0,0.94,0.92,True,23,7,7,7
bin.20,98.63,2.75,Gradient Boost (General Model),11,None,2877,2687,14,genus,0.72,0.68,0.1,0.57,2.07,0.78,0.52,True,22,7,6,7
bin.21,91.53,1.31,Neural Network (Specific Model),11,None,2626,2440,13,class,0.93,0.87,0.03,0.04,0.08,0.71,0.61,True,21,4,4,4
bin.22,99.91,0.06,Neural Network (Specific Model),11,None,3069,2996,1,kingdom,1.0,0.98,0.0,0.0,0.0,0.93,0.91,True,22,6,6,6
bin.23,100.0,1.95,Neural Network (Specific Model),11,None,3332,3245,4,genus,0.82,0.8,0.08,0.11,0.25,0.98,0.78,True,23,6,2,6
bin.24,78.56,0.21,Neural Network (Specific Model),11,None,2001,1963,1,kingdom,1.0,0.98,0.0,0.0,0.0,0.92,0.9,True,18,4,4,4
bin.25,99.97,1.27,Neural Network (Specific Model),11,None,2738,2642,2,kingdom,1.0,0.96,0.0,0.0,0.0,0.91,0.87,True,22,6,6,6
bin.26,84.63,0.14,Neural Network (Specific Model),11,None,2888,2809,4,kingdom,1.0,0.97,0.0,0.0,0.0,0.94,0.91,True,21,4,4,4
bin.27,93.92,3.07,Neural Network (Specific Model),11,None,1865,1825,5,kingdom,1.0,0.98,0.0,0.0,0.0,0.94,0.92,True,22,3,0,3
bin.28,95.4,2.07,Gradient Boost (General Model),11,None,3242,2985,3,family,0.88,0.81,0.01,0.41,1.14,0.76,0.62,True,22,7,7,7
bin.29,84.95,1.46,Neural Network (Specific Model),11,None,3664,3509,15,family,0.95,0.91,0.08,0.11,0.26,0.95,0.86,True,22,8,8,8
bin.3,99.97,1.05,Neural Network (Specific Model),11,None,2452,2298,1,kingdom,1.0,0.94,0.0,0.0,0.0,0.92,0.86,True,22,5,1,5
bin.30,82.99,0.57,Neural Network (Specific Model),11,None,2506,2428,4,family,0.92,0.89,0.01,0.58,1.81,0.74,0.66,True,17,4,4,4
bin.31,84.78,1.14,Neural Network (Specific Model),11,None,3262,3176,14,genus,0.83,0.81,0.06,0.09,0.19,0.96,0.77,True,22,7,6,7
bin.32,93.36,8.13,Neural Network (Specific Model),11,None,2873,2787,18,family,0.94,0.92,0.09,0.07,0.15,0.96,0.88,True,22,7,7,8
bin.33,73.29,1.44,Neural Network (Specific Model),11,None,2446,2364,34,genus,0.84,0.81,0.12,0.1,0.23,0.85,0.69,True,21,4,1,4
bin.34,83.8,2.18,Neural Network (Specific Model),11,None,3211,3119,8,family,0.94,0.91,0.05,0.02,0.05,0.95,0.86,True,21,3,3,3
bin.35,79.77,0.58,Gradient Boost (General Model),11,None,1671,1529,30,class,0.92,0.85,0.02,0.09,0.2,0.64,0.54,True,21,4,4,4
bin.36,52.09,5.64,Neural Network (Specific Model),11,None,1578,1545,9,genus,0.85,0.84,0.04,0.03,0.06,0.97,0.81,True,9,0,0,0
bin.37,92.78,1.74,Gradient Boost (General Model),11,None,3009,2904,18,family,0.93,0.9,0.08,0.21,0.53,0.87,0.78,True,23,8,4,8
bin.38,63.44,1.3,Gradient Boost (General Model),11,None,1655,1624,35,genus,0.91,0.9,0.09,0.11,0.24,0.95,0.86,True,19,3,0,4
bin.39,64.31,13.47,Neural Network (Specific Model),11,None,2647,2574,22,genus,0.81,0.79,0.1,0.08,0.19,0.95,0.75,True,21,9,0,9
bin.4,98.69,1.88,Neural Network (Specific Model),11,None,3635,3504,12,family,0.91,0.88,0.08,0.02,0.05,0.95,0.84,True,23,3,3,3
bin.40,63.89,0.32,Neural Network (Specific Model),11,None,2120,2032,2,order,0.95,0.91,0.01,0.03,0.07,0.72,0.65,True,19,4,4,4
bin.41,42.89,0.01,Neural Network (Specific Model),11,None,1489,1465,6,family,0.95,0.94,0.01,0.11,0.26,0.95,0.89,True,20,6,0,6
bin.42,46.36,1.15,Neural Network (Specific Model),11,None,1664,1605,32,family,0.96,0.92,0.05,0.03,0.05,0.93,0.86,True,20,2,2,2
bin.43,63.96,1.83,Gradient Boost (General Model),11,None,1405,1346,23,family,0.96,0.92,0.19,0.11,0.24,0.91,0.84,True,18,3,1,3
bin.44,40.19,0.1,Neural Network (Specific Model),11,None,1481,1409,36,genus,0.93,0.89,0.34,0.02,0.05,0.97,0.86,True,16,1,0,0
bin.45,35.74,0.15,Neural Network (Specific Model),11,None,1026,1000,3,family,0.96,0.93,0.05,0.09,0.21,0.85,0.8,True,14,1,1,1
bin.46,40.62,0.16,Neural Network (Specific Model),11,None,1199,1152,35,family,0.94,0.9,0.07,0.02,0.05,0.93,0.84,True,14,3,3,3
bin.47,64.42,4.12,Gradient Boost (General Model),11,None,1619,1583,9,genus,0.91,0.89,0.13,0.04,0.08,0.97,0.86,True,13,0,0,0
bin.48,47.61,0.02,Gradient Boost (General Model),11,None,1228,1211,18,genus,0.95,0.94,0.55,0.03,0.05,0.97,0.91,False,16,3,2,3
bin.49,56.93,0.1,Neural Network (Specific Model),11,None,1507,1412,31,genus,0.86,0.8,0.53,0.07,0.15,0.94,0.75,False,17,4,4,4
bin.5,99.91,0.58,Neural Network (Specific Model),11,None,1912,1869,1,kingdom,1.0,0.98,0.0,0.0,0.0,0.92,0.9,True,24,5,5,5
bin.50,9.13,0.07,Neural Network (Specific Model),11,None,313,304,2,family,0.96,0.93,0.02,0.14,0.35,0.94,0.88,True,6,0,0,0
bin.51,15.16,0.35,Neural Network (Specific Model),11,None,550,541,3,kingdom,1.0,0.98,0.0,0.0,0.0,0.96,0.94,True,11,0,0,0
bin.52,25.38,4.59,Neural Network (Specific Model),11,None,941,912,7,genus,0.84,0.82,0.03,0.34,1.04,0.78,0.64,True,20,5,2,5
bin.53,51.86,7.11,Neural Network (Specific Model),11,None,2488,2431,13,kingdom,1.0,0.98,0.0,0.0,0.0,0.94,0.92,True,17,2,2,2
bin.54,8.74,0.18,Neural Network (Specific Model),11,None,291,279,1,kingdom,1.0,0.96,0.0,0.0,0.0,0.96,0.92,True,11,1,1,1
bin.55,11.93,0.1,Neural Network (Specific Model),11,None,646,601,2,family,0.86,0.8,0.02,0.25,0.7,0.79,0.63,True,14,2,0,2
bin.56,34.18,1.01,Neural Network (Specific Model),11,None,1211,1182,1,kingdom,1.0,0.98,0.0,0.0,0.0,0.95,0.92,True,13,1,1,1
bin.57,48.72,0.99,Neural Network (Specific Model),11,None,2785,2734,56,genus,0.93,0.92,0.45,0.07,0.14,0.99,0.9,False,16,4,4,4
bin.58,10.49,0.23,Neural Network (Specific Model),11,None,336,305,1,kingdom,1.0,0.91,0.0,0.0,0.0,0.85,0.77,True,13,1,1,1
bin.59,25.52,0.1,Neural Network (Specific Model),11,None,1097,1065,31,family,0.96,0.93,0.27,0.03,0.07,0.94,0.88,True,15,0,0,0
bin.6,100.0,0.36,Gradient Boost (General Model),11,None,2503,2425,1,kingdom,1.0,0.97,0.0,0.0,0.0,0.92,0.89,True,23,5,5,5
bin.60,51.57,0.08,Neural Network (Specific Model),11,None,2515,2392,13,kingdom,1.0,0.95,0.0,0.0,0.0,0.9,0.85,True,14,5,5,5
bin.61,8.99,0.0,Neural Network (Specific Model),11,None,299,295,1,kingdom,1.0,0.99,0.0,0.0,0.0,0.81,0.8,True,2,0,0,0
bin.62,10.2,0.04,Neural Network (Specific Model),11,None,360,352,1,kingdom,1.0,0.98,0.0,0.0,0.0,0.76,0.74,True,4,0,0,0
bin.63,53.14,8.9,Neural Network (Specific Model),11,None,3248,3161,77,genus,0.84,0.82,0.44,0.39,1.03,0.9,0.73,True,14,1,0,1
bin.64,33.95,2.58,Neural Network (Specific Model),11,None,1003,952,7,genus,0.78,0.74,0.02,0.38,1.46,0.74,0.54,True,6,1,1,1
bin.65,38.64,3.17,Neural Network (Specific Model),11,None,1500,1366,36,genus,0.75,0.68,0.1,0.22,0.59,0.73,0.5,True,16,5,5,5
bin.66,10.01,0.0,Neural Network (Specific Model),11,None,368,356,1,kingdom,1.0,0.97,0.0,0.0,0.0,0.97,0.93,True,12,2,0,2
bin.67,15.09,0.12,Neural Network (Specific Model),11,None,629,608,21,kingdom,1.0,0.97,0.0,0.0,0.0,0.93,0.9,True,6,0,0,0
bin.68,22.68,2.93,Neural Network (Specific Model),11,None,720,691,4,genus,0.78,0.75,0.03,0.66,3.42,0.74,0.55,True,10,4,4,4
bin.69,11.65,0.13,Neural Network (Specific Model),11,None,618,590,25,genus,0.94,0.89,0.46,0.14,0.32,0.96,0.85,False,0,0,0,0
bin.7,99.89,0.2,Neural Network (Specific Model),11,None,2694,2609,5,family,0.94,0.91,0.02,0.03,0.06,0.95,0.86,True,23,6,5,6
bin.70,32.84,3.87,Neural Network (Specific Model),11,None,1035,985,5,genus,0.81,0.77,0.04,0.1,0.24,0.87,0.67,True,11,3,0,3
bin.71,21.56,0.35,Neural Network (Specific Model),11,None,896,867,4,class,0.98,0.95,0.12,0.02,0.05,0.82,0.78,True,9,2,0,2
bin.72,19.7,1.81,Neural Network (Specific Model),11,None,770,757,1,kingdom,1.0,0.98,0.0,0.0,0.0,0.74,0.73,True,5,0,0,0
bin.73,27.54,0.07,Neural Network (Specific Model),11,None,839,815,14,genus,0.86,0.84,0.13,0.07,0.14,0.95,0.8,True,13,1,0,1
bin.74,17.42,1.14,Neural Network (Specific Model),11,None,483,472,14,phylum,0.99,0.96,0.25,0.02,0.05,0.94,0.91,True,3,2,6,4
bin.75,15.2,0.05,Neural Network (Specific Model),11,None,402,398,3,family,0.98,0.97,0.03,0.07,0.15,0.98,0.95,True,4,1,0,1
bin.76,9.45,0.0,Neural Network (Specific Model),11,None,248,237,1,kingdom,1.0,0.96,0.0,0.0,0.0,0.72,0.69,True,15,3,3,3
bin.77,10.89,0.0,Neural Network (Specific Model),11,None,281,272,1,kingdom,1.0,0.97,0.0,0.0,0.0,0.76,0.73,True,15,3,2,3
bin.78,25.31,0.2,Neural Network (Specific Model),11,None,897,864,4,genus,0.77,0.74,0.03,0.54,2.98,0.75,0.55,True,7,2,2,2
bin.79,18.24,0.16,Neural Network (Specific Model),11,None,855,803,1,kingdom,1.0,0.94,0.0,0.0,0.0,0.85,0.8,True,6,0,0,0
bin.8,100.0,1.16,Gradient Boost (General Model),11,None,3154,2816,7,class,0.97,0.86,0.01,0.31,0.83,0.65,0.56,True,23,9,9,9
bin.80,11.44,0.07,Neural Network (Specific Model),11,None,307,299,1,kingdom,1.0,0.97,0.0,0.0,0.0,0.87,0.85,True,13,2,0,2
bin.81,12.78,0.0,Neural Network (Specific Model),11,None,357,341,3,kingdom,1.0,0.96,0.0,0.0,0.0,0.95,0.91,True,6,1,1,1
bin.82,10.23,0.0,Neural Network (Specific Model),11,None,192,190,1,kingdom,1.0,0.99,0.0,0.0,0.0,0.86,0.85,True,13,2,1,2
bin.83,8.85,0.0,Neural Network (Specific Model),11,None,217,211,1,kingdom,1.0,0.97,0.0,0.0,0.0,0.82,0.79,True,2,0,0,0
bin.84,34.31,4.25,Neural Network (Specific Model),11,None,1211,1168,5,genus,0.88,0.85,0.01,0.48,2.02,0.79,0.67,True,16,5,1,5
bin.85,10.26,0.41,Neural Network (Specific Model),11,None,352,340,9,phylum,1.0,0.97,0.42,0.03,0.05,0.88,0.85,True,7,0,0,0
bin.86,18.24,0.71,Neural Network (Specific Model),11,None,793,768,34,genus,0.86,0.84,0.92,0.37,0.87,0.92,0.77,False,14,4,4,2
bin.87,7.81,0.07,Neural Network (Specific Model),11,None,197,178,1,kingdom,1.0,0.9,0.0,0.0,0.0,0.73,0.66,True,0,0,0,0
bin.88,10.76,0.0,Neural Network (Specific Model),11,None,206,196,1,kingdom,1.0,0.95,0.0,0.0,0.0,0.76,0.72,True,1,0,0,0
bin.89,7.73,0.0,Neural Network (Specific Model),11,None,206,201,1,kingdom,1.0,0.98,0.0,0.0,0.0,0.94,0.92,True,4,1,1,1
bin.9,100.0,1.22,Gradient Boost (General Model),11,None,2732,2652,4,class,0.98,0.95,0.03,0.05,0.1,0.78,0.74,True,22,4,4,4
bin.90,23.36,0.01,Neural Network (Specific Model),11,None,606,591,3,kingdom,1.0,0.98,0.0,0.0,0.0,0.96,0.94,True,7,0,0,0
bin.91,10.66,0.0,Neural Network (Specific Model),11,None,350,340,1,kingdom,1.0,0.97,0.0,0.0,0.0,0.86,0.84,True,0,0,0,0
bin.92,13.55,0.0,Neural Network (Specific Model),11,None,415,408,1,kingdom,1.0,0.98,0.0,0.0,0.0,0.82,0.81,True,1,0,0,0
bin.93,7.62,0.0,Neural Network (Specific Model),11,None,206,201,2,family,0.97,0.94,0.02,0.18,0.42,0.8,0.75,True,0,0,0,0
bin.94,10.33,0.0,Neural Network (Specific Model),11,None,226,221,1,kingdom,1.0,0.97,0.0,0.0,0.0,0.71,0.69,True,1,0,0,0
bin.95,9.35,0.0,Neural Network (Specific Model),11,None,271,263,1,kingdom,1.0,0.97,0.0,0.0,0.0,0.77,0.74,True,14,3,3,3
bin.96,10.16,0.0,Neural Network (Specific Model),11,None,354,349,1,kingdom,1.0,0.99,0.0,0.0,0.0,0.73,0.72,True,16,2,2,2
bin.97,20.61,0.18,Neural Network (Specific Model),11,None,643,621,3,kingdom,1.0,0.97,0.0,0.0,0.0,0.89,0.86,True,16,2,2,2
bin.98,7.72,0.03,Neural Network (Specific Model),11,None,206,204,1,kingdom,1.0,0.99,0.0,0.0,0.0,0.89,0.88,True,0,0,0,0
bin.99,40.41,10.92,Neural Network (Specific Model),11,None,1450,1409,25,genus,0.8,0.78,0.17,0.03,0.07,0.89,0.69,True,5,1,0,1
