,Completeness,Contamination,Completeness_Model_Used,Translation_Table_Used,Additional_Notes,n_genes_called,n_genes_mapped,n_contigs,taxonomic_level,proportion_genes_retained_in_major_clades,genes_retained_index,clade_separation_score,contamination_portion,n_effective_surplus_clades,mean_hit_identity,reference_representation_score,pass.GUNC,tRNA,16S,5S,23S
10,89.71,1.31,Neural Network (Specific Model),11,None,4845,4752,33,genus,0.94,0.92,0.01,0.13,0.3,0.99,0.91,True,23,4,2,4
106,43.56,7.56,Gradient Boost (General Model),11,None,5250,4900,33,genus,0.89,0.83,0.02,0.49,1.68,0.85,0.71,True,24,5,8,5
107,41.38,2.42,Gradient Boost (General Model),11,None,5176,4937,7,family,0.97,0.92,0.01,0.05,0.11,0.94,0.87,True,22,5,2,5
129,6.24,0.01,Neural Network (Specific Model),11,None,347,163,1,kingdom,0.98,0.46,0.0,0.0,0.0,0.48,0.22,True,7,0,0,0
139,84.23,0.23,Neural Network (Specific Model),11,None,2973,2886,13,family,0.95,0.92,0.05,0.06,0.12,0.94,0.87,True,23,6,6,6
14,65.17,4.87,Gradient Boost (General Model),11,None,3263,3092,35,class,0.98,0.93,0.09,0.05,0.1,0.92,0.86,True,21,4,4,4
145,99.98,0.24,Neural Network (Specific Model),11,None,2549,2398,2,kingdom,1.0,0.94,0.0,0.0,0.0,0.92,0.87,True,22,7,0,7
147,74.19,2.89,Gradient Boost (General Model),11,None,5244,4901,18,family,0.95,0.89,0.08,0.02,0.04,0.93,0.83,True,23,4,0,4
157,4.16,0.0,Neural Network (Specific Model),11,None,410,354,1,kingdom,1.0,0.86,0.0,0.0,0.0,0.89,0.77,True,1,0,0,0
180,96.28,0.01,Gradient Boost (General Model),11,None,2491,2450,3,family,0.94,0.92,0.02,0.13,0.31,0.94,0.87,True,23,5,5,5
182,84.39,5.39,Gradient Boost (General Model),11,None,4587,4350,9,genus,0.87,0.83,0.07,0.06,0.14,0.94,0.78,True,22,5,5,5
208,42.36,2.15,Gradient Boost (General Model),11,None,3155,3024,36,class,0.99,0.95,0.42,0.02,0.05,0.95,0.9,True,13,1,1,1
212,100.0,59.68,Neural Network (Specific Model),11,None,11034,10608,90,genus,0.85,0.81,0.37,0.53,1.3,0.89,0.73,True,25,8,5,8
226,13.12,0.46,Neural Network (Specific Model),11,None,1119,1038,28,genus,0.93,0.86,0.39,0.02,0.05,0.94,0.81,True,11,0,0,1
231,64.39,1.7,Neural Network (Specific Model),11,None,2977,2809,32,family,0.94,0.89,0.11,0.11,0.25,0.94,0.83,True,21,7,5,7
239,49.59,4.87,Gradient Boost (General Model),11,None,5223,4913,18,kingdom,1.0,0.94,0.0,0.0,0.0,0.94,0.88,True,23,5,5,5
25,99.61,1.09,Neural Network (Specific Model),11,None,3245,3148,4,genus,0.84,0.82,0.08,0.1,0.21,0.96,0.78,True,22,5,0,5
256,34.01,4.56,Neural Network (Specific Model),11,None,2472,2310,3,genus,0.84,0.78,0.03,0.06,0.12,0.94,0.73,True,22,4,4,4
258,100.0,2.29,Neural Network (Specific Model),11,None,3116,2967,8,family,0.89,0.85,0.06,0.18,0.45,0.77,0.66,True,22,5,5,5
26,41.32,1.73,Gradient Boost (General Model),11,None,3995,3759,13,kingdom,1.0,0.94,0.0,0.0,0.0,0.93,0.87,True,17,3,4,4
280,97.48,1.18,Gradient Boost (General Model),11,None,3281,3193,9,genus,0.87,0.85,0.06,0.02,0.05,0.97,0.83,True,22,7,4,7
282,100.0,0.32,Gradient Boost (General Model),11,None,2252,2199,1,kingdom,1.0,0.98,0.0,0.0,0.0,0.94,0.92,True,23,5,5,5
289,81.36,4.18,Gradient Boost (General Model),11,None,3626,3440,4,genus,0.88,0.83,0.11,0.02,0.05,0.94,0.79,True,22,5,2,5
312,38.33,2.14,Neural Network (Specific Model),11,None,3979,3674,34,kingdom,1.0,0.92,0.0,0.0,0.0,0.92,0.85,True,18,2,2,3
339,100.0,104.88,Neural Network (Specific Model),11,None,12582,11945,11,genus,0.82,0.78,1.0,0.59,1.79,0.96,0.74,False,23,20,14,20
35,100.0,1.32,Gradient Boost (General Model),11,None,3082,2755,7,family,0.81,0.73,0.02,0.42,1.56,0.7,0.51,True,22,4,4,4
377,77.04,1.59,Neural Network (Specific Model),11,None,2813,2740,3,genus,0.86,0.84,0.05,0.06,0.13,0.96,0.81,True,21,4,0,4
4,94.29,2.33,Neural Network (Specific Model),11,None,3268,3194,8,genus,0.9,0.88,0.19,0.12,0.27,0.96,0.84,True,22,6,0,6
406,15.84,2.78,Neural Network (Specific Model),11,None,1110,1026,2,genus,0.89,0.82,0.02,0.08,0.17,0.89,0.74,True,6,0,0,0
411,98.08,0.0,Gradient Boost (General Model),11,None,2800,2726,3,family,0.95,0.92,0.02,0.25,0.65,0.92,0.85,True,23,6,5,6
413,21.39,0.73,Neural Network (Specific Model),11,None,1324,1218,34,genus,0.88,0.81,0.44,0.02,0.05,0.93,0.75,True,14,2,0,2
449,42.49,9.7,Gradient Boost (General Model),11,None,3379,3241,1,kingdom,1.0,0.96,0.0,0.0,0.0,0.91,0.87,True,16,3,1,3
461,99.95,32.89,Neural Network (Specific Model),11,None,7230,6774,73,genus,0.82,0.77,0.75,0.36,0.94,0.94,0.72,False,24,2,2,2
468,96.76,1.9,Neural Network (Specific Model),11,None,5545,5418,2,kingdom,1.0,0.98,0.0,0.0,0.0,0.93,0.91,True,22,4,4,4
477,98.59,0.05,Gradient Boost (General Model),11,None,2284,2196,2,family,0.95,0.91,0.02,0.11,0.25,0.94,0.85,True,22,4,0,4
490,7.23,1.96,Neural Network (Specific Model),11,None,374,344,7,genus,0.91,0.84,0.16,0.18,0.47,0.9,0.76,True,4,0,0,0
491,82.36,6.76,Neural Network (Specific Model),11,None,7309,6611,75,genus,0.88,0.8,0.97,0.3,0.86,0.93,0.75,False,24,9,9,9
494,5.6,0.02,Neural Network (Specific Model),11,None,234,223,2,genus,0.87,0.83,0.1,0.49,1.5,0.92,0.77,True,1,0,0,0
513,97.5,0.93,Gradient Boost (General Model),11,None,2739,2543,3,class,0.95,0.89,0.01,0.02,0.05,0.76,0.67,True,22,7,6,7
529,53.59,2.44,Gradient Boost (General Model),11,None,4432,4226,4,kingdom,1.0,0.95,0.0,0.0,0.0,0.91,0.87,True,23,6,6,6
540,100.0,0.02,Neural Network (Specific Model),11,None,2322,2231,1,kingdom,1.0,0.96,0.0,0.0,0.0,0.95,0.92,True,23,7,7,7
552,14.41,0.03,Neural Network (Specific Model),4,None,619,564,10,kingdom,1.0,0.91,0.0,0.0,0.0,0.91,0.83,True,6,0,0,0
562,4.57,0.0,Neural Network (Specific Model),4,None,438,411,1,kingdom,1.0,0.94,0.0,0.0,0.0,0.94,0.88,True,1,0,0,0
6,100.0,57.88,Neural Network (Specific Model),11,None,3940,3714,28,kingdom,1.0,0.94,0.0,0.0,0.0,0.91,0.86,True,23,7,0,7
601,99.97,1.87,Neural Network (Specific Model),11,None,4494,4310,2,family,0.92,0.88,0.01,0.12,0.26,0.93,0.82,True,22,7,8,7
619,99.89,1.58,Neural Network (Specific Model),11,None,2114,1984,2,kingdom,1.0,0.94,0.0,0.0,0.0,0.88,0.83,True,24,4,4,4
632,27.36,0.74,Neural Network (Specific Model),11,None,1055,1026,1,kingdom,1.0,0.97,0.0,0.0,0.0,0.92,0.89,True,5,0,0,0
65,99.99,0.24,Neural Network (Specific Model),11,None,2595,2553,2,genus,0.91,0.9,0.03,0.09,0.19,0.97,0.87,True,22,5,0,5
659,90.16,0.18,Neural Network (Specific Model),11,None,3585,3497,10,kingdom,1.0,0.98,0.0,0.0,0.0,0.96,0.93,True,22,3,3,3
666,100.0,0.92,Neural Network (Specific Model),11,None,5100,5053,1,kingdom,1.0,0.99,0.0,0.0,0.0,0.98,0.97,True,24,8,9,8
682,4.04,0.01,Neural Network (Specific Model),11,None,356,268,9,kingdom,1.0,0.75,0.0,0.0,0.0,0.8,0.6,True,3,0,0,0
69,100.0,0.59,Neural Network (Specific Model),11,None,3574,3452,6,genus,0.92,0.89,0.02,0.19,0.47,0.94,0.84,True,23,7,7,7
717,96.7,108.33,Neural Network (Specific Model),11,None,17635,16971,50,genus,0.94,0.91,0.07,0.05,0.11,0.93,0.85,True,23,19,20,19
730,4.03,0.06,Neural Network (Specific Model),11,None,249,223,1,kingdom,1.0,0.9,0.0,0.0,0.0,0.86,0.77,True,0,0,0,0
735,5.79,0.06,Neural Network (Specific Model),11,None,309,280,3,family,0.88,0.79,0.1,0.38,1.38,0.84,0.66,True,0,0,0,0
737,10.27,0.02,Neural Network (Specific Model),11,None,453,420,14,genus,0.89,0.82,0.69,0.06,0.13,0.95,0.78,False,6,0,0,0
746,7.58,0.02,Neural Network (Specific Model),11,None,486,461,4,genus,0.78,0.74,0.08,0.4,1.54,0.85,0.63,True,3,0,0,0
748,93.53,0.8,Neural Network (Specific Model),11,None,2415,2352,6,genus,0.89,0.87,0.02,0.02,0.05,0.98,0.85,True,22,5,1,5
749,99.98,5.09,Neural Network (Specific Model),11,None,2968,2862,11,family,0.93,0.9,0.02,0.1,0.22,0.91,0.82,True,22,6,6,6
754,7.85,0.04,Neural Network (Specific Model),11,None,315,236,1,kingdom,1.0,0.75,0.0,0.0,0.0,0.83,0.63,True,1,0,0,0
756,99.99,95.53,Neural Network (Specific Model),11,None,6176,5952,27,family,0.93,0.9,0.05,0.06,0.13,0.93,0.84,True,23,12,12,12
757,4.43,0.0,Neural Network (Specific Model),4,None,413,343,12,genus,0.85,0.7,0.25,0.75,6.67,0.82,0.57,True,0,0,0,0
761,99.98,16.27,Neural Network (Specific Model),11,None,4436,4272,38,class,0.98,0.94,0.05,0.02,0.05,0.8,0.76,True,23,9,6,9
763,34.47,1.28,Neural Network (Specific Model),4,None,1432,1328,26,genus,0.85,0.79,0.12,0.06,0.12,0.84,0.67,True,17,2,1,2
766,5.36,0.0,Neural Network (Specific Model),4,None,421,357,6,kingdom,1.0,0.85,0.0,0.0,0.0,0.84,0.72,True,4,0,0,0
767,16.68,0.83,Neural Network (Specific Model),11,None,860,783,17,genus,0.88,0.8,0.76,0.39,1.34,0.93,0.75,False,2,1,0,1
768,7.31,0.01,Neural Network (Specific Model),4,None,524,438,10,genus,0.86,0.72,0.15,0.09,0.2,0.86,0.61,True,3,2,0,1
