,Completeness,Contamination,Completeness_Model_Used,Translation_Table_Used,Additional_Notes,n_genes_called,n_genes_mapped,n_contigs,taxonomic_level,proportion_genes_retained_in_major_clades,genes_retained_index,clade_separation_score,contamination_portion,n_effective_surplus_clades,mean_hit_identity,reference_representation_score,pass.GUNC,tRNA,16S,5S,23S
102,7.36,0.03,Neural Network (Specific Model),11,None,269,264,1,kingdom,1.0,0.98,0.0,0.0,0.0,0.87,0.85,True,1,0,0,0
105,100.0,0.5,Neural Network (Specific Model),11,None,3634,3511,3,family,0.93,0.9,0.01,0.14,0.32,0.94,0.85,True,23,7,7,7
11,5.51,5.97,Neural Network (Specific Model),11,None,239,235,2,kingdom,1.0,0.98,0.0,0.0,0.0,0.92,0.9,True,0,0,0,0
121,3.89,0.06,Neural Network (Specific Model),11,None,248,222,1,kingdom,1.0,0.9,0.0,0.0,0.0,0.86,0.77,True,0,0,0,0
126,7.23,0.0,Neural Network (Specific Model),11,None,231,221,1,kingdom,1.0,0.96,0.0,0.0,0.0,0.84,0.81,True,1,0,0,0
141,99.03,0.06,Gradient Boost (General Model),11,None,2887,2816,2,genus,0.78,0.76,0.03,0.12,0.27,0.94,0.71,True,23,6,5,6
148,99.89,1.78,Neural Network (Specific Model),11,None,3005,2943,3,family,0.94,0.92,0.03,0.18,0.43,0.95,0.88,True,22,6,0,6
17,100.0,1.71,Neural Network (Specific Model),11,None,4208,4047,3,kingdom,1.0,0.96,0.0,0.0,0.0,0.91,0.87,True,22,7,8,7
180,100.0,91.07,Neural Network (Specific Model),11,None,7850,7639,5,genus,0.83,0.81,0.02,0.06,0.13,0.95,0.77,True,22,12,0,12
19,99.96,0.69,Neural Network (Specific Model),11,None,5091,5001,3,kingdom,1.0,0.98,0.0,0.0,0.0,0.94,0.92,True,22,4,4,4
193,8.3,0.52,Neural Network (Specific Model),11,None,380,300,2,class,0.92,0.73,0.13,0.03,0.05,0.73,0.53,True,0,0,0,0
2,100.0,25.79,Neural Network (Specific Model),11,None,6621,6561,49,genus,0.94,0.93,0.82,0.24,0.61,0.99,0.92,False,24,10,13,11
20,51.64,0.03,Gradient Boost (General Model),11,None,1051,1016,24,family,0.95,0.92,0.1,0.03,0.05,0.94,0.86,True,11,0,0,0
206,100.0,1.25,Neural Network (Specific Model),11,None,3304,3083,2,genus,0.79,0.73,0.05,0.03,0.07,0.95,0.7,True,24,6,6,6
214,99.82,91.83,Neural Network (Specific Model),11,None,6337,6197,16,genus,0.81,0.79,0.05,0.07,0.16,0.97,0.77,True,23,12,12,12
215,5.48,0.0,Neural Network (Specific Model),11,None,231,228,1,kingdom,1.0,0.99,0.0,0.0,0.0,0.95,0.94,True,1,0,0,0
216,5.87,0.01,Neural Network (Specific Model),11,None,216,211,2,kingdom,0.99,0.97,0.0,0.0,0.0,0.77,0.75,True,0,0,0,0
22,77.32,0.86,Neural Network (Specific Model),11,None,3485,3287,51,class,0.98,0.92,0.18,0.06,0.12,0.95,0.87,True,21,3,4,4
221,8.5,0.01,Neural Network (Specific Model),11,None,338,330,1,kingdom,1.0,0.98,0.0,0.0,0.0,0.8,0.78,True,7,2,2,2
233,43.9,2.56,Neural Network (Specific Model),11,None,1798,1746,39,class,0.99,0.96,0.16,0.03,0.06,0.94,0.91,True,13,3,2,3
25,10.92,0.03,Neural Network (Specific Model),11,None,310,299,12,class,0.97,0.94,0.18,0.02,0.05,0.76,0.71,True,2,0,0,0
255,6.81,0.02,Neural Network (Specific Model),11,None,327,151,1,kingdom,0.98,0.45,0.0,0.0,0.0,0.48,0.22,True,7,0,0,0
262,88.26,0.3,Neural Network (Specific Model),11,None,2511,2400,6,genus,0.7,0.67,0.05,0.52,1.73,0.77,0.51,True,20,1,1,1
263,8.81,0.09,Neural Network (Specific Model),11,None,233,227,1,kingdom,1.0,0.97,0.0,0.0,0.0,0.94,0.92,True,12,3,1,3
265,83.77,54.61,Gradient Boost (General Model),11,None,4707,4572,57,family,0.96,0.93,0.1,0.12,0.28,0.95,0.88,True,23,15,8,15
272,6.33,2.49,Neural Network (Specific Model),11,None,298,233,2,class,0.95,0.74,0.09,0.03,0.06,0.79,0.59,True,0,0,0,0
279,99.99,0.54,Neural Network (Specific Model),11,None,3272,3169,2,kingdom,1.0,0.97,0.0,0.0,0.0,0.93,0.9,True,22,5,0,5
282,98.06,0.83,Gradient Boost (General Model),11,None,2891,2704,1,kingdom,1.0,0.94,0.0,0.0,0.0,0.76,0.71,True,22,7,6,7
296,6.87,4.66,Neural Network (Specific Model),11,None,178,176,2,kingdom,1.0,0.99,0.0,0.0,0.0,0.99,0.98,True,1,0,0,0
306,100.0,0.29,Neural Network (Specific Model),11,None,4194,4045,5,kingdom,1.0,0.96,0.0,0.0,0.0,0.96,0.92,True,23,7,7,7
317,97.36,11.0,Neural Network (Specific Model),11,None,2455,2415,32,genus,0.94,0.92,0.05,0.54,1.8,0.86,0.79,True,24,7,8,7
372,99.96,0.44,Neural Network (Specific Model),11,None,2085,1965,1,kingdom,1.0,0.94,0.0,0.0,0.0,0.89,0.83,True,24,4,4,4
385,36.0,2.97,Neural Network (Specific Model),11,None,1081,1035,1,kingdom,1.0,0.96,0.0,0.0,0.0,0.78,0.75,True,10,5,5,5
39,83.45,2.57,Neural Network (Specific Model),11,None,2595,2511,32,genus,0.86,0.84,0.23,0.09,0.19,0.95,0.79,True,19,3,3,3
402,100.0,1.04,Neural Network (Specific Model),11,None,4645,4395,15,genus,0.91,0.86,0.17,0.08,0.17,0.93,0.8,True,22,7,7,7
411,100.0,0.53,Neural Network (Specific Model),11,None,2449,2304,1,kingdom,1.0,0.94,0.0,0.0,0.0,0.92,0.87,True,23,6,6,6
419,99.04,0.06,Gradient Boost (General Model),11,None,2254,2174,1,kingdom,1.0,0.96,0.0,0.0,0.0,0.93,0.89,True,22,4,0,4
422,99.98,0.48,Neural Network (Specific Model),11,None,2834,2742,1,kingdom,1.0,0.97,0.0,0.0,0.0,0.9,0.87,True,22,6,6,6
455,44.4,0.0,Neural Network (Specific Model),11,None,1695,1646,21,kingdom,1.0,0.97,0.0,0.0,0.0,0.95,0.93,True,20,3,0,3
463,7.2,0.1,Neural Network (Specific Model),11,None,293,283,11,kingdom,1.0,0.97,0.0,0.0,0.0,0.96,0.93,True,2,0,0,0
472,99.99,0.29,Neural Network (Specific Model),11,None,2570,2529,2,family,0.97,0.96,0.02,0.05,0.11,0.97,0.93,True,22,5,0,5
475,100.0,24.79,Neural Network (Specific Model),11,None,5801,5673,41,family,0.98,0.96,0.16,0.05,0.11,0.97,0.92,True,22,5,5,5
492,6.02,0.0,Neural Network (Specific Model),11,None,322,225,1,kingdom,1.0,0.7,0.0,0.0,0.0,0.8,0.56,True,10,2,2,2
499,100.0,0.32,Gradient Boost (General Model),11,None,2250,2198,1,kingdom,1.0,0.98,0.0,0.0,0.0,0.94,0.92,True,23,5,5,5
51,3.84,0.08,Neural Network (Specific Model),11,None,241,232,2,class,0.94,0.91,0.06,0.06,0.14,0.85,0.77,True,1,0,0,0
553,94.95,39.59,Neural Network (Specific Model),11,None,6006,5766,71,genus,0.84,0.8,0.18,0.07,0.15,0.95,0.76,True,23,2,2,2
554,96.52,32.01,Gradient Boost (General Model),11,None,5351,5203,31,genus,0.87,0.84,0.09,0.18,0.47,0.92,0.78,True,23,6,2,6
56,95.18,1.03,Gradient Boost (General Model),11,None,2954,2888,11,family,0.95,0.93,0.04,0.09,0.19,0.96,0.89,True,22,6,0,6
57,99.83,0.41,Neural Network (Specific Model),11,None,2852,2570,4,order,0.92,0.83,0.01,0.04,0.08,0.68,0.57,True,22,4,4,4
575,27.1,0.31,Neural Network (Specific Model),11,None,954,916,1,kingdom,1.0,0.96,0.0,0.0,0.0,0.79,0.75,True,19,3,3,3
588,99.51,0.74,Neural Network (Specific Model),11,None,2458,2398,1,kingdom,1.0,0.98,0.0,0.0,0.0,0.93,0.91,True,22,6,6,6
589,99.98,0.24,Neural Network (Specific Model),11,None,2509,2361,2,genus,0.91,0.86,0.01,0.19,0.45,0.96,0.83,True,22,7,0,7
620,100.0,1.42,Neural Network (Specific Model),11,None,3274,3195,1,kingdom,1.0,0.98,0.0,0.0,0.0,0.95,0.93,True,22,4,0,4
628,74.37,10.44,Neural Network (Specific Model),11,None,4772,4621,68,genus,0.88,0.85,0.19,0.31,0.8,0.91,0.77,True,22,5,5,5
649,99.99,0.02,Neural Network (Specific Model),11,None,2312,2222,1,kingdom,1.0,0.96,0.0,0.0,0.0,0.96,0.92,True,23,7,7,7
719,14.53,0.9,Neural Network (Specific Model),11,None,482,466,15,family,0.95,0.92,0.24,0.03,0.06,0.94,0.87,True,8,1,1,1
722,10.04,0.89,Neural Network (Specific Model),11,None,470,458,2,genus,0.81,0.79,0.01,0.09,0.21,0.96,0.77,True,5,1,0,1
724,72.93,24.84,Neural Network (Specific Model),11,None,2882,2816,18,genus,0.88,0.86,0.04,0.03,0.07,0.96,0.83,True,14,1,0,1
725,87.79,0.93,Neural Network (Specific Model),11,None,2837,2781,14,genus,0.86,0.84,0.03,0.16,0.39,0.85,0.72,True,23,5,1,5
726,94.86,0.08,Gradient Boost (General Model),11,None,2402,2360,4,family,0.94,0.92,0.01,0.12,0.28,0.94,0.87,True,23,5,5,5
727,99.87,0.88,Neural Network (Specific Model),11,None,3100,3007,8,kingdom,1.0,0.97,0.0,0.0,0.0,0.95,0.92,True,22,7,8,7
728,35.12,4.35,Neural Network (Specific Model),11,None,1169,1130,36,genus,0.95,0.92,0.82,0.34,0.94,0.96,0.88,False,22,10,10,10
729,17.08,0.18,Neural Network (Specific Model),11,None,649,633,10,genus,0.88,0.86,0.03,0.04,0.08,0.96,0.82,True,12,2,0,2
732,12.6,0.35,Neural Network (Specific Model),11,None,571,559,2,class,0.98,0.96,0.15,0.02,0.04,0.93,0.89,True,2,0,0,0
737,51.61,0.33,Neural Network (Specific Model),11,None,1697,1652,5,genus,0.82,0.8,0.02,0.37,1.24,0.79,0.64,True,21,5,5,5
738,99.99,0.44,Neural Network (Specific Model),11,None,1847,1773,4,kingdom,1.0,0.96,0.0,0.0,0.0,0.93,0.89,True,21,4,0,4
739,99.96,0.36,Neural Network (Specific Model),11,None,3807,3681,3,family,0.96,0.93,0.04,0.08,0.17,0.93,0.86,True,23,4,4,4
740,97.27,105.98,Neural Network (Specific Model),11,None,11912,11479,14,family,0.96,0.93,0.04,0.05,0.1,0.93,0.87,True,23,15,16,15
743,84.53,0.61,Neural Network (Specific Model),11,None,2731,2621,9,genus,0.87,0.84,0.18,0.05,0.1,0.97,0.81,True,24,5,0,5
744,46.83,0.87,Neural Network (Specific Model),11,None,1757,1682,8,genus,0.85,0.81,0.06,0.51,2.34,0.81,0.66,True,8,2,2,2
745,12.79,0.05,Neural Network (Specific Model),11,None,600,593,4,class,0.96,0.95,0.01,0.03,0.05,0.84,0.8,True,4,1,0,1
747,99.99,0.1,Neural Network (Specific Model),11,None,2129,2032,1,kingdom,1.0,0.95,0.0,0.0,0.0,0.92,0.87,True,23,4,0,4
748,10.04,0.0,Neural Network (Specific Model),11,None,199,196,3,kingdom,1.0,0.98,0.0,0.0,0.0,0.97,0.96,True,2,0,0,0
749,87.64,0.04,Neural Network (Specific Model),11,None,2473,2341,3,genus,0.86,0.82,0.01,0.03,0.06,0.98,0.8,True,22,5,1,5
750,7.08,0.0,Neural Network (Specific Model),11,None,224,221,1,kingdom,1.0,0.99,0.0,0.0,0.0,0.96,0.94,True,4,0,0,0
85,99.94,4.1,Neural Network (Specific Model),11,None,2097,2040,20,kingdom,1.0,0.97,0.0,0.0,0.0,0.95,0.93,True,19,3,3,3
89,14.92,0.12,Neural Network (Specific Model),11,None,460,417,12,genus,0.71,0.64,0.07,0.71,3.83,0.63,0.41,True,14,1,1,2
91,99.95,0.26,Neural Network (Specific Model),11,None,2836,2772,3,family,0.96,0.94,0.01,0.07,0.16,0.93,0.87,True,23,6,6,6
94,5.27,0.0,Neural Network (Specific Model),11,None,234,230,7,family,0.93,0.91,0.03,0.06,0.13,0.91,0.83,True,5,1,0,1
