,Completeness,Contamination,Completeness_Model_Used,Translation_Table_Used,Additional_Notes,n_genes_called,n_genes_mapped,n_contigs,taxonomic_level,proportion_genes_retained_in_major_clades,genes_retained_index,clade_separation_score,contamination_portion,n_effective_surplus_clades,mean_hit_identity,reference_representation_score,pass.GUNC,tRNA,16S,5S,23S
bin.0,99.98,0.51,Neural Network (Specific Model),11,None,2083,2031,1,kingdom,1.0,0.98,0.0,0.0,0.0,0.93,0.91,True,22,6,6,6
bin.1,99.96,0.02,Neural Network (Specific Model),11,None,2373,2278,1,kingdom,1.0,0.96,0.0,0.0,0.0,0.93,0.89,True,22,5,5,5
bin.10,100.0,4.92,Neural Network (Specific Model),11,None,5481,5268,4,genus,0.96,0.92,0.22,0.19,0.47,0.96,0.88,True,23,8,9,8
bin.11,99.6,1.09,Neural Network (Specific Model),11,None,3049,2986,5,family,0.96,0.94,0.02,0.16,0.39,0.85,0.8,True,23,6,3,6
bin.12,91.43,2.08,Neural Network (Specific Model),11,None,2614,2468,3,kingdom,1.0,0.94,0.0,0.0,0.0,0.94,0.89,True,23,5,5,5
bin.13,89.48,10.96,Neural Network (Specific Model),11,None,3065,2958,35,genus,0.92,0.88,0.05,0.51,1.68,0.86,0.76,True,21,3,6,3
bin.14,97.33,0.04,Gradient Boost (General Model),11,None,3077,2862,3,family,0.89,0.83,0.01,0.41,1.19,0.76,0.63,True,23,7,7,7
bin.15,98.12,1.43,Gradient Boost (General Model),11,None,3424,3272,2,order,0.94,0.9,0.01,0.03,0.06,0.74,0.67,True,23,6,6,6
bin.16,99.96,6.04,Neural Network (Specific Model),11,None,5736,5530,4,family,0.89,0.86,0.01,0.18,0.48,0.86,0.74,True,23,5,0,5
bin.17,83.1,1.59,Neural Network (Specific Model),11,None,2671,2577,5,kingdom,1.0,0.96,0.0,0.0,0.0,0.93,0.9,True,22,6,6,6
bin.18,94.54,1.35,Neural Network (Specific Model),11,None,2862,2804,3,genus,0.86,0.84,0.08,0.08,0.18,0.96,0.8,True,20,5,1,5
bin.19,98.9,2.17,Neural Network (Specific Model),11,None,3947,3859,8,family,0.97,0.95,0.02,0.24,0.63,0.93,0.88,True,21,6,6,6
bin.2,99.97,1.43,Neural Network (Specific Model),11,None,4118,3940,3,family,0.94,0.9,0.05,0.09,0.19,0.95,0.85,True,22,7,7,7
bin.20,90.97,1.13,Neural Network (Specific Model),11,None,4256,4117,6,kingdom,1.0,0.97,0.0,0.0,0.0,0.94,0.91,True,23,5,5,5
bin.21,85.57,4.78,Neural Network (Specific Model),11,None,4961,4709,1,kingdom,1.0,0.95,0.0,0.0,0.0,0.93,0.88,True,24,7,8,7
bin.22,96.06,1.94,Neural Network (Specific Model),11,None,2071,1995,1,kingdom,1.0,0.96,0.0,0.0,0.0,0.93,0.9,True,22,4,0,4
bin.23,82.99,2.92,Neural Network (Specific Model),11,None,4773,4615,48,order,0.99,0.96,0.67,0.07,0.14,0.96,0.92,False,23,6,6,6
bin.24,94.58,2.62,Neural Network (Specific Model),11,None,4785,4468,1,kingdom,1.0,0.93,0.0,0.0,0.0,0.9,0.84,True,22,6,0,6
bin.25,85.72,6.56,Gradient Boost (General Model),11,None,4238,3980,1,kingdom,1.0,0.94,0.0,0.0,0.0,0.91,0.86,True,23,5,1,5
bin.26,80.78,5.14,Gradient Boost (General Model),11,None,4946,4628,2,kingdom,1.0,0.94,0.0,0.0,0.0,0.89,0.83,True,22,4,0,4
bin.27,88.1,6.65,Gradient Boost (General Model),11,None,8042,7618,8,genus,0.95,0.9,0.08,0.02,0.05,0.94,0.84,True,23,4,4,4
bin.28,85.31,4.92,Neural Network (Specific Model),11,None,5308,4955,25,family,0.93,0.87,0.25,0.04,0.09,0.94,0.82,True,23,5,5,5
bin.29,83.99,0.84,Neural Network (Specific Model),11,None,3554,3425,4,genus,0.94,0.91,0.03,0.11,0.23,0.97,0.88,True,22,5,5,5
bin.3,99.8,0.36,Neural Network (Specific Model),11,None,3638,3499,2,kingdom,1.0,0.96,0.0,0.0,0.0,0.81,0.78,True,22,7,7,7
bin.30,53.36,3.6,Gradient Boost (General Model),11,None,7155,6822,1,kingdom,1.0,0.95,0.0,0.0,0.0,0.93,0.89,True,23,6,0,6
bin.31,44.54,2.89,Gradient Boost (General Model),11,None,5905,5609,9,family,0.95,0.9,0.01,0.11,0.23,0.93,0.84,True,23,4,0,4
bin.32,35.69,1.0,Gradient Boost (General Model),4,None,5004,4497,12,genus,0.88,0.79,0.04,0.06,0.12,0.92,0.73,True,23,5,5,5
bin.33,31.57,0.01,Neural Network (Specific Model),11,None,1129,1087,7,genus,0.87,0.84,0.01,0.38,1.29,0.76,0.64,True,20,2,2,2
bin.34,38.7,2.22,Gradient Boost (General Model),11,None,3121,2821,1,kingdom,1.0,0.9,0.0,0.0,0.0,0.91,0.82,True,22,4,0,4
bin.35,43.56,3.43,Neural Network (Specific Model),11,None,3652,3376,12,kingdom,1.0,0.92,0.0,0.0,0.0,0.92,0.85,True,17,3,3,3
bin.36,43.79,6.51,Gradient Boost (General Model),4,None,2782,2578,24,kingdom,1.0,0.93,0.0,0.0,0.0,0.92,0.85,True,19,0,1,0
bin.37,13.05,0.08,Neural Network (Specific Model),11,None,610,527,12,kingdom,1.0,0.86,0.0,0.0,0.0,0.89,0.77,True,1,0,0,0
bin.38,43.9,4.15,Gradient Boost (General Model),11,None,5527,5161,29,kingdom,1.0,0.93,0.0,0.0,0.0,0.93,0.87,True,23,6,6,6
bin.39,30.35,1.09,Neural Network (Specific Model),4,None,3789,3187,55,genus,0.84,0.71,0.68,0.22,0.57,0.88,0.63,False,7,0,0,0
bin.4,99.18,5.29,Gradient Boost (General Model),11,None,3831,3704,2,family,0.95,0.92,0.02,0.03,0.06,0.96,0.88,True,22,2,2,2
bin.40,25.38,0.03,Neural Network (Specific Model),11,None,800,755,4,class,0.97,0.92,0.02,0.03,0.06,0.75,0.69,True,5,0,0,0
bin.41,27.18,0.12,Neural Network (Specific Model),11,None,942,903,3,genus,0.82,0.79,0.02,0.32,1.01,0.76,0.6,True,20,6,6,6
bin.42,58.75,8.26,Neural Network (Specific Model),11,None,2454,2361,19,class,0.98,0.94,0.05,0.03,0.05,0.8,0.75,True,17,2,2,2
bin.43,40.39,12.36,Neural Network (Specific Model),11,None,2980,2781,53,class,0.97,0.9,0.07,0.02,0.05,0.79,0.71,True,6,0,0,0
bin.44,16.07,0.61,Neural Network (Specific Model),4,None,935,877,3,kingdom,1.0,0.94,0.0,0.0,0.0,0.93,0.87,True,13,1,1,1
bin.45,33.94,3.51,Neural Network (Specific Model),4,None,1760,1630,39,kingdom,1.0,0.93,0.0,0.0,0.0,0.91,0.84,True,16,0,0,0
bin.46,26.31,0.21,Neural Network (Specific Model),11,None,1329,1213,24,kingdom,1.0,0.91,0.0,0.0,0.0,0.94,0.86,True,10,0,0,0
bin.47,36.35,0.98,Neural Network (Specific Model),4,None,3478,3184,42,kingdom,1.0,0.92,0.0,0.0,0.0,0.92,0.84,True,16,1,1,1
bin.48,8.5,0.12,Neural Network (Specific Model),11,None,470,448,1,kingdom,1.0,0.95,0.0,0.0,0.0,0.93,0.89,True,9,3,1,3
bin.49,11.3,0.2,Neural Network (Specific Model),11,None,912,851,2,class,1.0,0.93,0.02,0.02,0.05,0.93,0.87,True,12,0,0,0
bin.5,99.96,0.34,Neural Network (Specific Model),11,None,3578,3520,6,genus,0.95,0.94,0.09,0.03,0.06,0.96,0.9,True,22,4,5,4
bin.50,26.38,5.03,Neural Network (Specific Model),11,None,3876,3687,20,genus,0.94,0.9,0.01,0.03,0.06,0.93,0.83,True,22,5,3,5
bin.51,18.09,6.53,Neural Network (Specific Model),11,None,2598,2401,20,genus,0.9,0.83,0.05,0.03,0.06,0.91,0.76,True,14,0,0,0
bin.52,18.13,0.03,Neural Network (Specific Model),11,None,977,930,1,kingdom,1.0,0.95,0.0,0.0,0.0,0.9,0.85,True,5,0,0,0
bin.53,8.94,0.06,Neural Network (Specific Model),11,None,930,816,18,kingdom,1.0,0.88,0.0,0.0,0.0,0.9,0.79,True,1,0,0,0
bin.54,40.86,2.62,Neural Network (Specific Model),4,None,3889,3245,32,genus,0.91,0.76,0.12,0.02,0.05,0.86,0.65,True,16,0,0,0
bin.55,5.44,0.0,Neural Network (Specific Model),11,None,396,351,12,genus,0.93,0.82,0.3,0.02,0.05,0.9,0.74,True,2,0,0,0
bin.56,7.21,0.1,Neural Network (Specific Model),11,None,277,270,1,kingdom,1.0,0.97,0.0,0.0,0.0,0.85,0.83,True,0,0,0,0
bin.57,38.91,4.79,Neural Network (Specific Model),11,None,3222,3018,2,kingdom,1.0,0.94,0.0,0.0,0.0,0.92,0.86,True,11,0,0,0
bin.58,7.67,0.0,Neural Network (Specific Model),11,None,309,290,6,genus,0.9,0.85,0.55,0.1,0.22,0.93,0.79,False,3,3,3,4
bin.59,11.33,1.89,Neural Network (Specific Model),11,None,1122,991,20,genus,0.92,0.81,0.21,0.17,0.44,0.87,0.71,True,9,0,0,0
bin.6,99.98,0.78,Neural Network (Specific Model),11,None,2029,1869,1,kingdom,1.0,0.92,0.0,0.0,0.0,0.93,0.86,True,23,5,0,5
bin.60,15.53,0.11,Neural Network (Specific Model),11,None,476,261,1,kingdom,0.99,0.54,0.0,0.0,0.0,0.44,0.24,True,19,0,0,0
bin.61,11.3,0.0,Neural Network (Specific Model),11,None,584,543,15,family,0.98,0.91,0.06,0.04,0.09,0.95,0.86,True,17,0,0,0
bin.62,4.37,0.0,Neural Network (Specific Model),11,None,437,263,5,genus,0.73,0.44,0.01,0.8,8.21,0.66,0.29,True,3,0,0,0
bin.63,6.19,0.04,Neural Network (Specific Model),11,None,395,390,1,kingdom,1.0,0.99,0.0,0.0,0.0,0.97,0.96,True,0,0,0,0
bin.64,18.96,2.21,Neural Network (Specific Model),11,None,1799,1550,54,family,0.95,0.81,0.42,0.11,0.25,0.87,0.71,True,9,1,1,1
bin.65,18.41,11.15,Neural Network (Specific Model),11,None,1763,1559,103,genus,0.87,0.77,0.44,0.44,1.53,0.86,0.67,True,13,0,1,0
bin.66,7.02,0.03,Neural Network (Specific Model),11,None,726,618,37,phylum,0.99,0.84,0.95,0.21,0.5,0.76,0.64,False,1,0,0,0
bin.67,38.61,4.66,Neural Network (Specific Model),4,None,5134,4322,175,phylum,0.99,0.83,0.9,0.17,0.41,0.83,0.69,False,19,4,2,4
bin.7,100.0,0.08,Neural Network (Specific Model),11,None,2709,2509,13,family,0.92,0.85,0.18,0.03,0.06,0.95,0.81,True,23,6,6,6
bin.8,99.67,1.39,Neural Network (Specific Model),11,None,2800,2738,2,kingdom,1.0,0.98,0.0,0.0,0.0,0.95,0.93,True,22,6,0,6
bin.9,94.67,0.24,Neural Network (Specific Model),11,None,3371,3233,4,genus,0.93,0.89,0.08,0.02,0.05,0.95,0.85,True,23,5,5,5
